patient_id,recording_id,chest_location,acquisition_mode,equipment,wav_path,official_split
101,1b1,Al,sc,Meditron,/Users/vs/Sem 5/Respiratory-Disease-Classification/data/raw/ICBHI/101_1b1_Al_sc_Meditron.wav,test
101,1b1,Pr,sc,Meditron,/Users/vs/Sem 5/Respiratory-Disease-Classification/data/raw/ICBHI/101_1b1_Pr_sc_Meditron.wav,test
102,1b1,Ar,sc,Meditron,/Users/vs/Sem 5/Respiratory-Disease-Classification/data/raw/ICBHI/102_1b1_Ar_sc_Meditron.wav,test
103,2b2,Ar,mc,LittC2SE,/Users/vs/Sem 5/Respiratory-Disease-Classification/data/raw/ICBHI/103_2b2_Ar_mc_LittC2SE.wav,train
104,1b1,Al,sc,Litt3200,/Users/vs/Sem 5/Respiratory-Disease-Classification/data/raw/ICBHI/104_1b1_Al_sc_Litt3200.wav,test
104,1b1,Ar,sc,Litt3200,/Users/vs/Sem 5/Respiratory-Disease-Classification/data/raw/ICBHI/104_1b1_Ar_sc_Litt3200.wav,test
104,1b1,Ll,sc,Litt3200,/Users/vs/Sem 5/Respiratory-Disease-Classification/data/raw/ICBHI/104_1b1_Ll_sc_Litt3200.wav,test
104,1b1,Lr,sc,Litt3200,/Users/vs/Sem 5/Respiratory-Disease-Classification/data/raw/ICBHI/104_1b1_Lr_sc_Litt3200.wav,test
104,1b1,Pl,sc,Litt3200,/Users/vs/Sem 5/Respiratory-Disease-Classification/data/raw/ICBHI/104_1b1_Pl_sc_Litt3200.wav,test
104,1b1,Pr,sc,Litt3200,/Users/vs/Sem 5/Respiratory-Disease-Classification/data/raw/ICBHI/104_1b1_Pr_sc_Litt3200.wav,test
105,1b1,Tc,sc,Meditron,/Users/vs/Sem 5/Respiratory-Disease-Classification/data/raw/ICBHI/105_1b1_Tc_sc_Meditron.wav,train
106,2b1,Pl,mc,LittC2SE,/Users/vs/Sem 5/Respiratory-Disease-Classification/data/raw/ICBHI/106_2b1_Pl_mc_LittC2SE.wav,train
106,2b1,Pr,mc,LittC2SE,/Users/vs/Sem 5/Respiratory-Disease-Classification/data/raw/ICBHI/106_2b1_Pr_mc_LittC2SE.wav,train
107,2b3,Al,mc,AKGC417L,/Users/vs/Sem 5/Respiratory-Disease-Classification/data/raw/ICBHI/107_2b3_Al_mc_AKGC417L.wav,train
107,2b3,Ar,mc,AKGC417L,/Users/vs/Sem 5/Respiratory-Disease-Classification/data/raw/ICBHI/107_2b3_Ar_mc_AKGC417L.wav,train
107,2b3,Ll,mc,AKGC417L,/Users/vs/Sem 5/Respiratory-Disease-Classification/data/raw/ICBHI/107_2b3_Ll_mc_AKGC417L.wav,train
107,2b3,Lr,mc,AKGC417L,/Users/vs/Sem 5/Respiratory-Disease-Classification/data/raw/ICBHI/107_2b3_Lr_mc_AKGC417L.wav,train
107,2b3,Pl,mc,AKGC417L,/Users/vs/Sem 5/Respiratory-Disease-Classification/data/raw/ICBHI/107_2b3_Pl_mc_AKGC417L.wav,train
107,2b3,Pr,mc,AKGC417L,/Users/vs/Sem 5/Respiratory-Disease-Classification/data/raw/ICBHI/107_2b3_Pr_mc_AKGC417L.wav,train
107,2b3,Tc,mc,AKGC417L,/Users/vs/Sem 5/Respiratory-Disease-Classification/data/raw/ICBHI/107_2b3_Tc_mc_AKGC417L.wav,train
107,2b4,Al,mc,AKGC417L,/Users/vs/Sem 5/Respiratory-Disease-Classification/data/raw/ICBHI/107_2b4_Al_mc_AKGC417L.wav,train
107,2b4,Ar,mc,AKGC417L,/Users/vs/Sem 5/Respiratory-Disease-Classification/data/raw/ICBHI/107_2b4_Ar_mc_AKGC417L.wav,train
107,2b4,Ll,mc,AKGC417L,/Users/vs/Sem 5/Respiratory-Disease-Classification/data/raw/ICBHI/107_2b4_Ll_mc_AKGC417L.wav,train
107,2b4,Lr,mc,AKGC417L,/Users/vs/Sem 5/Respiratory-Disease-Classification/data/raw/ICBHI/107_2b4_Lr_mc_AKGC417L.wav,train
107,2b4,Pl,mc,AKGC417L,/Users/vs/Sem 5/Respiratory-Disease-Classification/data/raw/ICBHI/107_2b4_Pl_mc_AKGC417L.wav,train
107,2b4,Pr,mc,AKGC417L,/Users/vs/Sem 5/Respiratory-Disease-Classification/data/raw/ICBHI/107_2b4_Pr_mc_AKGC417L.wav,train
107,2b4,Tc,mc,AKGC417L,/Users/vs/Sem 5/Respiratory-Disease-Classification/data/raw/ICBHI/107_2b4_Tc_mc_AKGC417L.wav,train
107,2b5,Al,mc,AKGC417L,/Users/vs/Sem 5/Respiratory-Disease-Classification/data/raw/ICBHI/107_2b5_Al_mc_AKGC417L.wav,train
107,2b5,Ar,mc,AKGC417L,/Users/vs/Sem 5/Respiratory-Disease-Classification/data/raw/ICBHI/107_2b5_Ar_mc_AKGC417L.wav,train
107,2b5,Ll,mc,AKGC417L,/Users/vs/Sem 5/Respiratory-Disease-Classification/data/raw/ICBHI/107_2b5_Ll_mc_AKGC417L.wav,train
107,2b5,Lr,mc,AKGC417L,/Users/vs/Sem 5/Respiratory-Disease-Classification/data/raw/ICBHI/107_2b5_Lr_mc_AKGC417L.wav,train
107,2b5,Pl,mc,AKGC417L,/Users/vs/Sem 5/Respiratory-Disease-Classification/data/raw/ICBHI/107_2b5_Pl_mc_AKGC417L.wav,train
107,2b5,Pr,mc,AKGC417L,/Users/vs/Sem 5/Respiratory-Disease-Classification/data/raw/ICBHI/107_2b5_Pr_mc_AKGC417L.wav,train
107,2b5,Tc,mc,AKGC417L,/Users/vs/Sem 5/Respiratory-Disease-Classification/data/raw/ICBHI/107_2b5_Tc_mc_AKGC417L.wav,train
107,3p2,Al,mc,AKGC417L,/Users/vs/Sem 5/Respiratory-Disease-Classification/data/raw/ICBHI/107_3p2_Al_mc_AKGC417L.wav,train
107,3p2,Ar,mc,AKGC417L,/Users/vs/Sem 5/Respiratory-Disease-Classification/data/raw/ICBHI/107_3p2_Ar_mc_AKGC417L.wav,train
107,3p2,Ll,mc,AKGC417L,/Users/vs/Sem 5/Respiratory-Disease-Classification/data/raw/ICBHI/107_3p2_Ll_mc_AKGC417L.wav,train
107,3p2,Lr,mc,AKGC417L,/Users/vs/Sem 5/Respiratory-Disease-Classification/data/raw/ICBHI/107_3p2_Lr_mc_AKGC417L.wav,train
107,3p2,Pl,mc,AKGC417L,/Users/vs/Sem 5/Respiratory-Disease-Classification/data/raw/ICBHI/107_3p2_Pl_mc_AKGC417L.wav,train
107,3p2,Pr,mc,AKGC417L,/Users/vs/Sem 5/Respiratory-Disease-Classification/data/raw/ICBHI/107_3p2_Pr_mc_AKGC417L.wav,train
107,3p2,Tc,mc,AKGC417L,/Users/vs/Sem 5/Respiratory-Disease-Classification/data/raw/ICBHI/107_3p2_Tc_mc_AKGC417L.wav,train
108,1b1,Al,sc,Meditron,/Users/vs/Sem 5/Respiratory-Disease-Classification/data/raw/ICBHI/108_1b1_Al_sc_Meditron.wav,train
109,1b1,Al,sc,Litt3200,/Users/vs/Sem 5/Respiratory-Disease-Classification/data/raw/ICBHI/109_1b1_Al_sc_Litt3200.wav,test
109,1b1,Ar,sc,Litt3200,/Users/vs/Sem 5/Respiratory-Disease-Classification/data/raw/ICBHI/109_1b1_Ar_sc_Litt3200.wav,test
109,1b1,Ll,sc,Litt3200,/Users/vs/Sem 5/Respiratory-Disease-Classification/data/raw/ICBHI/109_1b1_Ll_sc_Litt3200.wav,test
109,1b1,Lr,sc,Litt3200,/Users/vs/Sem 5/Respiratory-Disease-Classification/data/raw/ICBHI/109_1b1_Lr_sc_Litt3200.wav,test
109,1b1,Pl,sc,Litt3200,/Users/vs/Sem 5/Respiratory-Disease-Classification/data/raw/ICBHI/109_1b1_Pl_sc_Litt3200.wav,test
109,1b1,Pr,sc,Litt3200,/Users/vs/Sem 5/Respiratory-Disease-Classification/data/raw/ICBHI/109_1b1_Pr_sc_Litt3200.wav,test
110,1b1,Pr,sc,Meditron,/Users/vs/Sem 5/Respiratory-Disease-Classification/data/raw/ICBHI/110_1b1_Pr_sc_Meditron.wav,train
110,1p1,Al,sc,Meditron,/Users/vs/Sem 5/Respiratory-Disease-Classification/data/raw/ICBHI/110_1p1_Al_sc_Meditron.wav,train
110,1p1,Ll,sc,Meditron,/Users/vs/Sem 5/Respiratory-Disease-Classification/data/raw/ICBHI/110_1p1_Ll_sc_Meditron.wav,train
110,1p1,Lr,sc,Meditron,/Users/vs/Sem 5/Respiratory-Disease-Classification/data/raw/ICBHI/110_1p1_Lr_sc_Meditron.wav,train
110,1p1,Pr,sc,Meditron,/Users/vs/Sem 5/Respiratory-Disease-Classification/data/raw/ICBHI/110_1p1_Pr_sc_Meditron.wav,train
111,1b2,Tc,sc,Meditron,/Users/vs/Sem 5/Respiratory-Disease-Classification/data/raw/ICBHI/111_1b2_Tc_sc_Meditron.wav,train
111,1b3,Tc,sc,Meditron,/Users/vs/Sem 5/Respiratory-Disease-Classification/data/raw/ICBHI/111_1b3_Tc_sc_Meditron.wav,train
112,1b1,Ar,sc,Meditron,/Users/vs/Sem 5/Respiratory-Disease-Classification/data/raw/ICBHI/112_1b1_Ar_sc_Meditron.wav,train
112,1b1,Lr,sc,Meditron,/Users/vs/Sem 5/Respiratory-Disease-Classification/data/raw/ICBHI/112_1b1_Lr_sc_Meditron.wav,train
112,1p1,Ll,sc,Litt3200,/Users/vs/Sem 5/Respiratory-Disease-Classification/data/raw/ICBHI/112_1p1_Ll_sc_Litt3200.wav,train
112,1p1,Pl,sc,Litt3200,/Users/vs/Sem 5/Respiratory-Disease-Classification/data/raw/ICBHI/112_1p1_Pl_sc_Litt3200.wav,train
112,1p1,Pr,sc,Litt3200,/Users/vs/Sem 5/Respiratory-Disease-Classification/data/raw/ICBHI/112_1p1_Pr_sc_Litt3200.wav,train
113,1b1,Al,sc,Litt3200,/Users/vs/Sem 5/Respiratory-Disease-Classification/data/raw/ICBHI/113_1b1_Al_sc_Litt3200.wav,test
113,1b1,Ar,sc,Litt3200,/Users/vs/Sem 5/Respiratory-Disease-Classification/data/raw/ICBHI/113_1b1_Ar_sc_Litt3200.wav,test
113,1b1,Ll,sc,Litt3200,/Users/vs/Sem 5/Respiratory-Disease-Classification/data/raw/ICBHI/113_1b1_Ll_sc_Litt3200.wav,test
113,1b1,Lr,sc,Litt3200,/Users/vs/Sem 5/Respiratory-Disease-Classification/data/raw/ICBHI/113_1b1_Lr_sc_Litt3200.wav,test
113,1b1,Pl,sc,Litt3200,/Users/vs/Sem 5/Respiratory-Disease-Classification/data/raw/ICBHI/113_1b1_Pl_sc_Litt3200.wav,test
113,1b1,Pr,sc,Litt3200,/Users/vs/Sem 5/Respiratory-Disease-Classification/data/raw/ICBHI/113_1b1_Pr_sc_Litt3200.wav,test
114,1b4,Al,mc,AKGC417L,/Users/vs/Sem 5/Respiratory-Disease-Classification/data/raw/ICBHI/114_1b4_Al_mc_AKGC417L.wav,train
114,1b4,Ar,mc,AKGC417L,/Users/vs/Sem 5/Respiratory-Disease-Classification/data/raw/ICBHI/114_1b4_Ar_mc_AKGC417L.wav,train
114,1b4,Lr,mc,AKGC417L,/Users/vs/Sem 5/Respiratory-Disease-Classification/data/raw/ICBHI/114_1b4_Lr_mc_AKGC417L.wav,train
114,1b4,Pl,mc,AKGC417L,/Users/vs/Sem 5/Respiratory-Disease-Classification/data/raw/ICBHI/114_1b4_Pl_mc_AKGC417L.wav,train
114,1b4,Pr,mc,AKGC417L,/Users/vs/Sem 5/Respiratory-Disease-Classification/data/raw/ICBHI/114_1b4_Pr_mc_AKGC417L.wav,train
115,1b1,Ar,sc,Meditron,/Users/vs/Sem 5/Respiratory-Disease-Classification/data/raw/ICBHI/115_1b1_Ar_sc_Meditron.wav,train
116,1b2,Pl,sc,Meditron,/Users/vs/Sem 5/Respiratory-Disease-Classification/data/raw/ICBHI/116_1b2_Pl_sc_Meditron.wav,train
116,1b2,Tc,sc,Meditron,/Users/vs/Sem 5/Respiratory-Disease-Classification/data/raw/ICBHI/116_1b2_Tc_sc_Meditron.wav,train
117,1b2,Tc,mc,LittC2SE,/Users/vs/Sem 5/Respiratory-Disease-Classification/data/raw/ICBHI/117_1b2_Tc_mc_LittC2SE.wav,train
117,1b3,Tc,mc,LittC2SE,/Users/vs/Sem 5/Respiratory-Disease-Classification/data/raw/ICBHI/117_1b3_Tc_mc_LittC2SE.wav,train
118,1b1,Al,sc,Litt3200,/Users/vs/Sem 5/Respiratory-Disease-Classification/data/raw/ICBHI/118_1b1_Al_sc_Litt3200.wav,test
118,1b1,Ar,sc,Litt3200,/Users/vs/Sem 5/Respiratory-Disease-Classification/data/raw/ICBHI/118_1b1_Ar_sc_Litt3200.wav,test
118,1b1,Ll,sc,Litt3200,/Users/vs/Sem 5/Respiratory-Disease-Classification/data/raw/ICBHI/118_1b1_Ll_sc_Litt3200.wav,test
118,1b1,Lr,sc,Litt3200,/Users/vs/Sem 5/Respiratory-Disease-Classification/data/raw/ICBHI/118_1b1_Lr_sc_Litt3200.wav,test
118,1b1,Pl,sc,Litt3200,/Users/vs/Sem 5/Respiratory-Disease-Classification/data/raw/ICBHI/118_1b1_Pl_sc_Litt3200.wav,test
118,1b1,Pr,sc,Litt3200,/Users/vs/Sem 5/Respiratory-Disease-Classification/data/raw/ICBHI/118_1b1_Pr_sc_Litt3200.wav,test
119,1b1,Ar,sc,Meditron,/Users/vs/Sem 5/Respiratory-Disease-Classification/data/raw/ICBHI/119_1b1_Ar_sc_Meditron.wav,test
120,1b1,Al,sc,Meditron,/Users/vs/Sem 5/Respiratory-Disease-Classification/data/raw/ICBHI/120_1b1_Al_sc_Meditron.wav,train
120,1b1,Ar,sc,Meditron,/Users/vs/Sem 5/Respiratory-Disease-Classification/data/raw/ICBHI/120_1b1_Ar_sc_Meditron.wav,train
120,1b1,Lr,sc,Meditron,/Users/vs/Sem 5/Respiratory-Disease-Classification/data/raw/ICBHI/120_1b1_Lr_sc_Meditron.wav,train
120,1b1,Pl,sc,Meditron,/Users/vs/Sem 5/Respiratory-Disease-Classification/data/raw/ICBHI/120_1b1_Pl_sc_Meditron.wav,train
120,1b1,Pr,sc,Meditron,/Users/vs/Sem 5/Respiratory-Disease-Classification/data/raw/ICBHI/120_1b1_Pr_sc_Meditron.wav,train
121,1b1,Tc,sc,Meditron,/Users/vs/Sem 5/Respiratory-Disease-Classification/data/raw/ICBHI/121_1b1_Tc_sc_Meditron.wav,train
121,1p1,Tc,sc,Meditron,/Users/vs/Sem 5/Respiratory-Disease-Classification/data/raw/ICBHI/121_1p1_Tc_sc_Meditron.wav,train
122,2b1,Al,mc,LittC2SE,/Users/vs/Sem 5/Respiratory-Disease-Classification/data/raw/ICBHI/122_2b1_Al_mc_LittC2SE.wav,train
122,2b1,Ar,mc,LittC2SE,/Users/vs/Sem 5/Respiratory-Disease-Classification/data/raw/ICBHI/122_2b1_Ar_mc_LittC2SE.wav,train
122,2b1,Tc,mc,LittC2SE,/Users/vs/Sem 5/Respiratory-Disease-Classification/data/raw/ICBHI/122_2b1_Tc_mc_LittC2SE.wav,train
122,2b2,Al,mc,LittC2SE,/Users/vs/Sem 5/Respiratory-Disease-Classification/data/raw/ICBHI/122_2b2_Al_mc_LittC2SE.wav,train
122,2b2,Ar,mc,LittC2SE,/Users/vs/Sem 5/Respiratory-Disease-Classification/data/raw/ICBHI/122_2b2_Ar_mc_LittC2SE.wav,train
122,2b2,Tc,mc,LittC2SE,/Users/vs/Sem 5/Respiratory-Disease-Classification/data/raw/ICBHI/122_2b2_Tc_mc_LittC2SE.wav,train
122,2b3,Al,mc,LittC2SE,/Users/vs/Sem 5/Respiratory-Disease-Classification/data/raw/ICBHI/122_2b3_Al_mc_LittC2SE.wav,train
122,2b3,Ar,mc,LittC2SE,/Users/vs/Sem 5/Respiratory-Disease-Classification/data/raw/ICBHI/122_2b3_Ar_mc_LittC2SE.wav,train
122,2b3,Tc,mc,LittC2SE,/Users/vs/Sem 5/Respiratory-Disease-Classification/data/raw/ICBHI/122_2b3_Tc_mc_LittC2SE.wav,train
123,1b1,Al,sc,Meditron,/Users/vs/Sem 5/Respiratory-Disease-Classification/data/raw/ICBHI/123_1b1_Al_sc_Meditron.wav,test
124,1b1,Al,sc,Litt3200,/Users/vs/Sem 5/Respiratory-Disease-Classification/data/raw/ICBHI/124_1b1_Al_sc_Litt3200.wav,test
124,1b1,Ar,sc,Litt3200,/Users/vs/Sem 5/Respiratory-Disease-Classification/data/raw/ICBHI/124_1b1_Ar_sc_Litt3200.wav,test
124,1b1,Ll,sc,Litt3200,/Users/vs/Sem 5/Respiratory-Disease-Classification/data/raw/ICBHI/124_1b1_Ll_sc_Litt3200.wav,test
124,1b1,Lr,sc,Litt3200,/Users/vs/Sem 5/Respiratory-Disease-Classification/data/raw/ICBHI/124_1b1_Lr_sc_Litt3200.wav,test
124,1b1,Pl,sc,Litt3200,/Users/vs/Sem 5/Respiratory-Disease-Classification/data/raw/ICBHI/124_1b1_Pl_sc_Litt3200.wav,test
124,1b1,Pr,sc,Litt3200,/Users/vs/Sem 5/Respiratory-Disease-Classification/data/raw/ICBHI/124_1b1_Pr_sc_Litt3200.wav,test
125,1b1,Tc,sc,Meditron,/Users/vs/Sem 5/Respiratory-Disease-Classification/data/raw/ICBHI/125_1b1_Tc_sc_Meditron.wav,train
126,1b1,Al,sc,Meditron,/Users/vs/Sem 5/Respiratory-Disease-Classification/data/raw/ICBHI/126_1b1_Al_sc_Meditron.wav,test
127,1b1,Ar,sc,Meditron,/Users/vs/Sem 5/Respiratory-Disease-Classification/data/raw/ICBHI/127_1b1_Ar_sc_Meditron.wav,train
128,1b3,Tc,mc,LittC2SE,/Users/vs/Sem 5/Respiratory-Disease-Classification/data/raw/ICBHI/128_1b3_Tc_mc_LittC2SE.wav,train
129,1b1,Ar,sc,Meditron,/Users/vs/Sem 5/Respiratory-Disease-Classification/data/raw/ICBHI/129_1b1_Ar_sc_Meditron.wav,train
130,1p2,Al,mc,AKGC417L,/Users/vs/Sem 5/Respiratory-Disease-Classification/data/raw/ICBHI/130_1p2_Al_mc_AKGC417L.wav,train
130,1p2,Ar,mc,AKGC417L,/Users/vs/Sem 5/Respiratory-Disease-Classification/data/raw/ICBHI/130_1p2_Ar_mc_AKGC417L.wav,train
130,1p2,Ll,mc,AKGC417L,/Users/vs/Sem 5/Respiratory-Disease-Classification/data/raw/ICBHI/130_1p2_Ll_mc_AKGC417L.wav,train
130,1p2,Lr,mc,AKGC417L,/Users/vs/Sem 5/Respiratory-Disease-Classification/data/raw/ICBHI/130_1p2_Lr_mc_AKGC417L.wav,train
130,1p2,Pl,mc,AKGC417L,/Users/vs/Sem 5/Respiratory-Disease-Classification/data/raw/ICBHI/130_1p2_Pl_mc_AKGC417L.wav,train
130,1p2,Pr,mc,AKGC417L,/Users/vs/Sem 5/Respiratory-Disease-Classification/data/raw/ICBHI/130_1p2_Pr_mc_AKGC417L.wav,train
130,1p2,Tc,mc,AKGC417L,/Users/vs/Sem 5/Respiratory-Disease-Classification/data/raw/ICBHI/130_1p2_Tc_mc_AKGC417L.wav,train
130,1p3,Al,mc,AKGC417L,/Users/vs/Sem 5/Respiratory-Disease-Classification/data/raw/ICBHI/130_1p3_Al_mc_AKGC417L.wav,train
130,1p3,Ar,mc,AKGC417L,/Users/vs/Sem 5/Respiratory-Disease-Classification/data/raw/ICBHI/130_1p3_Ar_mc_AKGC417L.wav,train
130,1p3,Ll,mc,AKGC417L,/Users/vs/Sem 5/Respiratory-Disease-Classification/data/raw/ICBHI/130_1p3_Ll_mc_AKGC417L.wav,train
130,1p3,Lr,mc,AKGC417L,/Users/vs/Sem 5/Respiratory-Disease-Classification/data/raw/ICBHI/130_1p3_Lr_mc_AKGC417L.wav,train
130,1p3,Pl,mc,AKGC417L,/Users/vs/Sem 5/Respiratory-Disease-Classification/data/raw/ICBHI/130_1p3_Pl_mc_AKGC417L.wav,train
130,1p3,Pr,mc,AKGC417L,/Users/vs/Sem 5/Respiratory-Disease-Classification/data/raw/ICBHI/130_1p3_Pr_mc_AKGC417L.wav,train
130,1p3,Tc,mc,AKGC417L,/Users/vs/Sem 5/Respiratory-Disease-Classification/data/raw/ICBHI/130_1p3_Tc_mc_AKGC417L.wav,train
130,1p4,Al,mc,AKGC417L,/Users/vs/Sem 5/Respiratory-Disease-Classification/data/raw/ICBHI/130_1p4_Al_mc_AKGC417L.wav,train
130,1p4,Ar,mc,AKGC417L,/Users/vs/Sem 5/Respiratory-Disease-Classification/data/raw/ICBHI/130_1p4_Ar_mc_AKGC417L.wav,train
130,1p4,Ll,mc,AKGC417L,/Users/vs/Sem 5/Respiratory-Disease-Classification/data/raw/ICBHI/130_1p4_Ll_mc_AKGC417L.wav,train
130,1p4,Lr,mc,AKGC417L,/Users/vs/Sem 5/Respiratory-Disease-Classification/data/raw/ICBHI/130_1p4_Lr_mc_AKGC417L.wav,train
130,1p4,Pl,mc,AKGC417L,/Users/vs/Sem 5/Respiratory-Disease-Classification/data/raw/ICBHI/130_1p4_Pl_mc_AKGC417L.wav,train
130,1p4,Pr,mc,AKGC417L,/Users/vs/Sem 5/Respiratory-Disease-Classification/data/raw/ICBHI/130_1p4_Pr_mc_AKGC417L.wav,train
130,1p4,Tc,mc,AKGC417L,/Users/vs/Sem 5/Respiratory-Disease-Classification/data/raw/ICBHI/130_1p4_Tc_mc_AKGC417L.wav,train
130,2b2,Al,mc,AKGC417L,/Users/vs/Sem 5/Respiratory-Disease-Classification/data/raw/ICBHI/130_2b2_Al_mc_AKGC417L.wav,train
130,2b2,Ar,mc,AKGC417L,/Users/vs/Sem 5/Respiratory-Disease-Classification/data/raw/ICBHI/130_2b2_Ar_mc_AKGC417L.wav,train
130,2b2,Ll,mc,AKGC417L,/Users/vs/Sem 5/Respiratory-Disease-Classification/data/raw/ICBHI/130_2b2_Ll_mc_AKGC417L.wav,train
130,2b2,Lr,mc,AKGC417L,/Users/vs/Sem 5/Respiratory-Disease-Classification/data/raw/ICBHI/130_2b2_Lr_mc_AKGC417L.wav,train
130,2b2,Pl,mc,AKGC417L,/Users/vs/Sem 5/Respiratory-Disease-Classification/data/raw/ICBHI/130_2b2_Pl_mc_AKGC417L.wav,train
130,2b2,Pr,mc,AKGC417L,/Users/vs/Sem 5/Respiratory-Disease-Classification/data/raw/ICBHI/130_2b2_Pr_mc_AKGC417L.wav,train
130,2b2,Tc,mc,AKGC417L,/Users/vs/Sem 5/Respiratory-Disease-Classification/data/raw/ICBHI/130_2b2_Tc_mc_AKGC417L.wav,train
130,2b3,Al,mc,AKGC417L,/Users/vs/Sem 5/Respiratory-Disease-Classification/data/raw/ICBHI/130_2b3_Al_mc_AKGC417L.wav,train
130,2b3,Ar,mc,AKGC417L,/Users/vs/Sem 5/Respiratory-Disease-Classification/data/raw/ICBHI/130_2b3_Ar_mc_AKGC417L.wav,train
130,2b3,Ll,mc,AKGC417L,/Users/vs/Sem 5/Respiratory-Disease-Classification/data/raw/ICBHI/130_2b3_Ll_mc_AKGC417L.wav,train
130,2b3,Lr,mc,AKGC417L,/Users/vs/Sem 5/Respiratory-Disease-Classification/data/raw/ICBHI/130_2b3_Lr_mc_AKGC417L.wav,train
130,2b3,Pl,mc,AKGC417L,/Users/vs/Sem 5/Respiratory-Disease-Classification/data/raw/ICBHI/130_2b3_Pl_mc_AKGC417L.wav,train
130,2b3,Pr,mc,AKGC417L,/Users/vs/Sem 5/Respiratory-Disease-Classification/data/raw/ICBHI/130_2b3_Pr_mc_AKGC417L.wav,train
130,2b3,Tc,mc,AKGC417L,/Users/vs/Sem 5/Respiratory-Disease-Classification/data/raw/ICBHI/130_2b3_Tc_mc_AKGC417L.wav,train
130,2b4,Al,mc,AKGC417L,/Users/vs/Sem 5/Respiratory-Disease-Classification/data/raw/ICBHI/130_2b4_Al_mc_AKGC417L.wav,train
130,2b4,Ar,mc,AKGC417L,/Users/vs/Sem 5/Respiratory-Disease-Classification/data/raw/ICBHI/130_2b4_Ar_mc_AKGC417L.wav,train
130,2b4,Ll,mc,AKGC417L,/Users/vs/Sem 5/Respiratory-Disease-Classification/data/raw/ICBHI/130_2b4_Ll_mc_AKGC417L.wav,train
130,2b4,Lr,mc,AKGC417L,/Users/vs/Sem 5/Respiratory-Disease-Classification/data/raw/ICBHI/130_2b4_Lr_mc_AKGC417L.wav,train
130,2b4,Pl,mc,AKGC417L,/Users/vs/Sem 5/Respiratory-Disease-Classification/data/raw/ICBHI/130_2b4_Pl_mc_AKGC417L.wav,train
130,2p3,Pl,mc,AKGC417L,/Users/vs/Sem 5/Respiratory-Disease-Classification/data/raw/ICBHI/130_2p3_Pl_mc_AKGC417L.wav,train
130,2p5,Al,mc,AKGC417L,/Users/vs/Sem 5/Respiratory-Disease-Classification/data/raw/ICBHI/130_2p5_Al_mc_AKGC417L.wav,train
130,2p5,Ar,mc,AKGC417L,/Users/vs/Sem 5/Respiratory-Disease-Classification/data/raw/ICBHI/130_2p5_Ar_mc_AKGC417L.wav,train
130,2p5,Lr,mc,AKGC417L,/Users/vs/Sem 5/Respiratory-Disease-Classification/data/raw/ICBHI/130_2p5_Lr_mc_AKGC417L.wav,train
130,2p5,Pl,mc,AKGC417L,/Users/vs/Sem 5/Respiratory-Disease-Classification/data/raw/ICBHI/130_2p5_Pl_mc_AKGC417L.wav,train
130,2p5,Pr,mc,AKGC417L,/Users/vs/Sem 5/Respiratory-Disease-Classification/data/raw/ICBHI/130_2p5_Pr_mc_AKGC417L.wav,train
130,2p5,Tc,mc,AKGC417L,/Users/vs/Sem 5/Respiratory-Disease-Classification/data/raw/ICBHI/130_2p5_Tc_mc_AKGC417L.wav,train
130,3b3,Ll,mc,AKGC417L,/Users/vs/Sem 5/Respiratory-Disease-Classification/data/raw/ICBHI/130_3b3_Ll_mc_AKGC417L.wav,train
130,3b4,Al,mc,AKGC417L,/Users/vs/Sem 5/Respiratory-Disease-Classification/data/raw/ICBHI/130_3b4_Al_mc_AKGC417L.wav,train
130,3b4,Ar,mc,AKGC417L,/Users/vs/Sem 5/Respiratory-Disease-Classification/data/raw/ICBHI/130_3b4_Ar_mc_AKGC417L.wav,train
130,3b4,Lr,mc,AKGC417L,/Users/vs/Sem 5/Respiratory-Disease-Classification/data/raw/ICBHI/130_3b4_Lr_mc_AKGC417L.wav,train
130,3b4,Pl,mc,AKGC417L,/Users/vs/Sem 5/Respiratory-Disease-Classification/data/raw/ICBHI/130_3b4_Pl_mc_AKGC417L.wav,train
130,3b4,Pr,mc,AKGC417L,/Users/vs/Sem 5/Respiratory-Disease-Classification/data/raw/ICBHI/130_3b4_Pr_mc_AKGC417L.wav,train
130,3p2,Al,mc,AKGC417L,/Users/vs/Sem 5/Respiratory-Disease-Classification/data/raw/ICBHI/130_3p2_Al_mc_AKGC417L.wav,train
130,3p2,Ar,mc,AKGC417L,/Users/vs/Sem 5/Respiratory-Disease-Classification/data/raw/ICBHI/130_3p2_Ar_mc_AKGC417L.wav,train
130,3p2,Pl,mc,AKGC417L,/Users/vs/Sem 5/Respiratory-Disease-Classification/data/raw/ICBHI/130_3p2_Pl_mc_AKGC417L.wav,train
130,3p2,Pr,mc,AKGC417L,/Users/vs/Sem 5/Respiratory-Disease-Classification/data/raw/ICBHI/130_3p2_Pr_mc_AKGC417L.wav,train
130,3p2,Tc,mc,AKGC417L,/Users/vs/Sem 5/Respiratory-Disease-Classification/data/raw/ICBHI/130_3p2_Tc_mc_AKGC417L.wav,train
130,3p3,Al,mc,AKGC417L,/Users/vs/Sem 5/Respiratory-Disease-Classification/data/raw/ICBHI/130_3p3_Al_mc_AKGC417L.wav,train
130,3p3,Pl,mc,AKGC417L,/Users/vs/Sem 5/Respiratory-Disease-Classification/data/raw/ICBHI/130_3p3_Pl_mc_AKGC417L.wav,train
130,3p3,Pr,mc,AKGC417L,/Users/vs/Sem 5/Respiratory-Disease-Classification/data/raw/ICBHI/130_3p3_Pr_mc_AKGC417L.wav,train
130,3p3,Tc,mc,AKGC417L,/Users/vs/Sem 5/Respiratory-Disease-Classification/data/raw/ICBHI/130_3p3_Tc_mc_AKGC417L.wav,train
130,3p4,Al,mc,AKGC417L,/Users/vs/Sem 5/Respiratory-Disease-Classification/data/raw/ICBHI/130_3p4_Al_mc_AKGC417L.wav,train
130,3p4,Pl,mc,AKGC417L,/Users/vs/Sem 5/Respiratory-Disease-Classification/data/raw/ICBHI/130_3p4_Pl_mc_AKGC417L.wav,train
130,3p4,Pr,mc,AKGC417L,/Users/vs/Sem 5/Respiratory-Disease-Classification/data/raw/ICBHI/130_3p4_Pr_mc_AKGC417L.wav,train
130,3p4,Tc,mc,AKGC417L,/Users/vs/Sem 5/Respiratory-Disease-Classification/data/raw/ICBHI/130_3p4_Tc_mc_AKGC417L.wav,train
131,1b1,Al,sc,Meditron,/Users/vs/Sem 5/Respiratory-Disease-Classification/data/raw/ICBHI/131_1b1_Al_sc_Meditron.wav,train
132,2b1,Lr,mc,LittC2SE,/Users/vs/Sem 5/Respiratory-Disease-Classification/data/raw/ICBHI/132_2b1_Lr_mc_LittC2SE.wav,train
132,2b2,Lr,mc,LittC2SE,/Users/vs/Sem 5/Respiratory-Disease-Classification/data/raw/ICBHI/132_2b2_Lr_mc_LittC2SE.wav,train
133,2p2,Al,mc,AKGC417L,/Users/vs/Sem 5/Respiratory-Disease-Classification/data/raw/ICBHI/133_2p2_Al_mc_AKGC417L.wav,test
133,2p2,Ar,mc,AKGC417L,/Users/vs/Sem 5/Respiratory-Disease-Classification/data/raw/ICBHI/133_2p2_Ar_mc_AKGC417L.wav,test
133,2p2,Pl,mc,AKGC417L,/Users/vs/Sem 5/Respiratory-Disease-Classification/data/raw/ICBHI/133_2p2_Pl_mc_AKGC417L.wav,test
133,2p2,Tc,mc,AKGC417L,/Users/vs/Sem 5/Respiratory-Disease-Classification/data/raw/ICBHI/133_2p2_Tc_mc_AKGC417L.wav,test
133,2p3,Al,mc,AKGC417L,/Users/vs/Sem 5/Respiratory-Disease-Classification/data/raw/ICBHI/133_2p3_Al_mc_AKGC417L.wav,test
133,2p3,Ar,mc,AKGC417L,/Users/vs/Sem 5/Respiratory-Disease-Classification/data/raw/ICBHI/133_2p3_Ar_mc_AKGC417L.wav,test
133,2p3,Pl,mc,AKGC417L,/Users/vs/Sem 5/Respiratory-Disease-Classification/data/raw/ICBHI/133_2p3_Pl_mc_AKGC417L.wav,test
133,2p3,Pr,mc,AKGC417L,/Users/vs/Sem 5/Respiratory-Disease-Classification/data/raw/ICBHI/133_2p3_Pr_mc_AKGC417L.wav,test
133,2p3,Tc,mc,AKGC417L,/Users/vs/Sem 5/Respiratory-Disease-Classification/data/raw/ICBHI/133_2p3_Tc_mc_AKGC417L.wav,test
133,2p4,Al,mc,AKGC417L,/Users/vs/Sem 5/Respiratory-Disease-Classification/data/raw/ICBHI/133_2p4_Al_mc_AKGC417L.wav,test
133,2p4,Ar,mc,AKGC417L,/Users/vs/Sem 5/Respiratory-Disease-Classification/data/raw/ICBHI/133_2p4_Ar_mc_AKGC417L.wav,test
133,2p4,Pl,mc,AKGC417L,/Users/vs/Sem 5/Respiratory-Disease-Classification/data/raw/ICBHI/133_2p4_Pl_mc_AKGC417L.wav,test
133,2p4,Pr,mc,AKGC417L,/Users/vs/Sem 5/Respiratory-Disease-Classification/data/raw/ICBHI/133_2p4_Pr_mc_AKGC417L.wav,test
133,2p4,Tc,mc,AKGC417L,/Users/vs/Sem 5/Respiratory-Disease-Classification/data/raw/ICBHI/133_2p4_Tc_mc_AKGC417L.wav,test
133,3p2,Al,mc,AKGC417L,/Users/vs/Sem 5/Respiratory-Disease-Classification/data/raw/ICBHI/133_3p2_Al_mc_AKGC417L.wav,test
133,3p2,Ar,mc,AKGC417L,/Users/vs/Sem 5/Respiratory-Disease-Classification/data/raw/ICBHI/133_3p2_Ar_mc_AKGC417L.wav,test
133,3p2,Pl,mc,AKGC417L,/Users/vs/Sem 5/Respiratory-Disease-Classification/data/raw/ICBHI/133_3p2_Pl_mc_AKGC417L.wav,test
133,3p2,Pr,mc,AKGC417L,/Users/vs/Sem 5/Respiratory-Disease-Classification/data/raw/ICBHI/133_3p2_Pr_mc_AKGC417L.wav,test
133,3p4,Tc,mc,AKGC417L,/Users/vs/Sem 5/Respiratory-Disease-Classification/data/raw/ICBHI/133_3p4_Tc_mc_AKGC417L.wav,test
134,2b1,Al,mc,LittC2SE,/Users/vs/Sem 5/Respiratory-Disease-Classification/data/raw/ICBHI/134_2b1_Al_mc_LittC2SE.wav,train
134,2b1,Ar,mc,LittC2SE,/Users/vs/Sem 5/Respiratory-Disease-Classification/data/raw/ICBHI/134_2b1_Ar_mc_LittC2SE.wav,train
134,2b2,Al,mc,LittC2SE,/Users/vs/Sem 5/Respiratory-Disease-Classification/data/raw/ICBHI/134_2b2_Al_mc_LittC2SE.wav,train
134,2b2,Ar,mc,LittC2SE,/Users/vs/Sem 5/Respiratory-Disease-Classification/data/raw/ICBHI/134_2b2_Ar_mc_LittC2SE.wav,train
134,2b3,Ar,mc,LittC2SE,/Users/vs/Sem 5/Respiratory-Disease-Classification/data/raw/ICBHI/134_2b3_Ar_mc_LittC2SE.wav,train
135,2b1,Al,mc,LittC2SE,/Users/vs/Sem 5/Respiratory-Disease-Classification/data/raw/ICBHI/135_2b1_Al_mc_LittC2SE.wav,train
135,2b1,Ar,mc,LittC2SE,/Users/vs/Sem 5/Respiratory-Disease-Classification/data/raw/ICBHI/135_2b1_Ar_mc_LittC2SE.wav,train
135,2b1,Pl,mc,LittC2SE,/Users/vs/Sem 5/Respiratory-Disease-Classification/data/raw/ICBHI/135_2b1_Pl_mc_LittC2SE.wav,train
135,2b1,Tc,mc,LittC2SE,/Users/vs/Sem 5/Respiratory-Disease-Classification/data/raw/ICBHI/135_2b1_Tc_mc_LittC2SE.wav,train
135,2b2,Al,mc,LittC2SE,/Users/vs/Sem 5/Respiratory-Disease-Classification/data/raw/ICBHI/135_2b2_Al_mc_LittC2SE.wav,train
135,2b2,Ar,mc,LittC2SE,/Users/vs/Sem 5/Respiratory-Disease-Classification/data/raw/ICBHI/135_2b2_Ar_mc_LittC2SE.wav,train
135,2b2,Pl,mc,LittC2SE,/Users/vs/Sem 5/Respiratory-Disease-Classification/data/raw/ICBHI/135_2b2_Pl_mc_LittC2SE.wav,train
135,2b2,Tc,mc,LittC2SE,/Users/vs/Sem 5/Respiratory-Disease-Classification/data/raw/ICBHI/135_2b2_Tc_mc_LittC2SE.wav,train
135,2b3,Al,mc,LittC2SE,/Users/vs/Sem 5/Respiratory-Disease-Classification/data/raw/ICBHI/135_2b3_Al_mc_LittC2SE.wav,train
135,2b3,Ar,mc,LittC2SE,/Users/vs/Sem 5/Respiratory-Disease-Classification/data/raw/ICBHI/135_2b3_Ar_mc_LittC2SE.wav,train
135,2b3,Pl,mc,LittC2SE,/Users/vs/Sem 5/Respiratory-Disease-Classification/data/raw/ICBHI/135_2b3_Pl_mc_LittC2SE.wav,train
135,2b3,Pr,mc,LittC2SE,/Users/vs/Sem 5/Respiratory-Disease-Classification/data/raw/ICBHI/135_2b3_Pr_mc_LittC2SE.wav,train
135,2b3,Tc,mc,LittC2SE,/Users/vs/Sem 5/Respiratory-Disease-Classification/data/raw/ICBHI/135_2b3_Tc_mc_LittC2SE.wav,train
136,1b1,Ar,sc,Meditron,/Users/vs/Sem 5/Respiratory-Disease-Classification/data/raw/ICBHI/136_1b1_Ar_sc_Meditron.wav,test
137,1b1,Ar,sc,Meditron,/Users/vs/Sem 5/Respiratory-Disease-Classification/data/raw/ICBHI/137_1b1_Ar_sc_Meditron.wav,train
137,1b1,Ll,sc,Meditron,/Users/vs/Sem 5/Respiratory-Disease-Classification/data/raw/ICBHI/137_1b1_Ll_sc_Meditron.wav,train
138,1p2,Al,mc,AKGC417L,/Users/vs/Sem 5/Respiratory-Disease-Classification/data/raw/ICBHI/138_1p2_Al_mc_AKGC417L.wav,train
138,1p2,Ar,mc,AKGC417L,/Users/vs/Sem 5/Respiratory-Disease-Classification/data/raw/ICBHI/138_1p2_Ar_mc_AKGC417L.wav,train
138,1p2,Ll,mc,AKGC417L,/Users/vs/Sem 5/Respiratory-Disease-Classification/data/raw/ICBHI/138_1p2_Ll_mc_AKGC417L.wav,train
138,1p2,Lr,mc,AKGC417L,/Users/vs/Sem 5/Respiratory-Disease-Classification/data/raw/ICBHI/138_1p2_Lr_mc_AKGC417L.wav,train
138,1p2,Pl,mc,AKGC417L,/Users/vs/Sem 5/Respiratory-Disease-Classification/data/raw/ICBHI/138_1p2_Pl_mc_AKGC417L.wav,train
138,1p2,Pr,mc,AKGC417L,/Users/vs/Sem 5/Respiratory-Disease-Classification/data/raw/ICBHI/138_1p2_Pr_mc_AKGC417L.wav,train
138,1p2,Tc,mc,AKGC417L,/Users/vs/Sem 5/Respiratory-Disease-Classification/data/raw/ICBHI/138_1p2_Tc_mc_AKGC417L.wav,train
138,1p3,Al,mc,AKGC417L,/Users/vs/Sem 5/Respiratory-Disease-Classification/data/raw/ICBHI/138_1p3_Al_mc_AKGC417L.wav,train
138,1p3,Ar,mc,AKGC417L,/Users/vs/Sem 5/Respiratory-Disease-Classification/data/raw/ICBHI/138_1p3_Ar_mc_AKGC417L.wav,train
138,1p3,Ll,mc,AKGC417L,/Users/vs/Sem 5/Respiratory-Disease-Classification/data/raw/ICBHI/138_1p3_Ll_mc_AKGC417L.wav,train
138,1p3,Lr,mc,AKGC417L,/Users/vs/Sem 5/Respiratory-Disease-Classification/data/raw/ICBHI/138_1p3_Lr_mc_AKGC417L.wav,train
138,1p3,Pl,mc,AKGC417L,/Users/vs/Sem 5/Respiratory-Disease-Classification/data/raw/ICBHI/138_1p3_Pl_mc_AKGC417L.wav,train
138,1p3,Pr,mc,AKGC417L,/Users/vs/Sem 5/Respiratory-Disease-Classification/data/raw/ICBHI/138_1p3_Pr_mc_AKGC417L.wav,train
138,1p3,Tc,mc,AKGC417L,/Users/vs/Sem 5/Respiratory-Disease-Classification/data/raw/ICBHI/138_1p3_Tc_mc_AKGC417L.wav,train
138,1p4,Ar,mc,AKGC417L,/Users/vs/Sem 5/Respiratory-Disease-Classification/data/raw/ICBHI/138_1p4_Ar_mc_AKGC417L.wav,train
138,1p4,Ll,mc,AKGC417L,/Users/vs/Sem 5/Respiratory-Disease-Classification/data/raw/ICBHI/138_1p4_Ll_mc_AKGC417L.wav,train
138,1p4,Lr,mc,AKGC417L,/Users/vs/Sem 5/Respiratory-Disease-Classification/data/raw/ICBHI/138_1p4_Lr_mc_AKGC417L.wav,train
138,1p4,Pl,mc,AKGC417L,/Users/vs/Sem 5/Respiratory-Disease-Classification/data/raw/ICBHI/138_1p4_Pl_mc_AKGC417L.wav,train
138,1p4,Pr,mc,AKGC417L,/Users/vs/Sem 5/Respiratory-Disease-Classification/data/raw/ICBHI/138_1p4_Pr_mc_AKGC417L.wav,train
138,1p4,Tc,mc,AKGC417L,/Users/vs/Sem 5/Respiratory-Disease-Classification/data/raw/ICBHI/138_1p4_Tc_mc_AKGC417L.wav,train
138,2p2,Al,mc,AKGC417L,/Users/vs/Sem 5/Respiratory-Disease-Classification/data/raw/ICBHI/138_2p2_Al_mc_AKGC417L.wav,train
138,2p2,Ar,mc,AKGC417L,/Users/vs/Sem 5/Respiratory-Disease-Classification/data/raw/ICBHI/138_2p2_Ar_mc_AKGC417L.wav,train
138,2p2,Ll,mc,AKGC417L,/Users/vs/Sem 5/Respiratory-Disease-Classification/data/raw/ICBHI/138_2p2_Ll_mc_AKGC417L.wav,train
138,2p2,Lr,mc,AKGC417L,/Users/vs/Sem 5/Respiratory-Disease-Classification/data/raw/ICBHI/138_2p2_Lr_mc_AKGC417L.wav,train
138,2p2,Pl,mc,AKGC417L,/Users/vs/Sem 5/Respiratory-Disease-Classification/data/raw/ICBHI/138_2p2_Pl_mc_AKGC417L.wav,train
138,2p2,Pr,mc,AKGC417L,/Users/vs/Sem 5/Respiratory-Disease-Classification/data/raw/ICBHI/138_2p2_Pr_mc_AKGC417L.wav,train
138,2p2,Tc,mc,AKGC417L,/Users/vs/Sem 5/Respiratory-Disease-Classification/data/raw/ICBHI/138_2p2_Tc_mc_AKGC417L.wav,train
139,1b1,Al,sc,Litt3200,/Users/vs/Sem 5/Respiratory-Disease-Classification/data/raw/ICBHI/139_1b1_Al_sc_Litt3200.wav,test
139,1b1,Ar,sc,Litt3200,/Users/vs/Sem 5/Respiratory-Disease-Classification/data/raw/ICBHI/139_1b1_Ar_sc_Litt3200.wav,test
139,1b1,Ll,sc,Litt3200,/Users/vs/Sem 5/Respiratory-Disease-Classification/data/raw/ICBHI/139_1b1_Ll_sc_Litt3200.wav,test
139,1b1,Lr,sc,Litt3200,/Users/vs/Sem 5/Respiratory-Disease-Classification/data/raw/ICBHI/139_1b1_Lr_sc_Litt3200.wav,test
139,1b1,Pl,sc,Litt3200,/Users/vs/Sem 5/Respiratory-Disease-Classification/data/raw/ICBHI/139_1b1_Pl_sc_Litt3200.wav,test
139,1b1,Pr,sc,Litt3200,/Users/vs/Sem 5/Respiratory-Disease-Classification/data/raw/ICBHI/139_1b1_Pr_sc_Litt3200.wav,test
140,2b2,Ll,mc,LittC2SE,/Users/vs/Sem 5/Respiratory-Disease-Classification/data/raw/ICBHI/140_2b2_Ll_mc_LittC2SE.wav,train
140,2b2,Tc,mc,LittC2SE,/Users/vs/Sem 5/Respiratory-Disease-Classification/data/raw/ICBHI/140_2b2_Tc_mc_LittC2SE.wav,train
140,2b3,Ll,mc,LittC2SE,/Users/vs/Sem 5/Respiratory-Disease-Classification/data/raw/ICBHI/140_2b3_Ll_mc_LittC2SE.wav,train
140,2b3,Tc,mc,LittC2SE,/Users/vs/Sem 5/Respiratory-Disease-Classification/data/raw/ICBHI/140_2b3_Tc_mc_LittC2SE.wav,train
141,1b1,Pr,mc,LittC2SE,/Users/vs/Sem 5/Respiratory-Disease-Classification/data/raw/ICBHI/141_1b1_Pr_mc_LittC2SE.wav,train
141,1b2,Ar,mc,LittC2SE,/Users/vs/Sem 5/Respiratory-Disease-Classification/data/raw/ICBHI/141_1b2_Ar_mc_LittC2SE.wav,train
141,1b2,Lr,mc,LittC2SE,/Users/vs/Sem 5/Respiratory-Disease-Classification/data/raw/ICBHI/141_1b2_Lr_mc_LittC2SE.wav,train
141,1b2,Pr,mc,LittC2SE,/Users/vs/Sem 5/Respiratory-Disease-Classification/data/raw/ICBHI/141_1b2_Pr_mc_LittC2SE.wav,train
141,1b2,Tc,mc,LittC2SE,/Users/vs/Sem 5/Respiratory-Disease-Classification/data/raw/ICBHI/141_1b2_Tc_mc_LittC2SE.wav,train
141,1b3,Al,mc,LittC2SE,/Users/vs/Sem 5/Respiratory-Disease-Classification/data/raw/ICBHI/141_1b3_Al_mc_LittC2SE.wav,train
141,1b3,Ar,mc,LittC2SE,/Users/vs/Sem 5/Respiratory-Disease-Classification/data/raw/ICBHI/141_1b3_Ar_mc_LittC2SE.wav,train
141,1b3,Pr,mc,LittC2SE,/Users/vs/Sem 5/Respiratory-Disease-Classification/data/raw/ICBHI/141_1b3_Pr_mc_LittC2SE.wav,train
142,1b1,Pl,mc,LittC2SE,/Users/vs/Sem 5/Respiratory-Disease-Classification/data/raw/ICBHI/142_1b1_Pl_mc_LittC2SE.wav,train
143,1b1,Al,sc,Meditron,/Users/vs/Sem 5/Respiratory-Disease-Classification/data/raw/ICBHI/143_1b1_Al_sc_Meditron.wav,test
144,1b1,Al,sc,Meditron,/Users/vs/Sem 5/Respiratory-Disease-Classification/data/raw/ICBHI/144_1b1_Al_sc_Meditron.wav,test
144,1b1,Tc,sc,Meditron,/Users/vs/Sem 5/Respiratory-Disease-Classification/data/raw/ICBHI/144_1b1_Tc_sc_Meditron.wav,test
145,2b2,Al,mc,AKGC417L,/Users/vs/Sem 5/Respiratory-Disease-Classification/data/raw/ICBHI/145_2b2_Al_mc_AKGC417L.wav,test
145,2b2,Ar,mc,AKGC417L,/Users/vs/Sem 5/Respiratory-Disease-Classification/data/raw/ICBHI/145_2b2_Ar_mc_AKGC417L.wav,test
145,2b2,Lr,mc,AKGC417L,/Users/vs/Sem 5/Respiratory-Disease-Classification/data/raw/ICBHI/145_2b2_Lr_mc_AKGC417L.wav,test
145,2b2,Pr,mc,AKGC417L,/Users/vs/Sem 5/Respiratory-Disease-Classification/data/raw/ICBHI/145_2b2_Pr_mc_AKGC417L.wav,test
145,3b2,Ar,mc,AKGC417L,/Users/vs/Sem 5/Respiratory-Disease-Classification/data/raw/ICBHI/145_3b2_Ar_mc_AKGC417L.wav,test
145,3b2,Lr,mc,AKGC417L,/Users/vs/Sem 5/Respiratory-Disease-Classification/data/raw/ICBHI/145_3b2_Lr_mc_AKGC417L.wav,test
145,3b4,Pl,mc,AKGC417L,/Users/vs/Sem 5/Respiratory-Disease-Classification/data/raw/ICBHI/145_3b4_Pl_mc_AKGC417L.wav,test
146,2b2,Pl,mc,AKGC417L,/Users/vs/Sem 5/Respiratory-Disease-Classification/data/raw/ICBHI/146_2b2_Pl_mc_AKGC417L.wav,test
146,2b4,Al,mc,AKGC417L,/Users/vs/Sem 5/Respiratory-Disease-Classification/data/raw/ICBHI/146_2b4_Al_mc_AKGC417L.wav,test
146,2b4,Ar,mc,AKGC417L,/Users/vs/Sem 5/Respiratory-Disease-Classification/data/raw/ICBHI/146_2b4_Ar_mc_AKGC417L.wav,test
146,2b4,Ll,mc,AKGC417L,/Users/vs/Sem 5/Respiratory-Disease-Classification/data/raw/ICBHI/146_2b4_Ll_mc_AKGC417L.wav,test
146,2b4,Lr,mc,AKGC417L,/Users/vs/Sem 5/Respiratory-Disease-Classification/data/raw/ICBHI/146_2b4_Lr_mc_AKGC417L.wav,test
146,2b4,Pr,mc,AKGC417L,/Users/vs/Sem 5/Respiratory-Disease-Classification/data/raw/ICBHI/146_2b4_Pr_mc_AKGC417L.wav,test
146,8p3,Al,mc,AKGC417L,/Users/vs/Sem 5/Respiratory-Disease-Classification/data/raw/ICBHI/146_8p3_Al_mc_AKGC417L.wav,test
146,8p3,Ar,mc,AKGC417L,/Users/vs/Sem 5/Respiratory-Disease-Classification/data/raw/ICBHI/146_8p3_Ar_mc_AKGC417L.wav,test
146,8p3,Lr,mc,AKGC417L,/Users/vs/Sem 5/Respiratory-Disease-Classification/data/raw/ICBHI/146_8p3_Lr_mc_AKGC417L.wav,test
146,8p3,Pl,mc,AKGC417L,/Users/vs/Sem 5/Respiratory-Disease-Classification/data/raw/ICBHI/146_8p3_Pl_mc_AKGC417L.wav,test
146,8p3,Pr,mc,AKGC417L,/Users/vs/Sem 5/Respiratory-Disease-Classification/data/raw/ICBHI/146_8p3_Pr_mc_AKGC417L.wav,test
147,1b2,Tc,mc,AKGC417L,/Users/vs/Sem 5/Respiratory-Disease-Classification/data/raw/ICBHI/147_1b2_Tc_mc_AKGC417L.wav,test
147,1b3,Tc,mc,AKGC417L,/Users/vs/Sem 5/Respiratory-Disease-Classification/data/raw/ICBHI/147_1b3_Tc_mc_AKGC417L.wav,test
147,1b4,Tc,mc,AKGC417L,/Users/vs/Sem 5/Respiratory-Disease-Classification/data/raw/ICBHI/147_1b4_Tc_mc_AKGC417L.wav,test
147,2b2,Al,mc,AKGC417L,/Users/vs/Sem 5/Respiratory-Disease-Classification/data/raw/ICBHI/147_2b2_Al_mc_AKGC417L.wav,test
147,2b2,Ar,mc,AKGC417L,/Users/vs/Sem 5/Respiratory-Disease-Classification/data/raw/ICBHI/147_2b2_Ar_mc_AKGC417L.wav,test
147,2b2,Pl,mc,AKGC417L,/Users/vs/Sem 5/Respiratory-Disease-Classification/data/raw/ICBHI/147_2b2_Pl_mc_AKGC417L.wav,test
147,2b3,Al,mc,AKGC417L,/Users/vs/Sem 5/Respiratory-Disease-Classification/data/raw/ICBHI/147_2b3_Al_mc_AKGC417L.wav,test
147,2b3,Ar,mc,AKGC417L,/Users/vs/Sem 5/Respiratory-Disease-Classification/data/raw/ICBHI/147_2b3_Ar_mc_AKGC417L.wav,test
147,2b3,Ll,mc,AKGC417L,/Users/vs/Sem 5/Respiratory-Disease-Classification/data/raw/ICBHI/147_2b3_Ll_mc_AKGC417L.wav,test
147,2b3,Lr,mc,AKGC417L,/Users/vs/Sem 5/Respiratory-Disease-Classification/data/raw/ICBHI/147_2b3_Lr_mc_AKGC417L.wav,test
147,2b3,Pl,mc,AKGC417L,/Users/vs/Sem 5/Respiratory-Disease-Classification/data/raw/ICBHI/147_2b3_Pl_mc_AKGC417L.wav,test
147,2b4,Al,mc,AKGC417L,/Users/vs/Sem 5/Respiratory-Disease-Classification/data/raw/ICBHI/147_2b4_Al_mc_AKGC417L.wav,test
147,2b4,Ar,mc,AKGC417L,/Users/vs/Sem 5/Respiratory-Disease-Classification/data/raw/ICBHI/147_2b4_Ar_mc_AKGC417L.wav,test
147,2b4,Ll,mc,AKGC417L,/Users/vs/Sem 5/Respiratory-Disease-Classification/data/raw/ICBHI/147_2b4_Ll_mc_AKGC417L.wav,test
147,2b4,Lr,mc,AKGC417L,/Users/vs/Sem 5/Respiratory-Disease-Classification/data/raw/ICBHI/147_2b4_Lr_mc_AKGC417L.wav,test
147,2b4,Pl,mc,AKGC417L,/Users/vs/Sem 5/Respiratory-Disease-Classification/data/raw/ICBHI/147_2b4_Pl_mc_AKGC417L.wav,test
148,1b1,Al,sc,Meditron,/Users/vs/Sem 5/Respiratory-Disease-Classification/data/raw/ICBHI/148_1b1_Al_sc_Meditron.wav,train
149,1b1,Al,sc,Meditron,/Users/vs/Sem 5/Respiratory-Disease-Classification/data/raw/ICBHI/149_1b1_Al_sc_Meditron.wav,test
149,1b1,Lr,sc,Meditron,/Users/vs/Sem 5/Respiratory-Disease-Classification/data/raw/ICBHI/149_1b1_Lr_sc_Meditron.wav,test
149,1b1,Pl,sc,Meditron,/Users/vs/Sem 5/Respiratory-Disease-Classification/data/raw/ICBHI/149_1b1_Pl_sc_Meditron.wav,test
150,1b2,Al,sc,Meditron,/Users/vs/Sem 5/Respiratory-Disease-Classification/data/raw/ICBHI/150_1b2_Al_sc_Meditron.wav,test
151,2p2,Al,mc,AKGC417L,/Users/vs/Sem 5/Respiratory-Disease-Classification/data/raw/ICBHI/151_2p2_Al_mc_AKGC417L.wav,test
151,2p2,Ar,mc,AKGC417L,/Users/vs/Sem 5/Respiratory-Disease-Classification/data/raw/ICBHI/151_2p2_Ar_mc_AKGC417L.wav,test
151,2p2,Ll,mc,AKGC417L,/Users/vs/Sem 5/Respiratory-Disease-Classification/data/raw/ICBHI/151_2p2_Ll_mc_AKGC417L.wav,test
151,2p2,Lr,mc,AKGC417L,/Users/vs/Sem 5/Respiratory-Disease-Classification/data/raw/ICBHI/151_2p2_Lr_mc_AKGC417L.wav,test
151,2p2,Pl,mc,AKGC417L,/Users/vs/Sem 5/Respiratory-Disease-Classification/data/raw/ICBHI/151_2p2_Pl_mc_AKGC417L.wav,test
151,2p2,Pr,mc,AKGC417L,/Users/vs/Sem 5/Respiratory-Disease-Classification/data/raw/ICBHI/151_2p2_Pr_mc_AKGC417L.wav,test
151,2p2,Tc,mc,AKGC417L,/Users/vs/Sem 5/Respiratory-Disease-Classification/data/raw/ICBHI/151_2p2_Tc_mc_AKGC417L.wav,test
151,2p3,Al,mc,AKGC417L,/Users/vs/Sem 5/Respiratory-Disease-Classification/data/raw/ICBHI/151_2p3_Al_mc_AKGC417L.wav,test
151,2p3,Ar,mc,AKGC417L,/Users/vs/Sem 5/Respiratory-Disease-Classification/data/raw/ICBHI/151_2p3_Ar_mc_AKGC417L.wav,test
151,2p3,Ll,mc,AKGC417L,/Users/vs/Sem 5/Respiratory-Disease-Classification/data/raw/ICBHI/151_2p3_Ll_mc_AKGC417L.wav,test
151,2p3,Lr,mc,AKGC417L,/Users/vs/Sem 5/Respiratory-Disease-Classification/data/raw/ICBHI/151_2p3_Lr_mc_AKGC417L.wav,test
151,2p3,Pl,mc,AKGC417L,/Users/vs/Sem 5/Respiratory-Disease-Classification/data/raw/ICBHI/151_2p3_Pl_mc_AKGC417L.wav,test
151,2p3,Pr,mc,AKGC417L,/Users/vs/Sem 5/Respiratory-Disease-Classification/data/raw/ICBHI/151_2p3_Pr_mc_AKGC417L.wav,test
151,2p3,Tc,mc,AKGC417L,/Users/vs/Sem 5/Respiratory-Disease-Classification/data/raw/ICBHI/151_2p3_Tc_mc_AKGC417L.wav,test
151,2p4,Al,mc,AKGC417L,/Users/vs/Sem 5/Respiratory-Disease-Classification/data/raw/ICBHI/151_2p4_Al_mc_AKGC417L.wav,test
151,2p4,Ar,mc,AKGC417L,/Users/vs/Sem 5/Respiratory-Disease-Classification/data/raw/ICBHI/151_2p4_Ar_mc_AKGC417L.wav,test
151,2p4,Ll,mc,AKGC417L,/Users/vs/Sem 5/Respiratory-Disease-Classification/data/raw/ICBHI/151_2p4_Ll_mc_AKGC417L.wav,test
151,2p4,Lr,mc,AKGC417L,/Users/vs/Sem 5/Respiratory-Disease-Classification/data/raw/ICBHI/151_2p4_Lr_mc_AKGC417L.wav,test
151,2p4,Pl,mc,AKGC417L,/Users/vs/Sem 5/Respiratory-Disease-Classification/data/raw/ICBHI/151_2p4_Pl_mc_AKGC417L.wav,test
151,2p4,Pr,mc,AKGC417L,/Users/vs/Sem 5/Respiratory-Disease-Classification/data/raw/ICBHI/151_2p4_Pr_mc_AKGC417L.wav,test
151,2p4,Tc,mc,AKGC417L,/Users/vs/Sem 5/Respiratory-Disease-Classification/data/raw/ICBHI/151_2p4_Tc_mc_AKGC417L.wav,test
151,3p2,Al,mc,AKGC417L,/Users/vs/Sem 5/Respiratory-Disease-Classification/data/raw/ICBHI/151_3p2_Al_mc_AKGC417L.wav,test
151,3p2,Ar,mc,AKGC417L,/Users/vs/Sem 5/Respiratory-Disease-Classification/data/raw/ICBHI/151_3p2_Ar_mc_AKGC417L.wav,test
151,3p2,Lr,mc,AKGC417L,/Users/vs/Sem 5/Respiratory-Disease-Classification/data/raw/ICBHI/151_3p2_Lr_mc_AKGC417L.wav,test
151,3p2,Pl,mc,AKGC417L,/Users/vs/Sem 5/Respiratory-Disease-Classification/data/raw/ICBHI/151_3p2_Pl_mc_AKGC417L.wav,test
151,3p2,Pr,mc,AKGC417L,/Users/vs/Sem 5/Respiratory-Disease-Classification/data/raw/ICBHI/151_3p2_Pr_mc_AKGC417L.wav,test
151,3p2,Tc,mc,AKGC417L,/Users/vs/Sem 5/Respiratory-Disease-Classification/data/raw/ICBHI/151_3p2_Tc_mc_AKGC417L.wav,test
151,3p3,Ll,mc,AKGC417L,/Users/vs/Sem 5/Respiratory-Disease-Classification/data/raw/ICBHI/151_3p3_Ll_mc_AKGC417L.wav,test
152,1b1,Al,sc,Meditron,/Users/vs/Sem 5/Respiratory-Disease-Classification/data/raw/ICBHI/152_1b1_Al_sc_Meditron.wav,train
153,1b1,Al,sc,Meditron,/Users/vs/Sem 5/Respiratory-Disease-Classification/data/raw/ICBHI/153_1b1_Al_sc_Meditron.wav,train
154,1b3,Al,mc,AKGC417L,/Users/vs/Sem 5/Respiratory-Disease-Classification/data/raw/ICBHI/154_1b3_Al_mc_AKGC417L.wav,train
154,1b3,Ar,mc,AKGC417L,/Users/vs/Sem 5/Respiratory-Disease-Classification/data/raw/ICBHI/154_1b3_Ar_mc_AKGC417L.wav,train
154,1b3,Ll,mc,AKGC417L,/Users/vs/Sem 5/Respiratory-Disease-Classification/data/raw/ICBHI/154_1b3_Ll_mc_AKGC417L.wav,train
154,1b3,Lr,mc,AKGC417L,/Users/vs/Sem 5/Respiratory-Disease-Classification/data/raw/ICBHI/154_1b3_Lr_mc_AKGC417L.wav,train
154,1b3,Pl,mc,AKGC417L,/Users/vs/Sem 5/Respiratory-Disease-Classification/data/raw/ICBHI/154_1b3_Pl_mc_AKGC417L.wav,train
154,1b3,Pr,mc,AKGC417L,/Users/vs/Sem 5/Respiratory-Disease-Classification/data/raw/ICBHI/154_1b3_Pr_mc_AKGC417L.wav,train
154,1b3,Tc,mc,AKGC417L,/Users/vs/Sem 5/Respiratory-Disease-Classification/data/raw/ICBHI/154_1b3_Tc_mc_AKGC417L.wav,train
154,2b4,Al,mc,AKGC417L,/Users/vs/Sem 5/Respiratory-Disease-Classification/data/raw/ICBHI/154_2b4_Al_mc_AKGC417L.wav,train
154,2b4,Ar,mc,AKGC417L,/Users/vs/Sem 5/Respiratory-Disease-Classification/data/raw/ICBHI/154_2b4_Ar_mc_AKGC417L.wav,train
154,2b4,Ll,mc,AKGC417L,/Users/vs/Sem 5/Respiratory-Disease-Classification/data/raw/ICBHI/154_2b4_Ll_mc_AKGC417L.wav,train
154,2b4,Lr,mc,AKGC417L,/Users/vs/Sem 5/Respiratory-Disease-Classification/data/raw/ICBHI/154_2b4_Lr_mc_AKGC417L.wav,train
154,2b4,Pl,mc,AKGC417L,/Users/vs/Sem 5/Respiratory-Disease-Classification/data/raw/ICBHI/154_2b4_Pl_mc_AKGC417L.wav,train
154,2b4,Pr,mc,AKGC417L,/Users/vs/Sem 5/Respiratory-Disease-Classification/data/raw/ICBHI/154_2b4_Pr_mc_AKGC417L.wav,train
154,2b4,Tc,mc,AKGC417L,/Users/vs/Sem 5/Respiratory-Disease-Classification/data/raw/ICBHI/154_2b4_Tc_mc_AKGC417L.wav,train
154,3b3,Al,mc,AKGC417L,/Users/vs/Sem 5/Respiratory-Disease-Classification/data/raw/ICBHI/154_3b3_Al_mc_AKGC417L.wav,train
154,3b3,Ar,mc,AKGC417L,/Users/vs/Sem 5/Respiratory-Disease-Classification/data/raw/ICBHI/154_3b3_Ar_mc_AKGC417L.wav,train
154,3b3,Ll,mc,AKGC417L,/Users/vs/Sem 5/Respiratory-Disease-Classification/data/raw/ICBHI/154_3b3_Ll_mc_AKGC417L.wav,train
154,4b4,Al,mc,AKGC417L,/Users/vs/Sem 5/Respiratory-Disease-Classification/data/raw/ICBHI/154_4b4_Al_mc_AKGC417L.wav,train
154,4b4,Ar,mc,AKGC417L,/Users/vs/Sem 5/Respiratory-Disease-Classification/data/raw/ICBHI/154_4b4_Ar_mc_AKGC417L.wav,train
154,4b4,Ll,mc,AKGC417L,/Users/vs/Sem 5/Respiratory-Disease-Classification/data/raw/ICBHI/154_4b4_Ll_mc_AKGC417L.wav,train
154,4b4,Lr,mc,AKGC417L,/Users/vs/Sem 5/Respiratory-Disease-Classification/data/raw/ICBHI/154_4b4_Lr_mc_AKGC417L.wav,train
154,4b4,Pl,mc,AKGC417L,/Users/vs/Sem 5/Respiratory-Disease-Classification/data/raw/ICBHI/154_4b4_Pl_mc_AKGC417L.wav,train
154,4b4,Pr,mc,AKGC417L,/Users/vs/Sem 5/Respiratory-Disease-Classification/data/raw/ICBHI/154_4b4_Pr_mc_AKGC417L.wav,train
155,2b1,Al,mc,LittC2SE,/Users/vs/Sem 5/Respiratory-Disease-Classification/data/raw/ICBHI/155_2b1_Al_mc_LittC2SE.wav,train
156,2b3,Al,mc,AKGC417L,/Users/vs/Sem 5/Respiratory-Disease-Classification/data/raw/ICBHI/156_2b3_Al_mc_AKGC417L.wav,test
156,2b3,Ar,mc,AKGC417L,/Users/vs/Sem 5/Respiratory-Disease-Classification/data/raw/ICBHI/156_2b3_Ar_mc_AKGC417L.wav,train
156,2b3,Ll,mc,AKGC417L,/Users/vs/Sem 5/Respiratory-Disease-Classification/data/raw/ICBHI/156_2b3_Ll_mc_AKGC417L.wav,train
156,2b3,Lr,mc,AKGC417L,/Users/vs/Sem 5/Respiratory-Disease-Classification/data/raw/ICBHI/156_2b3_Lr_mc_AKGC417L.wav,test
156,2b3,Pl,mc,AKGC417L,/Users/vs/Sem 5/Respiratory-Disease-Classification/data/raw/ICBHI/156_2b3_Pl_mc_AKGC417L.wav,test
156,2b3,Pr,mc,AKGC417L,/Users/vs/Sem 5/Respiratory-Disease-Classification/data/raw/ICBHI/156_2b3_Pr_mc_AKGC417L.wav,train
156,5b3,Al,mc,AKGC417L,/Users/vs/Sem 5/Respiratory-Disease-Classification/data/raw/ICBHI/156_5b3_Al_mc_AKGC417L.wav,train
156,5b3,Ar,mc,AKGC417L,/Users/vs/Sem 5/Respiratory-Disease-Classification/data/raw/ICBHI/156_5b3_Ar_mc_AKGC417L.wav,test
156,5b3,Ll,mc,AKGC417L,/Users/vs/Sem 5/Respiratory-Disease-Classification/data/raw/ICBHI/156_5b3_Ll_mc_AKGC417L.wav,test
156,5b3,Lr,mc,AKGC417L,/Users/vs/Sem 5/Respiratory-Disease-Classification/data/raw/ICBHI/156_5b3_Lr_mc_AKGC417L.wav,train
156,5b3,Pl,mc,AKGC417L,/Users/vs/Sem 5/Respiratory-Disease-Classification/data/raw/ICBHI/156_5b3_Pl_mc_AKGC417L.wav,test
156,5b3,Pr,mc,AKGC417L,/Users/vs/Sem 5/Respiratory-Disease-Classification/data/raw/ICBHI/156_5b3_Pr_mc_AKGC417L.wav,train
156,8b3,Al,mc,AKGC417L,/Users/vs/Sem 5/Respiratory-Disease-Classification/data/raw/ICBHI/156_8b3_Al_mc_AKGC417L.wav,test
156,8b3,Ar,mc,AKGC417L,/Users/vs/Sem 5/Respiratory-Disease-Classification/data/raw/ICBHI/156_8b3_Ar_mc_AKGC417L.wav,train
156,8b3,Ll,mc,AKGC417L,/Users/vs/Sem 5/Respiratory-Disease-Classification/data/raw/ICBHI/156_8b3_Ll_mc_AKGC417L.wav,train
156,8b3,Lr,mc,AKGC417L,/Users/vs/Sem 5/Respiratory-Disease-Classification/data/raw/ICBHI/156_8b3_Lr_mc_AKGC417L.wav,test
156,8b3,Pl,mc,AKGC417L,/Users/vs/Sem 5/Respiratory-Disease-Classification/data/raw/ICBHI/156_8b3_Pl_mc_AKGC417L.wav,train
157,1b1,Al,sc,Meditron,/Users/vs/Sem 5/Respiratory-Disease-Classification/data/raw/ICBHI/157_1b1_Al_sc_Meditron.wav,train
157,1b1,Ar,sc,Meditron,/Users/vs/Sem 5/Respiratory-Disease-Classification/data/raw/ICBHI/157_1b1_Ar_sc_Meditron.wav,train
157,1b1,Lr,sc,Meditron,/Users/vs/Sem 5/Respiratory-Disease-Classification/data/raw/ICBHI/157_1b1_Lr_sc_Meditron.wav,train
157,1b1,Pl,sc,Meditron,/Users/vs/Sem 5/Respiratory-Disease-Classification/data/raw/ICBHI/157_1b1_Pl_sc_Meditron.wav,train
157,1b1,Pr,sc,Meditron,/Users/vs/Sem 5/Respiratory-Disease-Classification/data/raw/ICBHI/157_1b1_Pr_sc_Meditron.wav,train
158,1b3,Ar,mc,LittC2SE,/Users/vs/Sem 5/Respiratory-Disease-Classification/data/raw/ICBHI/158_1b3_Ar_mc_LittC2SE.wav,train
158,1p2,Al,mc,AKGC417L,/Users/vs/Sem 5/Respiratory-Disease-Classification/data/raw/ICBHI/158_1p2_Al_mc_AKGC417L.wav,train
158,1p2,Ar,mc,AKGC417L,/Users/vs/Sem 5/Respiratory-Disease-Classification/data/raw/ICBHI/158_1p2_Ar_mc_AKGC417L.wav,train
158,1p2,Ll,mc,AKGC417L,/Users/vs/Sem 5/Respiratory-Disease-Classification/data/raw/ICBHI/158_1p2_Ll_mc_AKGC417L.wav,train
158,1p2,Lr,mc,AKGC417L,/Users/vs/Sem 5/Respiratory-Disease-Classification/data/raw/ICBHI/158_1p2_Lr_mc_AKGC417L.wav,train
158,1p2,Pl,mc,AKGC417L,/Users/vs/Sem 5/Respiratory-Disease-Classification/data/raw/ICBHI/158_1p2_Pl_mc_AKGC417L.wav,train
158,1p2,Pr,mc,AKGC417L,/Users/vs/Sem 5/Respiratory-Disease-Classification/data/raw/ICBHI/158_1p2_Pr_mc_AKGC417L.wav,train
158,1p2,Tc,mc,AKGC417L,/Users/vs/Sem 5/Respiratory-Disease-Classification/data/raw/ICBHI/158_1p2_Tc_mc_AKGC417L.wav,train
158,1p3,Al,mc,AKGC417L,/Users/vs/Sem 5/Respiratory-Disease-Classification/data/raw/ICBHI/158_1p3_Al_mc_AKGC417L.wav,train
158,1p3,Ar,mc,AKGC417L,/Users/vs/Sem 5/Respiratory-Disease-Classification/data/raw/ICBHI/158_1p3_Ar_mc_AKGC417L.wav,train
158,1p3,Ll,mc,AKGC417L,/Users/vs/Sem 5/Respiratory-Disease-Classification/data/raw/ICBHI/158_1p3_Ll_mc_AKGC417L.wav,train
158,1p3,Lr,mc,AKGC417L,/Users/vs/Sem 5/Respiratory-Disease-Classification/data/raw/ICBHI/158_1p3_Lr_mc_AKGC417L.wav,train
158,1p3,Pl,mc,AKGC417L,/Users/vs/Sem 5/Respiratory-Disease-Classification/data/raw/ICBHI/158_1p3_Pl_mc_AKGC417L.wav,train
158,1p3,Pr,mc,AKGC417L,/Users/vs/Sem 5/Respiratory-Disease-Classification/data/raw/ICBHI/158_1p3_Pr_mc_AKGC417L.wav,train
158,1p3,Tc,mc,AKGC417L,/Users/vs/Sem 5/Respiratory-Disease-Classification/data/raw/ICBHI/158_1p3_Tc_mc_AKGC417L.wav,train
158,1p4,Al,mc,AKGC417L,/Users/vs/Sem 5/Respiratory-Disease-Classification/data/raw/ICBHI/158_1p4_Al_mc_AKGC417L.wav,train
158,1p4,Ar,mc,AKGC417L,/Users/vs/Sem 5/Respiratory-Disease-Classification/data/raw/ICBHI/158_1p4_Ar_mc_AKGC417L.wav,train
158,1p4,Lr,mc,AKGC417L,/Users/vs/Sem 5/Respiratory-Disease-Classification/data/raw/ICBHI/158_1p4_Lr_mc_AKGC417L.wav,train
158,1p4,Pl,mc,AKGC417L,/Users/vs/Sem 5/Respiratory-Disease-Classification/data/raw/ICBHI/158_1p4_Pl_mc_AKGC417L.wav,train
158,1p4,Pr,mc,AKGC417L,/Users/vs/Sem 5/Respiratory-Disease-Classification/data/raw/ICBHI/158_1p4_Pr_mc_AKGC417L.wav,train
158,1p4,Tc,mc,AKGC417L,/Users/vs/Sem 5/Respiratory-Disease-Classification/data/raw/ICBHI/158_1p4_Tc_mc_AKGC417L.wav,train
158,2p2,Ar,mc,AKGC417L,/Users/vs/Sem 5/Respiratory-Disease-Classification/data/raw/ICBHI/158_2p2_Ar_mc_AKGC417L.wav,train
158,2p3,Lr,mc,AKGC417L,/Users/vs/Sem 5/Respiratory-Disease-Classification/data/raw/ICBHI/158_2p3_Lr_mc_AKGC417L.wav,train
158,2p3,Tc,mc,AKGC417L,/Users/vs/Sem 5/Respiratory-Disease-Classification/data/raw/ICBHI/158_2p3_Tc_mc_AKGC417L.wav,train
159,1b1,Al,sc,Meditron,/Users/vs/Sem 5/Respiratory-Disease-Classification/data/raw/ICBHI/159_1b1_Al_sc_Meditron.wav,train
159,1b1,Ar,sc,Meditron,/Users/vs/Sem 5/Respiratory-Disease-Classification/data/raw/ICBHI/159_1b1_Ar_sc_Meditron.wav,train
159,1b1,Ll,sc,Meditron,/Users/vs/Sem 5/Respiratory-Disease-Classification/data/raw/ICBHI/159_1b1_Ll_sc_Meditron.wav,train
159,1b1,Pr,sc,Meditron,/Users/vs/Sem 5/Respiratory-Disease-Classification/data/raw/ICBHI/159_1b1_Pr_sc_Meditron.wav,train
160,1b2,Al,mc,AKGC417L,/Users/vs/Sem 5/Respiratory-Disease-Classification/data/raw/ICBHI/160_1b2_Al_mc_AKGC417L.wav,test
160,1b2,Ar,mc,AKGC417L,/Users/vs/Sem 5/Respiratory-Disease-Classification/data/raw/ICBHI/160_1b2_Ar_mc_AKGC417L.wav,test
160,1b2,Lr,mc,AKGC417L,/Users/vs/Sem 5/Respiratory-Disease-Classification/data/raw/ICBHI/160_1b2_Lr_mc_AKGC417L.wav,test
160,1b2,Pl,mc,AKGC417L,/Users/vs/Sem 5/Respiratory-Disease-Classification/data/raw/ICBHI/160_1b2_Pl_mc_AKGC417L.wav,test
160,1b2,Pr,mc,AKGC417L,/Users/vs/Sem 5/Respiratory-Disease-Classification/data/raw/ICBHI/160_1b2_Pr_mc_AKGC417L.wav,test
160,1b2,Tc,mc,AKGC417L,/Users/vs/Sem 5/Respiratory-Disease-Classification/data/raw/ICBHI/160_1b2_Tc_mc_AKGC417L.wav,test
160,1b3,Al,mc,AKGC417L,/Users/vs/Sem 5/Respiratory-Disease-Classification/data/raw/ICBHI/160_1b3_Al_mc_AKGC417L.wav,test
160,1b3,Ar,mc,AKGC417L,/Users/vs/Sem 5/Respiratory-Disease-Classification/data/raw/ICBHI/160_1b3_Ar_mc_AKGC417L.wav,test
160,1b3,Lr,mc,AKGC417L,/Users/vs/Sem 5/Respiratory-Disease-Classification/data/raw/ICBHI/160_1b3_Lr_mc_AKGC417L.wav,test
160,1b3,Pl,mc,AKGC417L,/Users/vs/Sem 5/Respiratory-Disease-Classification/data/raw/ICBHI/160_1b3_Pl_mc_AKGC417L.wav,test
160,1b3,Pr,mc,AKGC417L,/Users/vs/Sem 5/Respiratory-Disease-Classification/data/raw/ICBHI/160_1b3_Pr_mc_AKGC417L.wav,test
160,1b3,Tc,mc,AKGC417L,/Users/vs/Sem 5/Respiratory-Disease-Classification/data/raw/ICBHI/160_1b3_Tc_mc_AKGC417L.wav,test
160,1b4,Al,mc,AKGC417L,/Users/vs/Sem 5/Respiratory-Disease-Classification/data/raw/ICBHI/160_1b4_Al_mc_AKGC417L.wav,test
160,1b4,Ar,mc,AKGC417L,/Users/vs/Sem 5/Respiratory-Disease-Classification/data/raw/ICBHI/160_1b4_Ar_mc_AKGC417L.wav,test
160,1b4,Lr,mc,AKGC417L,/Users/vs/Sem 5/Respiratory-Disease-Classification/data/raw/ICBHI/160_1b4_Lr_mc_AKGC417L.wav,test
160,1b4,Pl,mc,AKGC417L,/Users/vs/Sem 5/Respiratory-Disease-Classification/data/raw/ICBHI/160_1b4_Pl_mc_AKGC417L.wav,test
160,1b4,Pr,mc,AKGC417L,/Users/vs/Sem 5/Respiratory-Disease-Classification/data/raw/ICBHI/160_1b4_Pr_mc_AKGC417L.wav,test
160,1b4,Tc,mc,AKGC417L,/Users/vs/Sem 5/Respiratory-Disease-Classification/data/raw/ICBHI/160_1b4_Tc_mc_AKGC417L.wav,test
160,2b3,Lr,mc,AKGC417L,/Users/vs/Sem 5/Respiratory-Disease-Classification/data/raw/ICBHI/160_2b3_Lr_mc_AKGC417L.wav,test
160,2b4,Ar,mc,AKGC417L,/Users/vs/Sem 5/Respiratory-Disease-Classification/data/raw/ICBHI/160_2b4_Ar_mc_AKGC417L.wav,test
160,2b4,Pl,mc,AKGC417L,/Users/vs/Sem 5/Respiratory-Disease-Classification/data/raw/ICBHI/160_2b4_Pl_mc_AKGC417L.wav,test
160,2b4,Pr,mc,AKGC417L,/Users/vs/Sem 5/Respiratory-Disease-Classification/data/raw/ICBHI/160_2b4_Pr_mc_AKGC417L.wav,test
160,2b4,Tc,mc,AKGC417L,/Users/vs/Sem 5/Respiratory-Disease-Classification/data/raw/ICBHI/160_2b4_Tc_mc_AKGC417L.wav,test
161,1b1,Al,sc,Meditron,/Users/vs/Sem 5/Respiratory-Disease-Classification/data/raw/ICBHI/161_1b1_Al_sc_Meditron.wav,train
161,1b1,Pl,sc,Meditron,/Users/vs/Sem 5/Respiratory-Disease-Classification/data/raw/ICBHI/161_1b1_Pl_sc_Meditron.wav,train
162,1b2,Al,mc,AKGC417L,/Users/vs/Sem 5/Respiratory-Disease-Classification/data/raw/ICBHI/162_1b2_Al_mc_AKGC417L.wav,train
162,1b2,Ar,mc,AKGC417L,/Users/vs/Sem 5/Respiratory-Disease-Classification/data/raw/ICBHI/162_1b2_Ar_mc_AKGC417L.wav,train
162,1b2,Ll,mc,AKGC417L,/Users/vs/Sem 5/Respiratory-Disease-Classification/data/raw/ICBHI/162_1b2_Ll_mc_AKGC417L.wav,train
162,1b2,Lr,mc,AKGC417L,/Users/vs/Sem 5/Respiratory-Disease-Classification/data/raw/ICBHI/162_1b2_Lr_mc_AKGC417L.wav,train
162,1b2,Pl,mc,AKGC417L,/Users/vs/Sem 5/Respiratory-Disease-Classification/data/raw/ICBHI/162_1b2_Pl_mc_AKGC417L.wav,train
162,1b2,Pr,mc,AKGC417L,/Users/vs/Sem 5/Respiratory-Disease-Classification/data/raw/ICBHI/162_1b2_Pr_mc_AKGC417L.wav,train
162,1b2,Tc,mc,AKGC417L,/Users/vs/Sem 5/Respiratory-Disease-Classification/data/raw/ICBHI/162_1b2_Tc_mc_AKGC417L.wav,train
162,2b2,Al,mc,AKGC417L,/Users/vs/Sem 5/Respiratory-Disease-Classification/data/raw/ICBHI/162_2b2_Al_mc_AKGC417L.wav,train
162,2b2,Ar,mc,AKGC417L,/Users/vs/Sem 5/Respiratory-Disease-Classification/data/raw/ICBHI/162_2b2_Ar_mc_AKGC417L.wav,train
162,2b2,Pl,mc,AKGC417L,/Users/vs/Sem 5/Respiratory-Disease-Classification/data/raw/ICBHI/162_2b2_Pl_mc_AKGC417L.wav,train
162,2b2,Pr,mc,AKGC417L,/Users/vs/Sem 5/Respiratory-Disease-Classification/data/raw/ICBHI/162_2b2_Pr_mc_AKGC417L.wav,train
162,2b2,Tc,mc,AKGC417L,/Users/vs/Sem 5/Respiratory-Disease-Classification/data/raw/ICBHI/162_2b2_Tc_mc_AKGC417L.wav,train
162,2b3,Al,mc,AKGC417L,/Users/vs/Sem 5/Respiratory-Disease-Classification/data/raw/ICBHI/162_2b3_Al_mc_AKGC417L.wav,train
162,2b3,Ar,mc,AKGC417L,/Users/vs/Sem 5/Respiratory-Disease-Classification/data/raw/ICBHI/162_2b3_Ar_mc_AKGC417L.wav,train
162,2b3,Lr,mc,AKGC417L,/Users/vs/Sem 5/Respiratory-Disease-Classification/data/raw/ICBHI/162_2b3_Lr_mc_AKGC417L.wav,train
162,2b3,Pl,mc,AKGC417L,/Users/vs/Sem 5/Respiratory-Disease-Classification/data/raw/ICBHI/162_2b3_Pl_mc_AKGC417L.wav,train
162,2b3,Pr,mc,AKGC417L,/Users/vs/Sem 5/Respiratory-Disease-Classification/data/raw/ICBHI/162_2b3_Pr_mc_AKGC417L.wav,train
162,2b3,Tc,mc,AKGC417L,/Users/vs/Sem 5/Respiratory-Disease-Classification/data/raw/ICBHI/162_2b3_Tc_mc_AKGC417L.wav,train
162,2b4,Al,mc,AKGC417L,/Users/vs/Sem 5/Respiratory-Disease-Classification/data/raw/ICBHI/162_2b4_Al_mc_AKGC417L.wav,train
162,2b4,Ar,mc,AKGC417L,/Users/vs/Sem 5/Respiratory-Disease-Classification/data/raw/ICBHI/162_2b4_Ar_mc_AKGC417L.wav,train
162,2b4,Lr,mc,AKGC417L,/Users/vs/Sem 5/Respiratory-Disease-Classification/data/raw/ICBHI/162_2b4_Lr_mc_AKGC417L.wav,train
162,2b4,Pl,mc,AKGC417L,/Users/vs/Sem 5/Respiratory-Disease-Classification/data/raw/ICBHI/162_2b4_Pl_mc_AKGC417L.wav,train
162,2b4,Pr,mc,AKGC417L,/Users/vs/Sem 5/Respiratory-Disease-Classification/data/raw/ICBHI/162_2b4_Pr_mc_AKGC417L.wav,train
162,2b4,Tc,mc,AKGC417L,/Users/vs/Sem 5/Respiratory-Disease-Classification/data/raw/ICBHI/162_2b4_Tc_mc_AKGC417L.wav,train
163,2b2,Al,mc,AKGC417L,/Users/vs/Sem 5/Respiratory-Disease-Classification/data/raw/ICBHI/163_2b2_Al_mc_AKGC417L.wav,train
163,2b2,Ar,mc,AKGC417L,/Users/vs/Sem 5/Respiratory-Disease-Classification/data/raw/ICBHI/163_2b2_Ar_mc_AKGC417L.wav,train
163,2b2,Ll,mc,AKGC417L,/Users/vs/Sem 5/Respiratory-Disease-Classification/data/raw/ICBHI/163_2b2_Ll_mc_AKGC417L.wav,train
163,2b2,Lr,mc,AKGC417L,/Users/vs/Sem 5/Respiratory-Disease-Classification/data/raw/ICBHI/163_2b2_Lr_mc_AKGC417L.wav,train
163,2b2,Pl,mc,AKGC417L,/Users/vs/Sem 5/Respiratory-Disease-Classification/data/raw/ICBHI/163_2b2_Pl_mc_AKGC417L.wav,train
163,2b2,Pr,mc,AKGC417L,/Users/vs/Sem 5/Respiratory-Disease-Classification/data/raw/ICBHI/163_2b2_Pr_mc_AKGC417L.wav,train
163,2b2,Tc,mc,AKGC417L,/Users/vs/Sem 5/Respiratory-Disease-Classification/data/raw/ICBHI/163_2b2_Tc_mc_AKGC417L.wav,train
163,8b3,Al,mc,AKGC417L,/Users/vs/Sem 5/Respiratory-Disease-Classification/data/raw/ICBHI/163_8b3_Al_mc_AKGC417L.wav,train
163,8b3,Ar,mc,AKGC417L,/Users/vs/Sem 5/Respiratory-Disease-Classification/data/raw/ICBHI/163_8b3_Ar_mc_AKGC417L.wav,train
163,8b3,Ll,mc,AKGC417L,/Users/vs/Sem 5/Respiratory-Disease-Classification/data/raw/ICBHI/163_8b3_Ll_mc_AKGC417L.wav,train
163,8b3,Lr,mc,AKGC417L,/Users/vs/Sem 5/Respiratory-Disease-Classification/data/raw/ICBHI/163_8b3_Lr_mc_AKGC417L.wav,train
163,8b3,Pl,mc,AKGC417L,/Users/vs/Sem 5/Respiratory-Disease-Classification/data/raw/ICBHI/163_8b3_Pl_mc_AKGC417L.wav,train
163,8b3,Pr,mc,AKGC417L,/Users/vs/Sem 5/Respiratory-Disease-Classification/data/raw/ICBHI/163_8b3_Pr_mc_AKGC417L.wav,train
164,1b1,Ll,sc,Meditron,/Users/vs/Sem 5/Respiratory-Disease-Classification/data/raw/ICBHI/164_1b1_Ll_sc_Meditron.wav,train
165,1b1,Ar,sc,Meditron,/Users/vs/Sem 5/Respiratory-Disease-Classification/data/raw/ICBHI/165_1b1_Ar_sc_Meditron.wav,test
165,1b1,Pl,sc,Meditron,/Users/vs/Sem 5/Respiratory-Disease-Classification/data/raw/ICBHI/165_1b1_Pl_sc_Meditron.wav,test
165,1b1,Pr,sc,Meditron,/Users/vs/Sem 5/Respiratory-Disease-Classification/data/raw/ICBHI/165_1b1_Pr_sc_Meditron.wav,test
166,1p1,Al,sc,Meditron,/Users/vs/Sem 5/Respiratory-Disease-Classification/data/raw/ICBHI/166_1p1_Al_sc_Meditron.wav,train
166,1p1,Ar,sc,Meditron,/Users/vs/Sem 5/Respiratory-Disease-Classification/data/raw/ICBHI/166_1p1_Ar_sc_Meditron.wav,train
166,1p1,Ll,sc,Meditron,/Users/vs/Sem 5/Respiratory-Disease-Classification/data/raw/ICBHI/166_1p1_Ll_sc_Meditron.wav,train
166,1p1,Pl,sc,Meditron,/Users/vs/Sem 5/Respiratory-Disease-Classification/data/raw/ICBHI/166_1p1_Pl_sc_Meditron.wav,train
166,1p1,Pr,sc,Meditron,/Users/vs/Sem 5/Respiratory-Disease-Classification/data/raw/ICBHI/166_1p1_Pr_sc_Meditron.wav,train
167,1b1,Al,sc,Meditron,/Users/vs/Sem 5/Respiratory-Disease-Classification/data/raw/ICBHI/167_1b1_Al_sc_Meditron.wav,train
167,1b1,Pr,sc,Meditron,/Users/vs/Sem 5/Respiratory-Disease-Classification/data/raw/ICBHI/167_1b1_Pr_sc_Meditron.wav,train
168,1b1,Al,sc,Meditron,/Users/vs/Sem 5/Respiratory-Disease-Classification/data/raw/ICBHI/168_1b1_Al_sc_Meditron.wav,train
169,1b1,Lr,sc,Meditron,/Users/vs/Sem 5/Respiratory-Disease-Classification/data/raw/ICBHI/169_1b1_Lr_sc_Meditron.wav,test
169,1b2,Ll,sc,Meditron,/Users/vs/Sem 5/Respiratory-Disease-Classification/data/raw/ICBHI/169_1b2_Ll_sc_Meditron.wav,test
170,1b2,Al,mc,AKGC417L,/Users/vs/Sem 5/Respiratory-Disease-Classification/data/raw/ICBHI/170_1b2_Al_mc_AKGC417L.wav,test
170,1b2,Ar,mc,AKGC417L,/Users/vs/Sem 5/Respiratory-Disease-Classification/data/raw/ICBHI/170_1b2_Ar_mc_AKGC417L.wav,test
170,1b2,Lr,mc,AKGC417L,/Users/vs/Sem 5/Respiratory-Disease-Classification/data/raw/ICBHI/170_1b2_Lr_mc_AKGC417L.wav,test
170,1b2,Pl,mc,AKGC417L,/Users/vs/Sem 5/Respiratory-Disease-Classification/data/raw/ICBHI/170_1b2_Pl_mc_AKGC417L.wav,test
170,1b2,Pr,mc,AKGC417L,/Users/vs/Sem 5/Respiratory-Disease-Classification/data/raw/ICBHI/170_1b2_Pr_mc_AKGC417L.wav,test
170,1b2,Tc,mc,AKGC417L,/Users/vs/Sem 5/Respiratory-Disease-Classification/data/raw/ICBHI/170_1b2_Tc_mc_AKGC417L.wav,test
170,1b3,Al,mc,AKGC417L,/Users/vs/Sem 5/Respiratory-Disease-Classification/data/raw/ICBHI/170_1b3_Al_mc_AKGC417L.wav,test
170,1b3,Ar,mc,AKGC417L,/Users/vs/Sem 5/Respiratory-Disease-Classification/data/raw/ICBHI/170_1b3_Ar_mc_AKGC417L.wav,test
170,1b3,Ll,mc,AKGC417L,/Users/vs/Sem 5/Respiratory-Disease-Classification/data/raw/ICBHI/170_1b3_Ll_mc_AKGC417L.wav,test
170,1b3,Lr,mc,AKGC417L,/Users/vs/Sem 5/Respiratory-Disease-Classification/data/raw/ICBHI/170_1b3_Lr_mc_AKGC417L.wav,test
170,1b3,Pl,mc,AKGC417L,/Users/vs/Sem 5/Respiratory-Disease-Classification/data/raw/ICBHI/170_1b3_Pl_mc_AKGC417L.wav,test
170,1b3,Pr,mc,AKGC417L,/Users/vs/Sem 5/Respiratory-Disease-Classification/data/raw/ICBHI/170_1b3_Pr_mc_AKGC417L.wav,test
170,1b3,Tc,mc,AKGC417L,/Users/vs/Sem 5/Respiratory-Disease-Classification/data/raw/ICBHI/170_1b3_Tc_mc_AKGC417L.wav,test
170,1b4,Al,mc,AKGC417L,/Users/vs/Sem 5/Respiratory-Disease-Classification/data/raw/ICBHI/170_1b4_Al_mc_AKGC417L.wav,test
170,1b4,Ar,mc,AKGC417L,/Users/vs/Sem 5/Respiratory-Disease-Classification/data/raw/ICBHI/170_1b4_Ar_mc_AKGC417L.wav,test
170,1b4,Lr,mc,AKGC417L,/Users/vs/Sem 5/Respiratory-Disease-Classification/data/raw/ICBHI/170_1b4_Lr_mc_AKGC417L.wav,test
170,1b4,Pl,mc,AKGC417L,/Users/vs/Sem 5/Respiratory-Disease-Classification/data/raw/ICBHI/170_1b4_Pl_mc_AKGC417L.wav,test
170,1b4,Pr,mc,AKGC417L,/Users/vs/Sem 5/Respiratory-Disease-Classification/data/raw/ICBHI/170_1b4_Pr_mc_AKGC417L.wav,test
170,1b4,Tc,mc,AKGC417L,/Users/vs/Sem 5/Respiratory-Disease-Classification/data/raw/ICBHI/170_1b4_Tc_mc_AKGC417L.wav,test
170,2b2,Al,mc,AKGC417L,/Users/vs/Sem 5/Respiratory-Disease-Classification/data/raw/ICBHI/170_2b2_Al_mc_AKGC417L.wav,test
170,2b2,Ar,mc,AKGC417L,/Users/vs/Sem 5/Respiratory-Disease-Classification/data/raw/ICBHI/170_2b2_Ar_mc_AKGC417L.wav,test
170,2b2,Lr,mc,AKGC417L,/Users/vs/Sem 5/Respiratory-Disease-Classification/data/raw/ICBHI/170_2b2_Lr_mc_AKGC417L.wav,test
170,2b2,Pl,mc,AKGC417L,/Users/vs/Sem 5/Respiratory-Disease-Classification/data/raw/ICBHI/170_2b2_Pl_mc_AKGC417L.wav,test
170,2b2,Pr,mc,AKGC417L,/Users/vs/Sem 5/Respiratory-Disease-Classification/data/raw/ICBHI/170_2b2_Pr_mc_AKGC417L.wav,test
170,2b2,Tc,mc,AKGC417L,/Users/vs/Sem 5/Respiratory-Disease-Classification/data/raw/ICBHI/170_2b2_Tc_mc_AKGC417L.wav,test
171,1b1,Al,sc,Meditron,/Users/vs/Sem 5/Respiratory-Disease-Classification/data/raw/ICBHI/171_1b1_Al_sc_Meditron.wav,test
172,1b3,Al,mc,AKGC417L,/Users/vs/Sem 5/Respiratory-Disease-Classification/data/raw/ICBHI/172_1b3_Al_mc_AKGC417L.wav,train
172,1b3,Ar,mc,AKGC417L,/Users/vs/Sem 5/Respiratory-Disease-Classification/data/raw/ICBHI/172_1b3_Ar_mc_AKGC417L.wav,train
172,1b3,Ll,mc,AKGC417L,/Users/vs/Sem 5/Respiratory-Disease-Classification/data/raw/ICBHI/172_1b3_Ll_mc_AKGC417L.wav,train
172,1b3,Lr,mc,AKGC417L,/Users/vs/Sem 5/Respiratory-Disease-Classification/data/raw/ICBHI/172_1b3_Lr_mc_AKGC417L.wav,train
172,1b3,Pl,mc,AKGC417L,/Users/vs/Sem 5/Respiratory-Disease-Classification/data/raw/ICBHI/172_1b3_Pl_mc_AKGC417L.wav,train
172,1b3,Pr,mc,AKGC417L,/Users/vs/Sem 5/Respiratory-Disease-Classification/data/raw/ICBHI/172_1b3_Pr_mc_AKGC417L.wav,train
172,1b3,Tc,mc,AKGC417L,/Users/vs/Sem 5/Respiratory-Disease-Classification/data/raw/ICBHI/172_1b3_Tc_mc_AKGC417L.wav,train
172,1b4,Al,mc,AKGC417L,/Users/vs/Sem 5/Respiratory-Disease-Classification/data/raw/ICBHI/172_1b4_Al_mc_AKGC417L.wav,train
172,1b4,Ar,mc,AKGC417L,/Users/vs/Sem 5/Respiratory-Disease-Classification/data/raw/ICBHI/172_1b4_Ar_mc_AKGC417L.wav,train
172,1b4,Ll,mc,AKGC417L,/Users/vs/Sem 5/Respiratory-Disease-Classification/data/raw/ICBHI/172_1b4_Ll_mc_AKGC417L.wav,train
172,1b4,Lr,mc,AKGC417L,/Users/vs/Sem 5/Respiratory-Disease-Classification/data/raw/ICBHI/172_1b4_Lr_mc_AKGC417L.wav,train
172,1b4,Pl,mc,AKGC417L,/Users/vs/Sem 5/Respiratory-Disease-Classification/data/raw/ICBHI/172_1b4_Pl_mc_AKGC417L.wav,train
172,1b4,Pr,mc,AKGC417L,/Users/vs/Sem 5/Respiratory-Disease-Classification/data/raw/ICBHI/172_1b4_Pr_mc_AKGC417L.wav,train
172,1b4,Tc,mc,AKGC417L,/Users/vs/Sem 5/Respiratory-Disease-Classification/data/raw/ICBHI/172_1b4_Tc_mc_AKGC417L.wav,train
172,1b5,Al,mc,AKGC417L,/Users/vs/Sem 5/Respiratory-Disease-Classification/data/raw/ICBHI/172_1b5_Al_mc_AKGC417L.wav,train
172,1b5,Ar,mc,AKGC417L,/Users/vs/Sem 5/Respiratory-Disease-Classification/data/raw/ICBHI/172_1b5_Ar_mc_AKGC417L.wav,train
172,1b5,Ll,mc,AKGC417L,/Users/vs/Sem 5/Respiratory-Disease-Classification/data/raw/ICBHI/172_1b5_Ll_mc_AKGC417L.wav,train
172,1b5,Lr,mc,AKGC417L,/Users/vs/Sem 5/Respiratory-Disease-Classification/data/raw/ICBHI/172_1b5_Lr_mc_AKGC417L.wav,train
172,1b5,Pl,mc,AKGC417L,/Users/vs/Sem 5/Respiratory-Disease-Classification/data/raw/ICBHI/172_1b5_Pl_mc_AKGC417L.wav,train
172,1b5,Pr,mc,AKGC417L,/Users/vs/Sem 5/Respiratory-Disease-Classification/data/raw/ICBHI/172_1b5_Pr_mc_AKGC417L.wav,train
172,1b5,Tc,mc,AKGC417L,/Users/vs/Sem 5/Respiratory-Disease-Classification/data/raw/ICBHI/172_1b5_Tc_mc_AKGC417L.wav,train
172,2b5,Al,mc,AKGC417L,/Users/vs/Sem 5/Respiratory-Disease-Classification/data/raw/ICBHI/172_2b5_Al_mc_AKGC417L.wav,train
172,2b5,Ar,mc,AKGC417L,/Users/vs/Sem 5/Respiratory-Disease-Classification/data/raw/ICBHI/172_2b5_Ar_mc_AKGC417L.wav,train
172,2b5,Lr,mc,AKGC417L,/Users/vs/Sem 5/Respiratory-Disease-Classification/data/raw/ICBHI/172_2b5_Lr_mc_AKGC417L.wav,train
172,2b5,Pl,mc,AKGC417L,/Users/vs/Sem 5/Respiratory-Disease-Classification/data/raw/ICBHI/172_2b5_Pl_mc_AKGC417L.wav,train
172,2b5,Pr,mc,AKGC417L,/Users/vs/Sem 5/Respiratory-Disease-Classification/data/raw/ICBHI/172_2b5_Pr_mc_AKGC417L.wav,train
172,2b5,Tc,mc,AKGC417L,/Users/vs/Sem 5/Respiratory-Disease-Classification/data/raw/ICBHI/172_2b5_Tc_mc_AKGC417L.wav,train
173,1b1,Al,sc,Meditron,/Users/vs/Sem 5/Respiratory-Disease-Classification/data/raw/ICBHI/173_1b1_Al_sc_Meditron.wav,test
174,1p2,Ar,mc,AKGC417L,/Users/vs/Sem 5/Respiratory-Disease-Classification/data/raw/ICBHI/174_1p2_Ar_mc_AKGC417L.wav,test
174,1p2,Ll,mc,AKGC417L,/Users/vs/Sem 5/Respiratory-Disease-Classification/data/raw/ICBHI/174_1p2_Ll_mc_AKGC417L.wav,test
174,1p2,Lr,mc,AKGC417L,/Users/vs/Sem 5/Respiratory-Disease-Classification/data/raw/ICBHI/174_1p2_Lr_mc_AKGC417L.wav,test
174,1p2,Pl,mc,AKGC417L,/Users/vs/Sem 5/Respiratory-Disease-Classification/data/raw/ICBHI/174_1p2_Pl_mc_AKGC417L.wav,test
174,1p2,Pr,mc,AKGC417L,/Users/vs/Sem 5/Respiratory-Disease-Classification/data/raw/ICBHI/174_1p2_Pr_mc_AKGC417L.wav,test
174,1p2,Tc,mc,AKGC417L,/Users/vs/Sem 5/Respiratory-Disease-Classification/data/raw/ICBHI/174_1p2_Tc_mc_AKGC417L.wav,test
174,1p3,Ar,mc,AKGC417L,/Users/vs/Sem 5/Respiratory-Disease-Classification/data/raw/ICBHI/174_1p3_Ar_mc_AKGC417L.wav,test
174,1p3,Ll,mc,AKGC417L,/Users/vs/Sem 5/Respiratory-Disease-Classification/data/raw/ICBHI/174_1p3_Ll_mc_AKGC417L.wav,test
174,1p3,Lr,mc,AKGC417L,/Users/vs/Sem 5/Respiratory-Disease-Classification/data/raw/ICBHI/174_1p3_Lr_mc_AKGC417L.wav,test
174,1p3,Pl,mc,AKGC417L,/Users/vs/Sem 5/Respiratory-Disease-Classification/data/raw/ICBHI/174_1p3_Pl_mc_AKGC417L.wav,test
174,1p3,Pr,mc,AKGC417L,/Users/vs/Sem 5/Respiratory-Disease-Classification/data/raw/ICBHI/174_1p3_Pr_mc_AKGC417L.wav,test
174,1p3,Tc,mc,AKGC417L,/Users/vs/Sem 5/Respiratory-Disease-Classification/data/raw/ICBHI/174_1p3_Tc_mc_AKGC417L.wav,test
174,1p4,Ar,mc,AKGC417L,/Users/vs/Sem 5/Respiratory-Disease-Classification/data/raw/ICBHI/174_1p4_Ar_mc_AKGC417L.wav,test
174,1p4,Ll,mc,AKGC417L,/Users/vs/Sem 5/Respiratory-Disease-Classification/data/raw/ICBHI/174_1p4_Ll_mc_AKGC417L.wav,test
174,1p4,Lr,mc,AKGC417L,/Users/vs/Sem 5/Respiratory-Disease-Classification/data/raw/ICBHI/174_1p4_Lr_mc_AKGC417L.wav,test
174,1p4,Pl,mc,AKGC417L,/Users/vs/Sem 5/Respiratory-Disease-Classification/data/raw/ICBHI/174_1p4_Pl_mc_AKGC417L.wav,test
174,1p4,Pr,mc,AKGC417L,/Users/vs/Sem 5/Respiratory-Disease-Classification/data/raw/ICBHI/174_1p4_Pr_mc_AKGC417L.wav,test
174,1p4,Tc,mc,AKGC417L,/Users/vs/Sem 5/Respiratory-Disease-Classification/data/raw/ICBHI/174_1p4_Tc_mc_AKGC417L.wav,test
174,2p3,Al,mc,AKGC417L,/Users/vs/Sem 5/Respiratory-Disease-Classification/data/raw/ICBHI/174_2p3_Al_mc_AKGC417L.wav,test
174,2p3,Ar,mc,AKGC417L,/Users/vs/Sem 5/Respiratory-Disease-Classification/data/raw/ICBHI/174_2p3_Ar_mc_AKGC417L.wav,test
174,2p3,Pl,mc,AKGC417L,/Users/vs/Sem 5/Respiratory-Disease-Classification/data/raw/ICBHI/174_2p3_Pl_mc_AKGC417L.wav,test
174,2p3,Pr,mc,AKGC417L,/Users/vs/Sem 5/Respiratory-Disease-Classification/data/raw/ICBHI/174_2p3_Pr_mc_AKGC417L.wav,test
174,2p3,Tc,mc,AKGC417L,/Users/vs/Sem 5/Respiratory-Disease-Classification/data/raw/ICBHI/174_2p3_Tc_mc_AKGC417L.wav,test
175,1b1,Al,sc,Litt3200,/Users/vs/Sem 5/Respiratory-Disease-Classification/data/raw/ICBHI/175_1b1_Al_sc_Litt3200.wav,test
175,1b1,Ar,sc,Litt3200,/Users/vs/Sem 5/Respiratory-Disease-Classification/data/raw/ICBHI/175_1b1_Ar_sc_Litt3200.wav,test
175,1b1,Ll,sc,Litt3200,/Users/vs/Sem 5/Respiratory-Disease-Classification/data/raw/ICBHI/175_1b1_Ll_sc_Litt3200.wav,test
175,1b1,Lr,sc,Litt3200,/Users/vs/Sem 5/Respiratory-Disease-Classification/data/raw/ICBHI/175_1b1_Lr_sc_Litt3200.wav,test
175,1b1,Pl,sc,Litt3200,/Users/vs/Sem 5/Respiratory-Disease-Classification/data/raw/ICBHI/175_1b1_Pl_sc_Litt3200.wav,test
175,1b1,Pr,sc,Litt3200,/Users/vs/Sem 5/Respiratory-Disease-Classification/data/raw/ICBHI/175_1b1_Pr_sc_Litt3200.wav,test
176,1b3,Al,mc,AKGC417L,/Users/vs/Sem 5/Respiratory-Disease-Classification/data/raw/ICBHI/176_1b3_Al_mc_AKGC417L.wav,test
176,1b3,Ar,mc,AKGC417L,/Users/vs/Sem 5/Respiratory-Disease-Classification/data/raw/ICBHI/176_1b3_Ar_mc_AKGC417L.wav,test
176,1b3,Ll,mc,AKGC417L,/Users/vs/Sem 5/Respiratory-Disease-Classification/data/raw/ICBHI/176_1b3_Ll_mc_AKGC417L.wav,test
176,1b3,Lr,mc,AKGC417L,/Users/vs/Sem 5/Respiratory-Disease-Classification/data/raw/ICBHI/176_1b3_Lr_mc_AKGC417L.wav,test
176,1b3,Pl,mc,AKGC417L,/Users/vs/Sem 5/Respiratory-Disease-Classification/data/raw/ICBHI/176_1b3_Pl_mc_AKGC417L.wav,test
176,1b3,Pr,mc,AKGC417L,/Users/vs/Sem 5/Respiratory-Disease-Classification/data/raw/ICBHI/176_1b3_Pr_mc_AKGC417L.wav,test
176,1b3,Tc,mc,AKGC417L,/Users/vs/Sem 5/Respiratory-Disease-Classification/data/raw/ICBHI/176_1b3_Tc_mc_AKGC417L.wav,test
176,1b4,Al,mc,AKGC417L,/Users/vs/Sem 5/Respiratory-Disease-Classification/data/raw/ICBHI/176_1b4_Al_mc_AKGC417L.wav,test
176,1b4,Ar,mc,AKGC417L,/Users/vs/Sem 5/Respiratory-Disease-Classification/data/raw/ICBHI/176_1b4_Ar_mc_AKGC417L.wav,test
176,1b4,Ll,mc,AKGC417L,/Users/vs/Sem 5/Respiratory-Disease-Classification/data/raw/ICBHI/176_1b4_Ll_mc_AKGC417L.wav,test
176,1b4,Lr,mc,AKGC417L,/Users/vs/Sem 5/Respiratory-Disease-Classification/data/raw/ICBHI/176_1b4_Lr_mc_AKGC417L.wav,test
176,1b4,Pl,mc,AKGC417L,/Users/vs/Sem 5/Respiratory-Disease-Classification/data/raw/ICBHI/176_1b4_Pl_mc_AKGC417L.wav,test
176,1b4,Pr,mc,AKGC417L,/Users/vs/Sem 5/Respiratory-Disease-Classification/data/raw/ICBHI/176_1b4_Pr_mc_AKGC417L.wav,test
176,1b4,Tc,mc,AKGC417L,/Users/vs/Sem 5/Respiratory-Disease-Classification/data/raw/ICBHI/176_1b4_Tc_mc_AKGC417L.wav,test
176,2b3,Al,mc,AKGC417L,/Users/vs/Sem 5/Respiratory-Disease-Classification/data/raw/ICBHI/176_2b3_Al_mc_AKGC417L.wav,test
176,2b3,Ar,mc,AKGC417L,/Users/vs/Sem 5/Respiratory-Disease-Classification/data/raw/ICBHI/176_2b3_Ar_mc_AKGC417L.wav,test
176,2b3,Ll,mc,AKGC417L,/Users/vs/Sem 5/Respiratory-Disease-Classification/data/raw/ICBHI/176_2b3_Ll_mc_AKGC417L.wav,test
176,2b3,Lr,mc,AKGC417L,/Users/vs/Sem 5/Respiratory-Disease-Classification/data/raw/ICBHI/176_2b3_Lr_mc_AKGC417L.wav,test
176,2b3,Pl,mc,AKGC417L,/Users/vs/Sem 5/Respiratory-Disease-Classification/data/raw/ICBHI/176_2b3_Pl_mc_AKGC417L.wav,test
176,2b3,Pr,mc,AKGC417L,/Users/vs/Sem 5/Respiratory-Disease-Classification/data/raw/ICBHI/176_2b3_Pr_mc_AKGC417L.wav,test
176,2b3,Tc,mc,AKGC417L,/Users/vs/Sem 5/Respiratory-Disease-Classification/data/raw/ICBHI/176_2b3_Tc_mc_AKGC417L.wav,test
177,1b2,Al,mc,AKGC417L,/Users/vs/Sem 5/Respiratory-Disease-Classification/data/raw/ICBHI/177_1b2_Al_mc_AKGC417L.wav,test
177,1b2,Ar,mc,AKGC417L,/Users/vs/Sem 5/Respiratory-Disease-Classification/data/raw/ICBHI/177_1b2_Ar_mc_AKGC417L.wav,test
177,1b2,Lr,mc,AKGC417L,/Users/vs/Sem 5/Respiratory-Disease-Classification/data/raw/ICBHI/177_1b2_Lr_mc_AKGC417L.wav,test
177,1b2,Pl,mc,AKGC417L,/Users/vs/Sem 5/Respiratory-Disease-Classification/data/raw/ICBHI/177_1b2_Pl_mc_AKGC417L.wav,test
177,1b2,Pr,mc,AKGC417L,/Users/vs/Sem 5/Respiratory-Disease-Classification/data/raw/ICBHI/177_1b2_Pr_mc_AKGC417L.wav,test
177,1b2,Tc,mc,AKGC417L,/Users/vs/Sem 5/Respiratory-Disease-Classification/data/raw/ICBHI/177_1b2_Tc_mc_AKGC417L.wav,test
177,1b4,Al,mc,AKGC417L,/Users/vs/Sem 5/Respiratory-Disease-Classification/data/raw/ICBHI/177_1b4_Al_mc_AKGC417L.wav,test
177,1b4,Ar,mc,AKGC417L,/Users/vs/Sem 5/Respiratory-Disease-Classification/data/raw/ICBHI/177_1b4_Ar_mc_AKGC417L.wav,test
177,1b4,Lr,mc,AKGC417L,/Users/vs/Sem 5/Respiratory-Disease-Classification/data/raw/ICBHI/177_1b4_Lr_mc_AKGC417L.wav,test
177,1b4,Pl,mc,AKGC417L,/Users/vs/Sem 5/Respiratory-Disease-Classification/data/raw/ICBHI/177_1b4_Pl_mc_AKGC417L.wav,test
177,1b4,Pr,mc,AKGC417L,/Users/vs/Sem 5/Respiratory-Disease-Classification/data/raw/ICBHI/177_1b4_Pr_mc_AKGC417L.wav,test
177,1b4,Tc,mc,AKGC417L,/Users/vs/Sem 5/Respiratory-Disease-Classification/data/raw/ICBHI/177_1b4_Tc_mc_AKGC417L.wav,test
177,2b4,Al,mc,AKGC417L,/Users/vs/Sem 5/Respiratory-Disease-Classification/data/raw/ICBHI/177_2b4_Al_mc_AKGC417L.wav,test
177,2b4,Lr,mc,AKGC417L,/Users/vs/Sem 5/Respiratory-Disease-Classification/data/raw/ICBHI/177_2b4_Lr_mc_AKGC417L.wav,test
177,2b4,Pl,mc,AKGC417L,/Users/vs/Sem 5/Respiratory-Disease-Classification/data/raw/ICBHI/177_2b4_Pl_mc_AKGC417L.wav,test
177,2b4,Pr,mc,AKGC417L,/Users/vs/Sem 5/Respiratory-Disease-Classification/data/raw/ICBHI/177_2b4_Pr_mc_AKGC417L.wav,test
177,2b4,Tc,mc,AKGC417L,/Users/vs/Sem 5/Respiratory-Disease-Classification/data/raw/ICBHI/177_2b4_Tc_mc_AKGC417L.wav,test
178,1b2,Al,mc,AKGC417L,/Users/vs/Sem 5/Respiratory-Disease-Classification/data/raw/ICBHI/178_1b2_Al_mc_AKGC417L.wav,test
178,1b2,Ar,mc,AKGC417L,/Users/vs/Sem 5/Respiratory-Disease-Classification/data/raw/ICBHI/178_1b2_Ar_mc_AKGC417L.wav,test
178,1b2,Lr,mc,AKGC417L,/Users/vs/Sem 5/Respiratory-Disease-Classification/data/raw/ICBHI/178_1b2_Lr_mc_AKGC417L.wav,test
178,1b2,Pl,mc,AKGC417L,/Users/vs/Sem 5/Respiratory-Disease-Classification/data/raw/ICBHI/178_1b2_Pl_mc_AKGC417L.wav,test
178,1b2,Pr,mc,AKGC417L,/Users/vs/Sem 5/Respiratory-Disease-Classification/data/raw/ICBHI/178_1b2_Pr_mc_AKGC417L.wav,test
178,1b2,Tc,mc,AKGC417L,/Users/vs/Sem 5/Respiratory-Disease-Classification/data/raw/ICBHI/178_1b2_Tc_mc_AKGC417L.wav,test
178,1b3,Al,mc,AKGC417L,/Users/vs/Sem 5/Respiratory-Disease-Classification/data/raw/ICBHI/178_1b3_Al_mc_AKGC417L.wav,test
178,1b3,Ar,mc,AKGC417L,/Users/vs/Sem 5/Respiratory-Disease-Classification/data/raw/ICBHI/178_1b3_Ar_mc_AKGC417L.wav,test
178,1b3,Lr,mc,AKGC417L,/Users/vs/Sem 5/Respiratory-Disease-Classification/data/raw/ICBHI/178_1b3_Lr_mc_AKGC417L.wav,test
178,1b3,Pl,mc,AKGC417L,/Users/vs/Sem 5/Respiratory-Disease-Classification/data/raw/ICBHI/178_1b3_Pl_mc_AKGC417L.wav,test
178,1b3,Pr,mc,AKGC417L,/Users/vs/Sem 5/Respiratory-Disease-Classification/data/raw/ICBHI/178_1b3_Pr_mc_AKGC417L.wav,test
178,1b3,Tc,mc,AKGC417L,/Users/vs/Sem 5/Respiratory-Disease-Classification/data/raw/ICBHI/178_1b3_Tc_mc_AKGC417L.wav,test
178,1b6,Al,mc,AKGC417L,/Users/vs/Sem 5/Respiratory-Disease-Classification/data/raw/ICBHI/178_1b6_Al_mc_AKGC417L.wav,test
178,1b6,Ar,mc,AKGC417L,/Users/vs/Sem 5/Respiratory-Disease-Classification/data/raw/ICBHI/178_1b6_Ar_mc_AKGC417L.wav,test
178,1b6,Ll,mc,AKGC417L,/Users/vs/Sem 5/Respiratory-Disease-Classification/data/raw/ICBHI/178_1b6_Ll_mc_AKGC417L.wav,test
178,1b6,Lr,mc,AKGC417L,/Users/vs/Sem 5/Respiratory-Disease-Classification/data/raw/ICBHI/178_1b6_Lr_mc_AKGC417L.wav,test
178,1b6,Pl,mc,AKGC417L,/Users/vs/Sem 5/Respiratory-Disease-Classification/data/raw/ICBHI/178_1b6_Pl_mc_AKGC417L.wav,test
178,1b6,Pr,mc,AKGC417L,/Users/vs/Sem 5/Respiratory-Disease-Classification/data/raw/ICBHI/178_1b6_Pr_mc_AKGC417L.wav,test
178,1b6,Tc,mc,AKGC417L,/Users/vs/Sem 5/Respiratory-Disease-Classification/data/raw/ICBHI/178_1b6_Tc_mc_AKGC417L.wav,test
178,2b2,Al,mc,AKGC417L,/Users/vs/Sem 5/Respiratory-Disease-Classification/data/raw/ICBHI/178_2b2_Al_mc_AKGC417L.wav,test
178,2b2,Ar,mc,AKGC417L,/Users/vs/Sem 5/Respiratory-Disease-Classification/data/raw/ICBHI/178_2b2_Ar_mc_AKGC417L.wav,test
178,2b2,Lr,mc,AKGC417L,/Users/vs/Sem 5/Respiratory-Disease-Classification/data/raw/ICBHI/178_2b2_Lr_mc_AKGC417L.wav,test
178,2b2,Pr,mc,AKGC417L,/Users/vs/Sem 5/Respiratory-Disease-Classification/data/raw/ICBHI/178_2b2_Pr_mc_AKGC417L.wav,test
178,2b2,Tc,mc,AKGC417L,/Users/vs/Sem 5/Respiratory-Disease-Classification/data/raw/ICBHI/178_2b2_Tc_mc_AKGC417L.wav,test
179,1b1,Al,sc,Meditron,/Users/vs/Sem 5/Respiratory-Disease-Classification/data/raw/ICBHI/179_1b1_Al_sc_Meditron.wav,train
179,1b1,Tc,sc,Meditron,/Users/vs/Sem 5/Respiratory-Disease-Classification/data/raw/ICBHI/179_1b1_Tc_sc_Meditron.wav,train
180,1b4,Al,mc,AKGC417L,/Users/vs/Sem 5/Respiratory-Disease-Classification/data/raw/ICBHI/180_1b4_Al_mc_AKGC417L.wav,train
180,1b4,Ar,mc,AKGC417L,/Users/vs/Sem 5/Respiratory-Disease-Classification/data/raw/ICBHI/180_1b4_Ar_mc_AKGC417L.wav,train
180,1b4,Lr,mc,AKGC417L,/Users/vs/Sem 5/Respiratory-Disease-Classification/data/raw/ICBHI/180_1b4_Lr_mc_AKGC417L.wav,train
180,1b4,Pl,mc,AKGC417L,/Users/vs/Sem 5/Respiratory-Disease-Classification/data/raw/ICBHI/180_1b4_Pl_mc_AKGC417L.wav,train
180,1b4,Pr,mc,AKGC417L,/Users/vs/Sem 5/Respiratory-Disease-Classification/data/raw/ICBHI/180_1b4_Pr_mc_AKGC417L.wav,train
181,1b1,Ar,mc,LittC2SE,/Users/vs/Sem 5/Respiratory-Disease-Classification/data/raw/ICBHI/181_1b1_Ar_mc_LittC2SE.wav,train
181,1b1,Tc,mc,LittC2SE,/Users/vs/Sem 5/Respiratory-Disease-Classification/data/raw/ICBHI/181_1b1_Tc_mc_LittC2SE.wav,train
181,1b2,Ar,mc,LittC2SE,/Users/vs/Sem 5/Respiratory-Disease-Classification/data/raw/ICBHI/181_1b2_Ar_mc_LittC2SE.wav,train
181,1b3,Tc,mc,LittC2SE,/Users/vs/Sem 5/Respiratory-Disease-Classification/data/raw/ICBHI/181_1b3_Tc_mc_LittC2SE.wav,train
182,1b1,Tc,sc,Meditron,/Users/vs/Sem 5/Respiratory-Disease-Classification/data/raw/ICBHI/182_1b1_Tc_sc_Meditron.wav,test
183,1b1,Pl,sc,Meditron,/Users/vs/Sem 5/Respiratory-Disease-Classification/data/raw/ICBHI/183_1b1_Pl_sc_Meditron.wav,train
183,1b1,Tc,sc,Meditron,/Users/vs/Sem 5/Respiratory-Disease-Classification/data/raw/ICBHI/183_1b1_Tc_sc_Meditron.wav,train
184,1b1,Ar,sc,Meditron,/Users/vs/Sem 5/Respiratory-Disease-Classification/data/raw/ICBHI/184_1b1_Ar_sc_Meditron.wav,train
185,1b1,Al,sc,Litt3200,/Users/vs/Sem 5/Respiratory-Disease-Classification/data/raw/ICBHI/185_1b1_Al_sc_Litt3200.wav,test
185,1b1,Ar,sc,Litt3200,/Users/vs/Sem 5/Respiratory-Disease-Classification/data/raw/ICBHI/185_1b1_Ar_sc_Litt3200.wav,test
185,1b1,Ll,sc,Litt3200,/Users/vs/Sem 5/Respiratory-Disease-Classification/data/raw/ICBHI/185_1b1_Ll_sc_Litt3200.wav,test
185,1b1,Lr,sc,Litt3200,/Users/vs/Sem 5/Respiratory-Disease-Classification/data/raw/ICBHI/185_1b1_Lr_sc_Litt3200.wav,test
185,1b1,Pl,sc,Litt3200,/Users/vs/Sem 5/Respiratory-Disease-Classification/data/raw/ICBHI/185_1b1_Pl_sc_Litt3200.wav,test
185,1b1,Pr,sc,Litt3200,/Users/vs/Sem 5/Respiratory-Disease-Classification/data/raw/ICBHI/185_1b1_Pr_sc_Litt3200.wav,test
186,2b2,Al,mc,AKGC417L,/Users/vs/Sem 5/Respiratory-Disease-Classification/data/raw/ICBHI/186_2b2_Al_mc_AKGC417L.wav,train
186,2b2,Ar,mc,AKGC417L,/Users/vs/Sem 5/Respiratory-Disease-Classification/data/raw/ICBHI/186_2b2_Ar_mc_AKGC417L.wav,train
186,2b2,Lr,mc,AKGC417L,/Users/vs/Sem 5/Respiratory-Disease-Classification/data/raw/ICBHI/186_2b2_Lr_mc_AKGC417L.wav,train
186,2b2,Pl,mc,AKGC417L,/Users/vs/Sem 5/Respiratory-Disease-Classification/data/raw/ICBHI/186_2b2_Pl_mc_AKGC417L.wav,train
186,2b2,Pr,mc,AKGC417L,/Users/vs/Sem 5/Respiratory-Disease-Classification/data/raw/ICBHI/186_2b2_Pr_mc_AKGC417L.wav,train
186,2b2,Tc,mc,AKGC417L,/Users/vs/Sem 5/Respiratory-Disease-Classification/data/raw/ICBHI/186_2b2_Tc_mc_AKGC417L.wav,train
186,2b3,Al,mc,AKGC417L,/Users/vs/Sem 5/Respiratory-Disease-Classification/data/raw/ICBHI/186_2b3_Al_mc_AKGC417L.wav,train
186,2b3,Ar,mc,AKGC417L,/Users/vs/Sem 5/Respiratory-Disease-Classification/data/raw/ICBHI/186_2b3_Ar_mc_AKGC417L.wav,train
186,2b3,Lr,mc,AKGC417L,/Users/vs/Sem 5/Respiratory-Disease-Classification/data/raw/ICBHI/186_2b3_Lr_mc_AKGC417L.wav,train
186,2b3,Pl,mc,AKGC417L,/Users/vs/Sem 5/Respiratory-Disease-Classification/data/raw/ICBHI/186_2b3_Pl_mc_AKGC417L.wav,train
186,2b3,Pr,mc,AKGC417L,/Users/vs/Sem 5/Respiratory-Disease-Classification/data/raw/ICBHI/186_2b3_Pr_mc_AKGC417L.wav,train
186,2b3,Tc,mc,AKGC417L,/Users/vs/Sem 5/Respiratory-Disease-Classification/data/raw/ICBHI/186_2b3_Tc_mc_AKGC417L.wav,train
186,2b4,Al,mc,AKGC417L,/Users/vs/Sem 5/Respiratory-Disease-Classification/data/raw/ICBHI/186_2b4_Al_mc_AKGC417L.wav,train
186,2b4,Ar,mc,AKGC417L,/Users/vs/Sem 5/Respiratory-Disease-Classification/data/raw/ICBHI/186_2b4_Ar_mc_AKGC417L.wav,train
186,2b4,Lr,mc,AKGC417L,/Users/vs/Sem 5/Respiratory-Disease-Classification/data/raw/ICBHI/186_2b4_Lr_mc_AKGC417L.wav,train
186,2b4,Pl,mc,AKGC417L,/Users/vs/Sem 5/Respiratory-Disease-Classification/data/raw/ICBHI/186_2b4_Pl_mc_AKGC417L.wav,train
186,2b4,Pr,mc,AKGC417L,/Users/vs/Sem 5/Respiratory-Disease-Classification/data/raw/ICBHI/186_2b4_Pr_mc_AKGC417L.wav,train
186,2b4,Tc,mc,AKGC417L,/Users/vs/Sem 5/Respiratory-Disease-Classification/data/raw/ICBHI/186_2b4_Tc_mc_AKGC417L.wav,train
186,3b3,Al,mc,AKGC417L,/Users/vs/Sem 5/Respiratory-Disease-Classification/data/raw/ICBHI/186_3b3_Al_mc_AKGC417L.wav,train
186,3b3,Ar,mc,AKGC417L,/Users/vs/Sem 5/Respiratory-Disease-Classification/data/raw/ICBHI/186_3b3_Ar_mc_AKGC417L.wav,train
186,3b3,Lr,mc,AKGC417L,/Users/vs/Sem 5/Respiratory-Disease-Classification/data/raw/ICBHI/186_3b3_Lr_mc_AKGC417L.wav,train
186,3b3,Pl,mc,AKGC417L,/Users/vs/Sem 5/Respiratory-Disease-Classification/data/raw/ICBHI/186_3b3_Pl_mc_AKGC417L.wav,train
186,3b3,Pr,mc,AKGC417L,/Users/vs/Sem 5/Respiratory-Disease-Classification/data/raw/ICBHI/186_3b3_Pr_mc_AKGC417L.wav,train
186,3b3,Tc,mc,AKGC417L,/Users/vs/Sem 5/Respiratory-Disease-Classification/data/raw/ICBHI/186_3b3_Tc_mc_AKGC417L.wav,train
187,1b1,Ll,sc,Meditron,/Users/vs/Sem 5/Respiratory-Disease-Classification/data/raw/ICBHI/187_1b1_Ll_sc_Meditron.wav,test
188,1b1,Al,sc,Meditron,/Users/vs/Sem 5/Respiratory-Disease-Classification/data/raw/ICBHI/188_1b1_Al_sc_Meditron.wav,train
188,1b1,Ar,sc,Meditron,/Users/vs/Sem 5/Respiratory-Disease-Classification/data/raw/ICBHI/188_1b1_Ar_sc_Meditron.wav,train
188,1b1,Pl,sc,Meditron,/Users/vs/Sem 5/Respiratory-Disease-Classification/data/raw/ICBHI/188_1b1_Pl_sc_Meditron.wav,train
188,1b1,Tc,sc,Meditron,/Users/vs/Sem 5/Respiratory-Disease-Classification/data/raw/ICBHI/188_1b1_Tc_sc_Meditron.wav,train
189,1b2,Lr,mc,LittC2SE,/Users/vs/Sem 5/Respiratory-Disease-Classification/data/raw/ICBHI/189_1b2_Lr_mc_LittC2SE.wav,train
190,1b1,Tc,sc,Meditron,/Users/vs/Sem 5/Respiratory-Disease-Classification/data/raw/ICBHI/190_1b1_Tc_sc_Meditron.wav,train
191,2b1,Pl,mc,LittC2SE,/Users/vs/Sem 5/Respiratory-Disease-Classification/data/raw/ICBHI/191_2b1_Pl_mc_LittC2SE.wav,train
191,2b1,Pr,mc,LittC2SE,/Users/vs/Sem 5/Respiratory-Disease-Classification/data/raw/ICBHI/191_2b1_Pr_mc_LittC2SE.wav,train
191,2b2,Tc,mc,LittC2SE,/Users/vs/Sem 5/Respiratory-Disease-Classification/data/raw/ICBHI/191_2b2_Tc_mc_LittC2SE.wav,train
192,2b1,Al,mc,LittC2SE,/Users/vs/Sem 5/Respiratory-Disease-Classification/data/raw/ICBHI/192_2b1_Al_mc_LittC2SE.wav,train
192,2b1,Ar,mc,LittC2SE,/Users/vs/Sem 5/Respiratory-Disease-Classification/data/raw/ICBHI/192_2b1_Ar_mc_LittC2SE.wav,train
192,2b2,Al,mc,LittC2SE,/Users/vs/Sem 5/Respiratory-Disease-Classification/data/raw/ICBHI/192_2b2_Al_mc_LittC2SE.wav,train
192,2b2,Ar,mc,LittC2SE,/Users/vs/Sem 5/Respiratory-Disease-Classification/data/raw/ICBHI/192_2b2_Ar_mc_LittC2SE.wav,train
192,2b3,Al,mc,LittC2SE,/Users/vs/Sem 5/Respiratory-Disease-Classification/data/raw/ICBHI/192_2b3_Al_mc_LittC2SE.wav,train
192,2b3,Ar,mc,LittC2SE,/Users/vs/Sem 5/Respiratory-Disease-Classification/data/raw/ICBHI/192_2b3_Ar_mc_LittC2SE.wav,train
193,1b2,Al,mc,AKGC417L,/Users/vs/Sem 5/Respiratory-Disease-Classification/data/raw/ICBHI/193_1b2_Al_mc_AKGC417L.wav,train
193,1b2,Ar,mc,AKGC417L,/Users/vs/Sem 5/Respiratory-Disease-Classification/data/raw/ICBHI/193_1b2_Ar_mc_AKGC417L.wav,train
193,1b2,Ll,mc,AKGC417L,/Users/vs/Sem 5/Respiratory-Disease-Classification/data/raw/ICBHI/193_1b2_Ll_mc_AKGC417L.wav,train
193,1b2,Pl,mc,AKGC417L,/Users/vs/Sem 5/Respiratory-Disease-Classification/data/raw/ICBHI/193_1b2_Pl_mc_AKGC417L.wav,train
193,1b2,Pr,mc,AKGC417L,/Users/vs/Sem 5/Respiratory-Disease-Classification/data/raw/ICBHI/193_1b2_Pr_mc_AKGC417L.wav,train
193,1b2,Tc,mc,AKGC417L,/Users/vs/Sem 5/Respiratory-Disease-Classification/data/raw/ICBHI/193_1b2_Tc_mc_AKGC417L.wav,train
193,1b4,Lr,mc,AKGC417L,/Users/vs/Sem 5/Respiratory-Disease-Classification/data/raw/ICBHI/193_1b4_Lr_mc_AKGC417L.wav,train
193,7b3,Al,mc,AKGC417L,/Users/vs/Sem 5/Respiratory-Disease-Classification/data/raw/ICBHI/193_7b3_Al_mc_AKGC417L.wav,train
193,7b3,Ar,mc,AKGC417L,/Users/vs/Sem 5/Respiratory-Disease-Classification/data/raw/ICBHI/193_7b3_Ar_mc_AKGC417L.wav,train
193,7b3,Ll,mc,AKGC417L,/Users/vs/Sem 5/Respiratory-Disease-Classification/data/raw/ICBHI/193_7b3_Ll_mc_AKGC417L.wav,train
193,7b3,Lr,mc,AKGC417L,/Users/vs/Sem 5/Respiratory-Disease-Classification/data/raw/ICBHI/193_7b3_Lr_mc_AKGC417L.wav,train
193,7b3,Pl,mc,AKGC417L,/Users/vs/Sem 5/Respiratory-Disease-Classification/data/raw/ICBHI/193_7b3_Pl_mc_AKGC417L.wav,train
193,7b3,Pr,mc,AKGC417L,/Users/vs/Sem 5/Respiratory-Disease-Classification/data/raw/ICBHI/193_7b3_Pr_mc_AKGC417L.wav,train
193,7b3,Tc,mc,AKGC417L,/Users/vs/Sem 5/Respiratory-Disease-Classification/data/raw/ICBHI/193_7b3_Tc_mc_AKGC417L.wav,train
194,1b1,Lr,sc,Meditron,/Users/vs/Sem 5/Respiratory-Disease-Classification/data/raw/ICBHI/194_1b1_Lr_sc_Meditron.wav,test
194,1b1,Pr,sc,Meditron,/Users/vs/Sem 5/Respiratory-Disease-Classification/data/raw/ICBHI/194_1b1_Pr_sc_Meditron.wav,test
195,1b1,Al,sc,Litt3200,/Users/vs/Sem 5/Respiratory-Disease-Classification/data/raw/ICBHI/195_1b1_Al_sc_Litt3200.wav,test
195,1b1,Ar,sc,Litt3200,/Users/vs/Sem 5/Respiratory-Disease-Classification/data/raw/ICBHI/195_1b1_Ar_sc_Litt3200.wav,test
195,1b1,Ll,sc,Litt3200,/Users/vs/Sem 5/Respiratory-Disease-Classification/data/raw/ICBHI/195_1b1_Ll_sc_Litt3200.wav,test
195,1b1,Lr,sc,Litt3200,/Users/vs/Sem 5/Respiratory-Disease-Classification/data/raw/ICBHI/195_1b1_Lr_sc_Litt3200.wav,test
195,1b1,Pl,sc,Litt3200,/Users/vs/Sem 5/Respiratory-Disease-Classification/data/raw/ICBHI/195_1b1_Pl_sc_Litt3200.wav,test
195,1b1,Pr,sc,Litt3200,/Users/vs/Sem 5/Respiratory-Disease-Classification/data/raw/ICBHI/195_1b1_Pr_sc_Litt3200.wav,test
196,1b1,Pr,sc,Meditron,/Users/vs/Sem 5/Respiratory-Disease-Classification/data/raw/ICBHI/196_1b1_Pr_sc_Meditron.wav,train
197,1b1,Al,sc,Meditron,/Users/vs/Sem 5/Respiratory-Disease-Classification/data/raw/ICBHI/197_1b1_Al_sc_Meditron.wav,train
197,1b1,Tc,sc,Meditron,/Users/vs/Sem 5/Respiratory-Disease-Classification/data/raw/ICBHI/197_1b1_Tc_sc_Meditron.wav,train
198,1b5,Al,mc,AKGC417L,/Users/vs/Sem 5/Respiratory-Disease-Classification/data/raw/ICBHI/198_1b5_Al_mc_AKGC417L.wav,test
198,1b5,Ar,mc,AKGC417L,/Users/vs/Sem 5/Respiratory-Disease-Classification/data/raw/ICBHI/198_1b5_Ar_mc_AKGC417L.wav,test
198,1b5,Ll,mc,AKGC417L,/Users/vs/Sem 5/Respiratory-Disease-Classification/data/raw/ICBHI/198_1b5_Ll_mc_AKGC417L.wav,test
198,1b5,Lr,mc,AKGC417L,/Users/vs/Sem 5/Respiratory-Disease-Classification/data/raw/ICBHI/198_1b5_Lr_mc_AKGC417L.wav,test
198,1b5,Pl,mc,AKGC417L,/Users/vs/Sem 5/Respiratory-Disease-Classification/data/raw/ICBHI/198_1b5_Pl_mc_AKGC417L.wav,test
198,1b5,Pr,mc,AKGC417L,/Users/vs/Sem 5/Respiratory-Disease-Classification/data/raw/ICBHI/198_1b5_Pr_mc_AKGC417L.wav,test
198,1b5,Tc,mc,AKGC417L,/Users/vs/Sem 5/Respiratory-Disease-Classification/data/raw/ICBHI/198_1b5_Tc_mc_AKGC417L.wav,test
198,6p1,Al,mc,AKGC417L,/Users/vs/Sem 5/Respiratory-Disease-Classification/data/raw/ICBHI/198_6p1_Al_mc_AKGC417L.wav,test
198,6p1,Ar,mc,AKGC417L,/Users/vs/Sem 5/Respiratory-Disease-Classification/data/raw/ICBHI/198_6p1_Ar_mc_AKGC417L.wav,test
198,6p1,Ll,mc,AKGC417L,/Users/vs/Sem 5/Respiratory-Disease-Classification/data/raw/ICBHI/198_6p1_Ll_mc_AKGC417L.wav,test
198,6p1,Lr,mc,AKGC417L,/Users/vs/Sem 5/Respiratory-Disease-Classification/data/raw/ICBHI/198_6p1_Lr_mc_AKGC417L.wav,test
198,6p1,Pl,mc,AKGC417L,/Users/vs/Sem 5/Respiratory-Disease-Classification/data/raw/ICBHI/198_6p1_Pl_mc_AKGC417L.wav,test
198,6p1,Pr,mc,AKGC417L,/Users/vs/Sem 5/Respiratory-Disease-Classification/data/raw/ICBHI/198_6p1_Pr_mc_AKGC417L.wav,test
198,6p1,Tc,mc,AKGC417L,/Users/vs/Sem 5/Respiratory-Disease-Classification/data/raw/ICBHI/198_6p1_Tc_mc_AKGC417L.wav,test
199,2b1,Ll,mc,LittC2SE,/Users/vs/Sem 5/Respiratory-Disease-Classification/data/raw/ICBHI/199_2b1_Ll_mc_LittC2SE.wav,train
199,2b3,Ll,mc,LittC2SE,/Users/vs/Sem 5/Respiratory-Disease-Classification/data/raw/ICBHI/199_2b3_Ll_mc_LittC2SE.wav,train
200,2p2,Al,mc,AKGC417L,/Users/vs/Sem 5/Respiratory-Disease-Classification/data/raw/ICBHI/200_2p2_Al_mc_AKGC417L.wav,train
200,2p2,Ar,mc,AKGC417L,/Users/vs/Sem 5/Respiratory-Disease-Classification/data/raw/ICBHI/200_2p2_Ar_mc_AKGC417L.wav,train
200,2p2,Lr,mc,AKGC417L,/Users/vs/Sem 5/Respiratory-Disease-Classification/data/raw/ICBHI/200_2p2_Lr_mc_AKGC417L.wav,train
200,2p2,Pl,mc,AKGC417L,/Users/vs/Sem 5/Respiratory-Disease-Classification/data/raw/ICBHI/200_2p2_Pl_mc_AKGC417L.wav,train
200,2p2,Pr,mc,AKGC417L,/Users/vs/Sem 5/Respiratory-Disease-Classification/data/raw/ICBHI/200_2p2_Pr_mc_AKGC417L.wav,train
200,2p2,Tc,mc,AKGC417L,/Users/vs/Sem 5/Respiratory-Disease-Classification/data/raw/ICBHI/200_2p2_Tc_mc_AKGC417L.wav,train
200,2p3,Al,mc,AKGC417L,/Users/vs/Sem 5/Respiratory-Disease-Classification/data/raw/ICBHI/200_2p3_Al_mc_AKGC417L.wav,train
200,2p3,Ar,mc,AKGC417L,/Users/vs/Sem 5/Respiratory-Disease-Classification/data/raw/ICBHI/200_2p3_Ar_mc_AKGC417L.wav,train
200,2p3,Lr,mc,AKGC417L,/Users/vs/Sem 5/Respiratory-Disease-Classification/data/raw/ICBHI/200_2p3_Lr_mc_AKGC417L.wav,train
200,2p3,Pl,mc,AKGC417L,/Users/vs/Sem 5/Respiratory-Disease-Classification/data/raw/ICBHI/200_2p3_Pl_mc_AKGC417L.wav,train
200,2p3,Pr,mc,AKGC417L,/Users/vs/Sem 5/Respiratory-Disease-Classification/data/raw/ICBHI/200_2p3_Pr_mc_AKGC417L.wav,train
200,2p3,Tc,mc,AKGC417L,/Users/vs/Sem 5/Respiratory-Disease-Classification/data/raw/ICBHI/200_2p3_Tc_mc_AKGC417L.wav,train
200,2p4,Al,mc,AKGC417L,/Users/vs/Sem 5/Respiratory-Disease-Classification/data/raw/ICBHI/200_2p4_Al_mc_AKGC417L.wav,train
200,2p4,Ar,mc,AKGC417L,/Users/vs/Sem 5/Respiratory-Disease-Classification/data/raw/ICBHI/200_2p4_Ar_mc_AKGC417L.wav,train
200,2p4,Lr,mc,AKGC417L,/Users/vs/Sem 5/Respiratory-Disease-Classification/data/raw/ICBHI/200_2p4_Lr_mc_AKGC417L.wav,train
200,2p4,Pl,mc,AKGC417L,/Users/vs/Sem 5/Respiratory-Disease-Classification/data/raw/ICBHI/200_2p4_Pl_mc_AKGC417L.wav,train
200,2p4,Pr,mc,AKGC417L,/Users/vs/Sem 5/Respiratory-Disease-Classification/data/raw/ICBHI/200_2p4_Pr_mc_AKGC417L.wav,train
200,2p4,Tc,mc,AKGC417L,/Users/vs/Sem 5/Respiratory-Disease-Classification/data/raw/ICBHI/200_2p4_Tc_mc_AKGC417L.wav,train
200,3p4,Al,mc,AKGC417L,/Users/vs/Sem 5/Respiratory-Disease-Classification/data/raw/ICBHI/200_3p4_Al_mc_AKGC417L.wav,train
200,3p4,Ar,mc,AKGC417L,/Users/vs/Sem 5/Respiratory-Disease-Classification/data/raw/ICBHI/200_3p4_Ar_mc_AKGC417L.wav,train
200,3p4,Pl,mc,AKGC417L,/Users/vs/Sem 5/Respiratory-Disease-Classification/data/raw/ICBHI/200_3p4_Pl_mc_AKGC417L.wav,train
200,3p4,Pr,mc,AKGC417L,/Users/vs/Sem 5/Respiratory-Disease-Classification/data/raw/ICBHI/200_3p4_Pr_mc_AKGC417L.wav,train
200,3p4,Tc,mc,AKGC417L,/Users/vs/Sem 5/Respiratory-Disease-Classification/data/raw/ICBHI/200_3p4_Tc_mc_AKGC417L.wav,train
201,1b1,Al,sc,Meditron,/Users/vs/Sem 5/Respiratory-Disease-Classification/data/raw/ICBHI/201_1b1_Al_sc_Meditron.wav,train
201,1b1,Ar,sc,Meditron,/Users/vs/Sem 5/Respiratory-Disease-Classification/data/raw/ICBHI/201_1b1_Ar_sc_Meditron.wav,train
201,1b2,Al,sc,Meditron,/Users/vs/Sem 5/Respiratory-Disease-Classification/data/raw/ICBHI/201_1b2_Al_sc_Meditron.wav,train
201,1b2,Ar,sc,Meditron,/Users/vs/Sem 5/Respiratory-Disease-Classification/data/raw/ICBHI/201_1b2_Ar_sc_Meditron.wav,train
201,1b3,Al,sc,Meditron,/Users/vs/Sem 5/Respiratory-Disease-Classification/data/raw/ICBHI/201_1b3_Al_sc_Meditron.wav,train
201,1b3,Ar,sc,Meditron,/Users/vs/Sem 5/Respiratory-Disease-Classification/data/raw/ICBHI/201_1b3_Ar_sc_Meditron.wav,train
202,1b1,Ar,sc,Meditron,/Users/vs/Sem 5/Respiratory-Disease-Classification/data/raw/ICBHI/202_1b1_Ar_sc_Meditron.wav,test
203,1p2,Al,mc,AKGC417L,/Users/vs/Sem 5/Respiratory-Disease-Classification/data/raw/ICBHI/203_1p2_Al_mc_AKGC417L.wav,train
203,1p2,Ar,mc,AKGC417L,/Users/vs/Sem 5/Respiratory-Disease-Classification/data/raw/ICBHI/203_1p2_Ar_mc_AKGC417L.wav,train
203,1p2,Lr,mc,AKGC417L,/Users/vs/Sem 5/Respiratory-Disease-Classification/data/raw/ICBHI/203_1p2_Lr_mc_AKGC417L.wav,train
203,1p2,Pl,mc,AKGC417L,/Users/vs/Sem 5/Respiratory-Disease-Classification/data/raw/ICBHI/203_1p2_Pl_mc_AKGC417L.wav,train
203,1p2,Pr,mc,AKGC417L,/Users/vs/Sem 5/Respiratory-Disease-Classification/data/raw/ICBHI/203_1p2_Pr_mc_AKGC417L.wav,train
203,1p2,Tc,mc,AKGC417L,/Users/vs/Sem 5/Respiratory-Disease-Classification/data/raw/ICBHI/203_1p2_Tc_mc_AKGC417L.wav,train
203,1p3,Al,mc,AKGC417L,/Users/vs/Sem 5/Respiratory-Disease-Classification/data/raw/ICBHI/203_1p3_Al_mc_AKGC417L.wav,train
203,1p3,Ar,mc,AKGC417L,/Users/vs/Sem 5/Respiratory-Disease-Classification/data/raw/ICBHI/203_1p3_Ar_mc_AKGC417L.wav,train
203,1p3,Pl,mc,AKGC417L,/Users/vs/Sem 5/Respiratory-Disease-Classification/data/raw/ICBHI/203_1p3_Pl_mc_AKGC417L.wav,train
203,1p3,Pr,mc,AKGC417L,/Users/vs/Sem 5/Respiratory-Disease-Classification/data/raw/ICBHI/203_1p3_Pr_mc_AKGC417L.wav,train
203,1p3,Tc,mc,AKGC417L,/Users/vs/Sem 5/Respiratory-Disease-Classification/data/raw/ICBHI/203_1p3_Tc_mc_AKGC417L.wav,train
203,1p4,Al,mc,AKGC417L,/Users/vs/Sem 5/Respiratory-Disease-Classification/data/raw/ICBHI/203_1p4_Al_mc_AKGC417L.wav,train
203,1p4,Ar,mc,AKGC417L,/Users/vs/Sem 5/Respiratory-Disease-Classification/data/raw/ICBHI/203_1p4_Ar_mc_AKGC417L.wav,train
203,1p4,Pl,mc,AKGC417L,/Users/vs/Sem 5/Respiratory-Disease-Classification/data/raw/ICBHI/203_1p4_Pl_mc_AKGC417L.wav,train
203,1p4,Pr,mc,AKGC417L,/Users/vs/Sem 5/Respiratory-Disease-Classification/data/raw/ICBHI/203_1p4_Pr_mc_AKGC417L.wav,train
203,1p4,Tc,mc,AKGC417L,/Users/vs/Sem 5/Respiratory-Disease-Classification/data/raw/ICBHI/203_1p4_Tc_mc_AKGC417L.wav,train
203,2p3,Al,mc,AKGC417L,/Users/vs/Sem 5/Respiratory-Disease-Classification/data/raw/ICBHI/203_2p3_Al_mc_AKGC417L.wav,train
203,2p3,Ar,mc,AKGC417L,/Users/vs/Sem 5/Respiratory-Disease-Classification/data/raw/ICBHI/203_2p3_Ar_mc_AKGC417L.wav,train
203,2p3,Pl,mc,AKGC417L,/Users/vs/Sem 5/Respiratory-Disease-Classification/data/raw/ICBHI/203_2p3_Pl_mc_AKGC417L.wav,train
203,2p3,Pr,mc,AKGC417L,/Users/vs/Sem 5/Respiratory-Disease-Classification/data/raw/ICBHI/203_2p3_Pr_mc_AKGC417L.wav,train
203,2p3,Tc,mc,AKGC417L,/Users/vs/Sem 5/Respiratory-Disease-Classification/data/raw/ICBHI/203_2p3_Tc_mc_AKGC417L.wav,train
204,2b5,Al,mc,AKGC417L,/Users/vs/Sem 5/Respiratory-Disease-Classification/data/raw/ICBHI/204_2b5_Al_mc_AKGC417L.wav,train
204,2b5,Ar,mc,AKGC417L,/Users/vs/Sem 5/Respiratory-Disease-Classification/data/raw/ICBHI/204_2b5_Ar_mc_AKGC417L.wav,train
204,2b5,Ll,mc,AKGC417L,/Users/vs/Sem 5/Respiratory-Disease-Classification/data/raw/ICBHI/204_2b5_Ll_mc_AKGC417L.wav,train
204,7p5,Al,mc,AKGC417L,/Users/vs/Sem 5/Respiratory-Disease-Classification/data/raw/ICBHI/204_7p5_Al_mc_AKGC417L.wav,train
204,7p5,Ar,mc,AKGC417L,/Users/vs/Sem 5/Respiratory-Disease-Classification/data/raw/ICBHI/204_7p5_Ar_mc_AKGC417L.wav,train
204,7p5,Ll,mc,AKGC417L,/Users/vs/Sem 5/Respiratory-Disease-Classification/data/raw/ICBHI/204_7p5_Ll_mc_AKGC417L.wav,train
204,7p5,Lr,mc,AKGC417L,/Users/vs/Sem 5/Respiratory-Disease-Classification/data/raw/ICBHI/204_7p5_Lr_mc_AKGC417L.wav,train
204,7p5,Pr,mc,AKGC417L,/Users/vs/Sem 5/Respiratory-Disease-Classification/data/raw/ICBHI/204_7p5_Pr_mc_AKGC417L.wav,train
204,7p5,Tc,mc,AKGC417L,/Users/vs/Sem 5/Respiratory-Disease-Classification/data/raw/ICBHI/204_7p5_Tc_mc_AKGC417L.wav,train
205,1b3,Al,mc,AKGC417L,/Users/vs/Sem 5/Respiratory-Disease-Classification/data/raw/ICBHI/205_1b3_Al_mc_AKGC417L.wav,test
205,1b3,Ar,mc,AKGC417L,/Users/vs/Sem 5/Respiratory-Disease-Classification/data/raw/ICBHI/205_1b3_Ar_mc_AKGC417L.wav,test
205,1b3,Ll,mc,AKGC417L,/Users/vs/Sem 5/Respiratory-Disease-Classification/data/raw/ICBHI/205_1b3_Ll_mc_AKGC417L.wav,test
205,1b3,Lr,mc,AKGC417L,/Users/vs/Sem 5/Respiratory-Disease-Classification/data/raw/ICBHI/205_1b3_Lr_mc_AKGC417L.wav,test
205,1b3,Pl,mc,AKGC417L,/Users/vs/Sem 5/Respiratory-Disease-Classification/data/raw/ICBHI/205_1b3_Pl_mc_AKGC417L.wav,test
205,1b3,Pr,mc,AKGC417L,/Users/vs/Sem 5/Respiratory-Disease-Classification/data/raw/ICBHI/205_1b3_Pr_mc_AKGC417L.wav,test
205,2b2,Pr,mc,AKGC417L,/Users/vs/Sem 5/Respiratory-Disease-Classification/data/raw/ICBHI/205_2b2_Pr_mc_AKGC417L.wav,test
205,2b3,Al,mc,AKGC417L,/Users/vs/Sem 5/Respiratory-Disease-Classification/data/raw/ICBHI/205_2b3_Al_mc_AKGC417L.wav,test
205,2b3,Ar,mc,AKGC417L,/Users/vs/Sem 5/Respiratory-Disease-Classification/data/raw/ICBHI/205_2b3_Ar_mc_AKGC417L.wav,test
205,2b3,Ll,mc,AKGC417L,/Users/vs/Sem 5/Respiratory-Disease-Classification/data/raw/ICBHI/205_2b3_Ll_mc_AKGC417L.wav,test
205,2b4,Pl,mc,AKGC417L,/Users/vs/Sem 5/Respiratory-Disease-Classification/data/raw/ICBHI/205_2b4_Pl_mc_AKGC417L.wav,test
205,3b4,Al,mc,AKGC417L,/Users/vs/Sem 5/Respiratory-Disease-Classification/data/raw/ICBHI/205_3b4_Al_mc_AKGC417L.wav,test
205,3b4,Ar,mc,AKGC417L,/Users/vs/Sem 5/Respiratory-Disease-Classification/data/raw/ICBHI/205_3b4_Ar_mc_AKGC417L.wav,test
205,3b4,Pl,mc,AKGC417L,/Users/vs/Sem 5/Respiratory-Disease-Classification/data/raw/ICBHI/205_3b4_Pl_mc_AKGC417L.wav,test
205,3b4,Pr,mc,AKGC417L,/Users/vs/Sem 5/Respiratory-Disease-Classification/data/raw/ICBHI/205_3b4_Pr_mc_AKGC417L.wav,test
205,4b2,Al,mc,AKGC417L,/Users/vs/Sem 5/Respiratory-Disease-Classification/data/raw/ICBHI/205_4b2_Al_mc_AKGC417L.wav,test
205,4b2,Ar,mc,AKGC417L,/Users/vs/Sem 5/Respiratory-Disease-Classification/data/raw/ICBHI/205_4b2_Ar_mc_AKGC417L.wav,test
205,4b2,Lr,mc,AKGC417L,/Users/vs/Sem 5/Respiratory-Disease-Classification/data/raw/ICBHI/205_4b2_Lr_mc_AKGC417L.wav,test
205,4b2,Pl,mc,AKGC417L,/Users/vs/Sem 5/Respiratory-Disease-Classification/data/raw/ICBHI/205_4b2_Pl_mc_AKGC417L.wav,test
205,4b2,Pr,mc,AKGC417L,/Users/vs/Sem 5/Respiratory-Disease-Classification/data/raw/ICBHI/205_4b2_Pr_mc_AKGC417L.wav,test
206,1b1,Ar,sc,Meditron,/Users/vs/Sem 5/Respiratory-Disease-Classification/data/raw/ICBHI/206_1b1_Ar_sc_Meditron.wav,train
206,1b1,Lr,sc,Meditron,/Users/vs/Sem 5/Respiratory-Disease-Classification/data/raw/ICBHI/206_1b1_Lr_sc_Meditron.wav,train
206,1b1,Pl,sc,Meditron,/Users/vs/Sem 5/Respiratory-Disease-Classification/data/raw/ICBHI/206_1b1_Pl_sc_Meditron.wav,train
207,2b2,Al,mc,AKGC417L,/Users/vs/Sem 5/Respiratory-Disease-Classification/data/raw/ICBHI/207_2b2_Al_mc_AKGC417L.wav,test
207,2b2,Ar,mc,AKGC417L,/Users/vs/Sem 5/Respiratory-Disease-Classification/data/raw/ICBHI/207_2b2_Ar_mc_AKGC417L.wav,test
207,2b2,Pl,mc,AKGC417L,/Users/vs/Sem 5/Respiratory-Disease-Classification/data/raw/ICBHI/207_2b2_Pl_mc_AKGC417L.wav,test
207,2b2,Pr,mc,AKGC417L,/Users/vs/Sem 5/Respiratory-Disease-Classification/data/raw/ICBHI/207_2b2_Pr_mc_AKGC417L.wav,test
207,2b2,Tc,mc,AKGC417L,/Users/vs/Sem 5/Respiratory-Disease-Classification/data/raw/ICBHI/207_2b2_Tc_mc_AKGC417L.wav,test
207,2b3,Al,mc,AKGC417L,/Users/vs/Sem 5/Respiratory-Disease-Classification/data/raw/ICBHI/207_2b3_Al_mc_AKGC417L.wav,test
207,2b3,Ar,mc,AKGC417L,/Users/vs/Sem 5/Respiratory-Disease-Classification/data/raw/ICBHI/207_2b3_Ar_mc_AKGC417L.wav,test
207,2b3,Pl,mc,AKGC417L,/Users/vs/Sem 5/Respiratory-Disease-Classification/data/raw/ICBHI/207_2b3_Pl_mc_AKGC417L.wav,test
207,2b3,Pr,mc,AKGC417L,/Users/vs/Sem 5/Respiratory-Disease-Classification/data/raw/ICBHI/207_2b3_Pr_mc_AKGC417L.wav,test
207,2b3,Tc,mc,AKGC417L,/Users/vs/Sem 5/Respiratory-Disease-Classification/data/raw/ICBHI/207_2b3_Tc_mc_AKGC417L.wav,test
207,2b4,Al,mc,AKGC417L,/Users/vs/Sem 5/Respiratory-Disease-Classification/data/raw/ICBHI/207_2b4_Al_mc_AKGC417L.wav,test
207,2b4,Ar,mc,AKGC417L,/Users/vs/Sem 5/Respiratory-Disease-Classification/data/raw/ICBHI/207_2b4_Ar_mc_AKGC417L.wav,test
207,2b4,Pl,mc,AKGC417L,/Users/vs/Sem 5/Respiratory-Disease-Classification/data/raw/ICBHI/207_2b4_Pl_mc_AKGC417L.wav,test
207,2b4,Pr,mc,AKGC417L,/Users/vs/Sem 5/Respiratory-Disease-Classification/data/raw/ICBHI/207_2b4_Pr_mc_AKGC417L.wav,test
207,2b4,Tc,mc,AKGC417L,/Users/vs/Sem 5/Respiratory-Disease-Classification/data/raw/ICBHI/207_2b4_Tc_mc_AKGC417L.wav,test
207,3b2,Al,mc,AKGC417L,/Users/vs/Sem 5/Respiratory-Disease-Classification/data/raw/ICBHI/207_3b2_Al_mc_AKGC417L.wav,test
207,3b2,Ar,mc,AKGC417L,/Users/vs/Sem 5/Respiratory-Disease-Classification/data/raw/ICBHI/207_3b2_Ar_mc_AKGC417L.wav,test
207,3b2,Lr,mc,AKGC417L,/Users/vs/Sem 5/Respiratory-Disease-Classification/data/raw/ICBHI/207_3b2_Lr_mc_AKGC417L.wav,test
207,3b2,Pl,mc,AKGC417L,/Users/vs/Sem 5/Respiratory-Disease-Classification/data/raw/ICBHI/207_3b2_Pl_mc_AKGC417L.wav,test
207,3b2,Pr,mc,AKGC417L,/Users/vs/Sem 5/Respiratory-Disease-Classification/data/raw/ICBHI/207_3b2_Pr_mc_AKGC417L.wav,test
207,3b2,Tc,mc,AKGC417L,/Users/vs/Sem 5/Respiratory-Disease-Classification/data/raw/ICBHI/207_3b2_Tc_mc_AKGC417L.wav,test
208,1b1,Ll,sc,Meditron,/Users/vs/Sem 5/Respiratory-Disease-Classification/data/raw/ICBHI/208_1b1_Ll_sc_Meditron.wav,train
209,1b1,Tc,sc,Meditron,/Users/vs/Sem 5/Respiratory-Disease-Classification/data/raw/ICBHI/209_1b1_Tc_sc_Meditron.wav,train
210,1b1,Al,sc,Meditron,/Users/vs/Sem 5/Respiratory-Disease-Classification/data/raw/ICBHI/210_1b1_Al_sc_Meditron.wav,train
210,1b1,Ar,sc,Meditron,/Users/vs/Sem 5/Respiratory-Disease-Classification/data/raw/ICBHI/210_1b1_Ar_sc_Meditron.wav,train
211,1p2,Ar,mc,AKGC417L,/Users/vs/Sem 5/Respiratory-Disease-Classification/data/raw/ICBHI/211_1p2_Ar_mc_AKGC417L.wav,test
211,1p2,Pl,mc,AKGC417L,/Users/vs/Sem 5/Respiratory-Disease-Classification/data/raw/ICBHI/211_1p2_Pl_mc_AKGC417L.wav,test
211,1p2,Pr,mc,AKGC417L,/Users/vs/Sem 5/Respiratory-Disease-Classification/data/raw/ICBHI/211_1p2_Pr_mc_AKGC417L.wav,test
211,1p3,Ar,mc,AKGC417L,/Users/vs/Sem 5/Respiratory-Disease-Classification/data/raw/ICBHI/211_1p3_Ar_mc_AKGC417L.wav,test
211,1p5,Ar,mc,AKGC417L,/Users/vs/Sem 5/Respiratory-Disease-Classification/data/raw/ICBHI/211_1p5_Ar_mc_AKGC417L.wav,test
211,2p2,Tc,mc,AKGC417L,/Users/vs/Sem 5/Respiratory-Disease-Classification/data/raw/ICBHI/211_2p2_Tc_mc_AKGC417L.wav,test
211,2p3,Tc,mc,AKGC417L,/Users/vs/Sem 5/Respiratory-Disease-Classification/data/raw/ICBHI/211_2p3_Tc_mc_AKGC417L.wav,test
211,2p4,Tc,mc,AKGC417L,/Users/vs/Sem 5/Respiratory-Disease-Classification/data/raw/ICBHI/211_2p4_Tc_mc_AKGC417L.wav,test
212,2b2,Tc,mc,LittC2SE,/Users/vs/Sem 5/Respiratory-Disease-Classification/data/raw/ICBHI/212_2b2_Tc_mc_LittC2SE.wav,train
213,1p2,Al,mc,AKGC417L,/Users/vs/Sem 5/Respiratory-Disease-Classification/data/raw/ICBHI/213_1p2_Al_mc_AKGC417L.wav,train
213,1p2,Ar,mc,AKGC417L,/Users/vs/Sem 5/Respiratory-Disease-Classification/data/raw/ICBHI/213_1p2_Ar_mc_AKGC417L.wav,train
213,1p2,Lr,mc,AKGC417L,/Users/vs/Sem 5/Respiratory-Disease-Classification/data/raw/ICBHI/213_1p2_Lr_mc_AKGC417L.wav,train
213,1p2,Pl,mc,AKGC417L,/Users/vs/Sem 5/Respiratory-Disease-Classification/data/raw/ICBHI/213_1p2_Pl_mc_AKGC417L.wav,train
213,1p2,Pr,mc,AKGC417L,/Users/vs/Sem 5/Respiratory-Disease-Classification/data/raw/ICBHI/213_1p2_Pr_mc_AKGC417L.wav,train
213,1p2,Tc,mc,AKGC417L,/Users/vs/Sem 5/Respiratory-Disease-Classification/data/raw/ICBHI/213_1p2_Tc_mc_AKGC417L.wav,train
213,1p3,Al,mc,AKGC417L,/Users/vs/Sem 5/Respiratory-Disease-Classification/data/raw/ICBHI/213_1p3_Al_mc_AKGC417L.wav,train
213,1p3,Ar,mc,AKGC417L,/Users/vs/Sem 5/Respiratory-Disease-Classification/data/raw/ICBHI/213_1p3_Ar_mc_AKGC417L.wav,train
213,1p3,Pl,mc,AKGC417L,/Users/vs/Sem 5/Respiratory-Disease-Classification/data/raw/ICBHI/213_1p3_Pl_mc_AKGC417L.wav,train
213,1p3,Pr,mc,AKGC417L,/Users/vs/Sem 5/Respiratory-Disease-Classification/data/raw/ICBHI/213_1p3_Pr_mc_AKGC417L.wav,train
213,1p5,Al,mc,AKGC417L,/Users/vs/Sem 5/Respiratory-Disease-Classification/data/raw/ICBHI/213_1p5_Al_mc_AKGC417L.wav,train
213,1p5,Ar,mc,AKGC417L,/Users/vs/Sem 5/Respiratory-Disease-Classification/data/raw/ICBHI/213_1p5_Ar_mc_AKGC417L.wav,train
213,1p5,Pl,mc,AKGC417L,/Users/vs/Sem 5/Respiratory-Disease-Classification/data/raw/ICBHI/213_1p5_Pl_mc_AKGC417L.wav,train
213,1p5,Pr,mc,AKGC417L,/Users/vs/Sem 5/Respiratory-Disease-Classification/data/raw/ICBHI/213_1p5_Pr_mc_AKGC417L.wav,train
213,1p5,Tc,mc,AKGC417L,/Users/vs/Sem 5/Respiratory-Disease-Classification/data/raw/ICBHI/213_1p5_Tc_mc_AKGC417L.wav,train
213,2p2,Al,mc,AKGC417L,/Users/vs/Sem 5/Respiratory-Disease-Classification/data/raw/ICBHI/213_2p2_Al_mc_AKGC417L.wav,train
213,2p2,Ar,mc,AKGC417L,/Users/vs/Sem 5/Respiratory-Disease-Classification/data/raw/ICBHI/213_2p2_Ar_mc_AKGC417L.wav,train
213,2p2,Pl,mc,AKGC417L,/Users/vs/Sem 5/Respiratory-Disease-Classification/data/raw/ICBHI/213_2p2_Pl_mc_AKGC417L.wav,train
213,2p2,Pr,mc,AKGC417L,/Users/vs/Sem 5/Respiratory-Disease-Classification/data/raw/ICBHI/213_2p2_Pr_mc_AKGC417L.wav,train
213,2p2,Tc,mc,AKGC417L,/Users/vs/Sem 5/Respiratory-Disease-Classification/data/raw/ICBHI/213_2p2_Tc_mc_AKGC417L.wav,train
214,1b1,Ar,sc,Meditron,/Users/vs/Sem 5/Respiratory-Disease-Classification/data/raw/ICBHI/214_1b1_Ar_sc_Meditron.wav,test
215,1b2,Ar,sc,Meditron,/Users/vs/Sem 5/Respiratory-Disease-Classification/data/raw/ICBHI/215_1b2_Ar_sc_Meditron.wav,train
215,1b3,Tc,sc,Meditron,/Users/vs/Sem 5/Respiratory-Disease-Classification/data/raw/ICBHI/215_1b3_Tc_sc_Meditron.wav,train
216,1b1,Al,sc,Meditron,/Users/vs/Sem 5/Respiratory-Disease-Classification/data/raw/ICBHI/216_1b1_Al_sc_Meditron.wav,test
216,1b1,Pl,sc,Meditron,/Users/vs/Sem 5/Respiratory-Disease-Classification/data/raw/ICBHI/216_1b1_Pl_sc_Meditron.wav,test
217,1b1,Tc,sc,Meditron,/Users/vs/Sem 5/Respiratory-Disease-Classification/data/raw/ICBHI/217_1b1_Tc_sc_Meditron.wav,train
218,1b1,Al,sc,Meditron,/Users/vs/Sem 5/Respiratory-Disease-Classification/data/raw/ICBHI/218_1b1_Al_sc_Meditron.wav,test
218,1b1,Ar,sc,Meditron,/Users/vs/Sem 5/Respiratory-Disease-Classification/data/raw/ICBHI/218_1b1_Ar_sc_Meditron.wav,train
218,1b1,Lr,sc,Meditron,/Users/vs/Sem 5/Respiratory-Disease-Classification/data/raw/ICBHI/218_1b1_Lr_sc_Meditron.wav,train
218,1b1,Pl,sc,Meditron,/Users/vs/Sem 5/Respiratory-Disease-Classification/data/raw/ICBHI/218_1b1_Pl_sc_Meditron.wav,test
218,1b1,Pr,sc,Meditron,/Users/vs/Sem 5/Respiratory-Disease-Classification/data/raw/ICBHI/218_1b1_Pr_sc_Meditron.wav,test
218,1p1,Ar,sc,Litt3200,/Users/vs/Sem 5/Respiratory-Disease-Classification/data/raw/ICBHI/218_1p1_Ar_sc_Litt3200.wav,train
218,1p1,Pl,sc,Litt3200,/Users/vs/Sem 5/Respiratory-Disease-Classification/data/raw/ICBHI/218_1p1_Pl_sc_Litt3200.wav,test
218,1p1,Pr,sc,Litt3200,/Users/vs/Sem 5/Respiratory-Disease-Classification/data/raw/ICBHI/218_1p1_Pr_sc_Litt3200.wav,train
219,2b1,Ar,mc,LittC2SE,/Users/vs/Sem 5/Respiratory-Disease-Classification/data/raw/ICBHI/219_2b1_Ar_mc_LittC2SE.wav,train
219,2b1,Tc,mc,LittC2SE,/Users/vs/Sem 5/Respiratory-Disease-Classification/data/raw/ICBHI/219_2b1_Tc_mc_LittC2SE.wav,train
219,2b2,Ar,mc,LittC2SE,/Users/vs/Sem 5/Respiratory-Disease-Classification/data/raw/ICBHI/219_2b2_Ar_mc_LittC2SE.wav,train
219,2b2,Tc,mc,LittC2SE,/Users/vs/Sem 5/Respiratory-Disease-Classification/data/raw/ICBHI/219_2b2_Tc_mc_LittC2SE.wav,train
219,2b3,Tc,mc,LittC2SE,/Users/vs/Sem 5/Respiratory-Disease-Classification/data/raw/ICBHI/219_2b3_Tc_mc_LittC2SE.wav,train
220,1b1,Tc,mc,LittC2SE,/Users/vs/Sem 5/Respiratory-Disease-Classification/data/raw/ICBHI/220_1b1_Tc_mc_LittC2SE.wav,train
220,1b2,Al,mc,LittC2SE,/Users/vs/Sem 5/Respiratory-Disease-Classification/data/raw/ICBHI/220_1b2_Al_mc_LittC2SE.wav,train
221,2b1,Al,mc,LittC2SE,/Users/vs/Sem 5/Respiratory-Disease-Classification/data/raw/ICBHI/221_2b1_Al_mc_LittC2SE.wav,train
221,2b1,Ar,mc,LittC2SE,/Users/vs/Sem 5/Respiratory-Disease-Classification/data/raw/ICBHI/221_2b1_Ar_mc_LittC2SE.wav,train
221,2b1,Lr,mc,LittC2SE,/Users/vs/Sem 5/Respiratory-Disease-Classification/data/raw/ICBHI/221_2b1_Lr_mc_LittC2SE.wav,train
221,2b1,Pl,mc,LittC2SE,/Users/vs/Sem 5/Respiratory-Disease-Classification/data/raw/ICBHI/221_2b1_Pl_mc_LittC2SE.wav,train
221,2b2,Al,mc,LittC2SE,/Users/vs/Sem 5/Respiratory-Disease-Classification/data/raw/ICBHI/221_2b2_Al_mc_LittC2SE.wav,train
221,2b2,Ar,mc,LittC2SE,/Users/vs/Sem 5/Respiratory-Disease-Classification/data/raw/ICBHI/221_2b2_Ar_mc_LittC2SE.wav,train
221,2b2,Lr,mc,LittC2SE,/Users/vs/Sem 5/Respiratory-Disease-Classification/data/raw/ICBHI/221_2b2_Lr_mc_LittC2SE.wav,train
221,2b2,Pl,mc,LittC2SE,/Users/vs/Sem 5/Respiratory-Disease-Classification/data/raw/ICBHI/221_2b2_Pl_mc_LittC2SE.wav,train
221,2b3,Al,mc,LittC2SE,/Users/vs/Sem 5/Respiratory-Disease-Classification/data/raw/ICBHI/221_2b3_Al_mc_LittC2SE.wav,train
221,2b3,Ar,mc,LittC2SE,/Users/vs/Sem 5/Respiratory-Disease-Classification/data/raw/ICBHI/221_2b3_Ar_mc_LittC2SE.wav,train
221,2b3,Lr,mc,LittC2SE,/Users/vs/Sem 5/Respiratory-Disease-Classification/data/raw/ICBHI/221_2b3_Lr_mc_LittC2SE.wav,train
221,2b3,Pr,mc,LittC2SE,/Users/vs/Sem 5/Respiratory-Disease-Classification/data/raw/ICBHI/221_2b3_Pr_mc_LittC2SE.wav,train
222,1b1,Ar,sc,Meditron,/Users/vs/Sem 5/Respiratory-Disease-Classification/data/raw/ICBHI/222_1b1_Ar_sc_Meditron.wav,train
222,1b1,Lr,sc,Meditron,/Users/vs/Sem 5/Respiratory-Disease-Classification/data/raw/ICBHI/222_1b1_Lr_sc_Meditron.wav,train
222,1b1,Pr,sc,Meditron,/Users/vs/Sem 5/Respiratory-Disease-Classification/data/raw/ICBHI/222_1b1_Pr_sc_Meditron.wav,train
223,1b1,Al,sc,Meditron,/Users/vs/Sem 5/Respiratory-Disease-Classification/data/raw/ICBHI/223_1b1_Al_sc_Meditron.wav,test
223,1b1,Ar,sc,Meditron,/Users/vs/Sem 5/Respiratory-Disease-Classification/data/raw/ICBHI/223_1b1_Ar_sc_Meditron.wav,test
223,1b1,Ll,sc,Meditron,/Users/vs/Sem 5/Respiratory-Disease-Classification/data/raw/ICBHI/223_1b1_Ll_sc_Meditron.wav,test
223,1b1,Lr,sc,Meditron,/Users/vs/Sem 5/Respiratory-Disease-Classification/data/raw/ICBHI/223_1b1_Lr_sc_Meditron.wav,test
223,1b1,Pl,sc,Meditron,/Users/vs/Sem 5/Respiratory-Disease-Classification/data/raw/ICBHI/223_1b1_Pl_sc_Meditron.wav,test
223,1b1,Pr,sc,Meditron,/Users/vs/Sem 5/Respiratory-Disease-Classification/data/raw/ICBHI/223_1b1_Pr_sc_Meditron.wav,test
224,1b1,Tc,sc,Meditron,/Users/vs/Sem 5/Respiratory-Disease-Classification/data/raw/ICBHI/224_1b1_Tc_sc_Meditron.wav,test
224,1b2,Al,sc,Meditron,/Users/vs/Sem 5/Respiratory-Disease-Classification/data/raw/ICBHI/224_1b2_Al_sc_Meditron.wav,test
225,1b1,Pl,sc,Meditron,/Users/vs/Sem 5/Respiratory-Disease-Classification/data/raw/ICBHI/225_1b1_Pl_sc_Meditron.wav,test
226,1b1,Al,sc,Meditron,/Users/vs/Sem 5/Respiratory-Disease-Classification/data/raw/ICBHI/226_1b1_Al_sc_Meditron.wav,train
226,1b1,Ll,sc,Meditron,/Users/vs/Sem 5/Respiratory-Disease-Classification/data/raw/ICBHI/226_1b1_Ll_sc_Meditron.wav,train
226,1b1,Pl,sc,LittC2SE,/Users/vs/Sem 5/Respiratory-Disease-Classification/data/raw/ICBHI/226_1b1_Pl_sc_LittC2SE.wav,train
