patient_id,recording_id,chest_location,diagnosis,disease_label,official_split,audio_path,cnn_split
101,1b1,Al,URTI,7,test,/Users/vs/Sem 5/Respiratory-Disease-Classification/data/processed/audio/cycles/101/1b1_Al_001.wav,test
101,1b1,Al,URTI,7,test,/Users/vs/Sem 5/Respiratory-Disease-Classification/data/processed/audio/cycles/101/1b1_Al_002.wav,test
101,1b1,Al,URTI,7,test,/Users/vs/Sem 5/Respiratory-Disease-Classification/data/processed/audio/cycles/101/1b1_Al_003.wav,test
101,1b1,Al,URTI,7,test,/Users/vs/Sem 5/Respiratory-Disease-Classification/data/processed/audio/cycles/101/1b1_Al_004.wav,test
101,1b1,Al,URTI,7,test,/Users/vs/Sem 5/Respiratory-Disease-Classification/data/processed/audio/cycles/101/1b1_Al_005.wav,test
101,1b1,Al,URTI,7,test,/Users/vs/Sem 5/Respiratory-Disease-Classification/data/processed/audio/cycles/101/1b1_Al_006.wav,test
101,1b1,Al,URTI,7,test,/Users/vs/Sem 5/Respiratory-Disease-Classification/data/processed/audio/cycles/101/1b1_Al_007.wav,test
101,1b1,Al,URTI,7,test,/Users/vs/Sem 5/Respiratory-Disease-Classification/data/processed/audio/cycles/101/1b1_Al_008.wav,test
101,1b1,Al,URTI,7,test,/Users/vs/Sem 5/Respiratory-Disease-Classification/data/processed/audio/cycles/101/1b1_Al_009.wav,test
101,1b1,Al,URTI,7,test,/Users/vs/Sem 5/Respiratory-Disease-Classification/data/processed/audio/cycles/101/1b1_Al_010.wav,test
101,1b1,Al,URTI,7,test,/Users/vs/Sem 5/Respiratory-Disease-Classification/data/processed/audio/cycles/101/1b1_Al_011.wav,test
101,1b1,Al,URTI,7,test,/Users/vs/Sem 5/Respiratory-Disease-Classification/data/processed/audio/cycles/101/1b1_Al_012.wav,test
101,1b1,Pr,URTI,7,test,/Users/vs/Sem 5/Respiratory-Disease-Classification/data/processed/audio/cycles/101/1b1_Pr_001.wav,test
101,1b1,Pr,URTI,7,test,/Users/vs/Sem 5/Respiratory-Disease-Classification/data/processed/audio/cycles/101/1b1_Pr_002.wav,test
101,1b1,Pr,URTI,7,test,/Users/vs/Sem 5/Respiratory-Disease-Classification/data/processed/audio/cycles/101/1b1_Pr_003.wav,test
101,1b1,Pr,URTI,7,test,/Users/vs/Sem 5/Respiratory-Disease-Classification/data/processed/audio/cycles/101/1b1_Pr_004.wav,test
101,1b1,Pr,URTI,7,test,/Users/vs/Sem 5/Respiratory-Disease-Classification/data/processed/audio/cycles/101/1b1_Pr_005.wav,test
101,1b1,Pr,URTI,7,test,/Users/vs/Sem 5/Respiratory-Disease-Classification/data/processed/audio/cycles/101/1b1_Pr_006.wav,test
101,1b1,Pr,URTI,7,test,/Users/vs/Sem 5/Respiratory-Disease-Classification/data/processed/audio/cycles/101/1b1_Pr_007.wav,test
101,1b1,Pr,URTI,7,test,/Users/vs/Sem 5/Respiratory-Disease-Classification/data/processed/audio/cycles/101/1b1_Pr_008.wav,test
101,1b1,Pr,URTI,7,test,/Users/vs/Sem 5/Respiratory-Disease-Classification/data/processed/audio/cycles/101/1b1_Pr_009.wav,test
101,1b1,Pr,URTI,7,test,/Users/vs/Sem 5/Respiratory-Disease-Classification/data/processed/audio/cycles/101/1b1_Pr_010.wav,test
101,1b1,Pr,URTI,7,test,/Users/vs/Sem 5/Respiratory-Disease-Classification/data/processed/audio/cycles/101/1b1_Pr_011.wav,test
102,1b1,Ar,Healthy,4,test,/Users/vs/Sem 5/Respiratory-Disease-Classification/data/processed/audio/cycles/102/1b1_Ar_001.wav,train
102,1b1,Ar,Healthy,4,test,/Users/vs/Sem 5/Respiratory-Disease-Classification/data/processed/audio/cycles/102/1b1_Ar_002.wav,train
102,1b1,Ar,Healthy,4,test,/Users/vs/Sem 5/Respiratory-Disease-Classification/data/processed/audio/cycles/102/1b1_Ar_003.wav,train
102,1b1,Ar,Healthy,4,test,/Users/vs/Sem 5/Respiratory-Disease-Classification/data/processed/audio/cycles/102/1b1_Ar_004.wav,train
102,1b1,Ar,Healthy,4,test,/Users/vs/Sem 5/Respiratory-Disease-Classification/data/processed/audio/cycles/102/1b1_Ar_005.wav,train
102,1b1,Ar,Healthy,4,test,/Users/vs/Sem 5/Respiratory-Disease-Classification/data/processed/audio/cycles/102/1b1_Ar_006.wav,train
102,1b1,Ar,Healthy,4,test,/Users/vs/Sem 5/Respiratory-Disease-Classification/data/processed/audio/cycles/102/1b1_Ar_007.wav,train
102,1b1,Ar,Healthy,4,test,/Users/vs/Sem 5/Respiratory-Disease-Classification/data/processed/audio/cycles/102/1b1_Ar_008.wav,train
102,1b1,Ar,Healthy,4,test,/Users/vs/Sem 5/Respiratory-Disease-Classification/data/processed/audio/cycles/102/1b1_Ar_009.wav,train
102,1b1,Ar,Healthy,4,test,/Users/vs/Sem 5/Respiratory-Disease-Classification/data/processed/audio/cycles/102/1b1_Ar_010.wav,train
102,1b1,Ar,Healthy,4,test,/Users/vs/Sem 5/Respiratory-Disease-Classification/data/processed/audio/cycles/102/1b1_Ar_011.wav,train
102,1b1,Ar,Healthy,4,test,/Users/vs/Sem 5/Respiratory-Disease-Classification/data/processed/audio/cycles/102/1b1_Ar_012.wav,train
102,1b1,Ar,Healthy,4,test,/Users/vs/Sem 5/Respiratory-Disease-Classification/data/processed/audio/cycles/102/1b1_Ar_013.wav,train
103,2b2,Ar,Asthma,0,train,/Users/vs/Sem 5/Respiratory-Disease-Classification/data/processed/audio/cycles/103/2b2_Ar_001.wav,train
103,2b2,Ar,Asthma,0,train,/Users/vs/Sem 5/Respiratory-Disease-Classification/data/processed/audio/cycles/103/2b2_Ar_002.wav,train
103,2b2,Ar,Asthma,0,train,/Users/vs/Sem 5/Respiratory-Disease-Classification/data/processed/audio/cycles/103/2b2_Ar_003.wav,train
103,2b2,Ar,Asthma,0,train,/Users/vs/Sem 5/Respiratory-Disease-Classification/data/processed/audio/cycles/103/2b2_Ar_004.wav,train
103,2b2,Ar,Asthma,0,train,/Users/vs/Sem 5/Respiratory-Disease-Classification/data/processed/audio/cycles/103/2b2_Ar_005.wav,train
103,2b2,Ar,Asthma,0,train,/Users/vs/Sem 5/Respiratory-Disease-Classification/data/processed/audio/cycles/103/2b2_Ar_006.wav,train
104,1b1,Al,COPD,3,test,/Users/vs/Sem 5/Respiratory-Disease-Classification/data/processed/audio/cycles/104/1b1_Al_001.wav,train
104,1b1,Al,COPD,3,test,/Users/vs/Sem 5/Respiratory-Disease-Classification/data/processed/audio/cycles/104/1b1_Al_002.wav,train
104,1b1,Al,COPD,3,test,/Users/vs/Sem 5/Respiratory-Disease-Classification/data/processed/audio/cycles/104/1b1_Al_003.wav,train
104,1b1,Al,COPD,3,test,/Users/vs/Sem 5/Respiratory-Disease-Classification/data/processed/audio/cycles/104/1b1_Al_004.wav,train
104,1b1,Al,COPD,3,test,/Users/vs/Sem 5/Respiratory-Disease-Classification/data/processed/audio/cycles/104/1b1_Al_005.wav,train
104,1b1,Al,COPD,3,test,/Users/vs/Sem 5/Respiratory-Disease-Classification/data/processed/audio/cycles/104/1b1_Al_006.wav,train
104,1b1,Ar,COPD,3,test,/Users/vs/Sem 5/Respiratory-Disease-Classification/data/processed/audio/cycles/104/1b1_Ar_001.wav,train
104,1b1,Ar,COPD,3,test,/Users/vs/Sem 5/Respiratory-Disease-Classification/data/processed/audio/cycles/104/1b1_Ar_002.wav,train
104,1b1,Ar,COPD,3,test,/Users/vs/Sem 5/Respiratory-Disease-Classification/data/processed/audio/cycles/104/1b1_Ar_003.wav,train
104,1b1,Ar,COPD,3,test,/Users/vs/Sem 5/Respiratory-Disease-Classification/data/processed/audio/cycles/104/1b1_Ar_004.wav,train
104,1b1,Ar,COPD,3,test,/Users/vs/Sem 5/Respiratory-Disease-Classification/data/processed/audio/cycles/104/1b1_Ar_005.wav,train
104,1b1,Ar,COPD,3,test,/Users/vs/Sem 5/Respiratory-Disease-Classification/data/processed/audio/cycles/104/1b1_Ar_006.wav,train
104,1b1,Ar,COPD,3,test,/Users/vs/Sem 5/Respiratory-Disease-Classification/data/processed/audio/cycles/104/1b1_Ar_007.wav,train
104,1b1,Ar,COPD,3,test,/Users/vs/Sem 5/Respiratory-Disease-Classification/data/processed/audio/cycles/104/1b1_Ar_008.wav,train
104,1b1,Ar,COPD,3,test,/Users/vs/Sem 5/Respiratory-Disease-Classification/data/processed/audio/cycles/104/1b1_Ar_009.wav,train
104,1b1,Ar,COPD,3,test,/Users/vs/Sem 5/Respiratory-Disease-Classification/data/processed/audio/cycles/104/1b1_Ar_010.wav,train
104,1b1,Ar,COPD,3,test,/Users/vs/Sem 5/Respiratory-Disease-Classification/data/processed/audio/cycles/104/1b1_Ar_011.wav,train
104,1b1,Ar,COPD,3,test,/Users/vs/Sem 5/Respiratory-Disease-Classification/data/processed/audio/cycles/104/1b1_Ar_012.wav,train
104,1b1,Ar,COPD,3,test,/Users/vs/Sem 5/Respiratory-Disease-Classification/data/processed/audio/cycles/104/1b1_Ar_013.wav,train
104,1b1,Ar,COPD,3,test,/Users/vs/Sem 5/Respiratory-Disease-Classification/data/processed/audio/cycles/104/1b1_Ar_014.wav,train
104,1b1,Ll,COPD,3,test,/Users/vs/Sem 5/Respiratory-Disease-Classification/data/processed/audio/cycles/104/1b1_Ll_001.wav,train
104,1b1,Ll,COPD,3,test,/Users/vs/Sem 5/Respiratory-Disease-Classification/data/processed/audio/cycles/104/1b1_Ll_002.wav,train
104,1b1,Ll,COPD,3,test,/Users/vs/Sem 5/Respiratory-Disease-Classification/data/processed/audio/cycles/104/1b1_Ll_003.wav,train
104,1b1,Ll,COPD,3,test,/Users/vs/Sem 5/Respiratory-Disease-Classification/data/processed/audio/cycles/104/1b1_Ll_004.wav,train
104,1b1,Ll,COPD,3,test,/Users/vs/Sem 5/Respiratory-Disease-Classification/data/processed/audio/cycles/104/1b1_Ll_005.wav,train
104,1b1,Ll,COPD,3,test,/Users/vs/Sem 5/Respiratory-Disease-Classification/data/processed/audio/cycles/104/1b1_Ll_006.wav,train
104,1b1,Ll,COPD,3,test,/Users/vs/Sem 5/Respiratory-Disease-Classification/data/processed/audio/cycles/104/1b1_Ll_007.wav,train
104,1b1,Lr,COPD,3,test,/Users/vs/Sem 5/Respiratory-Disease-Classification/data/processed/audio/cycles/104/1b1_Lr_001.wav,train
104,1b1,Lr,COPD,3,test,/Users/vs/Sem 5/Respiratory-Disease-Classification/data/processed/audio/cycles/104/1b1_Lr_002.wav,train
104,1b1,Lr,COPD,3,test,/Users/vs/Sem 5/Respiratory-Disease-Classification/data/processed/audio/cycles/104/1b1_Lr_003.wav,train
104,1b1,Lr,COPD,3,test,/Users/vs/Sem 5/Respiratory-Disease-Classification/data/processed/audio/cycles/104/1b1_Lr_004.wav,train
104,1b1,Lr,COPD,3,test,/Users/vs/Sem 5/Respiratory-Disease-Classification/data/processed/audio/cycles/104/1b1_Lr_005.wav,train
104,1b1,Pl,COPD,3,test,/Users/vs/Sem 5/Respiratory-Disease-Classification/data/processed/audio/cycles/104/1b1_Pl_001.wav,train
104,1b1,Pl,COPD,3,test,/Users/vs/Sem 5/Respiratory-Disease-Classification/data/processed/audio/cycles/104/1b1_Pl_002.wav,train
104,1b1,Pl,COPD,3,test,/Users/vs/Sem 5/Respiratory-Disease-Classification/data/processed/audio/cycles/104/1b1_Pl_003.wav,train
104,1b1,Pl,COPD,3,test,/Users/vs/Sem 5/Respiratory-Disease-Classification/data/processed/audio/cycles/104/1b1_Pl_004.wav,train
104,1b1,Pl,COPD,3,test,/Users/vs/Sem 5/Respiratory-Disease-Classification/data/processed/audio/cycles/104/1b1_Pl_005.wav,train
104,1b1,Pl,COPD,3,test,/Users/vs/Sem 5/Respiratory-Disease-Classification/data/processed/audio/cycles/104/1b1_Pl_006.wav,train
104,1b1,Pl,COPD,3,test,/Users/vs/Sem 5/Respiratory-Disease-Classification/data/processed/audio/cycles/104/1b1_Pl_007.wav,train
104,1b1,Pl,COPD,3,test,/Users/vs/Sem 5/Respiratory-Disease-Classification/data/processed/audio/cycles/104/1b1_Pl_008.wav,train
104,1b1,Pl,COPD,3,test,/Users/vs/Sem 5/Respiratory-Disease-Classification/data/processed/audio/cycles/104/1b1_Pl_009.wav,train
104,1b1,Pl,COPD,3,test,/Users/vs/Sem 5/Respiratory-Disease-Classification/data/processed/audio/cycles/104/1b1_Pl_010.wav,train
104,1b1,Pl,COPD,3,test,/Users/vs/Sem 5/Respiratory-Disease-Classification/data/processed/audio/cycles/104/1b1_Pl_011.wav,train
104,1b1,Pl,COPD,3,test,/Users/vs/Sem 5/Respiratory-Disease-Classification/data/processed/audio/cycles/104/1b1_Pl_012.wav,train
104,1b1,Pl,COPD,3,test,/Users/vs/Sem 5/Respiratory-Disease-Classification/data/processed/audio/cycles/104/1b1_Pl_013.wav,train
104,1b1,Pr,COPD,3,test,/Users/vs/Sem 5/Respiratory-Disease-Classification/data/processed/audio/cycles/104/1b1_Pr_001.wav,train
104,1b1,Pr,COPD,3,test,/Users/vs/Sem 5/Respiratory-Disease-Classification/data/processed/audio/cycles/104/1b1_Pr_002.wav,train
104,1b1,Pr,COPD,3,test,/Users/vs/Sem 5/Respiratory-Disease-Classification/data/processed/audio/cycles/104/1b1_Pr_003.wav,train
104,1b1,Pr,COPD,3,test,/Users/vs/Sem 5/Respiratory-Disease-Classification/data/processed/audio/cycles/104/1b1_Pr_004.wav,train
104,1b1,Pr,COPD,3,test,/Users/vs/Sem 5/Respiratory-Disease-Classification/data/processed/audio/cycles/104/1b1_Pr_005.wav,train
104,1b1,Pr,COPD,3,test,/Users/vs/Sem 5/Respiratory-Disease-Classification/data/processed/audio/cycles/104/1b1_Pr_006.wav,train
104,1b1,Pr,COPD,3,test,/Users/vs/Sem 5/Respiratory-Disease-Classification/data/processed/audio/cycles/104/1b1_Pr_007.wav,train
104,1b1,Pr,COPD,3,test,/Users/vs/Sem 5/Respiratory-Disease-Classification/data/processed/audio/cycles/104/1b1_Pr_008.wav,train
104,1b1,Pr,COPD,3,test,/Users/vs/Sem 5/Respiratory-Disease-Classification/data/processed/audio/cycles/104/1b1_Pr_009.wav,train
104,1b1,Pr,COPD,3,test,/Users/vs/Sem 5/Respiratory-Disease-Classification/data/processed/audio/cycles/104/1b1_Pr_010.wav,train
105,1b1,Tc,URTI,7,train,/Users/vs/Sem 5/Respiratory-Disease-Classification/data/processed/audio/cycles/105/1b1_Tc_001.wav,train
105,1b1,Tc,URTI,7,train,/Users/vs/Sem 5/Respiratory-Disease-Classification/data/processed/audio/cycles/105/1b1_Tc_002.wav,train
105,1b1,Tc,URTI,7,train,/Users/vs/Sem 5/Respiratory-Disease-Classification/data/processed/audio/cycles/105/1b1_Tc_003.wav,train
105,1b1,Tc,URTI,7,train,/Users/vs/Sem 5/Respiratory-Disease-Classification/data/processed/audio/cycles/105/1b1_Tc_004.wav,train
105,1b1,Tc,URTI,7,train,/Users/vs/Sem 5/Respiratory-Disease-Classification/data/processed/audio/cycles/105/1b1_Tc_005.wav,train
105,1b1,Tc,URTI,7,train,/Users/vs/Sem 5/Respiratory-Disease-Classification/data/processed/audio/cycles/105/1b1_Tc_006.wav,train
105,1b1,Tc,URTI,7,train,/Users/vs/Sem 5/Respiratory-Disease-Classification/data/processed/audio/cycles/105/1b1_Tc_007.wav,train
105,1b1,Tc,URTI,7,train,/Users/vs/Sem 5/Respiratory-Disease-Classification/data/processed/audio/cycles/105/1b1_Tc_008.wav,train
106,2b1,Pl,COPD,3,train,/Users/vs/Sem 5/Respiratory-Disease-Classification/data/processed/audio/cycles/106/2b1_Pl_001.wav,test
106,2b1,Pl,COPD,3,train,/Users/vs/Sem 5/Respiratory-Disease-Classification/data/processed/audio/cycles/106/2b1_Pl_002.wav,test
106,2b1,Pl,COPD,3,train,/Users/vs/Sem 5/Respiratory-Disease-Classification/data/processed/audio/cycles/106/2b1_Pl_003.wav,test
106,2b1,Pl,COPD,3,train,/Users/vs/Sem 5/Respiratory-Disease-Classification/data/processed/audio/cycles/106/2b1_Pl_004.wav,test
106,2b1,Pl,COPD,3,train,/Users/vs/Sem 5/Respiratory-Disease-Classification/data/processed/audio/cycles/106/2b1_Pl_005.wav,test
106,2b1,Pl,COPD,3,train,/Users/vs/Sem 5/Respiratory-Disease-Classification/data/processed/audio/cycles/106/2b1_Pl_006.wav,test
106,2b1,Pl,COPD,3,train,/Users/vs/Sem 5/Respiratory-Disease-Classification/data/processed/audio/cycles/106/2b1_Pl_007.wav,test
106,2b1,Pl,COPD,3,train,/Users/vs/Sem 5/Respiratory-Disease-Classification/data/processed/audio/cycles/106/2b1_Pl_008.wav,test
106,2b1,Pl,COPD,3,train,/Users/vs/Sem 5/Respiratory-Disease-Classification/data/processed/audio/cycles/106/2b1_Pl_009.wav,test
106,2b1,Pr,COPD,3,train,/Users/vs/Sem 5/Respiratory-Disease-Classification/data/processed/audio/cycles/106/2b1_Pr_001.wav,test
106,2b1,Pr,COPD,3,train,/Users/vs/Sem 5/Respiratory-Disease-Classification/data/processed/audio/cycles/106/2b1_Pr_002.wav,test
106,2b1,Pr,COPD,3,train,/Users/vs/Sem 5/Respiratory-Disease-Classification/data/processed/audio/cycles/106/2b1_Pr_003.wav,test
106,2b1,Pr,COPD,3,train,/Users/vs/Sem 5/Respiratory-Disease-Classification/data/processed/audio/cycles/106/2b1_Pr_004.wav,test
106,2b1,Pr,COPD,3,train,/Users/vs/Sem 5/Respiratory-Disease-Classification/data/processed/audio/cycles/106/2b1_Pr_005.wav,test
106,2b1,Pr,COPD,3,train,/Users/vs/Sem 5/Respiratory-Disease-Classification/data/processed/audio/cycles/106/2b1_Pr_006.wav,test
106,2b1,Pr,COPD,3,train,/Users/vs/Sem 5/Respiratory-Disease-Classification/data/processed/audio/cycles/106/2b1_Pr_007.wav,test
106,2b1,Pr,COPD,3,train,/Users/vs/Sem 5/Respiratory-Disease-Classification/data/processed/audio/cycles/106/2b1_Pr_008.wav,test
106,2b1,Pr,COPD,3,train,/Users/vs/Sem 5/Respiratory-Disease-Classification/data/processed/audio/cycles/106/2b1_Pr_009.wav,test
107,2b3,Al,COPD,3,train,/Users/vs/Sem 5/Respiratory-Disease-Classification/data/processed/audio/cycles/107/2b3_Al_001.wav,test
107,2b3,Al,COPD,3,train,/Users/vs/Sem 5/Respiratory-Disease-Classification/data/processed/audio/cycles/107/2b3_Al_002.wav,test
107,2b3,Al,COPD,3,train,/Users/vs/Sem 5/Respiratory-Disease-Classification/data/processed/audio/cycles/107/2b3_Al_003.wav,test
107,2b3,Al,COPD,3,train,/Users/vs/Sem 5/Respiratory-Disease-Classification/data/processed/audio/cycles/107/2b3_Al_004.wav,test
107,2b3,Al,COPD,3,train,/Users/vs/Sem 5/Respiratory-Disease-Classification/data/processed/audio/cycles/107/2b3_Al_005.wav,test
107,2b3,Al,COPD,3,train,/Users/vs/Sem 5/Respiratory-Disease-Classification/data/processed/audio/cycles/107/2b3_Al_006.wav,test
107,2b3,Al,COPD,3,train,/Users/vs/Sem 5/Respiratory-Disease-Classification/data/processed/audio/cycles/107/2b3_Al_007.wav,test
107,2b3,Al,COPD,3,train,/Users/vs/Sem 5/Respiratory-Disease-Classification/data/processed/audio/cycles/107/2b3_Al_008.wav,test
107,2b3,Ar,COPD,3,train,/Users/vs/Sem 5/Respiratory-Disease-Classification/data/processed/audio/cycles/107/2b3_Ar_001.wav,test
107,2b3,Ar,COPD,3,train,/Users/vs/Sem 5/Respiratory-Disease-Classification/data/processed/audio/cycles/107/2b3_Ar_002.wav,test
107,2b3,Ar,COPD,3,train,/Users/vs/Sem 5/Respiratory-Disease-Classification/data/processed/audio/cycles/107/2b3_Ar_003.wav,test
107,2b3,Ar,COPD,3,train,/Users/vs/Sem 5/Respiratory-Disease-Classification/data/processed/audio/cycles/107/2b3_Ar_004.wav,test
107,2b3,Ar,COPD,3,train,/Users/vs/Sem 5/Respiratory-Disease-Classification/data/processed/audio/cycles/107/2b3_Ar_005.wav,test
107,2b3,Ar,COPD,3,train,/Users/vs/Sem 5/Respiratory-Disease-Classification/data/processed/audio/cycles/107/2b3_Ar_006.wav,test
107,2b3,Ar,COPD,3,train,/Users/vs/Sem 5/Respiratory-Disease-Classification/data/processed/audio/cycles/107/2b3_Ar_007.wav,test
107,2b3,Ar,COPD,3,train,/Users/vs/Sem 5/Respiratory-Disease-Classification/data/processed/audio/cycles/107/2b3_Ar_008.wav,test
107,2b3,Ll,COPD,3,train,/Users/vs/Sem 5/Respiratory-Disease-Classification/data/processed/audio/cycles/107/2b3_Ll_001.wav,test
107,2b3,Ll,COPD,3,train,/Users/vs/Sem 5/Respiratory-Disease-Classification/data/processed/audio/cycles/107/2b3_Ll_002.wav,test
107,2b3,Ll,COPD,3,train,/Users/vs/Sem 5/Respiratory-Disease-Classification/data/processed/audio/cycles/107/2b3_Ll_003.wav,test
107,2b3,Ll,COPD,3,train,/Users/vs/Sem 5/Respiratory-Disease-Classification/data/processed/audio/cycles/107/2b3_Ll_004.wav,test
107,2b3,Ll,COPD,3,train,/Users/vs/Sem 5/Respiratory-Disease-Classification/data/processed/audio/cycles/107/2b3_Ll_005.wav,test
107,2b3,Ll,COPD,3,train,/Users/vs/Sem 5/Respiratory-Disease-Classification/data/processed/audio/cycles/107/2b3_Ll_006.wav,test
107,2b3,Ll,COPD,3,train,/Users/vs/Sem 5/Respiratory-Disease-Classification/data/processed/audio/cycles/107/2b3_Ll_007.wav,test
107,2b3,Ll,COPD,3,train,/Users/vs/Sem 5/Respiratory-Disease-Classification/data/processed/audio/cycles/107/2b3_Ll_008.wav,test
107,2b3,Lr,COPD,3,train,/Users/vs/Sem 5/Respiratory-Disease-Classification/data/processed/audio/cycles/107/2b3_Lr_001.wav,test
107,2b3,Lr,COPD,3,train,/Users/vs/Sem 5/Respiratory-Disease-Classification/data/processed/audio/cycles/107/2b3_Lr_002.wav,test
107,2b3,Lr,COPD,3,train,/Users/vs/Sem 5/Respiratory-Disease-Classification/data/processed/audio/cycles/107/2b3_Lr_003.wav,test
107,2b3,Lr,COPD,3,train,/Users/vs/Sem 5/Respiratory-Disease-Classification/data/processed/audio/cycles/107/2b3_Lr_004.wav,test
107,2b3,Lr,COPD,3,train,/Users/vs/Sem 5/Respiratory-Disease-Classification/data/processed/audio/cycles/107/2b3_Lr_005.wav,test
107,2b3,Lr,COPD,3,train,/Users/vs/Sem 5/Respiratory-Disease-Classification/data/processed/audio/cycles/107/2b3_Lr_006.wav,test
107,2b3,Lr,COPD,3,train,/Users/vs/Sem 5/Respiratory-Disease-Classification/data/processed/audio/cycles/107/2b3_Lr_007.wav,test
107,2b3,Lr,COPD,3,train,/Users/vs/Sem 5/Respiratory-Disease-Classification/data/processed/audio/cycles/107/2b3_Lr_008.wav,test
107,2b3,Pl,COPD,3,train,/Users/vs/Sem 5/Respiratory-Disease-Classification/data/processed/audio/cycles/107/2b3_Pl_001.wav,test
107,2b3,Pl,COPD,3,train,/Users/vs/Sem 5/Respiratory-Disease-Classification/data/processed/audio/cycles/107/2b3_Pl_002.wav,test
107,2b3,Pl,COPD,3,train,/Users/vs/Sem 5/Respiratory-Disease-Classification/data/processed/audio/cycles/107/2b3_Pl_003.wav,test
107,2b3,Pl,COPD,3,train,/Users/vs/Sem 5/Respiratory-Disease-Classification/data/processed/audio/cycles/107/2b3_Pl_004.wav,test
107,2b3,Pl,COPD,3,train,/Users/vs/Sem 5/Respiratory-Disease-Classification/data/processed/audio/cycles/107/2b3_Pl_005.wav,test
107,2b3,Pl,COPD,3,train,/Users/vs/Sem 5/Respiratory-Disease-Classification/data/processed/audio/cycles/107/2b3_Pl_006.wav,test
107,2b3,Pl,COPD,3,train,/Users/vs/Sem 5/Respiratory-Disease-Classification/data/processed/audio/cycles/107/2b3_Pl_007.wav,test
107,2b3,Pl,COPD,3,train,/Users/vs/Sem 5/Respiratory-Disease-Classification/data/processed/audio/cycles/107/2b3_Pl_008.wav,test
107,2b3,Pr,COPD,3,train,/Users/vs/Sem 5/Respiratory-Disease-Classification/data/processed/audio/cycles/107/2b3_Pr_001.wav,test
107,2b3,Pr,COPD,3,train,/Users/vs/Sem 5/Respiratory-Disease-Classification/data/processed/audio/cycles/107/2b3_Pr_002.wav,test
107,2b3,Pr,COPD,3,train,/Users/vs/Sem 5/Respiratory-Disease-Classification/data/processed/audio/cycles/107/2b3_Pr_003.wav,test
107,2b3,Pr,COPD,3,train,/Users/vs/Sem 5/Respiratory-Disease-Classification/data/processed/audio/cycles/107/2b3_Pr_004.wav,test
107,2b3,Pr,COPD,3,train,/Users/vs/Sem 5/Respiratory-Disease-Classification/data/processed/audio/cycles/107/2b3_Pr_005.wav,test
107,2b3,Pr,COPD,3,train,/Users/vs/Sem 5/Respiratory-Disease-Classification/data/processed/audio/cycles/107/2b3_Pr_006.wav,test
107,2b3,Pr,COPD,3,train,/Users/vs/Sem 5/Respiratory-Disease-Classification/data/processed/audio/cycles/107/2b3_Pr_007.wav,test
107,2b3,Pr,COPD,3,train,/Users/vs/Sem 5/Respiratory-Disease-Classification/data/processed/audio/cycles/107/2b3_Pr_008.wav,test
107,2b3,Tc,COPD,3,train,/Users/vs/Sem 5/Respiratory-Disease-Classification/data/processed/audio/cycles/107/2b3_Tc_001.wav,test
107,2b3,Tc,COPD,3,train,/Users/vs/Sem 5/Respiratory-Disease-Classification/data/processed/audio/cycles/107/2b3_Tc_002.wav,test
107,2b3,Tc,COPD,3,train,/Users/vs/Sem 5/Respiratory-Disease-Classification/data/processed/audio/cycles/107/2b3_Tc_003.wav,test
107,2b3,Tc,COPD,3,train,/Users/vs/Sem 5/Respiratory-Disease-Classification/data/processed/audio/cycles/107/2b3_Tc_004.wav,test
107,2b3,Tc,COPD,3,train,/Users/vs/Sem 5/Respiratory-Disease-Classification/data/processed/audio/cycles/107/2b3_Tc_005.wav,test
107,2b3,Tc,COPD,3,train,/Users/vs/Sem 5/Respiratory-Disease-Classification/data/processed/audio/cycles/107/2b3_Tc_006.wav,test
107,2b3,Tc,COPD,3,train,/Users/vs/Sem 5/Respiratory-Disease-Classification/data/processed/audio/cycles/107/2b3_Tc_007.wav,test
107,2b3,Tc,COPD,3,train,/Users/vs/Sem 5/Respiratory-Disease-Classification/data/processed/audio/cycles/107/2b3_Tc_008.wav,test
107,2b4,Al,COPD,3,train,/Users/vs/Sem 5/Respiratory-Disease-Classification/data/processed/audio/cycles/107/2b4_Al_001.wav,test
107,2b4,Al,COPD,3,train,/Users/vs/Sem 5/Respiratory-Disease-Classification/data/processed/audio/cycles/107/2b4_Al_002.wav,test
107,2b4,Al,COPD,3,train,/Users/vs/Sem 5/Respiratory-Disease-Classification/data/processed/audio/cycles/107/2b4_Al_003.wav,test
107,2b4,Al,COPD,3,train,/Users/vs/Sem 5/Respiratory-Disease-Classification/data/processed/audio/cycles/107/2b4_Al_004.wav,test
107,2b4,Al,COPD,3,train,/Users/vs/Sem 5/Respiratory-Disease-Classification/data/processed/audio/cycles/107/2b4_Al_005.wav,test
107,2b4,Al,COPD,3,train,/Users/vs/Sem 5/Respiratory-Disease-Classification/data/processed/audio/cycles/107/2b4_Al_006.wav,test
107,2b4,Al,COPD,3,train,/Users/vs/Sem 5/Respiratory-Disease-Classification/data/processed/audio/cycles/107/2b4_Al_007.wav,test
107,2b4,Al,COPD,3,train,/Users/vs/Sem 5/Respiratory-Disease-Classification/data/processed/audio/cycles/107/2b4_Al_008.wav,test
107,2b4,Ar,COPD,3,train,/Users/vs/Sem 5/Respiratory-Disease-Classification/data/processed/audio/cycles/107/2b4_Ar_001.wav,test
107,2b4,Ar,COPD,3,train,/Users/vs/Sem 5/Respiratory-Disease-Classification/data/processed/audio/cycles/107/2b4_Ar_002.wav,test
107,2b4,Ar,COPD,3,train,/Users/vs/Sem 5/Respiratory-Disease-Classification/data/processed/audio/cycles/107/2b4_Ar_003.wav,test
107,2b4,Ar,COPD,3,train,/Users/vs/Sem 5/Respiratory-Disease-Classification/data/processed/audio/cycles/107/2b4_Ar_004.wav,test
107,2b4,Ar,COPD,3,train,/Users/vs/Sem 5/Respiratory-Disease-Classification/data/processed/audio/cycles/107/2b4_Ar_005.wav,test
107,2b4,Ar,COPD,3,train,/Users/vs/Sem 5/Respiratory-Disease-Classification/data/processed/audio/cycles/107/2b4_Ar_006.wav,test
107,2b4,Ar,COPD,3,train,/Users/vs/Sem 5/Respiratory-Disease-Classification/data/processed/audio/cycles/107/2b4_Ar_007.wav,test
107,2b4,Ar,COPD,3,train,/Users/vs/Sem 5/Respiratory-Disease-Classification/data/processed/audio/cycles/107/2b4_Ar_008.wav,test
107,2b4,Ll,COPD,3,train,/Users/vs/Sem 5/Respiratory-Disease-Classification/data/processed/audio/cycles/107/2b4_Ll_001.wav,test
107,2b4,Ll,COPD,3,train,/Users/vs/Sem 5/Respiratory-Disease-Classification/data/processed/audio/cycles/107/2b4_Ll_002.wav,test
107,2b4,Ll,COPD,3,train,/Users/vs/Sem 5/Respiratory-Disease-Classification/data/processed/audio/cycles/107/2b4_Ll_003.wav,test
107,2b4,Ll,COPD,3,train,/Users/vs/Sem 5/Respiratory-Disease-Classification/data/processed/audio/cycles/107/2b4_Ll_004.wav,test
107,2b4,Ll,COPD,3,train,/Users/vs/Sem 5/Respiratory-Disease-Classification/data/processed/audio/cycles/107/2b4_Ll_005.wav,test
107,2b4,Ll,COPD,3,train,/Users/vs/Sem 5/Respiratory-Disease-Classification/data/processed/audio/cycles/107/2b4_Ll_006.wav,test
107,2b4,Ll,COPD,3,train,/Users/vs/Sem 5/Respiratory-Disease-Classification/data/processed/audio/cycles/107/2b4_Ll_007.wav,test
107,2b4,Ll,COPD,3,train,/Users/vs/Sem 5/Respiratory-Disease-Classification/data/processed/audio/cycles/107/2b4_Ll_008.wav,test
107,2b4,Lr,COPD,3,train,/Users/vs/Sem 5/Respiratory-Disease-Classification/data/processed/audio/cycles/107/2b4_Lr_001.wav,test
107,2b4,Lr,COPD,3,train,/Users/vs/Sem 5/Respiratory-Disease-Classification/data/processed/audio/cycles/107/2b4_Lr_002.wav,test
107,2b4,Lr,COPD,3,train,/Users/vs/Sem 5/Respiratory-Disease-Classification/data/processed/audio/cycles/107/2b4_Lr_003.wav,test
107,2b4,Lr,COPD,3,train,/Users/vs/Sem 5/Respiratory-Disease-Classification/data/processed/audio/cycles/107/2b4_Lr_004.wav,test
107,2b4,Lr,COPD,3,train,/Users/vs/Sem 5/Respiratory-Disease-Classification/data/processed/audio/cycles/107/2b4_Lr_005.wav,test
107,2b4,Lr,COPD,3,train,/Users/vs/Sem 5/Respiratory-Disease-Classification/data/processed/audio/cycles/107/2b4_Lr_006.wav,test
107,2b4,Lr,COPD,3,train,/Users/vs/Sem 5/Respiratory-Disease-Classification/data/processed/audio/cycles/107/2b4_Lr_007.wav,test
107,2b4,Lr,COPD,3,train,/Users/vs/Sem 5/Respiratory-Disease-Classification/data/processed/audio/cycles/107/2b4_Lr_008.wav,test
107,2b4,Pl,COPD,3,train,/Users/vs/Sem 5/Respiratory-Disease-Classification/data/processed/audio/cycles/107/2b4_Pl_001.wav,test
107,2b4,Pl,COPD,3,train,/Users/vs/Sem 5/Respiratory-Disease-Classification/data/processed/audio/cycles/107/2b4_Pl_002.wav,test
107,2b4,Pl,COPD,3,train,/Users/vs/Sem 5/Respiratory-Disease-Classification/data/processed/audio/cycles/107/2b4_Pl_003.wav,test
107,2b4,Pl,COPD,3,train,/Users/vs/Sem 5/Respiratory-Disease-Classification/data/processed/audio/cycles/107/2b4_Pl_004.wav,test
107,2b4,Pl,COPD,3,train,/Users/vs/Sem 5/Respiratory-Disease-Classification/data/processed/audio/cycles/107/2b4_Pl_005.wav,test
107,2b4,Pl,COPD,3,train,/Users/vs/Sem 5/Respiratory-Disease-Classification/data/processed/audio/cycles/107/2b4_Pl_006.wav,test
107,2b4,Pl,COPD,3,train,/Users/vs/Sem 5/Respiratory-Disease-Classification/data/processed/audio/cycles/107/2b4_Pl_007.wav,test
107,2b4,Pl,COPD,3,train,/Users/vs/Sem 5/Respiratory-Disease-Classification/data/processed/audio/cycles/107/2b4_Pl_008.wav,test
107,2b4,Pr,COPD,3,train,/Users/vs/Sem 5/Respiratory-Disease-Classification/data/processed/audio/cycles/107/2b4_Pr_001.wav,test
107,2b4,Pr,COPD,3,train,/Users/vs/Sem 5/Respiratory-Disease-Classification/data/processed/audio/cycles/107/2b4_Pr_002.wav,test
107,2b4,Pr,COPD,3,train,/Users/vs/Sem 5/Respiratory-Disease-Classification/data/processed/audio/cycles/107/2b4_Pr_003.wav,test
107,2b4,Pr,COPD,3,train,/Users/vs/Sem 5/Respiratory-Disease-Classification/data/processed/audio/cycles/107/2b4_Pr_004.wav,test
107,2b4,Pr,COPD,3,train,/Users/vs/Sem 5/Respiratory-Disease-Classification/data/processed/audio/cycles/107/2b4_Pr_005.wav,test
107,2b4,Pr,COPD,3,train,/Users/vs/Sem 5/Respiratory-Disease-Classification/data/processed/audio/cycles/107/2b4_Pr_006.wav,test
107,2b4,Pr,COPD,3,train,/Users/vs/Sem 5/Respiratory-Disease-Classification/data/processed/audio/cycles/107/2b4_Pr_007.wav,test
107,2b4,Pr,COPD,3,train,/Users/vs/Sem 5/Respiratory-Disease-Classification/data/processed/audio/cycles/107/2b4_Pr_008.wav,test
107,2b4,Tc,COPD,3,train,/Users/vs/Sem 5/Respiratory-Disease-Classification/data/processed/audio/cycles/107/2b4_Tc_001.wav,test
107,2b4,Tc,COPD,3,train,/Users/vs/Sem 5/Respiratory-Disease-Classification/data/processed/audio/cycles/107/2b4_Tc_002.wav,test
107,2b4,Tc,COPD,3,train,/Users/vs/Sem 5/Respiratory-Disease-Classification/data/processed/audio/cycles/107/2b4_Tc_003.wav,test
107,2b4,Tc,COPD,3,train,/Users/vs/Sem 5/Respiratory-Disease-Classification/data/processed/audio/cycles/107/2b4_Tc_004.wav,test
107,2b4,Tc,COPD,3,train,/Users/vs/Sem 5/Respiratory-Disease-Classification/data/processed/audio/cycles/107/2b4_Tc_005.wav,test
107,2b4,Tc,COPD,3,train,/Users/vs/Sem 5/Respiratory-Disease-Classification/data/processed/audio/cycles/107/2b4_Tc_006.wav,test
107,2b4,Tc,COPD,3,train,/Users/vs/Sem 5/Respiratory-Disease-Classification/data/processed/audio/cycles/107/2b4_Tc_007.wav,test
107,2b4,Tc,COPD,3,train,/Users/vs/Sem 5/Respiratory-Disease-Classification/data/processed/audio/cycles/107/2b4_Tc_008.wav,test
107,2b5,Al,COPD,3,train,/Users/vs/Sem 5/Respiratory-Disease-Classification/data/processed/audio/cycles/107/2b5_Al_001.wav,test
107,2b5,Al,COPD,3,train,/Users/vs/Sem 5/Respiratory-Disease-Classification/data/processed/audio/cycles/107/2b5_Al_002.wav,test
107,2b5,Al,COPD,3,train,/Users/vs/Sem 5/Respiratory-Disease-Classification/data/processed/audio/cycles/107/2b5_Al_003.wav,test
107,2b5,Al,COPD,3,train,/Users/vs/Sem 5/Respiratory-Disease-Classification/data/processed/audio/cycles/107/2b5_Al_004.wav,test
107,2b5,Al,COPD,3,train,/Users/vs/Sem 5/Respiratory-Disease-Classification/data/processed/audio/cycles/107/2b5_Al_005.wav,test
107,2b5,Al,COPD,3,train,/Users/vs/Sem 5/Respiratory-Disease-Classification/data/processed/audio/cycles/107/2b5_Al_006.wav,test
107,2b5,Al,COPD,3,train,/Users/vs/Sem 5/Respiratory-Disease-Classification/data/processed/audio/cycles/107/2b5_Al_007.wav,test
107,2b5,Al,COPD,3,train,/Users/vs/Sem 5/Respiratory-Disease-Classification/data/processed/audio/cycles/107/2b5_Al_008.wav,test
107,2b5,Ar,COPD,3,train,/Users/vs/Sem 5/Respiratory-Disease-Classification/data/processed/audio/cycles/107/2b5_Ar_001.wav,test
107,2b5,Ar,COPD,3,train,/Users/vs/Sem 5/Respiratory-Disease-Classification/data/processed/audio/cycles/107/2b5_Ar_002.wav,test
107,2b5,Ar,COPD,3,train,/Users/vs/Sem 5/Respiratory-Disease-Classification/data/processed/audio/cycles/107/2b5_Ar_003.wav,test
107,2b5,Ar,COPD,3,train,/Users/vs/Sem 5/Respiratory-Disease-Classification/data/processed/audio/cycles/107/2b5_Ar_004.wav,test
107,2b5,Ar,COPD,3,train,/Users/vs/Sem 5/Respiratory-Disease-Classification/data/processed/audio/cycles/107/2b5_Ar_005.wav,test
107,2b5,Ar,COPD,3,train,/Users/vs/Sem 5/Respiratory-Disease-Classification/data/processed/audio/cycles/107/2b5_Ar_006.wav,test
107,2b5,Ar,COPD,3,train,/Users/vs/Sem 5/Respiratory-Disease-Classification/data/processed/audio/cycles/107/2b5_Ar_007.wav,test
107,2b5,Ar,COPD,3,train,/Users/vs/Sem 5/Respiratory-Disease-Classification/data/processed/audio/cycles/107/2b5_Ar_008.wav,test
107,2b5,Ll,COPD,3,train,/Users/vs/Sem 5/Respiratory-Disease-Classification/data/processed/audio/cycles/107/2b5_Ll_001.wav,test
107,2b5,Ll,COPD,3,train,/Users/vs/Sem 5/Respiratory-Disease-Classification/data/processed/audio/cycles/107/2b5_Ll_002.wav,test
107,2b5,Ll,COPD,3,train,/Users/vs/Sem 5/Respiratory-Disease-Classification/data/processed/audio/cycles/107/2b5_Ll_003.wav,test
107,2b5,Ll,COPD,3,train,/Users/vs/Sem 5/Respiratory-Disease-Classification/data/processed/audio/cycles/107/2b5_Ll_004.wav,test
107,2b5,Ll,COPD,3,train,/Users/vs/Sem 5/Respiratory-Disease-Classification/data/processed/audio/cycles/107/2b5_Ll_005.wav,test
107,2b5,Ll,COPD,3,train,/Users/vs/Sem 5/Respiratory-Disease-Classification/data/processed/audio/cycles/107/2b5_Ll_006.wav,test
107,2b5,Ll,COPD,3,train,/Users/vs/Sem 5/Respiratory-Disease-Classification/data/processed/audio/cycles/107/2b5_Ll_007.wav,test
107,2b5,Ll,COPD,3,train,/Users/vs/Sem 5/Respiratory-Disease-Classification/data/processed/audio/cycles/107/2b5_Ll_008.wav,test
107,2b5,Lr,COPD,3,train,/Users/vs/Sem 5/Respiratory-Disease-Classification/data/processed/audio/cycles/107/2b5_Lr_001.wav,test
107,2b5,Lr,COPD,3,train,/Users/vs/Sem 5/Respiratory-Disease-Classification/data/processed/audio/cycles/107/2b5_Lr_002.wav,test
107,2b5,Lr,COPD,3,train,/Users/vs/Sem 5/Respiratory-Disease-Classification/data/processed/audio/cycles/107/2b5_Lr_003.wav,test
107,2b5,Lr,COPD,3,train,/Users/vs/Sem 5/Respiratory-Disease-Classification/data/processed/audio/cycles/107/2b5_Lr_004.wav,test
107,2b5,Lr,COPD,3,train,/Users/vs/Sem 5/Respiratory-Disease-Classification/data/processed/audio/cycles/107/2b5_Lr_005.wav,test
107,2b5,Lr,COPD,3,train,/Users/vs/Sem 5/Respiratory-Disease-Classification/data/processed/audio/cycles/107/2b5_Lr_006.wav,test
107,2b5,Lr,COPD,3,train,/Users/vs/Sem 5/Respiratory-Disease-Classification/data/processed/audio/cycles/107/2b5_Lr_007.wav,test
107,2b5,Lr,COPD,3,train,/Users/vs/Sem 5/Respiratory-Disease-Classification/data/processed/audio/cycles/107/2b5_Lr_008.wav,test
107,2b5,Pl,COPD,3,train,/Users/vs/Sem 5/Respiratory-Disease-Classification/data/processed/audio/cycles/107/2b5_Pl_001.wav,test
107,2b5,Pl,COPD,3,train,/Users/vs/Sem 5/Respiratory-Disease-Classification/data/processed/audio/cycles/107/2b5_Pl_002.wav,test
107,2b5,Pl,COPD,3,train,/Users/vs/Sem 5/Respiratory-Disease-Classification/data/processed/audio/cycles/107/2b5_Pl_003.wav,test
107,2b5,Pl,COPD,3,train,/Users/vs/Sem 5/Respiratory-Disease-Classification/data/processed/audio/cycles/107/2b5_Pl_004.wav,test
107,2b5,Pl,COPD,3,train,/Users/vs/Sem 5/Respiratory-Disease-Classification/data/processed/audio/cycles/107/2b5_Pl_005.wav,test
107,2b5,Pl,COPD,3,train,/Users/vs/Sem 5/Respiratory-Disease-Classification/data/processed/audio/cycles/107/2b5_Pl_006.wav,test
107,2b5,Pl,COPD,3,train,/Users/vs/Sem 5/Respiratory-Disease-Classification/data/processed/audio/cycles/107/2b5_Pl_007.wav,test
107,2b5,Pl,COPD,3,train,/Users/vs/Sem 5/Respiratory-Disease-Classification/data/processed/audio/cycles/107/2b5_Pl_008.wav,test
107,2b5,Pr,COPD,3,train,/Users/vs/Sem 5/Respiratory-Disease-Classification/data/processed/audio/cycles/107/2b5_Pr_001.wav,test
107,2b5,Pr,COPD,3,train,/Users/vs/Sem 5/Respiratory-Disease-Classification/data/processed/audio/cycles/107/2b5_Pr_002.wav,test
107,2b5,Pr,COPD,3,train,/Users/vs/Sem 5/Respiratory-Disease-Classification/data/processed/audio/cycles/107/2b5_Pr_003.wav,test
107,2b5,Pr,COPD,3,train,/Users/vs/Sem 5/Respiratory-Disease-Classification/data/processed/audio/cycles/107/2b5_Pr_004.wav,test
107,2b5,Pr,COPD,3,train,/Users/vs/Sem 5/Respiratory-Disease-Classification/data/processed/audio/cycles/107/2b5_Pr_005.wav,test
107,2b5,Pr,COPD,3,train,/Users/vs/Sem 5/Respiratory-Disease-Classification/data/processed/audio/cycles/107/2b5_Pr_006.wav,test
107,2b5,Pr,COPD,3,train,/Users/vs/Sem 5/Respiratory-Disease-Classification/data/processed/audio/cycles/107/2b5_Pr_007.wav,test
107,2b5,Pr,COPD,3,train,/Users/vs/Sem 5/Respiratory-Disease-Classification/data/processed/audio/cycles/107/2b5_Pr_008.wav,test
107,2b5,Tc,COPD,3,train,/Users/vs/Sem 5/Respiratory-Disease-Classification/data/processed/audio/cycles/107/2b5_Tc_001.wav,test
107,2b5,Tc,COPD,3,train,/Users/vs/Sem 5/Respiratory-Disease-Classification/data/processed/audio/cycles/107/2b5_Tc_002.wav,test
107,2b5,Tc,COPD,3,train,/Users/vs/Sem 5/Respiratory-Disease-Classification/data/processed/audio/cycles/107/2b5_Tc_003.wav,test
107,2b5,Tc,COPD,3,train,/Users/vs/Sem 5/Respiratory-Disease-Classification/data/processed/audio/cycles/107/2b5_Tc_004.wav,test
107,2b5,Tc,COPD,3,train,/Users/vs/Sem 5/Respiratory-Disease-Classification/data/processed/audio/cycles/107/2b5_Tc_005.wav,test
107,2b5,Tc,COPD,3,train,/Users/vs/Sem 5/Respiratory-Disease-Classification/data/processed/audio/cycles/107/2b5_Tc_006.wav,test
107,2b5,Tc,COPD,3,train,/Users/vs/Sem 5/Respiratory-Disease-Classification/data/processed/audio/cycles/107/2b5_Tc_007.wav,test
107,2b5,Tc,COPD,3,train,/Users/vs/Sem 5/Respiratory-Disease-Classification/data/processed/audio/cycles/107/2b5_Tc_008.wav,test
107,3p2,Al,COPD,3,train,/Users/vs/Sem 5/Respiratory-Disease-Classification/data/processed/audio/cycles/107/3p2_Al_001.wav,test
107,3p2,Al,COPD,3,train,/Users/vs/Sem 5/Respiratory-Disease-Classification/data/processed/audio/cycles/107/3p2_Al_002.wav,test
107,3p2,Al,COPD,3,train,/Users/vs/Sem 5/Respiratory-Disease-Classification/data/processed/audio/cycles/107/3p2_Al_003.wav,test
107,3p2,Al,COPD,3,train,/Users/vs/Sem 5/Respiratory-Disease-Classification/data/processed/audio/cycles/107/3p2_Al_004.wav,test
107,3p2,Al,COPD,3,train,/Users/vs/Sem 5/Respiratory-Disease-Classification/data/processed/audio/cycles/107/3p2_Al_005.wav,test
107,3p2,Al,COPD,3,train,/Users/vs/Sem 5/Respiratory-Disease-Classification/data/processed/audio/cycles/107/3p2_Al_006.wav,test
107,3p2,Al,COPD,3,train,/Users/vs/Sem 5/Respiratory-Disease-Classification/data/processed/audio/cycles/107/3p2_Al_007.wav,test
107,3p2,Al,COPD,3,train,/Users/vs/Sem 5/Respiratory-Disease-Classification/data/processed/audio/cycles/107/3p2_Al_008.wav,test
107,3p2,Al,COPD,3,train,/Users/vs/Sem 5/Respiratory-Disease-Classification/data/processed/audio/cycles/107/3p2_Al_009.wav,test
107,3p2,Ar,COPD,3,train,/Users/vs/Sem 5/Respiratory-Disease-Classification/data/processed/audio/cycles/107/3p2_Ar_001.wav,test
107,3p2,Ar,COPD,3,train,/Users/vs/Sem 5/Respiratory-Disease-Classification/data/processed/audio/cycles/107/3p2_Ar_002.wav,test
107,3p2,Ar,COPD,3,train,/Users/vs/Sem 5/Respiratory-Disease-Classification/data/processed/audio/cycles/107/3p2_Ar_003.wav,test
107,3p2,Ar,COPD,3,train,/Users/vs/Sem 5/Respiratory-Disease-Classification/data/processed/audio/cycles/107/3p2_Ar_004.wav,test
107,3p2,Ar,COPD,3,train,/Users/vs/Sem 5/Respiratory-Disease-Classification/data/processed/audio/cycles/107/3p2_Ar_005.wav,test
107,3p2,Ar,COPD,3,train,/Users/vs/Sem 5/Respiratory-Disease-Classification/data/processed/audio/cycles/107/3p2_Ar_006.wav,test
107,3p2,Ar,COPD,3,train,/Users/vs/Sem 5/Respiratory-Disease-Classification/data/processed/audio/cycles/107/3p2_Ar_007.wav,test
107,3p2,Ar,COPD,3,train,/Users/vs/Sem 5/Respiratory-Disease-Classification/data/processed/audio/cycles/107/3p2_Ar_008.wav,test
107,3p2,Ar,COPD,3,train,/Users/vs/Sem 5/Respiratory-Disease-Classification/data/processed/audio/cycles/107/3p2_Ar_009.wav,test
107,3p2,Ll,COPD,3,train,/Users/vs/Sem 5/Respiratory-Disease-Classification/data/processed/audio/cycles/107/3p2_Ll_001.wav,test
107,3p2,Ll,COPD,3,train,/Users/vs/Sem 5/Respiratory-Disease-Classification/data/processed/audio/cycles/107/3p2_Ll_002.wav,test
107,3p2,Ll,COPD,3,train,/Users/vs/Sem 5/Respiratory-Disease-Classification/data/processed/audio/cycles/107/3p2_Ll_003.wav,test
107,3p2,Ll,COPD,3,train,/Users/vs/Sem 5/Respiratory-Disease-Classification/data/processed/audio/cycles/107/3p2_Ll_004.wav,test
107,3p2,Ll,COPD,3,train,/Users/vs/Sem 5/Respiratory-Disease-Classification/data/processed/audio/cycles/107/3p2_Ll_005.wav,test
107,3p2,Ll,COPD,3,train,/Users/vs/Sem 5/Respiratory-Disease-Classification/data/processed/audio/cycles/107/3p2_Ll_006.wav,test
107,3p2,Ll,COPD,3,train,/Users/vs/Sem 5/Respiratory-Disease-Classification/data/processed/audio/cycles/107/3p2_Ll_007.wav,test
107,3p2,Ll,COPD,3,train,/Users/vs/Sem 5/Respiratory-Disease-Classification/data/processed/audio/cycles/107/3p2_Ll_008.wav,test
107,3p2,Ll,COPD,3,train,/Users/vs/Sem 5/Respiratory-Disease-Classification/data/processed/audio/cycles/107/3p2_Ll_009.wav,test
107,3p2,Lr,COPD,3,train,/Users/vs/Sem 5/Respiratory-Disease-Classification/data/processed/audio/cycles/107/3p2_Lr_001.wav,test
107,3p2,Lr,COPD,3,train,/Users/vs/Sem 5/Respiratory-Disease-Classification/data/processed/audio/cycles/107/3p2_Lr_002.wav,test
107,3p2,Lr,COPD,3,train,/Users/vs/Sem 5/Respiratory-Disease-Classification/data/processed/audio/cycles/107/3p2_Lr_003.wav,test
107,3p2,Lr,COPD,3,train,/Users/vs/Sem 5/Respiratory-Disease-Classification/data/processed/audio/cycles/107/3p2_Lr_004.wav,test
107,3p2,Lr,COPD,3,train,/Users/vs/Sem 5/Respiratory-Disease-Classification/data/processed/audio/cycles/107/3p2_Lr_005.wav,test
107,3p2,Lr,COPD,3,train,/Users/vs/Sem 5/Respiratory-Disease-Classification/data/processed/audio/cycles/107/3p2_Lr_006.wav,test
107,3p2,Lr,COPD,3,train,/Users/vs/Sem 5/Respiratory-Disease-Classification/data/processed/audio/cycles/107/3p2_Lr_007.wav,test
107,3p2,Lr,COPD,3,train,/Users/vs/Sem 5/Respiratory-Disease-Classification/data/processed/audio/cycles/107/3p2_Lr_008.wav,test
107,3p2,Lr,COPD,3,train,/Users/vs/Sem 5/Respiratory-Disease-Classification/data/processed/audio/cycles/107/3p2_Lr_009.wav,test
107,3p2,Pl,COPD,3,train,/Users/vs/Sem 5/Respiratory-Disease-Classification/data/processed/audio/cycles/107/3p2_Pl_001.wav,test
107,3p2,Pl,COPD,3,train,/Users/vs/Sem 5/Respiratory-Disease-Classification/data/processed/audio/cycles/107/3p2_Pl_002.wav,test
107,3p2,Pl,COPD,3,train,/Users/vs/Sem 5/Respiratory-Disease-Classification/data/processed/audio/cycles/107/3p2_Pl_003.wav,test
107,3p2,Pl,COPD,3,train,/Users/vs/Sem 5/Respiratory-Disease-Classification/data/processed/audio/cycles/107/3p2_Pl_004.wav,test
107,3p2,Pl,COPD,3,train,/Users/vs/Sem 5/Respiratory-Disease-Classification/data/processed/audio/cycles/107/3p2_Pl_005.wav,test
107,3p2,Pl,COPD,3,train,/Users/vs/Sem 5/Respiratory-Disease-Classification/data/processed/audio/cycles/107/3p2_Pl_006.wav,test
107,3p2,Pl,COPD,3,train,/Users/vs/Sem 5/Respiratory-Disease-Classification/data/processed/audio/cycles/107/3p2_Pl_007.wav,test
107,3p2,Pl,COPD,3,train,/Users/vs/Sem 5/Respiratory-Disease-Classification/data/processed/audio/cycles/107/3p2_Pl_008.wav,test
107,3p2,Pl,COPD,3,train,/Users/vs/Sem 5/Respiratory-Disease-Classification/data/processed/audio/cycles/107/3p2_Pl_009.wav,test
107,3p2,Pr,COPD,3,train,/Users/vs/Sem 5/Respiratory-Disease-Classification/data/processed/audio/cycles/107/3p2_Pr_001.wav,test
107,3p2,Pr,COPD,3,train,/Users/vs/Sem 5/Respiratory-Disease-Classification/data/processed/audio/cycles/107/3p2_Pr_002.wav,test
107,3p2,Pr,COPD,3,train,/Users/vs/Sem 5/Respiratory-Disease-Classification/data/processed/audio/cycles/107/3p2_Pr_003.wav,test
107,3p2,Pr,COPD,3,train,/Users/vs/Sem 5/Respiratory-Disease-Classification/data/processed/audio/cycles/107/3p2_Pr_004.wav,test
107,3p2,Pr,COPD,3,train,/Users/vs/Sem 5/Respiratory-Disease-Classification/data/processed/audio/cycles/107/3p2_Pr_005.wav,test
107,3p2,Pr,COPD,3,train,/Users/vs/Sem 5/Respiratory-Disease-Classification/data/processed/audio/cycles/107/3p2_Pr_006.wav,test
107,3p2,Pr,COPD,3,train,/Users/vs/Sem 5/Respiratory-Disease-Classification/data/processed/audio/cycles/107/3p2_Pr_007.wav,test
107,3p2,Pr,COPD,3,train,/Users/vs/Sem 5/Respiratory-Disease-Classification/data/processed/audio/cycles/107/3p2_Pr_008.wav,test
107,3p2,Pr,COPD,3,train,/Users/vs/Sem 5/Respiratory-Disease-Classification/data/processed/audio/cycles/107/3p2_Pr_009.wav,test
107,3p2,Tc,COPD,3,train,/Users/vs/Sem 5/Respiratory-Disease-Classification/data/processed/audio/cycles/107/3p2_Tc_001.wav,test
107,3p2,Tc,COPD,3,train,/Users/vs/Sem 5/Respiratory-Disease-Classification/data/processed/audio/cycles/107/3p2_Tc_002.wav,test
107,3p2,Tc,COPD,3,train,/Users/vs/Sem 5/Respiratory-Disease-Classification/data/processed/audio/cycles/107/3p2_Tc_003.wav,test
107,3p2,Tc,COPD,3,train,/Users/vs/Sem 5/Respiratory-Disease-Classification/data/processed/audio/cycles/107/3p2_Tc_004.wav,test
107,3p2,Tc,COPD,3,train,/Users/vs/Sem 5/Respiratory-Disease-Classification/data/processed/audio/cycles/107/3p2_Tc_005.wav,test
107,3p2,Tc,COPD,3,train,/Users/vs/Sem 5/Respiratory-Disease-Classification/data/processed/audio/cycles/107/3p2_Tc_006.wav,test
107,3p2,Tc,COPD,3,train,/Users/vs/Sem 5/Respiratory-Disease-Classification/data/processed/audio/cycles/107/3p2_Tc_007.wav,test
107,3p2,Tc,COPD,3,train,/Users/vs/Sem 5/Respiratory-Disease-Classification/data/processed/audio/cycles/107/3p2_Tc_008.wav,test
107,3p2,Tc,COPD,3,train,/Users/vs/Sem 5/Respiratory-Disease-Classification/data/processed/audio/cycles/107/3p2_Tc_009.wav,test
108,1b1,Al,LRTI,5,train,/Users/vs/Sem 5/Respiratory-Disease-Classification/data/processed/audio/cycles/108/1b1_Al_001.wav,train
108,1b1,Al,LRTI,5,train,/Users/vs/Sem 5/Respiratory-Disease-Classification/data/processed/audio/cycles/108/1b1_Al_002.wav,train
108,1b1,Al,LRTI,5,train,/Users/vs/Sem 5/Respiratory-Disease-Classification/data/processed/audio/cycles/108/1b1_Al_003.wav,train
108,1b1,Al,LRTI,5,train,/Users/vs/Sem 5/Respiratory-Disease-Classification/data/processed/audio/cycles/108/1b1_Al_004.wav,train
108,1b1,Al,LRTI,5,train,/Users/vs/Sem 5/Respiratory-Disease-Classification/data/processed/audio/cycles/108/1b1_Al_005.wav,train
108,1b1,Al,LRTI,5,train,/Users/vs/Sem 5/Respiratory-Disease-Classification/data/processed/audio/cycles/108/1b1_Al_006.wav,train
108,1b1,Al,LRTI,5,train,/Users/vs/Sem 5/Respiratory-Disease-Classification/data/processed/audio/cycles/108/1b1_Al_007.wav,train
108,1b1,Al,LRTI,5,train,/Users/vs/Sem 5/Respiratory-Disease-Classification/data/processed/audio/cycles/108/1b1_Al_008.wav,train
109,1b1,Al,COPD,3,test,/Users/vs/Sem 5/Respiratory-Disease-Classification/data/processed/audio/cycles/109/1b1_Al_001.wav,validation
109,1b1,Al,COPD,3,test,/Users/vs/Sem 5/Respiratory-Disease-Classification/data/processed/audio/cycles/109/1b1_Al_002.wav,validation
109,1b1,Al,COPD,3,test,/Users/vs/Sem 5/Respiratory-Disease-Classification/data/processed/audio/cycles/109/1b1_Al_003.wav,validation
109,1b1,Al,COPD,3,test,/Users/vs/Sem 5/Respiratory-Disease-Classification/data/processed/audio/cycles/109/1b1_Al_004.wav,validation
109,1b1,Al,COPD,3,test,/Users/vs/Sem 5/Respiratory-Disease-Classification/data/processed/audio/cycles/109/1b1_Al_005.wav,validation
109,1b1,Al,COPD,3,test,/Users/vs/Sem 5/Respiratory-Disease-Classification/data/processed/audio/cycles/109/1b1_Al_006.wav,validation
109,1b1,Al,COPD,3,test,/Users/vs/Sem 5/Respiratory-Disease-Classification/data/processed/audio/cycles/109/1b1_Al_007.wav,validation
109,1b1,Al,COPD,3,test,/Users/vs/Sem 5/Respiratory-Disease-Classification/data/processed/audio/cycles/109/1b1_Al_008.wav,validation
109,1b1,Al,COPD,3,test,/Users/vs/Sem 5/Respiratory-Disease-Classification/data/processed/audio/cycles/109/1b1_Al_009.wav,validation
109,1b1,Ar,COPD,3,test,/Users/vs/Sem 5/Respiratory-Disease-Classification/data/processed/audio/cycles/109/1b1_Ar_001.wav,validation
109,1b1,Ar,COPD,3,test,/Users/vs/Sem 5/Respiratory-Disease-Classification/data/processed/audio/cycles/109/1b1_Ar_002.wav,validation
109,1b1,Ar,COPD,3,test,/Users/vs/Sem 5/Respiratory-Disease-Classification/data/processed/audio/cycles/109/1b1_Ar_003.wav,validation
109,1b1,Ar,COPD,3,test,/Users/vs/Sem 5/Respiratory-Disease-Classification/data/processed/audio/cycles/109/1b1_Ar_004.wav,validation
109,1b1,Ar,COPD,3,test,/Users/vs/Sem 5/Respiratory-Disease-Classification/data/processed/audio/cycles/109/1b1_Ar_005.wav,validation
109,1b1,Ar,COPD,3,test,/Users/vs/Sem 5/Respiratory-Disease-Classification/data/processed/audio/cycles/109/1b1_Ar_006.wav,validation
109,1b1,Ar,COPD,3,test,/Users/vs/Sem 5/Respiratory-Disease-Classification/data/processed/audio/cycles/109/1b1_Ar_007.wav,validation
109,1b1,Ar,COPD,3,test,/Users/vs/Sem 5/Respiratory-Disease-Classification/data/processed/audio/cycles/109/1b1_Ar_008.wav,validation
109,1b1,Ar,COPD,3,test,/Users/vs/Sem 5/Respiratory-Disease-Classification/data/processed/audio/cycles/109/1b1_Ar_009.wav,validation
109,1b1,Ar,COPD,3,test,/Users/vs/Sem 5/Respiratory-Disease-Classification/data/processed/audio/cycles/109/1b1_Ar_010.wav,validation
109,1b1,Ll,COPD,3,test,/Users/vs/Sem 5/Respiratory-Disease-Classification/data/processed/audio/cycles/109/1b1_Ll_001.wav,validation
109,1b1,Ll,COPD,3,test,/Users/vs/Sem 5/Respiratory-Disease-Classification/data/processed/audio/cycles/109/1b1_Ll_002.wav,validation
109,1b1,Ll,COPD,3,test,/Users/vs/Sem 5/Respiratory-Disease-Classification/data/processed/audio/cycles/109/1b1_Ll_003.wav,validation
109,1b1,Ll,COPD,3,test,/Users/vs/Sem 5/Respiratory-Disease-Classification/data/processed/audio/cycles/109/1b1_Ll_004.wav,validation
109,1b1,Ll,COPD,3,test,/Users/vs/Sem 5/Respiratory-Disease-Classification/data/processed/audio/cycles/109/1b1_Ll_005.wav,validation
109,1b1,Ll,COPD,3,test,/Users/vs/Sem 5/Respiratory-Disease-Classification/data/processed/audio/cycles/109/1b1_Ll_006.wav,validation
109,1b1,Ll,COPD,3,test,/Users/vs/Sem 5/Respiratory-Disease-Classification/data/processed/audio/cycles/109/1b1_Ll_007.wav,validation
109,1b1,Ll,COPD,3,test,/Users/vs/Sem 5/Respiratory-Disease-Classification/data/processed/audio/cycles/109/1b1_Ll_008.wav,validation
109,1b1,Lr,COPD,3,test,/Users/vs/Sem 5/Respiratory-Disease-Classification/data/processed/audio/cycles/109/1b1_Lr_001.wav,validation
109,1b1,Lr,COPD,3,test,/Users/vs/Sem 5/Respiratory-Disease-Classification/data/processed/audio/cycles/109/1b1_Lr_002.wav,validation
109,1b1,Lr,COPD,3,test,/Users/vs/Sem 5/Respiratory-Disease-Classification/data/processed/audio/cycles/109/1b1_Lr_003.wav,validation
109,1b1,Lr,COPD,3,test,/Users/vs/Sem 5/Respiratory-Disease-Classification/data/processed/audio/cycles/109/1b1_Lr_004.wav,validation
109,1b1,Lr,COPD,3,test,/Users/vs/Sem 5/Respiratory-Disease-Classification/data/processed/audio/cycles/109/1b1_Lr_005.wav,validation
109,1b1,Lr,COPD,3,test,/Users/vs/Sem 5/Respiratory-Disease-Classification/data/processed/audio/cycles/109/1b1_Lr_006.wav,validation
109,1b1,Lr,COPD,3,test,/Users/vs/Sem 5/Respiratory-Disease-Classification/data/processed/audio/cycles/109/1b1_Lr_007.wav,validation
109,1b1,Lr,COPD,3,test,/Users/vs/Sem 5/Respiratory-Disease-Classification/data/processed/audio/cycles/109/1b1_Lr_008.wav,validation
109,1b1,Pl,COPD,3,test,/Users/vs/Sem 5/Respiratory-Disease-Classification/data/processed/audio/cycles/109/1b1_Pl_001.wav,validation
109,1b1,Pl,COPD,3,test,/Users/vs/Sem 5/Respiratory-Disease-Classification/data/processed/audio/cycles/109/1b1_Pl_002.wav,validation
109,1b1,Pl,COPD,3,test,/Users/vs/Sem 5/Respiratory-Disease-Classification/data/processed/audio/cycles/109/1b1_Pl_003.wav,validation
109,1b1,Pl,COPD,3,test,/Users/vs/Sem 5/Respiratory-Disease-Classification/data/processed/audio/cycles/109/1b1_Pl_004.wav,validation
109,1b1,Pl,COPD,3,test,/Users/vs/Sem 5/Respiratory-Disease-Classification/data/processed/audio/cycles/109/1b1_Pl_005.wav,validation
109,1b1,Pl,COPD,3,test,/Users/vs/Sem 5/Respiratory-Disease-Classification/data/processed/audio/cycles/109/1b1_Pl_006.wav,validation
109,1b1,Pl,COPD,3,test,/Users/vs/Sem 5/Respiratory-Disease-Classification/data/processed/audio/cycles/109/1b1_Pl_007.wav,validation
109,1b1,Pl,COPD,3,test,/Users/vs/Sem 5/Respiratory-Disease-Classification/data/processed/audio/cycles/109/1b1_Pl_008.wav,validation
109,1b1,Pl,COPD,3,test,/Users/vs/Sem 5/Respiratory-Disease-Classification/data/processed/audio/cycles/109/1b1_Pl_009.wav,validation
109,1b1,Pr,COPD,3,test,/Users/vs/Sem 5/Respiratory-Disease-Classification/data/processed/audio/cycles/109/1b1_Pr_001.wav,validation
109,1b1,Pr,COPD,3,test,/Users/vs/Sem 5/Respiratory-Disease-Classification/data/processed/audio/cycles/109/1b1_Pr_002.wav,validation
109,1b1,Pr,COPD,3,test,/Users/vs/Sem 5/Respiratory-Disease-Classification/data/processed/audio/cycles/109/1b1_Pr_003.wav,validation
109,1b1,Pr,COPD,3,test,/Users/vs/Sem 5/Respiratory-Disease-Classification/data/processed/audio/cycles/109/1b1_Pr_004.wav,validation
109,1b1,Pr,COPD,3,test,/Users/vs/Sem 5/Respiratory-Disease-Classification/data/processed/audio/cycles/109/1b1_Pr_005.wav,validation
109,1b1,Pr,COPD,3,test,/Users/vs/Sem 5/Respiratory-Disease-Classification/data/processed/audio/cycles/109/1b1_Pr_006.wav,validation
109,1b1,Pr,COPD,3,test,/Users/vs/Sem 5/Respiratory-Disease-Classification/data/processed/audio/cycles/109/1b1_Pr_007.wav,validation
109,1b1,Pr,COPD,3,test,/Users/vs/Sem 5/Respiratory-Disease-Classification/data/processed/audio/cycles/109/1b1_Pr_008.wav,validation
109,1b1,Pr,COPD,3,test,/Users/vs/Sem 5/Respiratory-Disease-Classification/data/processed/audio/cycles/109/1b1_Pr_009.wav,validation
109,1b1,Pr,COPD,3,test,/Users/vs/Sem 5/Respiratory-Disease-Classification/data/processed/audio/cycles/109/1b1_Pr_010.wav,validation
109,1b1,Pr,COPD,3,test,/Users/vs/Sem 5/Respiratory-Disease-Classification/data/processed/audio/cycles/109/1b1_Pr_011.wav,validation
109,1b1,Pr,COPD,3,test,/Users/vs/Sem 5/Respiratory-Disease-Classification/data/processed/audio/cycles/109/1b1_Pr_012.wav,validation
109,1b1,Pr,COPD,3,test,/Users/vs/Sem 5/Respiratory-Disease-Classification/data/processed/audio/cycles/109/1b1_Pr_013.wav,validation
109,1b1,Pr,COPD,3,test,/Users/vs/Sem 5/Respiratory-Disease-Classification/data/processed/audio/cycles/109/1b1_Pr_014.wav,validation
109,1b1,Pr,COPD,3,test,/Users/vs/Sem 5/Respiratory-Disease-Classification/data/processed/audio/cycles/109/1b1_Pr_015.wav,validation
109,1b1,Pr,COPD,3,test,/Users/vs/Sem 5/Respiratory-Disease-Classification/data/processed/audio/cycles/109/1b1_Pr_016.wav,validation
109,1b1,Pr,COPD,3,test,/Users/vs/Sem 5/Respiratory-Disease-Classification/data/processed/audio/cycles/109/1b1_Pr_017.wav,validation
110,1b1,Pr,COPD,3,train,/Users/vs/Sem 5/Respiratory-Disease-Classification/data/processed/audio/cycles/110/1b1_Pr_001.wav,validation
110,1b1,Pr,COPD,3,train,/Users/vs/Sem 5/Respiratory-Disease-Classification/data/processed/audio/cycles/110/1b1_Pr_002.wav,validation
110,1b1,Pr,COPD,3,train,/Users/vs/Sem 5/Respiratory-Disease-Classification/data/processed/audio/cycles/110/1b1_Pr_003.wav,validation
110,1b1,Pr,COPD,3,train,/Users/vs/Sem 5/Respiratory-Disease-Classification/data/processed/audio/cycles/110/1b1_Pr_004.wav,validation
110,1b1,Pr,COPD,3,train,/Users/vs/Sem 5/Respiratory-Disease-Classification/data/processed/audio/cycles/110/1b1_Pr_005.wav,validation
110,1b1,Pr,COPD,3,train,/Users/vs/Sem 5/Respiratory-Disease-Classification/data/processed/audio/cycles/110/1b1_Pr_006.wav,validation
110,1b1,Pr,COPD,3,train,/Users/vs/Sem 5/Respiratory-Disease-Classification/data/processed/audio/cycles/110/1b1_Pr_007.wav,validation
110,1b1,Pr,COPD,3,train,/Users/vs/Sem 5/Respiratory-Disease-Classification/data/processed/audio/cycles/110/1b1_Pr_008.wav,validation
110,1b1,Pr,COPD,3,train,/Users/vs/Sem 5/Respiratory-Disease-Classification/data/processed/audio/cycles/110/1b1_Pr_009.wav,validation
110,1b1,Pr,COPD,3,train,/Users/vs/Sem 5/Respiratory-Disease-Classification/data/processed/audio/cycles/110/1b1_Pr_010.wav,validation
110,1b1,Pr,COPD,3,train,/Users/vs/Sem 5/Respiratory-Disease-Classification/data/processed/audio/cycles/110/1b1_Pr_011.wav,validation
110,1b1,Pr,COPD,3,train,/Users/vs/Sem 5/Respiratory-Disease-Classification/data/processed/audio/cycles/110/1b1_Pr_012.wav,validation
110,1b1,Pr,COPD,3,train,/Users/vs/Sem 5/Respiratory-Disease-Classification/data/processed/audio/cycles/110/1b1_Pr_013.wav,validation
110,1b1,Pr,COPD,3,train,/Users/vs/Sem 5/Respiratory-Disease-Classification/data/processed/audio/cycles/110/1b1_Pr_014.wav,validation
110,1b1,Pr,COPD,3,train,/Users/vs/Sem 5/Respiratory-Disease-Classification/data/processed/audio/cycles/110/1b1_Pr_015.wav,validation
110,1p1,Al,COPD,3,train,/Users/vs/Sem 5/Respiratory-Disease-Classification/data/processed/audio/cycles/110/1p1_Al_001.wav,validation
110,1p1,Al,COPD,3,train,/Users/vs/Sem 5/Respiratory-Disease-Classification/data/processed/audio/cycles/110/1p1_Al_002.wav,validation
110,1p1,Al,COPD,3,train,/Users/vs/Sem 5/Respiratory-Disease-Classification/data/processed/audio/cycles/110/1p1_Al_003.wav,validation
110,1p1,Al,COPD,3,train,/Users/vs/Sem 5/Respiratory-Disease-Classification/data/processed/audio/cycles/110/1p1_Al_004.wav,validation
110,1p1,Al,COPD,3,train,/Users/vs/Sem 5/Respiratory-Disease-Classification/data/processed/audio/cycles/110/1p1_Al_005.wav,validation
110,1p1,Al,COPD,3,train,/Users/vs/Sem 5/Respiratory-Disease-Classification/data/processed/audio/cycles/110/1p1_Al_006.wav,validation
110,1p1,Al,COPD,3,train,/Users/vs/Sem 5/Respiratory-Disease-Classification/data/processed/audio/cycles/110/1p1_Al_007.wav,validation
110,1p1,Ll,COPD,3,train,/Users/vs/Sem 5/Respiratory-Disease-Classification/data/processed/audio/cycles/110/1p1_Ll_001.wav,validation
110,1p1,Ll,COPD,3,train,/Users/vs/Sem 5/Respiratory-Disease-Classification/data/processed/audio/cycles/110/1p1_Ll_002.wav,validation
110,1p1,Ll,COPD,3,train,/Users/vs/Sem 5/Respiratory-Disease-Classification/data/processed/audio/cycles/110/1p1_Ll_003.wav,validation
110,1p1,Ll,COPD,3,train,/Users/vs/Sem 5/Respiratory-Disease-Classification/data/processed/audio/cycles/110/1p1_Ll_004.wav,validation
110,1p1,Ll,COPD,3,train,/Users/vs/Sem 5/Respiratory-Disease-Classification/data/processed/audio/cycles/110/1p1_Ll_005.wav,validation
110,1p1,Ll,COPD,3,train,/Users/vs/Sem 5/Respiratory-Disease-Classification/data/processed/audio/cycles/110/1p1_Ll_006.wav,validation
110,1p1,Ll,COPD,3,train,/Users/vs/Sem 5/Respiratory-Disease-Classification/data/processed/audio/cycles/110/1p1_Ll_007.wav,validation
110,1p1,Lr,COPD,3,train,/Users/vs/Sem 5/Respiratory-Disease-Classification/data/processed/audio/cycles/110/1p1_Lr_001.wav,validation
110,1p1,Lr,COPD,3,train,/Users/vs/Sem 5/Respiratory-Disease-Classification/data/processed/audio/cycles/110/1p1_Lr_002.wav,validation
110,1p1,Lr,COPD,3,train,/Users/vs/Sem 5/Respiratory-Disease-Classification/data/processed/audio/cycles/110/1p1_Lr_003.wav,validation
110,1p1,Lr,COPD,3,train,/Users/vs/Sem 5/Respiratory-Disease-Classification/data/processed/audio/cycles/110/1p1_Lr_004.wav,validation
110,1p1,Lr,COPD,3,train,/Users/vs/Sem 5/Respiratory-Disease-Classification/data/processed/audio/cycles/110/1p1_Lr_005.wav,validation
110,1p1,Lr,COPD,3,train,/Users/vs/Sem 5/Respiratory-Disease-Classification/data/processed/audio/cycles/110/1p1_Lr_006.wav,validation
110,1p1,Lr,COPD,3,train,/Users/vs/Sem 5/Respiratory-Disease-Classification/data/processed/audio/cycles/110/1p1_Lr_007.wav,validation
110,1p1,Pr,COPD,3,train,/Users/vs/Sem 5/Respiratory-Disease-Classification/data/processed/audio/cycles/110/1p1_Pr_001.wav,validation
110,1p1,Pr,COPD,3,train,/Users/vs/Sem 5/Respiratory-Disease-Classification/data/processed/audio/cycles/110/1p1_Pr_002.wav,validation
110,1p1,Pr,COPD,3,train,/Users/vs/Sem 5/Respiratory-Disease-Classification/data/processed/audio/cycles/110/1p1_Pr_003.wav,validation
110,1p1,Pr,COPD,3,train,/Users/vs/Sem 5/Respiratory-Disease-Classification/data/processed/audio/cycles/110/1p1_Pr_004.wav,validation
110,1p1,Pr,COPD,3,train,/Users/vs/Sem 5/Respiratory-Disease-Classification/data/processed/audio/cycles/110/1p1_Pr_005.wav,validation
110,1p1,Pr,COPD,3,train,/Users/vs/Sem 5/Respiratory-Disease-Classification/data/processed/audio/cycles/110/1p1_Pr_006.wav,validation
110,1p1,Pr,COPD,3,train,/Users/vs/Sem 5/Respiratory-Disease-Classification/data/processed/audio/cycles/110/1p1_Pr_007.wav,validation
110,1p1,Pr,COPD,3,train,/Users/vs/Sem 5/Respiratory-Disease-Classification/data/processed/audio/cycles/110/1p1_Pr_008.wav,validation
110,1p1,Pr,COPD,3,train,/Users/vs/Sem 5/Respiratory-Disease-Classification/data/processed/audio/cycles/110/1p1_Pr_009.wav,validation
110,1p1,Pr,COPD,3,train,/Users/vs/Sem 5/Respiratory-Disease-Classification/data/processed/audio/cycles/110/1p1_Pr_010.wav,validation
110,1p1,Pr,COPD,3,train,/Users/vs/Sem 5/Respiratory-Disease-Classification/data/processed/audio/cycles/110/1p1_Pr_011.wav,validation
110,1p1,Pr,COPD,3,train,/Users/vs/Sem 5/Respiratory-Disease-Classification/data/processed/audio/cycles/110/1p1_Pr_012.wav,validation
110,1p1,Pr,COPD,3,train,/Users/vs/Sem 5/Respiratory-Disease-Classification/data/processed/audio/cycles/110/1p1_Pr_013.wav,validation
110,1p1,Pr,COPD,3,train,/Users/vs/Sem 5/Respiratory-Disease-Classification/data/processed/audio/cycles/110/1p1_Pr_014.wav,validation
110,1p1,Pr,COPD,3,train,/Users/vs/Sem 5/Respiratory-Disease-Classification/data/processed/audio/cycles/110/1p1_Pr_015.wav,validation
110,1p1,Pr,COPD,3,train,/Users/vs/Sem 5/Respiratory-Disease-Classification/data/processed/audio/cycles/110/1p1_Pr_016.wav,validation
111,1b2,Tc,Bronchiectasis,1,train,/Users/vs/Sem 5/Respiratory-Disease-Classification/data/processed/audio/cycles/111/1b2_Tc_001.wav,train
111,1b2,Tc,Bronchiectasis,1,train,/Users/vs/Sem 5/Respiratory-Disease-Classification/data/processed/audio/cycles/111/1b2_Tc_002.wav,train
111,1b2,Tc,Bronchiectasis,1,train,/Users/vs/Sem 5/Respiratory-Disease-Classification/data/processed/audio/cycles/111/1b2_Tc_003.wav,train
111,1b2,Tc,Bronchiectasis,1,train,/Users/vs/Sem 5/Respiratory-Disease-Classification/data/processed/audio/cycles/111/1b2_Tc_004.wav,train
111,1b2,Tc,Bronchiectasis,1,train,/Users/vs/Sem 5/Respiratory-Disease-Classification/data/processed/audio/cycles/111/1b2_Tc_005.wav,train
111,1b2,Tc,Bronchiectasis,1,train,/Users/vs/Sem 5/Respiratory-Disease-Classification/data/processed/audio/cycles/111/1b2_Tc_006.wav,train
111,1b2,Tc,Bronchiectasis,1,train,/Users/vs/Sem 5/Respiratory-Disease-Classification/data/processed/audio/cycles/111/1b2_Tc_007.wav,train
111,1b2,Tc,Bronchiectasis,1,train,/Users/vs/Sem 5/Respiratory-Disease-Classification/data/processed/audio/cycles/111/1b2_Tc_008.wav,train
111,1b3,Tc,Bronchiectasis,1,train,/Users/vs/Sem 5/Respiratory-Disease-Classification/data/processed/audio/cycles/111/1b3_Tc_001.wav,train
111,1b3,Tc,Bronchiectasis,1,train,/Users/vs/Sem 5/Respiratory-Disease-Classification/data/processed/audio/cycles/111/1b3_Tc_002.wav,train
111,1b3,Tc,Bronchiectasis,1,train,/Users/vs/Sem 5/Respiratory-Disease-Classification/data/processed/audio/cycles/111/1b3_Tc_003.wav,train
111,1b3,Tc,Bronchiectasis,1,train,/Users/vs/Sem 5/Respiratory-Disease-Classification/data/processed/audio/cycles/111/1b3_Tc_004.wav,train
111,1b3,Tc,Bronchiectasis,1,train,/Users/vs/Sem 5/Respiratory-Disease-Classification/data/processed/audio/cycles/111/1b3_Tc_005.wav,train
111,1b3,Tc,Bronchiectasis,1,train,/Users/vs/Sem 5/Respiratory-Disease-Classification/data/processed/audio/cycles/111/1b3_Tc_006.wav,train
111,1b3,Tc,Bronchiectasis,1,train,/Users/vs/Sem 5/Respiratory-Disease-Classification/data/processed/audio/cycles/111/1b3_Tc_007.wav,train
111,1b3,Tc,Bronchiectasis,1,train,/Users/vs/Sem 5/Respiratory-Disease-Classification/data/processed/audio/cycles/111/1b3_Tc_008.wav,train
111,1b3,Tc,Bronchiectasis,1,train,/Users/vs/Sem 5/Respiratory-Disease-Classification/data/processed/audio/cycles/111/1b3_Tc_009.wav,train
112,1b1,Ar,COPD,3,train,/Users/vs/Sem 5/Respiratory-Disease-Classification/data/processed/audio/cycles/112/1b1_Ar_001.wav,train
112,1b1,Ar,COPD,3,train,/Users/vs/Sem 5/Respiratory-Disease-Classification/data/processed/audio/cycles/112/1b1_Ar_002.wav,train
112,1b1,Ar,COPD,3,train,/Users/vs/Sem 5/Respiratory-Disease-Classification/data/processed/audio/cycles/112/1b1_Ar_003.wav,train
112,1b1,Ar,COPD,3,train,/Users/vs/Sem 5/Respiratory-Disease-Classification/data/processed/audio/cycles/112/1b1_Ar_004.wav,train
112,1b1,Ar,COPD,3,train,/Users/vs/Sem 5/Respiratory-Disease-Classification/data/processed/audio/cycles/112/1b1_Ar_005.wav,train
112,1b1,Ar,COPD,3,train,/Users/vs/Sem 5/Respiratory-Disease-Classification/data/processed/audio/cycles/112/1b1_Ar_006.wav,train
112,1b1,Ar,COPD,3,train,/Users/vs/Sem 5/Respiratory-Disease-Classification/data/processed/audio/cycles/112/1b1_Ar_007.wav,train
112,1b1,Ar,COPD,3,train,/Users/vs/Sem 5/Respiratory-Disease-Classification/data/processed/audio/cycles/112/1b1_Ar_008.wav,train
112,1b1,Ar,COPD,3,train,/Users/vs/Sem 5/Respiratory-Disease-Classification/data/processed/audio/cycles/112/1b1_Ar_009.wav,train
112,1b1,Ar,COPD,3,train,/Users/vs/Sem 5/Respiratory-Disease-Classification/data/processed/audio/cycles/112/1b1_Ar_010.wav,train
112,1b1,Ar,COPD,3,train,/Users/vs/Sem 5/Respiratory-Disease-Classification/data/processed/audio/cycles/112/1b1_Ar_011.wav,train
112,1b1,Ar,COPD,3,train,/Users/vs/Sem 5/Respiratory-Disease-Classification/data/processed/audio/cycles/112/1b1_Ar_012.wav,train
112,1b1,Ar,COPD,3,train,/Users/vs/Sem 5/Respiratory-Disease-Classification/data/processed/audio/cycles/112/1b1_Ar_013.wav,train
112,1b1,Ar,COPD,3,train,/Users/vs/Sem 5/Respiratory-Disease-Classification/data/processed/audio/cycles/112/1b1_Ar_014.wav,train
112,1b1,Ar,COPD,3,train,/Users/vs/Sem 5/Respiratory-Disease-Classification/data/processed/audio/cycles/112/1b1_Ar_015.wav,train
112,1b1,Ar,COPD,3,train,/Users/vs/Sem 5/Respiratory-Disease-Classification/data/processed/audio/cycles/112/1b1_Ar_016.wav,train
112,1b1,Ar,COPD,3,train,/Users/vs/Sem 5/Respiratory-Disease-Classification/data/processed/audio/cycles/112/1b1_Ar_017.wav,train
112,1b1,Lr,COPD,3,train,/Users/vs/Sem 5/Respiratory-Disease-Classification/data/processed/audio/cycles/112/1b1_Lr_001.wav,train
112,1b1,Lr,COPD,3,train,/Users/vs/Sem 5/Respiratory-Disease-Classification/data/processed/audio/cycles/112/1b1_Lr_002.wav,train
112,1b1,Lr,COPD,3,train,/Users/vs/Sem 5/Respiratory-Disease-Classification/data/processed/audio/cycles/112/1b1_Lr_003.wav,train
112,1b1,Lr,COPD,3,train,/Users/vs/Sem 5/Respiratory-Disease-Classification/data/processed/audio/cycles/112/1b1_Lr_004.wav,train
112,1b1,Lr,COPD,3,train,/Users/vs/Sem 5/Respiratory-Disease-Classification/data/processed/audio/cycles/112/1b1_Lr_005.wav,train
112,1b1,Lr,COPD,3,train,/Users/vs/Sem 5/Respiratory-Disease-Classification/data/processed/audio/cycles/112/1b1_Lr_006.wav,train
112,1b1,Lr,COPD,3,train,/Users/vs/Sem 5/Respiratory-Disease-Classification/data/processed/audio/cycles/112/1b1_Lr_007.wav,train
112,1b1,Lr,COPD,3,train,/Users/vs/Sem 5/Respiratory-Disease-Classification/data/processed/audio/cycles/112/1b1_Lr_008.wav,train
112,1b1,Lr,COPD,3,train,/Users/vs/Sem 5/Respiratory-Disease-Classification/data/processed/audio/cycles/112/1b1_Lr_009.wav,train
112,1b1,Lr,COPD,3,train,/Users/vs/Sem 5/Respiratory-Disease-Classification/data/processed/audio/cycles/112/1b1_Lr_010.wav,train
112,1b1,Lr,COPD,3,train,/Users/vs/Sem 5/Respiratory-Disease-Classification/data/processed/audio/cycles/112/1b1_Lr_011.wav,train
112,1b1,Lr,COPD,3,train,/Users/vs/Sem 5/Respiratory-Disease-Classification/data/processed/audio/cycles/112/1b1_Lr_012.wav,train
112,1p1,Ll,COPD,3,train,/Users/vs/Sem 5/Respiratory-Disease-Classification/data/processed/audio/cycles/112/1p1_Ll_001.wav,train
112,1p1,Ll,COPD,3,train,/Users/vs/Sem 5/Respiratory-Disease-Classification/data/processed/audio/cycles/112/1p1_Ll_002.wav,train
112,1p1,Ll,COPD,3,train,/Users/vs/Sem 5/Respiratory-Disease-Classification/data/processed/audio/cycles/112/1p1_Ll_003.wav,train
112,1p1,Ll,COPD,3,train,/Users/vs/Sem 5/Respiratory-Disease-Classification/data/processed/audio/cycles/112/1p1_Ll_004.wav,train
112,1p1,Ll,COPD,3,train,/Users/vs/Sem 5/Respiratory-Disease-Classification/data/processed/audio/cycles/112/1p1_Ll_005.wav,train
112,1p1,Ll,COPD,3,train,/Users/vs/Sem 5/Respiratory-Disease-Classification/data/processed/audio/cycles/112/1p1_Ll_006.wav,train
112,1p1,Ll,COPD,3,train,/Users/vs/Sem 5/Respiratory-Disease-Classification/data/processed/audio/cycles/112/1p1_Ll_007.wav,train
112,1p1,Ll,COPD,3,train,/Users/vs/Sem 5/Respiratory-Disease-Classification/data/processed/audio/cycles/112/1p1_Ll_008.wav,train
112,1p1,Ll,COPD,3,train,/Users/vs/Sem 5/Respiratory-Disease-Classification/data/processed/audio/cycles/112/1p1_Ll_009.wav,train
112,1p1,Ll,COPD,3,train,/Users/vs/Sem 5/Respiratory-Disease-Classification/data/processed/audio/cycles/112/1p1_Ll_010.wav,train
112,1p1,Pl,COPD,3,train,/Users/vs/Sem 5/Respiratory-Disease-Classification/data/processed/audio/cycles/112/1p1_Pl_001.wav,train
112,1p1,Pl,COPD,3,train,/Users/vs/Sem 5/Respiratory-Disease-Classification/data/processed/audio/cycles/112/1p1_Pl_002.wav,train
112,1p1,Pl,COPD,3,train,/Users/vs/Sem 5/Respiratory-Disease-Classification/data/processed/audio/cycles/112/1p1_Pl_003.wav,train
112,1p1,Pl,COPD,3,train,/Users/vs/Sem 5/Respiratory-Disease-Classification/data/processed/audio/cycles/112/1p1_Pl_004.wav,train
112,1p1,Pl,COPD,3,train,/Users/vs/Sem 5/Respiratory-Disease-Classification/data/processed/audio/cycles/112/1p1_Pl_005.wav,train
112,1p1,Pl,COPD,3,train,/Users/vs/Sem 5/Respiratory-Disease-Classification/data/processed/audio/cycles/112/1p1_Pl_006.wav,train
112,1p1,Pl,COPD,3,train,/Users/vs/Sem 5/Respiratory-Disease-Classification/data/processed/audio/cycles/112/1p1_Pl_007.wav,train
112,1p1,Pl,COPD,3,train,/Users/vs/Sem 5/Respiratory-Disease-Classification/data/processed/audio/cycles/112/1p1_Pl_008.wav,train
112,1p1,Pl,COPD,3,train,/Users/vs/Sem 5/Respiratory-Disease-Classification/data/processed/audio/cycles/112/1p1_Pl_009.wav,train
112,1p1,Pr,COPD,3,train,/Users/vs/Sem 5/Respiratory-Disease-Classification/data/processed/audio/cycles/112/1p1_Pr_001.wav,train
112,1p1,Pr,COPD,3,train,/Users/vs/Sem 5/Respiratory-Disease-Classification/data/processed/audio/cycles/112/1p1_Pr_002.wav,train
112,1p1,Pr,COPD,3,train,/Users/vs/Sem 5/Respiratory-Disease-Classification/data/processed/audio/cycles/112/1p1_Pr_003.wav,train
112,1p1,Pr,COPD,3,train,/Users/vs/Sem 5/Respiratory-Disease-Classification/data/processed/audio/cycles/112/1p1_Pr_004.wav,train
112,1p1,Pr,COPD,3,train,/Users/vs/Sem 5/Respiratory-Disease-Classification/data/processed/audio/cycles/112/1p1_Pr_005.wav,train
112,1p1,Pr,COPD,3,train,/Users/vs/Sem 5/Respiratory-Disease-Classification/data/processed/audio/cycles/112/1p1_Pr_006.wav,train
112,1p1,Pr,COPD,3,train,/Users/vs/Sem 5/Respiratory-Disease-Classification/data/processed/audio/cycles/112/1p1_Pr_007.wav,train
112,1p1,Pr,COPD,3,train,/Users/vs/Sem 5/Respiratory-Disease-Classification/data/processed/audio/cycles/112/1p1_Pr_008.wav,train
112,1p1,Pr,COPD,3,train,/Users/vs/Sem 5/Respiratory-Disease-Classification/data/processed/audio/cycles/112/1p1_Pr_009.wav,train
113,1b1,Al,COPD,3,test,/Users/vs/Sem 5/Respiratory-Disease-Classification/data/processed/audio/cycles/113/1b1_Al_001.wav,train
113,1b1,Al,COPD,3,test,/Users/vs/Sem 5/Respiratory-Disease-Classification/data/processed/audio/cycles/113/1b1_Al_002.wav,train
113,1b1,Al,COPD,3,test,/Users/vs/Sem 5/Respiratory-Disease-Classification/data/processed/audio/cycles/113/1b1_Al_003.wav,train
113,1b1,Al,COPD,3,test,/Users/vs/Sem 5/Respiratory-Disease-Classification/data/processed/audio/cycles/113/1b1_Al_004.wav,train
113,1b1,Al,COPD,3,test,/Users/vs/Sem 5/Respiratory-Disease-Classification/data/processed/audio/cycles/113/1b1_Al_005.wav,train
113,1b1,Al,COPD,3,test,/Users/vs/Sem 5/Respiratory-Disease-Classification/data/processed/audio/cycles/113/1b1_Al_006.wav,train
113,1b1,Al,COPD,3,test,/Users/vs/Sem 5/Respiratory-Disease-Classification/data/processed/audio/cycles/113/1b1_Al_007.wav,train
113,1b1,Ar,COPD,3,test,/Users/vs/Sem 5/Respiratory-Disease-Classification/data/processed/audio/cycles/113/1b1_Ar_001.wav,train
113,1b1,Ar,COPD,3,test,/Users/vs/Sem 5/Respiratory-Disease-Classification/data/processed/audio/cycles/113/1b1_Ar_002.wav,train
113,1b1,Ar,COPD,3,test,/Users/vs/Sem 5/Respiratory-Disease-Classification/data/processed/audio/cycles/113/1b1_Ar_003.wav,train
113,1b1,Ar,COPD,3,test,/Users/vs/Sem 5/Respiratory-Disease-Classification/data/processed/audio/cycles/113/1b1_Ar_004.wav,train
113,1b1,Ar,COPD,3,test,/Users/vs/Sem 5/Respiratory-Disease-Classification/data/processed/audio/cycles/113/1b1_Ar_005.wav,train
113,1b1,Ar,COPD,3,test,/Users/vs/Sem 5/Respiratory-Disease-Classification/data/processed/audio/cycles/113/1b1_Ar_006.wav,train
113,1b1,Ar,COPD,3,test,/Users/vs/Sem 5/Respiratory-Disease-Classification/data/processed/audio/cycles/113/1b1_Ar_007.wav,train
113,1b1,Ar,COPD,3,test,/Users/vs/Sem 5/Respiratory-Disease-Classification/data/processed/audio/cycles/113/1b1_Ar_008.wav,train
113,1b1,Ll,COPD,3,test,/Users/vs/Sem 5/Respiratory-Disease-Classification/data/processed/audio/cycles/113/1b1_Ll_001.wav,train
113,1b1,Ll,COPD,3,test,/Users/vs/Sem 5/Respiratory-Disease-Classification/data/processed/audio/cycles/113/1b1_Ll_002.wav,train
113,1b1,Ll,COPD,3,test,/Users/vs/Sem 5/Respiratory-Disease-Classification/data/processed/audio/cycles/113/1b1_Ll_003.wav,train
113,1b1,Ll,COPD,3,test,/Users/vs/Sem 5/Respiratory-Disease-Classification/data/processed/audio/cycles/113/1b1_Ll_004.wav,train
113,1b1,Ll,COPD,3,test,/Users/vs/Sem 5/Respiratory-Disease-Classification/data/processed/audio/cycles/113/1b1_Ll_005.wav,train
113,1b1,Ll,COPD,3,test,/Users/vs/Sem 5/Respiratory-Disease-Classification/data/processed/audio/cycles/113/1b1_Ll_006.wav,train
113,1b1,Ll,COPD,3,test,/Users/vs/Sem 5/Respiratory-Disease-Classification/data/processed/audio/cycles/113/1b1_Ll_007.wav,train
113,1b1,Ll,COPD,3,test,/Users/vs/Sem 5/Respiratory-Disease-Classification/data/processed/audio/cycles/113/1b1_Ll_008.wav,train
113,1b1,Ll,COPD,3,test,/Users/vs/Sem 5/Respiratory-Disease-Classification/data/processed/audio/cycles/113/1b1_Ll_009.wav,train
113,1b1,Ll,COPD,3,test,/Users/vs/Sem 5/Respiratory-Disease-Classification/data/processed/audio/cycles/113/1b1_Ll_010.wav,train
113,1b1,Ll,COPD,3,test,/Users/vs/Sem 5/Respiratory-Disease-Classification/data/processed/audio/cycles/113/1b1_Ll_011.wav,train
113,1b1,Lr,COPD,3,test,/Users/vs/Sem 5/Respiratory-Disease-Classification/data/processed/audio/cycles/113/1b1_Lr_001.wav,train
113,1b1,Lr,COPD,3,test,/Users/vs/Sem 5/Respiratory-Disease-Classification/data/processed/audio/cycles/113/1b1_Lr_002.wav,train
113,1b1,Lr,COPD,3,test,/Users/vs/Sem 5/Respiratory-Disease-Classification/data/processed/audio/cycles/113/1b1_Lr_003.wav,train
113,1b1,Lr,COPD,3,test,/Users/vs/Sem 5/Respiratory-Disease-Classification/data/processed/audio/cycles/113/1b1_Lr_004.wav,train
113,1b1,Lr,COPD,3,test,/Users/vs/Sem 5/Respiratory-Disease-Classification/data/processed/audio/cycles/113/1b1_Lr_005.wav,train
113,1b1,Lr,COPD,3,test,/Users/vs/Sem 5/Respiratory-Disease-Classification/data/processed/audio/cycles/113/1b1_Lr_006.wav,train
113,1b1,Lr,COPD,3,test,/Users/vs/Sem 5/Respiratory-Disease-Classification/data/processed/audio/cycles/113/1b1_Lr_007.wav,train
113,1b1,Pl,COPD,3,test,/Users/vs/Sem 5/Respiratory-Disease-Classification/data/processed/audio/cycles/113/1b1_Pl_001.wav,train
113,1b1,Pl,COPD,3,test,/Users/vs/Sem 5/Respiratory-Disease-Classification/data/processed/audio/cycles/113/1b1_Pl_002.wav,train
113,1b1,Pl,COPD,3,test,/Users/vs/Sem 5/Respiratory-Disease-Classification/data/processed/audio/cycles/113/1b1_Pl_003.wav,train
113,1b1,Pl,COPD,3,test,/Users/vs/Sem 5/Respiratory-Disease-Classification/data/processed/audio/cycles/113/1b1_Pl_004.wav,train
113,1b1,Pl,COPD,3,test,/Users/vs/Sem 5/Respiratory-Disease-Classification/data/processed/audio/cycles/113/1b1_Pl_005.wav,train
113,1b1,Pl,COPD,3,test,/Users/vs/Sem 5/Respiratory-Disease-Classification/data/processed/audio/cycles/113/1b1_Pl_006.wav,train
113,1b1,Pl,COPD,3,test,/Users/vs/Sem 5/Respiratory-Disease-Classification/data/processed/audio/cycles/113/1b1_Pl_007.wav,train
113,1b1,Pl,COPD,3,test,/Users/vs/Sem 5/Respiratory-Disease-Classification/data/processed/audio/cycles/113/1b1_Pl_008.wav,train
113,1b1,Pr,COPD,3,test,/Users/vs/Sem 5/Respiratory-Disease-Classification/data/processed/audio/cycles/113/1b1_Pr_001.wav,train
113,1b1,Pr,COPD,3,test,/Users/vs/Sem 5/Respiratory-Disease-Classification/data/processed/audio/cycles/113/1b1_Pr_002.wav,train
113,1b1,Pr,COPD,3,test,/Users/vs/Sem 5/Respiratory-Disease-Classification/data/processed/audio/cycles/113/1b1_Pr_003.wav,train
113,1b1,Pr,COPD,3,test,/Users/vs/Sem 5/Respiratory-Disease-Classification/data/processed/audio/cycles/113/1b1_Pr_004.wav,train
113,1b1,Pr,COPD,3,test,/Users/vs/Sem 5/Respiratory-Disease-Classification/data/processed/audio/cycles/113/1b1_Pr_005.wav,train
113,1b1,Pr,COPD,3,test,/Users/vs/Sem 5/Respiratory-Disease-Classification/data/processed/audio/cycles/113/1b1_Pr_006.wav,train
113,1b1,Pr,COPD,3,test,/Users/vs/Sem 5/Respiratory-Disease-Classification/data/processed/audio/cycles/113/1b1_Pr_007.wav,train
113,1b1,Pr,COPD,3,test,/Users/vs/Sem 5/Respiratory-Disease-Classification/data/processed/audio/cycles/113/1b1_Pr_008.wav,train
113,1b1,Pr,COPD,3,test,/Users/vs/Sem 5/Respiratory-Disease-Classification/data/processed/audio/cycles/113/1b1_Pr_009.wav,train
114,1b4,Al,COPD,3,train,/Users/vs/Sem 5/Respiratory-Disease-Classification/data/processed/audio/cycles/114/1b4_Al_001.wav,train
114,1b4,Al,COPD,3,train,/Users/vs/Sem 5/Respiratory-Disease-Classification/data/processed/audio/cycles/114/1b4_Al_002.wav,train
114,1b4,Al,COPD,3,train,/Users/vs/Sem 5/Respiratory-Disease-Classification/data/processed/audio/cycles/114/1b4_Al_003.wav,train
114,1b4,Al,COPD,3,train,/Users/vs/Sem 5/Respiratory-Disease-Classification/data/processed/audio/cycles/114/1b4_Al_004.wav,train
114,1b4,Al,COPD,3,train,/Users/vs/Sem 5/Respiratory-Disease-Classification/data/processed/audio/cycles/114/1b4_Al_005.wav,train
114,1b4,Al,COPD,3,train,/Users/vs/Sem 5/Respiratory-Disease-Classification/data/processed/audio/cycles/114/1b4_Al_006.wav,train
114,1b4,Al,COPD,3,train,/Users/vs/Sem 5/Respiratory-Disease-Classification/data/processed/audio/cycles/114/1b4_Al_007.wav,train
114,1b4,Ar,COPD,3,train,/Users/vs/Sem 5/Respiratory-Disease-Classification/data/processed/audio/cycles/114/1b4_Ar_001.wav,train
114,1b4,Ar,COPD,3,train,/Users/vs/Sem 5/Respiratory-Disease-Classification/data/processed/audio/cycles/114/1b4_Ar_002.wav,train
114,1b4,Ar,COPD,3,train,/Users/vs/Sem 5/Respiratory-Disease-Classification/data/processed/audio/cycles/114/1b4_Ar_003.wav,train
114,1b4,Ar,COPD,3,train,/Users/vs/Sem 5/Respiratory-Disease-Classification/data/processed/audio/cycles/114/1b4_Ar_004.wav,train
114,1b4,Ar,COPD,3,train,/Users/vs/Sem 5/Respiratory-Disease-Classification/data/processed/audio/cycles/114/1b4_Ar_005.wav,train
114,1b4,Ar,COPD,3,train,/Users/vs/Sem 5/Respiratory-Disease-Classification/data/processed/audio/cycles/114/1b4_Ar_006.wav,train
114,1b4,Ar,COPD,3,train,/Users/vs/Sem 5/Respiratory-Disease-Classification/data/processed/audio/cycles/114/1b4_Ar_007.wav,train
114,1b4,Lr,COPD,3,train,/Users/vs/Sem 5/Respiratory-Disease-Classification/data/processed/audio/cycles/114/1b4_Lr_001.wav,train
114,1b4,Lr,COPD,3,train,/Users/vs/Sem 5/Respiratory-Disease-Classification/data/processed/audio/cycles/114/1b4_Lr_002.wav,train
114,1b4,Lr,COPD,3,train,/Users/vs/Sem 5/Respiratory-Disease-Classification/data/processed/audio/cycles/114/1b4_Lr_003.wav,train
114,1b4,Lr,COPD,3,train,/Users/vs/Sem 5/Respiratory-Disease-Classification/data/processed/audio/cycles/114/1b4_Lr_004.wav,train
114,1b4,Lr,COPD,3,train,/Users/vs/Sem 5/Respiratory-Disease-Classification/data/processed/audio/cycles/114/1b4_Lr_005.wav,train
114,1b4,Lr,COPD,3,train,/Users/vs/Sem 5/Respiratory-Disease-Classification/data/processed/audio/cycles/114/1b4_Lr_006.wav,train
114,1b4,Lr,COPD,3,train,/Users/vs/Sem 5/Respiratory-Disease-Classification/data/processed/audio/cycles/114/1b4_Lr_007.wav,train
114,1b4,Pl,COPD,3,train,/Users/vs/Sem 5/Respiratory-Disease-Classification/data/processed/audio/cycles/114/1b4_Pl_001.wav,train
114,1b4,Pl,COPD,3,train,/Users/vs/Sem 5/Respiratory-Disease-Classification/data/processed/audio/cycles/114/1b4_Pl_002.wav,train
114,1b4,Pl,COPD,3,train,/Users/vs/Sem 5/Respiratory-Disease-Classification/data/processed/audio/cycles/114/1b4_Pl_003.wav,train
114,1b4,Pl,COPD,3,train,/Users/vs/Sem 5/Respiratory-Disease-Classification/data/processed/audio/cycles/114/1b4_Pl_004.wav,train
114,1b4,Pl,COPD,3,train,/Users/vs/Sem 5/Respiratory-Disease-Classification/data/processed/audio/cycles/114/1b4_Pl_005.wav,train
114,1b4,Pl,COPD,3,train,/Users/vs/Sem 5/Respiratory-Disease-Classification/data/processed/audio/cycles/114/1b4_Pl_006.wav,train
114,1b4,Pl,COPD,3,train,/Users/vs/Sem 5/Respiratory-Disease-Classification/data/processed/audio/cycles/114/1b4_Pl_007.wav,train
114,1b4,Pr,COPD,3,train,/Users/vs/Sem 5/Respiratory-Disease-Classification/data/processed/audio/cycles/114/1b4_Pr_001.wav,train
114,1b4,Pr,COPD,3,train,/Users/vs/Sem 5/Respiratory-Disease-Classification/data/processed/audio/cycles/114/1b4_Pr_002.wav,train
114,1b4,Pr,COPD,3,train,/Users/vs/Sem 5/Respiratory-Disease-Classification/data/processed/audio/cycles/114/1b4_Pr_003.wav,train
114,1b4,Pr,COPD,3,train,/Users/vs/Sem 5/Respiratory-Disease-Classification/data/processed/audio/cycles/114/1b4_Pr_004.wav,train
114,1b4,Pr,COPD,3,train,/Users/vs/Sem 5/Respiratory-Disease-Classification/data/processed/audio/cycles/114/1b4_Pr_005.wav,train
114,1b4,Pr,COPD,3,train,/Users/vs/Sem 5/Respiratory-Disease-Classification/data/processed/audio/cycles/114/1b4_Pr_006.wav,train
114,1b4,Pr,COPD,3,train,/Users/vs/Sem 5/Respiratory-Disease-Classification/data/processed/audio/cycles/114/1b4_Pr_007.wav,train
115,1b1,Ar,LRTI,5,train,/Users/vs/Sem 5/Respiratory-Disease-Classification/data/processed/audio/cycles/115/1b1_Ar_001.wav,train
115,1b1,Ar,LRTI,5,train,/Users/vs/Sem 5/Respiratory-Disease-Classification/data/processed/audio/cycles/115/1b1_Ar_002.wav,train
115,1b1,Ar,LRTI,5,train,/Users/vs/Sem 5/Respiratory-Disease-Classification/data/processed/audio/cycles/115/1b1_Ar_003.wav,train
115,1b1,Ar,LRTI,5,train,/Users/vs/Sem 5/Respiratory-Disease-Classification/data/processed/audio/cycles/115/1b1_Ar_004.wav,train
115,1b1,Ar,LRTI,5,train,/Users/vs/Sem 5/Respiratory-Disease-Classification/data/processed/audio/cycles/115/1b1_Ar_005.wav,train
115,1b1,Ar,LRTI,5,train,/Users/vs/Sem 5/Respiratory-Disease-Classification/data/processed/audio/cycles/115/1b1_Ar_006.wav,train
115,1b1,Ar,LRTI,5,train,/Users/vs/Sem 5/Respiratory-Disease-Classification/data/processed/audio/cycles/115/1b1_Ar_007.wav,train
115,1b1,Ar,LRTI,5,train,/Users/vs/Sem 5/Respiratory-Disease-Classification/data/processed/audio/cycles/115/1b1_Ar_008.wav,train
115,1b1,Ar,LRTI,5,train,/Users/vs/Sem 5/Respiratory-Disease-Classification/data/processed/audio/cycles/115/1b1_Ar_009.wav,train
115,1b1,Ar,LRTI,5,train,/Users/vs/Sem 5/Respiratory-Disease-Classification/data/processed/audio/cycles/115/1b1_Ar_010.wav,train
115,1b1,Ar,LRTI,5,train,/Users/vs/Sem 5/Respiratory-Disease-Classification/data/processed/audio/cycles/115/1b1_Ar_011.wav,train
115,1b1,Ar,LRTI,5,train,/Users/vs/Sem 5/Respiratory-Disease-Classification/data/processed/audio/cycles/115/1b1_Ar_012.wav,train
115,1b1,Ar,LRTI,5,train,/Users/vs/Sem 5/Respiratory-Disease-Classification/data/processed/audio/cycles/115/1b1_Ar_013.wav,train
115,1b1,Ar,LRTI,5,train,/Users/vs/Sem 5/Respiratory-Disease-Classification/data/processed/audio/cycles/115/1b1_Ar_014.wav,train
115,1b1,Ar,LRTI,5,train,/Users/vs/Sem 5/Respiratory-Disease-Classification/data/processed/audio/cycles/115/1b1_Ar_015.wav,train
115,1b1,Ar,LRTI,5,train,/Users/vs/Sem 5/Respiratory-Disease-Classification/data/processed/audio/cycles/115/1b1_Ar_016.wav,train
115,1b1,Ar,LRTI,5,train,/Users/vs/Sem 5/Respiratory-Disease-Classification/data/processed/audio/cycles/115/1b1_Ar_017.wav,train
115,1b1,Ar,LRTI,5,train,/Users/vs/Sem 5/Respiratory-Disease-Classification/data/processed/audio/cycles/115/1b1_Ar_018.wav,train
115,1b1,Ar,LRTI,5,train,/Users/vs/Sem 5/Respiratory-Disease-Classification/data/processed/audio/cycles/115/1b1_Ar_019.wav,train
115,1b1,Ar,LRTI,5,train,/Users/vs/Sem 5/Respiratory-Disease-Classification/data/processed/audio/cycles/115/1b1_Ar_020.wav,train
115,1b1,Ar,LRTI,5,train,/Users/vs/Sem 5/Respiratory-Disease-Classification/data/processed/audio/cycles/115/1b1_Ar_021.wav,train
115,1b1,Ar,LRTI,5,train,/Users/vs/Sem 5/Respiratory-Disease-Classification/data/processed/audio/cycles/115/1b1_Ar_022.wav,train
115,1b1,Ar,LRTI,5,train,/Users/vs/Sem 5/Respiratory-Disease-Classification/data/processed/audio/cycles/115/1b1_Ar_023.wav,train
115,1b1,Ar,LRTI,5,train,/Users/vs/Sem 5/Respiratory-Disease-Classification/data/processed/audio/cycles/115/1b1_Ar_024.wav,train
116,1b2,Pl,Bronchiectasis,1,train,/Users/vs/Sem 5/Respiratory-Disease-Classification/data/processed/audio/cycles/116/1b2_Pl_001.wav,validation
116,1b2,Pl,Bronchiectasis,1,train,/Users/vs/Sem 5/Respiratory-Disease-Classification/data/processed/audio/cycles/116/1b2_Pl_002.wav,validation
116,1b2,Pl,Bronchiectasis,1,train,/Users/vs/Sem 5/Respiratory-Disease-Classification/data/processed/audio/cycles/116/1b2_Pl_003.wav,validation
116,1b2,Pl,Bronchiectasis,1,train,/Users/vs/Sem 5/Respiratory-Disease-Classification/data/processed/audio/cycles/116/1b2_Pl_004.wav,validation
116,1b2,Tc,Bronchiectasis,1,train,/Users/vs/Sem 5/Respiratory-Disease-Classification/data/processed/audio/cycles/116/1b2_Tc_001.wav,validation
116,1b2,Tc,Bronchiectasis,1,train,/Users/vs/Sem 5/Respiratory-Disease-Classification/data/processed/audio/cycles/116/1b2_Tc_002.wav,validation
116,1b2,Tc,Bronchiectasis,1,train,/Users/vs/Sem 5/Respiratory-Disease-Classification/data/processed/audio/cycles/116/1b2_Tc_003.wav,validation
116,1b2,Tc,Bronchiectasis,1,train,/Users/vs/Sem 5/Respiratory-Disease-Classification/data/processed/audio/cycles/116/1b2_Tc_004.wav,validation
117,1b2,Tc,COPD,3,train,/Users/vs/Sem 5/Respiratory-Disease-Classification/data/processed/audio/cycles/117/1b2_Tc_001.wav,train
117,1b2,Tc,COPD,3,train,/Users/vs/Sem 5/Respiratory-Disease-Classification/data/processed/audio/cycles/117/1b2_Tc_002.wav,train
117,1b2,Tc,COPD,3,train,/Users/vs/Sem 5/Respiratory-Disease-Classification/data/processed/audio/cycles/117/1b2_Tc_003.wav,train
117,1b2,Tc,COPD,3,train,/Users/vs/Sem 5/Respiratory-Disease-Classification/data/processed/audio/cycles/117/1b2_Tc_004.wav,train
117,1b2,Tc,COPD,3,train,/Users/vs/Sem 5/Respiratory-Disease-Classification/data/processed/audio/cycles/117/1b2_Tc_005.wav,train
117,1b2,Tc,COPD,3,train,/Users/vs/Sem 5/Respiratory-Disease-Classification/data/processed/audio/cycles/117/1b2_Tc_006.wav,train
117,1b2,Tc,COPD,3,train,/Users/vs/Sem 5/Respiratory-Disease-Classification/data/processed/audio/cycles/117/1b2_Tc_007.wav,train
117,1b3,Tc,COPD,3,train,/Users/vs/Sem 5/Respiratory-Disease-Classification/data/processed/audio/cycles/117/1b3_Tc_001.wav,train
117,1b3,Tc,COPD,3,train,/Users/vs/Sem 5/Respiratory-Disease-Classification/data/processed/audio/cycles/117/1b3_Tc_002.wav,train
117,1b3,Tc,COPD,3,train,/Users/vs/Sem 5/Respiratory-Disease-Classification/data/processed/audio/cycles/117/1b3_Tc_003.wav,train
117,1b3,Tc,COPD,3,train,/Users/vs/Sem 5/Respiratory-Disease-Classification/data/processed/audio/cycles/117/1b3_Tc_004.wav,train
117,1b3,Tc,COPD,3,train,/Users/vs/Sem 5/Respiratory-Disease-Classification/data/processed/audio/cycles/117/1b3_Tc_005.wav,train
118,1b1,Al,COPD,3,test,/Users/vs/Sem 5/Respiratory-Disease-Classification/data/processed/audio/cycles/118/1b1_Al_001.wav,train
118,1b1,Al,COPD,3,test,/Users/vs/Sem 5/Respiratory-Disease-Classification/data/processed/audio/cycles/118/1b1_Al_002.wav,train
118,1b1,Al,COPD,3,test,/Users/vs/Sem 5/Respiratory-Disease-Classification/data/processed/audio/cycles/118/1b1_Al_003.wav,train
118,1b1,Al,COPD,3,test,/Users/vs/Sem 5/Respiratory-Disease-Classification/data/processed/audio/cycles/118/1b1_Al_004.wav,train
118,1b1,Al,COPD,3,test,/Users/vs/Sem 5/Respiratory-Disease-Classification/data/processed/audio/cycles/118/1b1_Al_005.wav,train
118,1b1,Al,COPD,3,test,/Users/vs/Sem 5/Respiratory-Disease-Classification/data/processed/audio/cycles/118/1b1_Al_006.wav,train
118,1b1,Al,COPD,3,test,/Users/vs/Sem 5/Respiratory-Disease-Classification/data/processed/audio/cycles/118/1b1_Al_007.wav,train
118,1b1,Al,COPD,3,test,/Users/vs/Sem 5/Respiratory-Disease-Classification/data/processed/audio/cycles/118/1b1_Al_008.wav,train
118,1b1,Al,COPD,3,test,/Users/vs/Sem 5/Respiratory-Disease-Classification/data/processed/audio/cycles/118/1b1_Al_009.wav,train
118,1b1,Ar,COPD,3,test,/Users/vs/Sem 5/Respiratory-Disease-Classification/data/processed/audio/cycles/118/1b1_Ar_001.wav,train
118,1b1,Ar,COPD,3,test,/Users/vs/Sem 5/Respiratory-Disease-Classification/data/processed/audio/cycles/118/1b1_Ar_002.wav,train
118,1b1,Ar,COPD,3,test,/Users/vs/Sem 5/Respiratory-Disease-Classification/data/processed/audio/cycles/118/1b1_Ar_003.wav,train
118,1b1,Ar,COPD,3,test,/Users/vs/Sem 5/Respiratory-Disease-Classification/data/processed/audio/cycles/118/1b1_Ar_004.wav,train
118,1b1,Ar,COPD,3,test,/Users/vs/Sem 5/Respiratory-Disease-Classification/data/processed/audio/cycles/118/1b1_Ar_005.wav,train
118,1b1,Ar,COPD,3,test,/Users/vs/Sem 5/Respiratory-Disease-Classification/data/processed/audio/cycles/118/1b1_Ar_006.wav,train
118,1b1,Ar,COPD,3,test,/Users/vs/Sem 5/Respiratory-Disease-Classification/data/processed/audio/cycles/118/1b1_Ar_007.wav,train
118,1b1,Ar,COPD,3,test,/Users/vs/Sem 5/Respiratory-Disease-Classification/data/processed/audio/cycles/118/1b1_Ar_008.wav,train
118,1b1,Ar,COPD,3,test,/Users/vs/Sem 5/Respiratory-Disease-Classification/data/processed/audio/cycles/118/1b1_Ar_009.wav,train
118,1b1,Ll,COPD,3,test,/Users/vs/Sem 5/Respiratory-Disease-Classification/data/processed/audio/cycles/118/1b1_Ll_001.wav,train
118,1b1,Ll,COPD,3,test,/Users/vs/Sem 5/Respiratory-Disease-Classification/data/processed/audio/cycles/118/1b1_Ll_002.wav,train
118,1b1,Ll,COPD,3,test,/Users/vs/Sem 5/Respiratory-Disease-Classification/data/processed/audio/cycles/118/1b1_Ll_003.wav,train
118,1b1,Ll,COPD,3,test,/Users/vs/Sem 5/Respiratory-Disease-Classification/data/processed/audio/cycles/118/1b1_Ll_004.wav,train
118,1b1,Ll,COPD,3,test,/Users/vs/Sem 5/Respiratory-Disease-Classification/data/processed/audio/cycles/118/1b1_Ll_005.wav,train
118,1b1,Lr,COPD,3,test,/Users/vs/Sem 5/Respiratory-Disease-Classification/data/processed/audio/cycles/118/1b1_Lr_001.wav,train
118,1b1,Lr,COPD,3,test,/Users/vs/Sem 5/Respiratory-Disease-Classification/data/processed/audio/cycles/118/1b1_Lr_002.wav,train
118,1b1,Lr,COPD,3,test,/Users/vs/Sem 5/Respiratory-Disease-Classification/data/processed/audio/cycles/118/1b1_Lr_003.wav,train
118,1b1,Lr,COPD,3,test,/Users/vs/Sem 5/Respiratory-Disease-Classification/data/processed/audio/cycles/118/1b1_Lr_004.wav,train
118,1b1,Lr,COPD,3,test,/Users/vs/Sem 5/Respiratory-Disease-Classification/data/processed/audio/cycles/118/1b1_Lr_005.wav,train
118,1b1,Lr,COPD,3,test,/Users/vs/Sem 5/Respiratory-Disease-Classification/data/processed/audio/cycles/118/1b1_Lr_006.wav,train
118,1b1,Lr,COPD,3,test,/Users/vs/Sem 5/Respiratory-Disease-Classification/data/processed/audio/cycles/118/1b1_Lr_007.wav,train
118,1b1,Pl,COPD,3,test,/Users/vs/Sem 5/Respiratory-Disease-Classification/data/processed/audio/cycles/118/1b1_Pl_001.wav,train
118,1b1,Pl,COPD,3,test,/Users/vs/Sem 5/Respiratory-Disease-Classification/data/processed/audio/cycles/118/1b1_Pl_002.wav,train
118,1b1,Pl,COPD,3,test,/Users/vs/Sem 5/Respiratory-Disease-Classification/data/processed/audio/cycles/118/1b1_Pl_003.wav,train
118,1b1,Pl,COPD,3,test,/Users/vs/Sem 5/Respiratory-Disease-Classification/data/processed/audio/cycles/118/1b1_Pl_004.wav,train
118,1b1,Pl,COPD,3,test,/Users/vs/Sem 5/Respiratory-Disease-Classification/data/processed/audio/cycles/118/1b1_Pl_005.wav,train
118,1b1,Pr,COPD,3,test,/Users/vs/Sem 5/Respiratory-Disease-Classification/data/processed/audio/cycles/118/1b1_Pr_001.wav,train
118,1b1,Pr,COPD,3,test,/Users/vs/Sem 5/Respiratory-Disease-Classification/data/processed/audio/cycles/118/1b1_Pr_002.wav,train
118,1b1,Pr,COPD,3,test,/Users/vs/Sem 5/Respiratory-Disease-Classification/data/processed/audio/cycles/118/1b1_Pr_003.wav,train
118,1b1,Pr,COPD,3,test,/Users/vs/Sem 5/Respiratory-Disease-Classification/data/processed/audio/cycles/118/1b1_Pr_004.wav,train
118,1b1,Pr,COPD,3,test,/Users/vs/Sem 5/Respiratory-Disease-Classification/data/processed/audio/cycles/118/1b1_Pr_005.wav,train
119,1b1,Ar,URTI,7,test,/Users/vs/Sem 5/Respiratory-Disease-Classification/data/processed/audio/cycles/119/1b1_Ar_001.wav,test
119,1b1,Ar,URTI,7,test,/Users/vs/Sem 5/Respiratory-Disease-Classification/data/processed/audio/cycles/119/1b1_Ar_002.wav,test
119,1b1,Ar,URTI,7,test,/Users/vs/Sem 5/Respiratory-Disease-Classification/data/processed/audio/cycles/119/1b1_Ar_003.wav,test
119,1b1,Ar,URTI,7,test,/Users/vs/Sem 5/Respiratory-Disease-Classification/data/processed/audio/cycles/119/1b1_Ar_004.wav,test
119,1b1,Ar,URTI,7,test,/Users/vs/Sem 5/Respiratory-Disease-Classification/data/processed/audio/cycles/119/1b1_Ar_005.wav,test
119,1b1,Ar,URTI,7,test,/Users/vs/Sem 5/Respiratory-Disease-Classification/data/processed/audio/cycles/119/1b1_Ar_006.wav,test
119,1b1,Ar,URTI,7,test,/Users/vs/Sem 5/Respiratory-Disease-Classification/data/processed/audio/cycles/119/1b1_Ar_007.wav,test
119,1b1,Ar,URTI,7,test,/Users/vs/Sem 5/Respiratory-Disease-Classification/data/processed/audio/cycles/119/1b1_Ar_008.wav,test
119,1b1,Ar,URTI,7,test,/Users/vs/Sem 5/Respiratory-Disease-Classification/data/processed/audio/cycles/119/1b1_Ar_009.wav,test
120,1b1,Al,COPD,3,train,/Users/vs/Sem 5/Respiratory-Disease-Classification/data/processed/audio/cycles/120/1b1_Al_001.wav,train
120,1b1,Al,COPD,3,train,/Users/vs/Sem 5/Respiratory-Disease-Classification/data/processed/audio/cycles/120/1b1_Al_002.wav,train
120,1b1,Al,COPD,3,train,/Users/vs/Sem 5/Respiratory-Disease-Classification/data/processed/audio/cycles/120/1b1_Al_003.wav,train
120,1b1,Al,COPD,3,train,/Users/vs/Sem 5/Respiratory-Disease-Classification/data/processed/audio/cycles/120/1b1_Al_004.wav,train
120,1b1,Al,COPD,3,train,/Users/vs/Sem 5/Respiratory-Disease-Classification/data/processed/audio/cycles/120/1b1_Al_005.wav,train
120,1b1,Al,COPD,3,train,/Users/vs/Sem 5/Respiratory-Disease-Classification/data/processed/audio/cycles/120/1b1_Al_006.wav,train
120,1b1,Al,COPD,3,train,/Users/vs/Sem 5/Respiratory-Disease-Classification/data/processed/audio/cycles/120/1b1_Al_007.wav,train
120,1b1,Al,COPD,3,train,/Users/vs/Sem 5/Respiratory-Disease-Classification/data/processed/audio/cycles/120/1b1_Al_008.wav,train
120,1b1,Al,COPD,3,train,/Users/vs/Sem 5/Respiratory-Disease-Classification/data/processed/audio/cycles/120/1b1_Al_009.wav,train
120,1b1,Al,COPD,3,train,/Users/vs/Sem 5/Respiratory-Disease-Classification/data/processed/audio/cycles/120/1b1_Al_010.wav,train
120,1b1,Al,COPD,3,train,/Users/vs/Sem 5/Respiratory-Disease-Classification/data/processed/audio/cycles/120/1b1_Al_011.wav,train
120,1b1,Al,COPD,3,train,/Users/vs/Sem 5/Respiratory-Disease-Classification/data/processed/audio/cycles/120/1b1_Al_012.wav,train
120,1b1,Al,COPD,3,train,/Users/vs/Sem 5/Respiratory-Disease-Classification/data/processed/audio/cycles/120/1b1_Al_013.wav,train
120,1b1,Al,COPD,3,train,/Users/vs/Sem 5/Respiratory-Disease-Classification/data/processed/audio/cycles/120/1b1_Al_014.wav,train
120,1b1,Al,COPD,3,train,/Users/vs/Sem 5/Respiratory-Disease-Classification/data/processed/audio/cycles/120/1b1_Al_015.wav,train
120,1b1,Al,COPD,3,train,/Users/vs/Sem 5/Respiratory-Disease-Classification/data/processed/audio/cycles/120/1b1_Al_016.wav,train
120,1b1,Al,COPD,3,train,/Users/vs/Sem 5/Respiratory-Disease-Classification/data/processed/audio/cycles/120/1b1_Al_017.wav,train
120,1b1,Al,COPD,3,train,/Users/vs/Sem 5/Respiratory-Disease-Classification/data/processed/audio/cycles/120/1b1_Al_018.wav,train
120,1b1,Al,COPD,3,train,/Users/vs/Sem 5/Respiratory-Disease-Classification/data/processed/audio/cycles/120/1b1_Al_019.wav,train
120,1b1,Ar,COPD,3,train,/Users/vs/Sem 5/Respiratory-Disease-Classification/data/processed/audio/cycles/120/1b1_Ar_001.wav,train
120,1b1,Ar,COPD,3,train,/Users/vs/Sem 5/Respiratory-Disease-Classification/data/processed/audio/cycles/120/1b1_Ar_002.wav,train
120,1b1,Ar,COPD,3,train,/Users/vs/Sem 5/Respiratory-Disease-Classification/data/processed/audio/cycles/120/1b1_Ar_003.wav,train
120,1b1,Ar,COPD,3,train,/Users/vs/Sem 5/Respiratory-Disease-Classification/data/processed/audio/cycles/120/1b1_Ar_004.wav,train
120,1b1,Ar,COPD,3,train,/Users/vs/Sem 5/Respiratory-Disease-Classification/data/processed/audio/cycles/120/1b1_Ar_005.wav,train
120,1b1,Ar,COPD,3,train,/Users/vs/Sem 5/Respiratory-Disease-Classification/data/processed/audio/cycles/120/1b1_Ar_006.wav,train
120,1b1,Ar,COPD,3,train,/Users/vs/Sem 5/Respiratory-Disease-Classification/data/processed/audio/cycles/120/1b1_Ar_007.wav,train
120,1b1,Ar,COPD,3,train,/Users/vs/Sem 5/Respiratory-Disease-Classification/data/processed/audio/cycles/120/1b1_Ar_008.wav,train
120,1b1,Ar,COPD,3,train,/Users/vs/Sem 5/Respiratory-Disease-Classification/data/processed/audio/cycles/120/1b1_Ar_009.wav,train
120,1b1,Ar,COPD,3,train,/Users/vs/Sem 5/Respiratory-Disease-Classification/data/processed/audio/cycles/120/1b1_Ar_010.wav,train
120,1b1,Ar,COPD,3,train,/Users/vs/Sem 5/Respiratory-Disease-Classification/data/processed/audio/cycles/120/1b1_Ar_011.wav,train
120,1b1,Ar,COPD,3,train,/Users/vs/Sem 5/Respiratory-Disease-Classification/data/processed/audio/cycles/120/1b1_Ar_012.wav,train
120,1b1,Ar,COPD,3,train,/Users/vs/Sem 5/Respiratory-Disease-Classification/data/processed/audio/cycles/120/1b1_Ar_013.wav,train
120,1b1,Ar,COPD,3,train,/Users/vs/Sem 5/Respiratory-Disease-Classification/data/processed/audio/cycles/120/1b1_Ar_014.wav,train
120,1b1,Ar,COPD,3,train,/Users/vs/Sem 5/Respiratory-Disease-Classification/data/processed/audio/cycles/120/1b1_Ar_015.wav,train
120,1b1,Ar,COPD,3,train,/Users/vs/Sem 5/Respiratory-Disease-Classification/data/processed/audio/cycles/120/1b1_Ar_016.wav,train
120,1b1,Ar,COPD,3,train,/Users/vs/Sem 5/Respiratory-Disease-Classification/data/processed/audio/cycles/120/1b1_Ar_017.wav,train
120,1b1,Ar,COPD,3,train,/Users/vs/Sem 5/Respiratory-Disease-Classification/data/processed/audio/cycles/120/1b1_Ar_018.wav,train
120,1b1,Ar,COPD,3,train,/Users/vs/Sem 5/Respiratory-Disease-Classification/data/processed/audio/cycles/120/1b1_Ar_019.wav,train
120,1b1,Ar,COPD,3,train,/Users/vs/Sem 5/Respiratory-Disease-Classification/data/processed/audio/cycles/120/1b1_Ar_020.wav,train
120,1b1,Lr,COPD,3,train,/Users/vs/Sem 5/Respiratory-Disease-Classification/data/processed/audio/cycles/120/1b1_Lr_001.wav,train
120,1b1,Lr,COPD,3,train,/Users/vs/Sem 5/Respiratory-Disease-Classification/data/processed/audio/cycles/120/1b1_Lr_002.wav,train
120,1b1,Lr,COPD,3,train,/Users/vs/Sem 5/Respiratory-Disease-Classification/data/processed/audio/cycles/120/1b1_Lr_003.wav,train
120,1b1,Lr,COPD,3,train,/Users/vs/Sem 5/Respiratory-Disease-Classification/data/processed/audio/cycles/120/1b1_Lr_004.wav,train
120,1b1,Lr,COPD,3,train,/Users/vs/Sem 5/Respiratory-Disease-Classification/data/processed/audio/cycles/120/1b1_Lr_005.wav,train
120,1b1,Lr,COPD,3,train,/Users/vs/Sem 5/Respiratory-Disease-Classification/data/processed/audio/cycles/120/1b1_Lr_006.wav,train
120,1b1,Lr,COPD,3,train,/Users/vs/Sem 5/Respiratory-Disease-Classification/data/processed/audio/cycles/120/1b1_Lr_007.wav,train
120,1b1,Lr,COPD,3,train,/Users/vs/Sem 5/Respiratory-Disease-Classification/data/processed/audio/cycles/120/1b1_Lr_008.wav,train
120,1b1,Lr,COPD,3,train,/Users/vs/Sem 5/Respiratory-Disease-Classification/data/processed/audio/cycles/120/1b1_Lr_009.wav,train
120,1b1,Lr,COPD,3,train,/Users/vs/Sem 5/Respiratory-Disease-Classification/data/processed/audio/cycles/120/1b1_Lr_010.wav,train
120,1b1,Lr,COPD,3,train,/Users/vs/Sem 5/Respiratory-Disease-Classification/data/processed/audio/cycles/120/1b1_Lr_011.wav,train
120,1b1,Lr,COPD,3,train,/Users/vs/Sem 5/Respiratory-Disease-Classification/data/processed/audio/cycles/120/1b1_Lr_012.wav,train
120,1b1,Lr,COPD,3,train,/Users/vs/Sem 5/Respiratory-Disease-Classification/data/processed/audio/cycles/120/1b1_Lr_013.wav,train
120,1b1,Lr,COPD,3,train,/Users/vs/Sem 5/Respiratory-Disease-Classification/data/processed/audio/cycles/120/1b1_Lr_014.wav,train
120,1b1,Lr,COPD,3,train,/Users/vs/Sem 5/Respiratory-Disease-Classification/data/processed/audio/cycles/120/1b1_Lr_015.wav,train
120,1b1,Lr,COPD,3,train,/Users/vs/Sem 5/Respiratory-Disease-Classification/data/processed/audio/cycles/120/1b1_Lr_016.wav,train
120,1b1,Lr,COPD,3,train,/Users/vs/Sem 5/Respiratory-Disease-Classification/data/processed/audio/cycles/120/1b1_Lr_017.wav,train
120,1b1,Lr,COPD,3,train,/Users/vs/Sem 5/Respiratory-Disease-Classification/data/processed/audio/cycles/120/1b1_Lr_018.wav,train
120,1b1,Lr,COPD,3,train,/Users/vs/Sem 5/Respiratory-Disease-Classification/data/processed/audio/cycles/120/1b1_Lr_019.wav,train
120,1b1,Lr,COPD,3,train,/Users/vs/Sem 5/Respiratory-Disease-Classification/data/processed/audio/cycles/120/1b1_Lr_020.wav,train
120,1b1,Lr,COPD,3,train,/Users/vs/Sem 5/Respiratory-Disease-Classification/data/processed/audio/cycles/120/1b1_Lr_021.wav,train
120,1b1,Lr,COPD,3,train,/Users/vs/Sem 5/Respiratory-Disease-Classification/data/processed/audio/cycles/120/1b1_Lr_022.wav,train
120,1b1,Lr,COPD,3,train,/Users/vs/Sem 5/Respiratory-Disease-Classification/data/processed/audio/cycles/120/1b1_Lr_023.wav,train
120,1b1,Lr,COPD,3,train,/Users/vs/Sem 5/Respiratory-Disease-Classification/data/processed/audio/cycles/120/1b1_Lr_024.wav,train
120,1b1,Lr,COPD,3,train,/Users/vs/Sem 5/Respiratory-Disease-Classification/data/processed/audio/cycles/120/1b1_Lr_025.wav,train
120,1b1,Lr,COPD,3,train,/Users/vs/Sem 5/Respiratory-Disease-Classification/data/processed/audio/cycles/120/1b1_Lr_026.wav,train
120,1b1,Lr,COPD,3,train,/Users/vs/Sem 5/Respiratory-Disease-Classification/data/processed/audio/cycles/120/1b1_Lr_027.wav,train
120,1b1,Lr,COPD,3,train,/Users/vs/Sem 5/Respiratory-Disease-Classification/data/processed/audio/cycles/120/1b1_Lr_028.wav,train
120,1b1,Lr,COPD,3,train,/Users/vs/Sem 5/Respiratory-Disease-Classification/data/processed/audio/cycles/120/1b1_Lr_029.wav,train
120,1b1,Lr,COPD,3,train,/Users/vs/Sem 5/Respiratory-Disease-Classification/data/processed/audio/cycles/120/1b1_Lr_030.wav,train
120,1b1,Lr,COPD,3,train,/Users/vs/Sem 5/Respiratory-Disease-Classification/data/processed/audio/cycles/120/1b1_Lr_031.wav,train
120,1b1,Lr,COPD,3,train,/Users/vs/Sem 5/Respiratory-Disease-Classification/data/processed/audio/cycles/120/1b1_Lr_032.wav,train
120,1b1,Lr,COPD,3,train,/Users/vs/Sem 5/Respiratory-Disease-Classification/data/processed/audio/cycles/120/1b1_Lr_033.wav,train
120,1b1,Pl,COPD,3,train,/Users/vs/Sem 5/Respiratory-Disease-Classification/data/processed/audio/cycles/120/1b1_Pl_001.wav,train
120,1b1,Pl,COPD,3,train,/Users/vs/Sem 5/Respiratory-Disease-Classification/data/processed/audio/cycles/120/1b1_Pl_002.wav,train
120,1b1,Pl,COPD,3,train,/Users/vs/Sem 5/Respiratory-Disease-Classification/data/processed/audio/cycles/120/1b1_Pl_003.wav,train
120,1b1,Pl,COPD,3,train,/Users/vs/Sem 5/Respiratory-Disease-Classification/data/processed/audio/cycles/120/1b1_Pl_004.wav,train
120,1b1,Pl,COPD,3,train,/Users/vs/Sem 5/Respiratory-Disease-Classification/data/processed/audio/cycles/120/1b1_Pl_005.wav,train
120,1b1,Pl,COPD,3,train,/Users/vs/Sem 5/Respiratory-Disease-Classification/data/processed/audio/cycles/120/1b1_Pl_006.wav,train
120,1b1,Pl,COPD,3,train,/Users/vs/Sem 5/Respiratory-Disease-Classification/data/processed/audio/cycles/120/1b1_Pl_007.wav,train
120,1b1,Pl,COPD,3,train,/Users/vs/Sem 5/Respiratory-Disease-Classification/data/processed/audio/cycles/120/1b1_Pl_008.wav,train
120,1b1,Pl,COPD,3,train,/Users/vs/Sem 5/Respiratory-Disease-Classification/data/processed/audio/cycles/120/1b1_Pl_009.wav,train
120,1b1,Pl,COPD,3,train,/Users/vs/Sem 5/Respiratory-Disease-Classification/data/processed/audio/cycles/120/1b1_Pl_010.wav,train
120,1b1,Pl,COPD,3,train,/Users/vs/Sem 5/Respiratory-Disease-Classification/data/processed/audio/cycles/120/1b1_Pl_011.wav,train
120,1b1,Pl,COPD,3,train,/Users/vs/Sem 5/Respiratory-Disease-Classification/data/processed/audio/cycles/120/1b1_Pl_012.wav,train
120,1b1,Pl,COPD,3,train,/Users/vs/Sem 5/Respiratory-Disease-Classification/data/processed/audio/cycles/120/1b1_Pl_013.wav,train
120,1b1,Pl,COPD,3,train,/Users/vs/Sem 5/Respiratory-Disease-Classification/data/processed/audio/cycles/120/1b1_Pl_014.wav,train
120,1b1,Pl,COPD,3,train,/Users/vs/Sem 5/Respiratory-Disease-Classification/data/processed/audio/cycles/120/1b1_Pl_015.wav,train
120,1b1,Pl,COPD,3,train,/Users/vs/Sem 5/Respiratory-Disease-Classification/data/processed/audio/cycles/120/1b1_Pl_016.wav,train
120,1b1,Pl,COPD,3,train,/Users/vs/Sem 5/Respiratory-Disease-Classification/data/processed/audio/cycles/120/1b1_Pl_017.wav,train
120,1b1,Pl,COPD,3,train,/Users/vs/Sem 5/Respiratory-Disease-Classification/data/processed/audio/cycles/120/1b1_Pl_018.wav,train
120,1b1,Pl,COPD,3,train,/Users/vs/Sem 5/Respiratory-Disease-Classification/data/processed/audio/cycles/120/1b1_Pl_019.wav,train
120,1b1,Pl,COPD,3,train,/Users/vs/Sem 5/Respiratory-Disease-Classification/data/processed/audio/cycles/120/1b1_Pl_020.wav,train
120,1b1,Pl,COPD,3,train,/Users/vs/Sem 5/Respiratory-Disease-Classification/data/processed/audio/cycles/120/1b1_Pl_021.wav,train
120,1b1,Pl,COPD,3,train,/Users/vs/Sem 5/Respiratory-Disease-Classification/data/processed/audio/cycles/120/1b1_Pl_022.wav,train
120,1b1,Pl,COPD,3,train,/Users/vs/Sem 5/Respiratory-Disease-Classification/data/processed/audio/cycles/120/1b1_Pl_023.wav,train
120,1b1,Pl,COPD,3,train,/Users/vs/Sem 5/Respiratory-Disease-Classification/data/processed/audio/cycles/120/1b1_Pl_024.wav,train
120,1b1,Pl,COPD,3,train,/Users/vs/Sem 5/Respiratory-Disease-Classification/data/processed/audio/cycles/120/1b1_Pl_025.wav,train
120,1b1,Pl,COPD,3,train,/Users/vs/Sem 5/Respiratory-Disease-Classification/data/processed/audio/cycles/120/1b1_Pl_026.wav,train
120,1b1,Pl,COPD,3,train,/Users/vs/Sem 5/Respiratory-Disease-Classification/data/processed/audio/cycles/120/1b1_Pl_027.wav,train
120,1b1,Pl,COPD,3,train,/Users/vs/Sem 5/Respiratory-Disease-Classification/data/processed/audio/cycles/120/1b1_Pl_028.wav,train
120,1b1,Pl,COPD,3,train,/Users/vs/Sem 5/Respiratory-Disease-Classification/data/processed/audio/cycles/120/1b1_Pl_029.wav,train
120,1b1,Pl,COPD,3,train,/Users/vs/Sem 5/Respiratory-Disease-Classification/data/processed/audio/cycles/120/1b1_Pl_030.wav,train
120,1b1,Pr,COPD,3,train,/Users/vs/Sem 5/Respiratory-Disease-Classification/data/processed/audio/cycles/120/1b1_Pr_001.wav,train
120,1b1,Pr,COPD,3,train,/Users/vs/Sem 5/Respiratory-Disease-Classification/data/processed/audio/cycles/120/1b1_Pr_002.wav,train
120,1b1,Pr,COPD,3,train,/Users/vs/Sem 5/Respiratory-Disease-Classification/data/processed/audio/cycles/120/1b1_Pr_003.wav,train
120,1b1,Pr,COPD,3,train,/Users/vs/Sem 5/Respiratory-Disease-Classification/data/processed/audio/cycles/120/1b1_Pr_004.wav,train
120,1b1,Pr,COPD,3,train,/Users/vs/Sem 5/Respiratory-Disease-Classification/data/processed/audio/cycles/120/1b1_Pr_005.wav,train
120,1b1,Pr,COPD,3,train,/Users/vs/Sem 5/Respiratory-Disease-Classification/data/processed/audio/cycles/120/1b1_Pr_006.wav,train
120,1b1,Pr,COPD,3,train,/Users/vs/Sem 5/Respiratory-Disease-Classification/data/processed/audio/cycles/120/1b1_Pr_007.wav,train
120,1b1,Pr,COPD,3,train,/Users/vs/Sem 5/Respiratory-Disease-Classification/data/processed/audio/cycles/120/1b1_Pr_008.wav,train
120,1b1,Pr,COPD,3,train,/Users/vs/Sem 5/Respiratory-Disease-Classification/data/processed/audio/cycles/120/1b1_Pr_009.wav,train
120,1b1,Pr,COPD,3,train,/Users/vs/Sem 5/Respiratory-Disease-Classification/data/processed/audio/cycles/120/1b1_Pr_010.wav,train
120,1b1,Pr,COPD,3,train,/Users/vs/Sem 5/Respiratory-Disease-Classification/data/processed/audio/cycles/120/1b1_Pr_011.wav,train
120,1b1,Pr,COPD,3,train,/Users/vs/Sem 5/Respiratory-Disease-Classification/data/processed/audio/cycles/120/1b1_Pr_012.wav,train
120,1b1,Pr,COPD,3,train,/Users/vs/Sem 5/Respiratory-Disease-Classification/data/processed/audio/cycles/120/1b1_Pr_013.wav,train
120,1b1,Pr,COPD,3,train,/Users/vs/Sem 5/Respiratory-Disease-Classification/data/processed/audio/cycles/120/1b1_Pr_014.wav,train
120,1b1,Pr,COPD,3,train,/Users/vs/Sem 5/Respiratory-Disease-Classification/data/processed/audio/cycles/120/1b1_Pr_015.wav,train
120,1b1,Pr,COPD,3,train,/Users/vs/Sem 5/Respiratory-Disease-Classification/data/processed/audio/cycles/120/1b1_Pr_016.wav,train
120,1b1,Pr,COPD,3,train,/Users/vs/Sem 5/Respiratory-Disease-Classification/data/processed/audio/cycles/120/1b1_Pr_017.wav,train
120,1b1,Pr,COPD,3,train,/Users/vs/Sem 5/Respiratory-Disease-Classification/data/processed/audio/cycles/120/1b1_Pr_018.wav,train
120,1b1,Pr,COPD,3,train,/Users/vs/Sem 5/Respiratory-Disease-Classification/data/processed/audio/cycles/120/1b1_Pr_019.wav,train
120,1b1,Pr,COPD,3,train,/Users/vs/Sem 5/Respiratory-Disease-Classification/data/processed/audio/cycles/120/1b1_Pr_020.wav,train
120,1b1,Pr,COPD,3,train,/Users/vs/Sem 5/Respiratory-Disease-Classification/data/processed/audio/cycles/120/1b1_Pr_021.wav,train
121,1b1,Tc,Healthy,4,train,/Users/vs/Sem 5/Respiratory-Disease-Classification/data/processed/audio/cycles/121/1b1_Tc_001.wav,test
121,1b1,Tc,Healthy,4,train,/Users/vs/Sem 5/Respiratory-Disease-Classification/data/processed/audio/cycles/121/1b1_Tc_002.wav,test
121,1b1,Tc,Healthy,4,train,/Users/vs/Sem 5/Respiratory-Disease-Classification/data/processed/audio/cycles/121/1b1_Tc_003.wav,test
121,1b1,Tc,Healthy,4,train,/Users/vs/Sem 5/Respiratory-Disease-Classification/data/processed/audio/cycles/121/1b1_Tc_004.wav,test
121,1b1,Tc,Healthy,4,train,/Users/vs/Sem 5/Respiratory-Disease-Classification/data/processed/audio/cycles/121/1b1_Tc_005.wav,test
121,1b1,Tc,Healthy,4,train,/Users/vs/Sem 5/Respiratory-Disease-Classification/data/processed/audio/cycles/121/1b1_Tc_006.wav,test
121,1p1,Tc,Healthy,4,train,/Users/vs/Sem 5/Respiratory-Disease-Classification/data/processed/audio/cycles/121/1p1_Tc_001.wav,test
121,1p1,Tc,Healthy,4,train,/Users/vs/Sem 5/Respiratory-Disease-Classification/data/processed/audio/cycles/121/1p1_Tc_002.wav,test
121,1p1,Tc,Healthy,4,train,/Users/vs/Sem 5/Respiratory-Disease-Classification/data/processed/audio/cycles/121/1p1_Tc_003.wav,test
121,1p1,Tc,Healthy,4,train,/Users/vs/Sem 5/Respiratory-Disease-Classification/data/processed/audio/cycles/121/1p1_Tc_004.wav,test
121,1p1,Tc,Healthy,4,train,/Users/vs/Sem 5/Respiratory-Disease-Classification/data/processed/audio/cycles/121/1p1_Tc_005.wav,test
121,1p1,Tc,Healthy,4,train,/Users/vs/Sem 5/Respiratory-Disease-Classification/data/processed/audio/cycles/121/1p1_Tc_006.wav,test
121,1p1,Tc,Healthy,4,train,/Users/vs/Sem 5/Respiratory-Disease-Classification/data/processed/audio/cycles/121/1p1_Tc_007.wav,test
121,1p1,Tc,Healthy,4,train,/Users/vs/Sem 5/Respiratory-Disease-Classification/data/processed/audio/cycles/121/1p1_Tc_008.wav,test
122,2b1,Al,Pneumonia,6,train,/Users/vs/Sem 5/Respiratory-Disease-Classification/data/processed/audio/cycles/122/2b1_Al_001.wav,test
122,2b1,Al,Pneumonia,6,train,/Users/vs/Sem 5/Respiratory-Disease-Classification/data/processed/audio/cycles/122/2b1_Al_002.wav,test
122,2b1,Al,Pneumonia,6,train,/Users/vs/Sem 5/Respiratory-Disease-Classification/data/processed/audio/cycles/122/2b1_Al_003.wav,test
122,2b1,Al,Pneumonia,6,train,/Users/vs/Sem 5/Respiratory-Disease-Classification/data/processed/audio/cycles/122/2b1_Al_004.wav,test
122,2b1,Al,Pneumonia,6,train,/Users/vs/Sem 5/Respiratory-Disease-Classification/data/processed/audio/cycles/122/2b1_Al_005.wav,test
122,2b1,Al,Pneumonia,6,train,/Users/vs/Sem 5/Respiratory-Disease-Classification/data/processed/audio/cycles/122/2b1_Al_006.wav,test
122,2b1,Ar,Pneumonia,6,train,/Users/vs/Sem 5/Respiratory-Disease-Classification/data/processed/audio/cycles/122/2b1_Ar_001.wav,test
122,2b1,Ar,Pneumonia,6,train,/Users/vs/Sem 5/Respiratory-Disease-Classification/data/processed/audio/cycles/122/2b1_Ar_002.wav,test
122,2b1,Ar,Pneumonia,6,train,/Users/vs/Sem 5/Respiratory-Disease-Classification/data/processed/audio/cycles/122/2b1_Ar_003.wav,test
122,2b1,Ar,Pneumonia,6,train,/Users/vs/Sem 5/Respiratory-Disease-Classification/data/processed/audio/cycles/122/2b1_Ar_004.wav,test
122,2b1,Ar,Pneumonia,6,train,/Users/vs/Sem 5/Respiratory-Disease-Classification/data/processed/audio/cycles/122/2b1_Ar_005.wav,test
122,2b1,Ar,Pneumonia,6,train,/Users/vs/Sem 5/Respiratory-Disease-Classification/data/processed/audio/cycles/122/2b1_Ar_006.wav,test
122,2b1,Tc,Pneumonia,6,train,/Users/vs/Sem 5/Respiratory-Disease-Classification/data/processed/audio/cycles/122/2b1_Tc_001.wav,test
122,2b1,Tc,Pneumonia,6,train,/Users/vs/Sem 5/Respiratory-Disease-Classification/data/processed/audio/cycles/122/2b1_Tc_002.wav,test
122,2b1,Tc,Pneumonia,6,train,/Users/vs/Sem 5/Respiratory-Disease-Classification/data/processed/audio/cycles/122/2b1_Tc_003.wav,test
122,2b1,Tc,Pneumonia,6,train,/Users/vs/Sem 5/Respiratory-Disease-Classification/data/processed/audio/cycles/122/2b1_Tc_004.wav,test
122,2b1,Tc,Pneumonia,6,train,/Users/vs/Sem 5/Respiratory-Disease-Classification/data/processed/audio/cycles/122/2b1_Tc_005.wav,test
122,2b1,Tc,Pneumonia,6,train,/Users/vs/Sem 5/Respiratory-Disease-Classification/data/processed/audio/cycles/122/2b1_Tc_006.wav,test
122,2b2,Al,Pneumonia,6,train,/Users/vs/Sem 5/Respiratory-Disease-Classification/data/processed/audio/cycles/122/2b2_Al_001.wav,test
122,2b2,Al,Pneumonia,6,train,/Users/vs/Sem 5/Respiratory-Disease-Classification/data/processed/audio/cycles/122/2b2_Al_002.wav,test
122,2b2,Al,Pneumonia,6,train,/Users/vs/Sem 5/Respiratory-Disease-Classification/data/processed/audio/cycles/122/2b2_Al_003.wav,test
122,2b2,Al,Pneumonia,6,train,/Users/vs/Sem 5/Respiratory-Disease-Classification/data/processed/audio/cycles/122/2b2_Al_004.wav,test
122,2b2,Al,Pneumonia,6,train,/Users/vs/Sem 5/Respiratory-Disease-Classification/data/processed/audio/cycles/122/2b2_Al_005.wav,test
122,2b2,Al,Pneumonia,6,train,/Users/vs/Sem 5/Respiratory-Disease-Classification/data/processed/audio/cycles/122/2b2_Al_006.wav,test
122,2b2,Ar,Pneumonia,6,train,/Users/vs/Sem 5/Respiratory-Disease-Classification/data/processed/audio/cycles/122/2b2_Ar_001.wav,test
122,2b2,Ar,Pneumonia,6,train,/Users/vs/Sem 5/Respiratory-Disease-Classification/data/processed/audio/cycles/122/2b2_Ar_002.wav,test
122,2b2,Ar,Pneumonia,6,train,/Users/vs/Sem 5/Respiratory-Disease-Classification/data/processed/audio/cycles/122/2b2_Ar_003.wav,test
122,2b2,Ar,Pneumonia,6,train,/Users/vs/Sem 5/Respiratory-Disease-Classification/data/processed/audio/cycles/122/2b2_Ar_004.wav,test
122,2b2,Ar,Pneumonia,6,train,/Users/vs/Sem 5/Respiratory-Disease-Classification/data/processed/audio/cycles/122/2b2_Ar_005.wav,test
122,2b2,Ar,Pneumonia,6,train,/Users/vs/Sem 5/Respiratory-Disease-Classification/data/processed/audio/cycles/122/2b2_Ar_006.wav,test
122,2b2,Ar,Pneumonia,6,train,/Users/vs/Sem 5/Respiratory-Disease-Classification/data/processed/audio/cycles/122/2b2_Ar_007.wav,test
122,2b2,Tc,Pneumonia,6,train,/Users/vs/Sem 5/Respiratory-Disease-Classification/data/processed/audio/cycles/122/2b2_Tc_001.wav,test
122,2b2,Tc,Pneumonia,6,train,/Users/vs/Sem 5/Respiratory-Disease-Classification/data/processed/audio/cycles/122/2b2_Tc_002.wav,test
122,2b2,Tc,Pneumonia,6,train,/Users/vs/Sem 5/Respiratory-Disease-Classification/data/processed/audio/cycles/122/2b2_Tc_003.wav,test
122,2b2,Tc,Pneumonia,6,train,/Users/vs/Sem 5/Respiratory-Disease-Classification/data/processed/audio/cycles/122/2b2_Tc_004.wav,test
122,2b2,Tc,Pneumonia,6,train,/Users/vs/Sem 5/Respiratory-Disease-Classification/data/processed/audio/cycles/122/2b2_Tc_005.wav,test
122,2b2,Tc,Pneumonia,6,train,/Users/vs/Sem 5/Respiratory-Disease-Classification/data/processed/audio/cycles/122/2b2_Tc_006.wav,test
122,2b3,Al,Pneumonia,6,train,/Users/vs/Sem 5/Respiratory-Disease-Classification/data/processed/audio/cycles/122/2b3_Al_001.wav,test
122,2b3,Al,Pneumonia,6,train,/Users/vs/Sem 5/Respiratory-Disease-Classification/data/processed/audio/cycles/122/2b3_Al_002.wav,test
122,2b3,Al,Pneumonia,6,train,/Users/vs/Sem 5/Respiratory-Disease-Classification/data/processed/audio/cycles/122/2b3_Al_003.wav,test
122,2b3,Al,Pneumonia,6,train,/Users/vs/Sem 5/Respiratory-Disease-Classification/data/processed/audio/cycles/122/2b3_Al_004.wav,test
122,2b3,Al,Pneumonia,6,train,/Users/vs/Sem 5/Respiratory-Disease-Classification/data/processed/audio/cycles/122/2b3_Al_005.wav,test
122,2b3,Ar,Pneumonia,6,train,/Users/vs/Sem 5/Respiratory-Disease-Classification/data/processed/audio/cycles/122/2b3_Ar_001.wav,test
122,2b3,Ar,Pneumonia,6,train,/Users/vs/Sem 5/Respiratory-Disease-Classification/data/processed/audio/cycles/122/2b3_Ar_002.wav,test
122,2b3,Ar,Pneumonia,6,train,/Users/vs/Sem 5/Respiratory-Disease-Classification/data/processed/audio/cycles/122/2b3_Ar_003.wav,test
122,2b3,Ar,Pneumonia,6,train,/Users/vs/Sem 5/Respiratory-Disease-Classification/data/processed/audio/cycles/122/2b3_Ar_004.wav,test
122,2b3,Ar,Pneumonia,6,train,/Users/vs/Sem 5/Respiratory-Disease-Classification/data/processed/audio/cycles/122/2b3_Ar_005.wav,test
122,2b3,Tc,Pneumonia,6,train,/Users/vs/Sem 5/Respiratory-Disease-Classification/data/processed/audio/cycles/122/2b3_Tc_001.wav,test
122,2b3,Tc,Pneumonia,6,train,/Users/vs/Sem 5/Respiratory-Disease-Classification/data/processed/audio/cycles/122/2b3_Tc_002.wav,test
122,2b3,Tc,Pneumonia,6,train,/Users/vs/Sem 5/Respiratory-Disease-Classification/data/processed/audio/cycles/122/2b3_Tc_003.wav,test
122,2b3,Tc,Pneumonia,6,train,/Users/vs/Sem 5/Respiratory-Disease-Classification/data/processed/audio/cycles/122/2b3_Tc_004.wav,test
122,2b3,Tc,Pneumonia,6,train,/Users/vs/Sem 5/Respiratory-Disease-Classification/data/processed/audio/cycles/122/2b3_Tc_005.wav,test
123,1b1,Al,Healthy,4,test,/Users/vs/Sem 5/Respiratory-Disease-Classification/data/processed/audio/cycles/123/1b1_Al_001.wav,validation
123,1b1,Al,Healthy,4,test,/Users/vs/Sem 5/Respiratory-Disease-Classification/data/processed/audio/cycles/123/1b1_Al_002.wav,validation
123,1b1,Al,Healthy,4,test,/Users/vs/Sem 5/Respiratory-Disease-Classification/data/processed/audio/cycles/123/1b1_Al_003.wav,validation
123,1b1,Al,Healthy,4,test,/Users/vs/Sem 5/Respiratory-Disease-Classification/data/processed/audio/cycles/123/1b1_Al_004.wav,validation
123,1b1,Al,Healthy,4,test,/Users/vs/Sem 5/Respiratory-Disease-Classification/data/processed/audio/cycles/123/1b1_Al_005.wav,validation
123,1b1,Al,Healthy,4,test,/Users/vs/Sem 5/Respiratory-Disease-Classification/data/processed/audio/cycles/123/1b1_Al_006.wav,validation
123,1b1,Al,Healthy,4,test,/Users/vs/Sem 5/Respiratory-Disease-Classification/data/processed/audio/cycles/123/1b1_Al_007.wav,validation
123,1b1,Al,Healthy,4,test,/Users/vs/Sem 5/Respiratory-Disease-Classification/data/processed/audio/cycles/123/1b1_Al_008.wav,validation
124,1b1,Al,COPD,3,test,/Users/vs/Sem 5/Respiratory-Disease-Classification/data/processed/audio/cycles/124/1b1_Al_001.wav,train
124,1b1,Al,COPD,3,test,/Users/vs/Sem 5/Respiratory-Disease-Classification/data/processed/audio/cycles/124/1b1_Al_002.wav,train
124,1b1,Al,COPD,3,test,/Users/vs/Sem 5/Respiratory-Disease-Classification/data/processed/audio/cycles/124/1b1_Al_003.wav,train
124,1b1,Al,COPD,3,test,/Users/vs/Sem 5/Respiratory-Disease-Classification/data/processed/audio/cycles/124/1b1_Al_004.wav,train
124,1b1,Al,COPD,3,test,/Users/vs/Sem 5/Respiratory-Disease-Classification/data/processed/audio/cycles/124/1b1_Al_005.wav,train
124,1b1,Al,COPD,3,test,/Users/vs/Sem 5/Respiratory-Disease-Classification/data/processed/audio/cycles/124/1b1_Al_006.wav,train
124,1b1,Al,COPD,3,test,/Users/vs/Sem 5/Respiratory-Disease-Classification/data/processed/audio/cycles/124/1b1_Al_007.wav,train
124,1b1,Al,COPD,3,test,/Users/vs/Sem 5/Respiratory-Disease-Classification/data/processed/audio/cycles/124/1b1_Al_008.wav,train
124,1b1,Ar,COPD,3,test,/Users/vs/Sem 5/Respiratory-Disease-Classification/data/processed/audio/cycles/124/1b1_Ar_001.wav,train
124,1b1,Ar,COPD,3,test,/Users/vs/Sem 5/Respiratory-Disease-Classification/data/processed/audio/cycles/124/1b1_Ar_002.wav,train
124,1b1,Ar,COPD,3,test,/Users/vs/Sem 5/Respiratory-Disease-Classification/data/processed/audio/cycles/124/1b1_Ar_003.wav,train
124,1b1,Ar,COPD,3,test,/Users/vs/Sem 5/Respiratory-Disease-Classification/data/processed/audio/cycles/124/1b1_Ar_004.wav,train
124,1b1,Ar,COPD,3,test,/Users/vs/Sem 5/Respiratory-Disease-Classification/data/processed/audio/cycles/124/1b1_Ar_005.wav,train
124,1b1,Ar,COPD,3,test,/Users/vs/Sem 5/Respiratory-Disease-Classification/data/processed/audio/cycles/124/1b1_Ar_006.wav,train
124,1b1,Ar,COPD,3,test,/Users/vs/Sem 5/Respiratory-Disease-Classification/data/processed/audio/cycles/124/1b1_Ar_007.wav,train
124,1b1,Ll,COPD,3,test,/Users/vs/Sem 5/Respiratory-Disease-Classification/data/processed/audio/cycles/124/1b1_Ll_001.wav,train
124,1b1,Ll,COPD,3,test,/Users/vs/Sem 5/Respiratory-Disease-Classification/data/processed/audio/cycles/124/1b1_Ll_002.wav,train
124,1b1,Ll,COPD,3,test,/Users/vs/Sem 5/Respiratory-Disease-Classification/data/processed/audio/cycles/124/1b1_Ll_003.wav,train
124,1b1,Ll,COPD,3,test,/Users/vs/Sem 5/Respiratory-Disease-Classification/data/processed/audio/cycles/124/1b1_Ll_004.wav,train
124,1b1,Ll,COPD,3,test,/Users/vs/Sem 5/Respiratory-Disease-Classification/data/processed/audio/cycles/124/1b1_Ll_005.wav,train
124,1b1,Ll,COPD,3,test,/Users/vs/Sem 5/Respiratory-Disease-Classification/data/processed/audio/cycles/124/1b1_Ll_006.wav,train
124,1b1,Ll,COPD,3,test,/Users/vs/Sem 5/Respiratory-Disease-Classification/data/processed/audio/cycles/124/1b1_Ll_007.wav,train
124,1b1,Ll,COPD,3,test,/Users/vs/Sem 5/Respiratory-Disease-Classification/data/processed/audio/cycles/124/1b1_Ll_008.wav,train
124,1b1,Ll,COPD,3,test,/Users/vs/Sem 5/Respiratory-Disease-Classification/data/processed/audio/cycles/124/1b1_Ll_009.wav,train
124,1b1,Ll,COPD,3,test,/Users/vs/Sem 5/Respiratory-Disease-Classification/data/processed/audio/cycles/124/1b1_Ll_010.wav,train
124,1b1,Lr,COPD,3,test,/Users/vs/Sem 5/Respiratory-Disease-Classification/data/processed/audio/cycles/124/1b1_Lr_001.wav,train
124,1b1,Lr,COPD,3,test,/Users/vs/Sem 5/Respiratory-Disease-Classification/data/processed/audio/cycles/124/1b1_Lr_002.wav,train
124,1b1,Lr,COPD,3,test,/Users/vs/Sem 5/Respiratory-Disease-Classification/data/processed/audio/cycles/124/1b1_Lr_003.wav,train
124,1b1,Lr,COPD,3,test,/Users/vs/Sem 5/Respiratory-Disease-Classification/data/processed/audio/cycles/124/1b1_Lr_004.wav,train
124,1b1,Lr,COPD,3,test,/Users/vs/Sem 5/Respiratory-Disease-Classification/data/processed/audio/cycles/124/1b1_Lr_005.wav,train
124,1b1,Lr,COPD,3,test,/Users/vs/Sem 5/Respiratory-Disease-Classification/data/processed/audio/cycles/124/1b1_Lr_006.wav,train
124,1b1,Lr,COPD,3,test,/Users/vs/Sem 5/Respiratory-Disease-Classification/data/processed/audio/cycles/124/1b1_Lr_007.wav,train
124,1b1,Lr,COPD,3,test,/Users/vs/Sem 5/Respiratory-Disease-Classification/data/processed/audio/cycles/124/1b1_Lr_008.wav,train
124,1b1,Lr,COPD,3,test,/Users/vs/Sem 5/Respiratory-Disease-Classification/data/processed/audio/cycles/124/1b1_Lr_009.wav,train
124,1b1,Lr,COPD,3,test,/Users/vs/Sem 5/Respiratory-Disease-Classification/data/processed/audio/cycles/124/1b1_Lr_010.wav,train
124,1b1,Pl,COPD,3,test,/Users/vs/Sem 5/Respiratory-Disease-Classification/data/processed/audio/cycles/124/1b1_Pl_001.wav,train
124,1b1,Pl,COPD,3,test,/Users/vs/Sem 5/Respiratory-Disease-Classification/data/processed/audio/cycles/124/1b1_Pl_002.wav,train
124,1b1,Pl,COPD,3,test,/Users/vs/Sem 5/Respiratory-Disease-Classification/data/processed/audio/cycles/124/1b1_Pl_003.wav,train
124,1b1,Pl,COPD,3,test,/Users/vs/Sem 5/Respiratory-Disease-Classification/data/processed/audio/cycles/124/1b1_Pl_004.wav,train
124,1b1,Pl,COPD,3,test,/Users/vs/Sem 5/Respiratory-Disease-Classification/data/processed/audio/cycles/124/1b1_Pl_005.wav,train
124,1b1,Pl,COPD,3,test,/Users/vs/Sem 5/Respiratory-Disease-Classification/data/processed/audio/cycles/124/1b1_Pl_006.wav,train
124,1b1,Pl,COPD,3,test,/Users/vs/Sem 5/Respiratory-Disease-Classification/data/processed/audio/cycles/124/1b1_Pl_007.wav,train
124,1b1,Pr,COPD,3,test,/Users/vs/Sem 5/Respiratory-Disease-Classification/data/processed/audio/cycles/124/1b1_Pr_001.wav,train
124,1b1,Pr,COPD,3,test,/Users/vs/Sem 5/Respiratory-Disease-Classification/data/processed/audio/cycles/124/1b1_Pr_002.wav,train
124,1b1,Pr,COPD,3,test,/Users/vs/Sem 5/Respiratory-Disease-Classification/data/processed/audio/cycles/124/1b1_Pr_003.wav,train
124,1b1,Pr,COPD,3,test,/Users/vs/Sem 5/Respiratory-Disease-Classification/data/processed/audio/cycles/124/1b1_Pr_004.wav,train
124,1b1,Pr,COPD,3,test,/Users/vs/Sem 5/Respiratory-Disease-Classification/data/processed/audio/cycles/124/1b1_Pr_005.wav,train
124,1b1,Pr,COPD,3,test,/Users/vs/Sem 5/Respiratory-Disease-Classification/data/processed/audio/cycles/124/1b1_Pr_006.wav,train
125,1b1,Tc,Healthy,4,train,/Users/vs/Sem 5/Respiratory-Disease-Classification/data/processed/audio/cycles/125/1b1_Tc_001.wav,test
125,1b1,Tc,Healthy,4,train,/Users/vs/Sem 5/Respiratory-Disease-Classification/data/processed/audio/cycles/125/1b1_Tc_002.wav,test
125,1b1,Tc,Healthy,4,train,/Users/vs/Sem 5/Respiratory-Disease-Classification/data/processed/audio/cycles/125/1b1_Tc_003.wav,test
125,1b1,Tc,Healthy,4,train,/Users/vs/Sem 5/Respiratory-Disease-Classification/data/processed/audio/cycles/125/1b1_Tc_004.wav,test
125,1b1,Tc,Healthy,4,train,/Users/vs/Sem 5/Respiratory-Disease-Classification/data/processed/audio/cycles/125/1b1_Tc_005.wav,test
125,1b1,Tc,Healthy,4,train,/Users/vs/Sem 5/Respiratory-Disease-Classification/data/processed/audio/cycles/125/1b1_Tc_006.wav,test
126,1b1,Al,Healthy,4,test,/Users/vs/Sem 5/Respiratory-Disease-Classification/data/processed/audio/cycles/126/1b1_Al_001.wav,train
126,1b1,Al,Healthy,4,test,/Users/vs/Sem 5/Respiratory-Disease-Classification/data/processed/audio/cycles/126/1b1_Al_002.wav,train
126,1b1,Al,Healthy,4,test,/Users/vs/Sem 5/Respiratory-Disease-Classification/data/processed/audio/cycles/126/1b1_Al_003.wav,train
126,1b1,Al,Healthy,4,test,/Users/vs/Sem 5/Respiratory-Disease-Classification/data/processed/audio/cycles/126/1b1_Al_004.wav,train
126,1b1,Al,Healthy,4,test,/Users/vs/Sem 5/Respiratory-Disease-Classification/data/processed/audio/cycles/126/1b1_Al_005.wav,train
126,1b1,Al,Healthy,4,test,/Users/vs/Sem 5/Respiratory-Disease-Classification/data/processed/audio/cycles/126/1b1_Al_006.wav,train
126,1b1,Al,Healthy,4,test,/Users/vs/Sem 5/Respiratory-Disease-Classification/data/processed/audio/cycles/126/1b1_Al_007.wav,train
126,1b1,Al,Healthy,4,test,/Users/vs/Sem 5/Respiratory-Disease-Classification/data/processed/audio/cycles/126/1b1_Al_008.wav,train
126,1b1,Al,Healthy,4,test,/Users/vs/Sem 5/Respiratory-Disease-Classification/data/processed/audio/cycles/126/1b1_Al_009.wav,train
126,1b1,Al,Healthy,4,test,/Users/vs/Sem 5/Respiratory-Disease-Classification/data/processed/audio/cycles/126/1b1_Al_010.wav,train
126,1b1,Al,Healthy,4,test,/Users/vs/Sem 5/Respiratory-Disease-Classification/data/processed/audio/cycles/126/1b1_Al_011.wav,train
127,1b1,Ar,Healthy,4,train,/Users/vs/Sem 5/Respiratory-Disease-Classification/data/processed/audio/cycles/127/1b1_Ar_001.wav,train
127,1b1,Ar,Healthy,4,train,/Users/vs/Sem 5/Respiratory-Disease-Classification/data/processed/audio/cycles/127/1b1_Ar_002.wav,train
127,1b1,Ar,Healthy,4,train,/Users/vs/Sem 5/Respiratory-Disease-Classification/data/processed/audio/cycles/127/1b1_Ar_003.wav,train
127,1b1,Ar,Healthy,4,train,/Users/vs/Sem 5/Respiratory-Disease-Classification/data/processed/audio/cycles/127/1b1_Ar_004.wav,train
127,1b1,Ar,Healthy,4,train,/Users/vs/Sem 5/Respiratory-Disease-Classification/data/processed/audio/cycles/127/1b1_Ar_005.wav,train
127,1b1,Ar,Healthy,4,train,/Users/vs/Sem 5/Respiratory-Disease-Classification/data/processed/audio/cycles/127/1b1_Ar_006.wav,train
127,1b1,Ar,Healthy,4,train,/Users/vs/Sem 5/Respiratory-Disease-Classification/data/processed/audio/cycles/127/1b1_Ar_007.wav,train
127,1b1,Ar,Healthy,4,train,/Users/vs/Sem 5/Respiratory-Disease-Classification/data/processed/audio/cycles/127/1b1_Ar_008.wav,train
127,1b1,Ar,Healthy,4,train,/Users/vs/Sem 5/Respiratory-Disease-Classification/data/processed/audio/cycles/127/1b1_Ar_009.wav,train
127,1b1,Ar,Healthy,4,train,/Users/vs/Sem 5/Respiratory-Disease-Classification/data/processed/audio/cycles/127/1b1_Ar_010.wav,train
128,1b3,Tc,COPD,3,train,/Users/vs/Sem 5/Respiratory-Disease-Classification/data/processed/audio/cycles/128/1b3_Tc_001.wav,validation
128,1b3,Tc,COPD,3,train,/Users/vs/Sem 5/Respiratory-Disease-Classification/data/processed/audio/cycles/128/1b3_Tc_002.wav,validation
128,1b3,Tc,COPD,3,train,/Users/vs/Sem 5/Respiratory-Disease-Classification/data/processed/audio/cycles/128/1b3_Tc_003.wav,validation
128,1b3,Tc,COPD,3,train,/Users/vs/Sem 5/Respiratory-Disease-Classification/data/processed/audio/cycles/128/1b3_Tc_004.wav,validation
128,1b3,Tc,COPD,3,train,/Users/vs/Sem 5/Respiratory-Disease-Classification/data/processed/audio/cycles/128/1b3_Tc_005.wav,validation
129,1b1,Ar,URTI,7,train,/Users/vs/Sem 5/Respiratory-Disease-Classification/data/processed/audio/cycles/129/1b1_Ar_001.wav,train
129,1b1,Ar,URTI,7,train,/Users/vs/Sem 5/Respiratory-Disease-Classification/data/processed/audio/cycles/129/1b1_Ar_002.wav,train
129,1b1,Ar,URTI,7,train,/Users/vs/Sem 5/Respiratory-Disease-Classification/data/processed/audio/cycles/129/1b1_Ar_003.wav,train
129,1b1,Ar,URTI,7,train,/Users/vs/Sem 5/Respiratory-Disease-Classification/data/processed/audio/cycles/129/1b1_Ar_004.wav,train
129,1b1,Ar,URTI,7,train,/Users/vs/Sem 5/Respiratory-Disease-Classification/data/processed/audio/cycles/129/1b1_Ar_005.wav,train
129,1b1,Ar,URTI,7,train,/Users/vs/Sem 5/Respiratory-Disease-Classification/data/processed/audio/cycles/129/1b1_Ar_006.wav,train
129,1b1,Ar,URTI,7,train,/Users/vs/Sem 5/Respiratory-Disease-Classification/data/processed/audio/cycles/129/1b1_Ar_007.wav,train
129,1b1,Ar,URTI,7,train,/Users/vs/Sem 5/Respiratory-Disease-Classification/data/processed/audio/cycles/129/1b1_Ar_008.wav,train
129,1b1,Ar,URTI,7,train,/Users/vs/Sem 5/Respiratory-Disease-Classification/data/processed/audio/cycles/129/1b1_Ar_009.wav,train
130,1p2,Al,COPD,3,train,/Users/vs/Sem 5/Respiratory-Disease-Classification/data/processed/audio/cycles/130/1p2_Al_001.wav,train
130,1p2,Al,COPD,3,train,/Users/vs/Sem 5/Respiratory-Disease-Classification/data/processed/audio/cycles/130/1p2_Al_002.wav,train
130,1p2,Al,COPD,3,train,/Users/vs/Sem 5/Respiratory-Disease-Classification/data/processed/audio/cycles/130/1p2_Al_003.wav,train
130,1p2,Al,COPD,3,train,/Users/vs/Sem 5/Respiratory-Disease-Classification/data/processed/audio/cycles/130/1p2_Al_004.wav,train
130,1p2,Al,COPD,3,train,/Users/vs/Sem 5/Respiratory-Disease-Classification/data/processed/audio/cycles/130/1p2_Al_005.wav,train
130,1p2,Al,COPD,3,train,/Users/vs/Sem 5/Respiratory-Disease-Classification/data/processed/audio/cycles/130/1p2_Al_006.wav,train
130,1p2,Al,COPD,3,train,/Users/vs/Sem 5/Respiratory-Disease-Classification/data/processed/audio/cycles/130/1p2_Al_007.wav,train
130,1p2,Ar,COPD,3,train,/Users/vs/Sem 5/Respiratory-Disease-Classification/data/processed/audio/cycles/130/1p2_Ar_001.wav,train
130,1p2,Ar,COPD,3,train,/Users/vs/Sem 5/Respiratory-Disease-Classification/data/processed/audio/cycles/130/1p2_Ar_002.wav,train
130,1p2,Ar,COPD,3,train,/Users/vs/Sem 5/Respiratory-Disease-Classification/data/processed/audio/cycles/130/1p2_Ar_003.wav,train
130,1p2,Ar,COPD,3,train,/Users/vs/Sem 5/Respiratory-Disease-Classification/data/processed/audio/cycles/130/1p2_Ar_004.wav,train
130,1p2,Ar,COPD,3,train,/Users/vs/Sem 5/Respiratory-Disease-Classification/data/processed/audio/cycles/130/1p2_Ar_005.wav,train
130,1p2,Ar,COPD,3,train,/Users/vs/Sem 5/Respiratory-Disease-Classification/data/processed/audio/cycles/130/1p2_Ar_006.wav,train
130,1p2,Ar,COPD,3,train,/Users/vs/Sem 5/Respiratory-Disease-Classification/data/processed/audio/cycles/130/1p2_Ar_007.wav,train
130,1p2,Ll,COPD,3,train,/Users/vs/Sem 5/Respiratory-Disease-Classification/data/processed/audio/cycles/130/1p2_Ll_001.wav,train
130,1p2,Ll,COPD,3,train,/Users/vs/Sem 5/Respiratory-Disease-Classification/data/processed/audio/cycles/130/1p2_Ll_002.wav,train
130,1p2,Ll,COPD,3,train,/Users/vs/Sem 5/Respiratory-Disease-Classification/data/processed/audio/cycles/130/1p2_Ll_003.wav,train
130,1p2,Ll,COPD,3,train,/Users/vs/Sem 5/Respiratory-Disease-Classification/data/processed/audio/cycles/130/1p2_Ll_004.wav,train
130,1p2,Ll,COPD,3,train,/Users/vs/Sem 5/Respiratory-Disease-Classification/data/processed/audio/cycles/130/1p2_Ll_005.wav,train
130,1p2,Ll,COPD,3,train,/Users/vs/Sem 5/Respiratory-Disease-Classification/data/processed/audio/cycles/130/1p2_Ll_006.wav,train
130,1p2,Ll,COPD,3,train,/Users/vs/Sem 5/Respiratory-Disease-Classification/data/processed/audio/cycles/130/1p2_Ll_007.wav,train
130,1p2,Lr,COPD,3,train,/Users/vs/Sem 5/Respiratory-Disease-Classification/data/processed/audio/cycles/130/1p2_Lr_001.wav,train
130,1p2,Lr,COPD,3,train,/Users/vs/Sem 5/Respiratory-Disease-Classification/data/processed/audio/cycles/130/1p2_Lr_002.wav,train
130,1p2,Lr,COPD,3,train,/Users/vs/Sem 5/Respiratory-Disease-Classification/data/processed/audio/cycles/130/1p2_Lr_003.wav,train
130,1p2,Lr,COPD,3,train,/Users/vs/Sem 5/Respiratory-Disease-Classification/data/processed/audio/cycles/130/1p2_Lr_004.wav,train
130,1p2,Lr,COPD,3,train,/Users/vs/Sem 5/Respiratory-Disease-Classification/data/processed/audio/cycles/130/1p2_Lr_005.wav,train
130,1p2,Lr,COPD,3,train,/Users/vs/Sem 5/Respiratory-Disease-Classification/data/processed/audio/cycles/130/1p2_Lr_006.wav,train
130,1p2,Lr,COPD,3,train,/Users/vs/Sem 5/Respiratory-Disease-Classification/data/processed/audio/cycles/130/1p2_Lr_007.wav,train
130,1p2,Pl,COPD,3,train,/Users/vs/Sem 5/Respiratory-Disease-Classification/data/processed/audio/cycles/130/1p2_Pl_001.wav,train
130,1p2,Pl,COPD,3,train,/Users/vs/Sem 5/Respiratory-Disease-Classification/data/processed/audio/cycles/130/1p2_Pl_002.wav,train
130,1p2,Pl,COPD,3,train,/Users/vs/Sem 5/Respiratory-Disease-Classification/data/processed/audio/cycles/130/1p2_Pl_003.wav,train
130,1p2,Pl,COPD,3,train,/Users/vs/Sem 5/Respiratory-Disease-Classification/data/processed/audio/cycles/130/1p2_Pl_004.wav,train
130,1p2,Pl,COPD,3,train,/Users/vs/Sem 5/Respiratory-Disease-Classification/data/processed/audio/cycles/130/1p2_Pl_005.wav,train
130,1p2,Pl,COPD,3,train,/Users/vs/Sem 5/Respiratory-Disease-Classification/data/processed/audio/cycles/130/1p2_Pl_006.wav,train
130,1p2,Pl,COPD,3,train,/Users/vs/Sem 5/Respiratory-Disease-Classification/data/processed/audio/cycles/130/1p2_Pl_007.wav,train
130,1p2,Pr,COPD,3,train,/Users/vs/Sem 5/Respiratory-Disease-Classification/data/processed/audio/cycles/130/1p2_Pr_001.wav,train
130,1p2,Pr,COPD,3,train,/Users/vs/Sem 5/Respiratory-Disease-Classification/data/processed/audio/cycles/130/1p2_Pr_002.wav,train
130,1p2,Pr,COPD,3,train,/Users/vs/Sem 5/Respiratory-Disease-Classification/data/processed/audio/cycles/130/1p2_Pr_003.wav,train
130,1p2,Pr,COPD,3,train,/Users/vs/Sem 5/Respiratory-Disease-Classification/data/processed/audio/cycles/130/1p2_Pr_004.wav,train
130,1p2,Pr,COPD,3,train,/Users/vs/Sem 5/Respiratory-Disease-Classification/data/processed/audio/cycles/130/1p2_Pr_005.wav,train
130,1p2,Pr,COPD,3,train,/Users/vs/Sem 5/Respiratory-Disease-Classification/data/processed/audio/cycles/130/1p2_Pr_006.wav,train
130,1p2,Pr,COPD,3,train,/Users/vs/Sem 5/Respiratory-Disease-Classification/data/processed/audio/cycles/130/1p2_Pr_007.wav,train
130,1p2,Tc,COPD,3,train,/Users/vs/Sem 5/Respiratory-Disease-Classification/data/processed/audio/cycles/130/1p2_Tc_001.wav,train
130,1p2,Tc,COPD,3,train,/Users/vs/Sem 5/Respiratory-Disease-Classification/data/processed/audio/cycles/130/1p2_Tc_002.wav,train
130,1p2,Tc,COPD,3,train,/Users/vs/Sem 5/Respiratory-Disease-Classification/data/processed/audio/cycles/130/1p2_Tc_003.wav,train
130,1p2,Tc,COPD,3,train,/Users/vs/Sem 5/Respiratory-Disease-Classification/data/processed/audio/cycles/130/1p2_Tc_004.wav,train
130,1p2,Tc,COPD,3,train,/Users/vs/Sem 5/Respiratory-Disease-Classification/data/processed/audio/cycles/130/1p2_Tc_005.wav,train
130,1p2,Tc,COPD,3,train,/Users/vs/Sem 5/Respiratory-Disease-Classification/data/processed/audio/cycles/130/1p2_Tc_006.wav,train
130,1p2,Tc,COPD,3,train,/Users/vs/Sem 5/Respiratory-Disease-Classification/data/processed/audio/cycles/130/1p2_Tc_007.wav,train
130,1p3,Al,COPD,3,train,/Users/vs/Sem 5/Respiratory-Disease-Classification/data/processed/audio/cycles/130/1p3_Al_001.wav,train
130,1p3,Al,COPD,3,train,/Users/vs/Sem 5/Respiratory-Disease-Classification/data/processed/audio/cycles/130/1p3_Al_002.wav,train
130,1p3,Al,COPD,3,train,/Users/vs/Sem 5/Respiratory-Disease-Classification/data/processed/audio/cycles/130/1p3_Al_003.wav,train
130,1p3,Al,COPD,3,train,/Users/vs/Sem 5/Respiratory-Disease-Classification/data/processed/audio/cycles/130/1p3_Al_004.wav,train
130,1p3,Al,COPD,3,train,/Users/vs/Sem 5/Respiratory-Disease-Classification/data/processed/audio/cycles/130/1p3_Al_005.wav,train
130,1p3,Al,COPD,3,train,/Users/vs/Sem 5/Respiratory-Disease-Classification/data/processed/audio/cycles/130/1p3_Al_006.wav,train
130,1p3,Ar,COPD,3,train,/Users/vs/Sem 5/Respiratory-Disease-Classification/data/processed/audio/cycles/130/1p3_Ar_001.wav,train
130,1p3,Ar,COPD,3,train,/Users/vs/Sem 5/Respiratory-Disease-Classification/data/processed/audio/cycles/130/1p3_Ar_002.wav,train
130,1p3,Ar,COPD,3,train,/Users/vs/Sem 5/Respiratory-Disease-Classification/data/processed/audio/cycles/130/1p3_Ar_003.wav,train
130,1p3,Ar,COPD,3,train,/Users/vs/Sem 5/Respiratory-Disease-Classification/data/processed/audio/cycles/130/1p3_Ar_004.wav,train
130,1p3,Ar,COPD,3,train,/Users/vs/Sem 5/Respiratory-Disease-Classification/data/processed/audio/cycles/130/1p3_Ar_005.wav,train
130,1p3,Ar,COPD,3,train,/Users/vs/Sem 5/Respiratory-Disease-Classification/data/processed/audio/cycles/130/1p3_Ar_006.wav,train
130,1p3,Ll,COPD,3,train,/Users/vs/Sem 5/Respiratory-Disease-Classification/data/processed/audio/cycles/130/1p3_Ll_001.wav,train
130,1p3,Ll,COPD,3,train,/Users/vs/Sem 5/Respiratory-Disease-Classification/data/processed/audio/cycles/130/1p3_Ll_002.wav,train
130,1p3,Ll,COPD,3,train,/Users/vs/Sem 5/Respiratory-Disease-Classification/data/processed/audio/cycles/130/1p3_Ll_003.wav,train
130,1p3,Ll,COPD,3,train,/Users/vs/Sem 5/Respiratory-Disease-Classification/data/processed/audio/cycles/130/1p3_Ll_004.wav,train
130,1p3,Ll,COPD,3,train,/Users/vs/Sem 5/Respiratory-Disease-Classification/data/processed/audio/cycles/130/1p3_Ll_005.wav,train
130,1p3,Ll,COPD,3,train,/Users/vs/Sem 5/Respiratory-Disease-Classification/data/processed/audio/cycles/130/1p3_Ll_006.wav,train
130,1p3,Lr,COPD,3,train,/Users/vs/Sem 5/Respiratory-Disease-Classification/data/processed/audio/cycles/130/1p3_Lr_001.wav,train
130,1p3,Lr,COPD,3,train,/Users/vs/Sem 5/Respiratory-Disease-Classification/data/processed/audio/cycles/130/1p3_Lr_002.wav,train
130,1p3,Lr,COPD,3,train,/Users/vs/Sem 5/Respiratory-Disease-Classification/data/processed/audio/cycles/130/1p3_Lr_003.wav,train
130,1p3,Lr,COPD,3,train,/Users/vs/Sem 5/Respiratory-Disease-Classification/data/processed/audio/cycles/130/1p3_Lr_004.wav,train
130,1p3,Lr,COPD,3,train,/Users/vs/Sem 5/Respiratory-Disease-Classification/data/processed/audio/cycles/130/1p3_Lr_005.wav,train
130,1p3,Lr,COPD,3,train,/Users/vs/Sem 5/Respiratory-Disease-Classification/data/processed/audio/cycles/130/1p3_Lr_006.wav,train
130,1p3,Pl,COPD,3,train,/Users/vs/Sem 5/Respiratory-Disease-Classification/data/processed/audio/cycles/130/1p3_Pl_001.wav,train
130,1p3,Pl,COPD,3,train,/Users/vs/Sem 5/Respiratory-Disease-Classification/data/processed/audio/cycles/130/1p3_Pl_002.wav,train
130,1p3,Pl,COPD,3,train,/Users/vs/Sem 5/Respiratory-Disease-Classification/data/processed/audio/cycles/130/1p3_Pl_003.wav,train
130,1p3,Pl,COPD,3,train,/Users/vs/Sem 5/Respiratory-Disease-Classification/data/processed/audio/cycles/130/1p3_Pl_004.wav,train
130,1p3,Pl,COPD,3,train,/Users/vs/Sem 5/Respiratory-Disease-Classification/data/processed/audio/cycles/130/1p3_Pl_005.wav,train
130,1p3,Pl,COPD,3,train,/Users/vs/Sem 5/Respiratory-Disease-Classification/data/processed/audio/cycles/130/1p3_Pl_006.wav,train
130,1p3,Pr,COPD,3,train,/Users/vs/Sem 5/Respiratory-Disease-Classification/data/processed/audio/cycles/130/1p3_Pr_001.wav,train
130,1p3,Pr,COPD,3,train,/Users/vs/Sem 5/Respiratory-Disease-Classification/data/processed/audio/cycles/130/1p3_Pr_002.wav,train
130,1p3,Pr,COPD,3,train,/Users/vs/Sem 5/Respiratory-Disease-Classification/data/processed/audio/cycles/130/1p3_Pr_003.wav,train
130,1p3,Pr,COPD,3,train,/Users/vs/Sem 5/Respiratory-Disease-Classification/data/processed/audio/cycles/130/1p3_Pr_004.wav,train
130,1p3,Pr,COPD,3,train,/Users/vs/Sem 5/Respiratory-Disease-Classification/data/processed/audio/cycles/130/1p3_Pr_005.wav,train
130,1p3,Pr,COPD,3,train,/Users/vs/Sem 5/Respiratory-Disease-Classification/data/processed/audio/cycles/130/1p3_Pr_006.wav,train
130,1p3,Tc,COPD,3,train,/Users/vs/Sem 5/Respiratory-Disease-Classification/data/processed/audio/cycles/130/1p3_Tc_001.wav,train
130,1p3,Tc,COPD,3,train,/Users/vs/Sem 5/Respiratory-Disease-Classification/data/processed/audio/cycles/130/1p3_Tc_002.wav,train
130,1p3,Tc,COPD,3,train,/Users/vs/Sem 5/Respiratory-Disease-Classification/data/processed/audio/cycles/130/1p3_Tc_003.wav,train
130,1p3,Tc,COPD,3,train,/Users/vs/Sem 5/Respiratory-Disease-Classification/data/processed/audio/cycles/130/1p3_Tc_004.wav,train
130,1p3,Tc,COPD,3,train,/Users/vs/Sem 5/Respiratory-Disease-Classification/data/processed/audio/cycles/130/1p3_Tc_005.wav,train
130,1p3,Tc,COPD,3,train,/Users/vs/Sem 5/Respiratory-Disease-Classification/data/processed/audio/cycles/130/1p3_Tc_006.wav,train
130,1p4,Al,COPD,3,train,/Users/vs/Sem 5/Respiratory-Disease-Classification/data/processed/audio/cycles/130/1p4_Al_001.wav,train
130,1p4,Al,COPD,3,train,/Users/vs/Sem 5/Respiratory-Disease-Classification/data/processed/audio/cycles/130/1p4_Al_002.wav,train
130,1p4,Al,COPD,3,train,/Users/vs/Sem 5/Respiratory-Disease-Classification/data/processed/audio/cycles/130/1p4_Al_003.wav,train
130,1p4,Al,COPD,3,train,/Users/vs/Sem 5/Respiratory-Disease-Classification/data/processed/audio/cycles/130/1p4_Al_004.wav,train
130,1p4,Al,COPD,3,train,/Users/vs/Sem 5/Respiratory-Disease-Classification/data/processed/audio/cycles/130/1p4_Al_005.wav,train
130,1p4,Al,COPD,3,train,/Users/vs/Sem 5/Respiratory-Disease-Classification/data/processed/audio/cycles/130/1p4_Al_006.wav,train
130,1p4,Al,COPD,3,train,/Users/vs/Sem 5/Respiratory-Disease-Classification/data/processed/audio/cycles/130/1p4_Al_007.wav,train
130,1p4,Ar,COPD,3,train,/Users/vs/Sem 5/Respiratory-Disease-Classification/data/processed/audio/cycles/130/1p4_Ar_001.wav,train
130,1p4,Ar,COPD,3,train,/Users/vs/Sem 5/Respiratory-Disease-Classification/data/processed/audio/cycles/130/1p4_Ar_002.wav,train
130,1p4,Ar,COPD,3,train,/Users/vs/Sem 5/Respiratory-Disease-Classification/data/processed/audio/cycles/130/1p4_Ar_003.wav,train
130,1p4,Ar,COPD,3,train,/Users/vs/Sem 5/Respiratory-Disease-Classification/data/processed/audio/cycles/130/1p4_Ar_004.wav,train
130,1p4,Ar,COPD,3,train,/Users/vs/Sem 5/Respiratory-Disease-Classification/data/processed/audio/cycles/130/1p4_Ar_005.wav,train
130,1p4,Ar,COPD,3,train,/Users/vs/Sem 5/Respiratory-Disease-Classification/data/processed/audio/cycles/130/1p4_Ar_006.wav,train
130,1p4,Ar,COPD,3,train,/Users/vs/Sem 5/Respiratory-Disease-Classification/data/processed/audio/cycles/130/1p4_Ar_007.wav,train
130,1p4,Ll,COPD,3,train,/Users/vs/Sem 5/Respiratory-Disease-Classification/data/processed/audio/cycles/130/1p4_Ll_001.wav,train
130,1p4,Ll,COPD,3,train,/Users/vs/Sem 5/Respiratory-Disease-Classification/data/processed/audio/cycles/130/1p4_Ll_002.wav,train
130,1p4,Ll,COPD,3,train,/Users/vs/Sem 5/Respiratory-Disease-Classification/data/processed/audio/cycles/130/1p4_Ll_003.wav,train
130,1p4,Ll,COPD,3,train,/Users/vs/Sem 5/Respiratory-Disease-Classification/data/processed/audio/cycles/130/1p4_Ll_004.wav,train
130,1p4,Ll,COPD,3,train,/Users/vs/Sem 5/Respiratory-Disease-Classification/data/processed/audio/cycles/130/1p4_Ll_005.wav,train
130,1p4,Ll,COPD,3,train,/Users/vs/Sem 5/Respiratory-Disease-Classification/data/processed/audio/cycles/130/1p4_Ll_006.wav,train
130,1p4,Ll,COPD,3,train,/Users/vs/Sem 5/Respiratory-Disease-Classification/data/processed/audio/cycles/130/1p4_Ll_007.wav,train
130,1p4,Lr,COPD,3,train,/Users/vs/Sem 5/Respiratory-Disease-Classification/data/processed/audio/cycles/130/1p4_Lr_001.wav,train
130,1p4,Lr,COPD,3,train,/Users/vs/Sem 5/Respiratory-Disease-Classification/data/processed/audio/cycles/130/1p4_Lr_002.wav,train
130,1p4,Lr,COPD,3,train,/Users/vs/Sem 5/Respiratory-Disease-Classification/data/processed/audio/cycles/130/1p4_Lr_003.wav,train
130,1p4,Lr,COPD,3,train,/Users/vs/Sem 5/Respiratory-Disease-Classification/data/processed/audio/cycles/130/1p4_Lr_004.wav,train
130,1p4,Lr,COPD,3,train,/Users/vs/Sem 5/Respiratory-Disease-Classification/data/processed/audio/cycles/130/1p4_Lr_005.wav,train
130,1p4,Lr,COPD,3,train,/Users/vs/Sem 5/Respiratory-Disease-Classification/data/processed/audio/cycles/130/1p4_Lr_006.wav,train
130,1p4,Lr,COPD,3,train,/Users/vs/Sem 5/Respiratory-Disease-Classification/data/processed/audio/cycles/130/1p4_Lr_007.wav,train
130,1p4,Pl,COPD,3,train,/Users/vs/Sem 5/Respiratory-Disease-Classification/data/processed/audio/cycles/130/1p4_Pl_001.wav,train
130,1p4,Pl,COPD,3,train,/Users/vs/Sem 5/Respiratory-Disease-Classification/data/processed/audio/cycles/130/1p4_Pl_002.wav,train
130,1p4,Pl,COPD,3,train,/Users/vs/Sem 5/Respiratory-Disease-Classification/data/processed/audio/cycles/130/1p4_Pl_003.wav,train
130,1p4,Pl,COPD,3,train,/Users/vs/Sem 5/Respiratory-Disease-Classification/data/processed/audio/cycles/130/1p4_Pl_004.wav,train
130,1p4,Pl,COPD,3,train,/Users/vs/Sem 5/Respiratory-Disease-Classification/data/processed/audio/cycles/130/1p4_Pl_005.wav,train
130,1p4,Pl,COPD,3,train,/Users/vs/Sem 5/Respiratory-Disease-Classification/data/processed/audio/cycles/130/1p4_Pl_006.wav,train
130,1p4,Pl,COPD,3,train,/Users/vs/Sem 5/Respiratory-Disease-Classification/data/processed/audio/cycles/130/1p4_Pl_007.wav,train
130,1p4,Pr,COPD,3,train,/Users/vs/Sem 5/Respiratory-Disease-Classification/data/processed/audio/cycles/130/1p4_Pr_001.wav,train
130,1p4,Pr,COPD,3,train,/Users/vs/Sem 5/Respiratory-Disease-Classification/data/processed/audio/cycles/130/1p4_Pr_002.wav,train
130,1p4,Pr,COPD,3,train,/Users/vs/Sem 5/Respiratory-Disease-Classification/data/processed/audio/cycles/130/1p4_Pr_003.wav,train
130,1p4,Pr,COPD,3,train,/Users/vs/Sem 5/Respiratory-Disease-Classification/data/processed/audio/cycles/130/1p4_Pr_004.wav,train
130,1p4,Pr,COPD,3,train,/Users/vs/Sem 5/Respiratory-Disease-Classification/data/processed/audio/cycles/130/1p4_Pr_005.wav,train
130,1p4,Pr,COPD,3,train,/Users/vs/Sem 5/Respiratory-Disease-Classification/data/processed/audio/cycles/130/1p4_Pr_006.wav,train
130,1p4,Pr,COPD,3,train,/Users/vs/Sem 5/Respiratory-Disease-Classification/data/processed/audio/cycles/130/1p4_Pr_007.wav,train
130,1p4,Tc,COPD,3,train,/Users/vs/Sem 5/Respiratory-Disease-Classification/data/processed/audio/cycles/130/1p4_Tc_001.wav,train
130,1p4,Tc,COPD,3,train,/Users/vs/Sem 5/Respiratory-Disease-Classification/data/processed/audio/cycles/130/1p4_Tc_002.wav,train
130,1p4,Tc,COPD,3,train,/Users/vs/Sem 5/Respiratory-Disease-Classification/data/processed/audio/cycles/130/1p4_Tc_003.wav,train
130,1p4,Tc,COPD,3,train,/Users/vs/Sem 5/Respiratory-Disease-Classification/data/processed/audio/cycles/130/1p4_Tc_004.wav,train
130,1p4,Tc,COPD,3,train,/Users/vs/Sem 5/Respiratory-Disease-Classification/data/processed/audio/cycles/130/1p4_Tc_005.wav,train
130,1p4,Tc,COPD,3,train,/Users/vs/Sem 5/Respiratory-Disease-Classification/data/processed/audio/cycles/130/1p4_Tc_006.wav,train
130,1p4,Tc,COPD,3,train,/Users/vs/Sem 5/Respiratory-Disease-Classification/data/processed/audio/cycles/130/1p4_Tc_007.wav,train
130,1p4,Tc,COPD,3,train,/Users/vs/Sem 5/Respiratory-Disease-Classification/data/processed/audio/cycles/130/1p4_Tc_008.wav,train
130,2b2,Al,COPD,3,train,/Users/vs/Sem 5/Respiratory-Disease-Classification/data/processed/audio/cycles/130/2b2_Al_001.wav,train
130,2b2,Al,COPD,3,train,/Users/vs/Sem 5/Respiratory-Disease-Classification/data/processed/audio/cycles/130/2b2_Al_002.wav,train
130,2b2,Al,COPD,3,train,/Users/vs/Sem 5/Respiratory-Disease-Classification/data/processed/audio/cycles/130/2b2_Al_003.wav,train
130,2b2,Al,COPD,3,train,/Users/vs/Sem 5/Respiratory-Disease-Classification/data/processed/audio/cycles/130/2b2_Al_004.wav,train
130,2b2,Al,COPD,3,train,/Users/vs/Sem 5/Respiratory-Disease-Classification/data/processed/audio/cycles/130/2b2_Al_005.wav,train
130,2b2,Al,COPD,3,train,/Users/vs/Sem 5/Respiratory-Disease-Classification/data/processed/audio/cycles/130/2b2_Al_006.wav,train
130,2b2,Al,COPD,3,train,/Users/vs/Sem 5/Respiratory-Disease-Classification/data/processed/audio/cycles/130/2b2_Al_007.wav,train
130,2b2,Al,COPD,3,train,/Users/vs/Sem 5/Respiratory-Disease-Classification/data/processed/audio/cycles/130/2b2_Al_008.wav,train
130,2b2,Ar,COPD,3,train,/Users/vs/Sem 5/Respiratory-Disease-Classification/data/processed/audio/cycles/130/2b2_Ar_001.wav,train
130,2b2,Ar,COPD,3,train,/Users/vs/Sem 5/Respiratory-Disease-Classification/data/processed/audio/cycles/130/2b2_Ar_002.wav,train
130,2b2,Ar,COPD,3,train,/Users/vs/Sem 5/Respiratory-Disease-Classification/data/processed/audio/cycles/130/2b2_Ar_003.wav,train
130,2b2,Ar,COPD,3,train,/Users/vs/Sem 5/Respiratory-Disease-Classification/data/processed/audio/cycles/130/2b2_Ar_004.wav,train
130,2b2,Ar,COPD,3,train,/Users/vs/Sem 5/Respiratory-Disease-Classification/data/processed/audio/cycles/130/2b2_Ar_005.wav,train
130,2b2,Ar,COPD,3,train,/Users/vs/Sem 5/Respiratory-Disease-Classification/data/processed/audio/cycles/130/2b2_Ar_006.wav,train
130,2b2,Ar,COPD,3,train,/Users/vs/Sem 5/Respiratory-Disease-Classification/data/processed/audio/cycles/130/2b2_Ar_007.wav,train
130,2b2,Ar,COPD,3,train,/Users/vs/Sem 5/Respiratory-Disease-Classification/data/processed/audio/cycles/130/2b2_Ar_008.wav,train
130,2b2,Ll,COPD,3,train,/Users/vs/Sem 5/Respiratory-Disease-Classification/data/processed/audio/cycles/130/2b2_Ll_001.wav,train
130,2b2,Ll,COPD,3,train,/Users/vs/Sem 5/Respiratory-Disease-Classification/data/processed/audio/cycles/130/2b2_Ll_002.wav,train
130,2b2,Ll,COPD,3,train,/Users/vs/Sem 5/Respiratory-Disease-Classification/data/processed/audio/cycles/130/2b2_Ll_003.wav,train
130,2b2,Ll,COPD,3,train,/Users/vs/Sem 5/Respiratory-Disease-Classification/data/processed/audio/cycles/130/2b2_Ll_004.wav,train
130,2b2,Ll,COPD,3,train,/Users/vs/Sem 5/Respiratory-Disease-Classification/data/processed/audio/cycles/130/2b2_Ll_005.wav,train
130,2b2,Ll,COPD,3,train,/Users/vs/Sem 5/Respiratory-Disease-Classification/data/processed/audio/cycles/130/2b2_Ll_006.wav,train
130,2b2,Ll,COPD,3,train,/Users/vs/Sem 5/Respiratory-Disease-Classification/data/processed/audio/cycles/130/2b2_Ll_007.wav,train
130,2b2,Ll,COPD,3,train,/Users/vs/Sem 5/Respiratory-Disease-Classification/data/processed/audio/cycles/130/2b2_Ll_008.wav,train
130,2b2,Lr,COPD,3,train,/Users/vs/Sem 5/Respiratory-Disease-Classification/data/processed/audio/cycles/130/2b2_Lr_001.wav,train
130,2b2,Lr,COPD,3,train,/Users/vs/Sem 5/Respiratory-Disease-Classification/data/processed/audio/cycles/130/2b2_Lr_002.wav,train
130,2b2,Lr,COPD,3,train,/Users/vs/Sem 5/Respiratory-Disease-Classification/data/processed/audio/cycles/130/2b2_Lr_003.wav,train
130,2b2,Lr,COPD,3,train,/Users/vs/Sem 5/Respiratory-Disease-Classification/data/processed/audio/cycles/130/2b2_Lr_004.wav,train
130,2b2,Lr,COPD,3,train,/Users/vs/Sem 5/Respiratory-Disease-Classification/data/processed/audio/cycles/130/2b2_Lr_005.wav,train
130,2b2,Lr,COPD,3,train,/Users/vs/Sem 5/Respiratory-Disease-Classification/data/processed/audio/cycles/130/2b2_Lr_006.wav,train
130,2b2,Lr,COPD,3,train,/Users/vs/Sem 5/Respiratory-Disease-Classification/data/processed/audio/cycles/130/2b2_Lr_007.wav,train
130,2b2,Lr,COPD,3,train,/Users/vs/Sem 5/Respiratory-Disease-Classification/data/processed/audio/cycles/130/2b2_Lr_008.wav,train
130,2b2,Pl,COPD,3,train,/Users/vs/Sem 5/Respiratory-Disease-Classification/data/processed/audio/cycles/130/2b2_Pl_001.wav,train
130,2b2,Pl,COPD,3,train,/Users/vs/Sem 5/Respiratory-Disease-Classification/data/processed/audio/cycles/130/2b2_Pl_002.wav,train
130,2b2,Pl,COPD,3,train,/Users/vs/Sem 5/Respiratory-Disease-Classification/data/processed/audio/cycles/130/2b2_Pl_003.wav,train
130,2b2,Pl,COPD,3,train,/Users/vs/Sem 5/Respiratory-Disease-Classification/data/processed/audio/cycles/130/2b2_Pl_004.wav,train
130,2b2,Pl,COPD,3,train,/Users/vs/Sem 5/Respiratory-Disease-Classification/data/processed/audio/cycles/130/2b2_Pl_005.wav,train
130,2b2,Pl,COPD,3,train,/Users/vs/Sem 5/Respiratory-Disease-Classification/data/processed/audio/cycles/130/2b2_Pl_006.wav,train
130,2b2,Pl,COPD,3,train,/Users/vs/Sem 5/Respiratory-Disease-Classification/data/processed/audio/cycles/130/2b2_Pl_007.wav,train
130,2b2,Pl,COPD,3,train,/Users/vs/Sem 5/Respiratory-Disease-Classification/data/processed/audio/cycles/130/2b2_Pl_008.wav,train
130,2b2,Pr,COPD,3,train,/Users/vs/Sem 5/Respiratory-Disease-Classification/data/processed/audio/cycles/130/2b2_Pr_001.wav,train
130,2b2,Pr,COPD,3,train,/Users/vs/Sem 5/Respiratory-Disease-Classification/data/processed/audio/cycles/130/2b2_Pr_002.wav,train
130,2b2,Pr,COPD,3,train,/Users/vs/Sem 5/Respiratory-Disease-Classification/data/processed/audio/cycles/130/2b2_Pr_003.wav,train
130,2b2,Pr,COPD,3,train,/Users/vs/Sem 5/Respiratory-Disease-Classification/data/processed/audio/cycles/130/2b2_Pr_004.wav,train
130,2b2,Pr,COPD,3,train,/Users/vs/Sem 5/Respiratory-Disease-Classification/data/processed/audio/cycles/130/2b2_Pr_005.wav,train
130,2b2,Pr,COPD,3,train,/Users/vs/Sem 5/Respiratory-Disease-Classification/data/processed/audio/cycles/130/2b2_Pr_006.wav,train
130,2b2,Pr,COPD,3,train,/Users/vs/Sem 5/Respiratory-Disease-Classification/data/processed/audio/cycles/130/2b2_Pr_007.wav,train
130,2b2,Pr,COPD,3,train,/Users/vs/Sem 5/Respiratory-Disease-Classification/data/processed/audio/cycles/130/2b2_Pr_008.wav,train
130,2b2,Tc,COPD,3,train,/Users/vs/Sem 5/Respiratory-Disease-Classification/data/processed/audio/cycles/130/2b2_Tc_001.wav,train
130,2b2,Tc,COPD,3,train,/Users/vs/Sem 5/Respiratory-Disease-Classification/data/processed/audio/cycles/130/2b2_Tc_002.wav,train
130,2b2,Tc,COPD,3,train,/Users/vs/Sem 5/Respiratory-Disease-Classification/data/processed/audio/cycles/130/2b2_Tc_003.wav,train
130,2b2,Tc,COPD,3,train,/Users/vs/Sem 5/Respiratory-Disease-Classification/data/processed/audio/cycles/130/2b2_Tc_004.wav,train
130,2b2,Tc,COPD,3,train,/Users/vs/Sem 5/Respiratory-Disease-Classification/data/processed/audio/cycles/130/2b2_Tc_005.wav,train
130,2b2,Tc,COPD,3,train,/Users/vs/Sem 5/Respiratory-Disease-Classification/data/processed/audio/cycles/130/2b2_Tc_006.wav,train
130,2b2,Tc,COPD,3,train,/Users/vs/Sem 5/Respiratory-Disease-Classification/data/processed/audio/cycles/130/2b2_Tc_007.wav,train
130,2b2,Tc,COPD,3,train,/Users/vs/Sem 5/Respiratory-Disease-Classification/data/processed/audio/cycles/130/2b2_Tc_008.wav,train
130,2b3,Al,COPD,3,train,/Users/vs/Sem 5/Respiratory-Disease-Classification/data/processed/audio/cycles/130/2b3_Al_001.wav,train
130,2b3,Al,COPD,3,train,/Users/vs/Sem 5/Respiratory-Disease-Classification/data/processed/audio/cycles/130/2b3_Al_002.wav,train
130,2b3,Al,COPD,3,train,/Users/vs/Sem 5/Respiratory-Disease-Classification/data/processed/audio/cycles/130/2b3_Al_003.wav,train
130,2b3,Al,COPD,3,train,/Users/vs/Sem 5/Respiratory-Disease-Classification/data/processed/audio/cycles/130/2b3_Al_004.wav,train
130,2b3,Al,COPD,3,train,/Users/vs/Sem 5/Respiratory-Disease-Classification/data/processed/audio/cycles/130/2b3_Al_005.wav,train
130,2b3,Al,COPD,3,train,/Users/vs/Sem 5/Respiratory-Disease-Classification/data/processed/audio/cycles/130/2b3_Al_006.wav,train
130,2b3,Al,COPD,3,train,/Users/vs/Sem 5/Respiratory-Disease-Classification/data/processed/audio/cycles/130/2b3_Al_007.wav,train
130,2b3,Al,COPD,3,train,/Users/vs/Sem 5/Respiratory-Disease-Classification/data/processed/audio/cycles/130/2b3_Al_008.wav,train
130,2b3,Al,COPD,3,train,/Users/vs/Sem 5/Respiratory-Disease-Classification/data/processed/audio/cycles/130/2b3_Al_009.wav,train
130,2b3,Ar,COPD,3,train,/Users/vs/Sem 5/Respiratory-Disease-Classification/data/processed/audio/cycles/130/2b3_Ar_001.wav,train
130,2b3,Ar,COPD,3,train,/Users/vs/Sem 5/Respiratory-Disease-Classification/data/processed/audio/cycles/130/2b3_Ar_002.wav,train
130,2b3,Ar,COPD,3,train,/Users/vs/Sem 5/Respiratory-Disease-Classification/data/processed/audio/cycles/130/2b3_Ar_003.wav,train
130,2b3,Ar,COPD,3,train,/Users/vs/Sem 5/Respiratory-Disease-Classification/data/processed/audio/cycles/130/2b3_Ar_004.wav,train
130,2b3,Ar,COPD,3,train,/Users/vs/Sem 5/Respiratory-Disease-Classification/data/processed/audio/cycles/130/2b3_Ar_005.wav,train
130,2b3,Ar,COPD,3,train,/Users/vs/Sem 5/Respiratory-Disease-Classification/data/processed/audio/cycles/130/2b3_Ar_006.wav,train
130,2b3,Ar,COPD,3,train,/Users/vs/Sem 5/Respiratory-Disease-Classification/data/processed/audio/cycles/130/2b3_Ar_007.wav,train
130,2b3,Ar,COPD,3,train,/Users/vs/Sem 5/Respiratory-Disease-Classification/data/processed/audio/cycles/130/2b3_Ar_008.wav,train
130,2b3,Ar,COPD,3,train,/Users/vs/Sem 5/Respiratory-Disease-Classification/data/processed/audio/cycles/130/2b3_Ar_009.wav,train
130,2b3,Ll,COPD,3,train,/Users/vs/Sem 5/Respiratory-Disease-Classification/data/processed/audio/cycles/130/2b3_Ll_001.wav,train
130,2b3,Ll,COPD,3,train,/Users/vs/Sem 5/Respiratory-Disease-Classification/data/processed/audio/cycles/130/2b3_Ll_002.wav,train
130,2b3,Ll,COPD,3,train,/Users/vs/Sem 5/Respiratory-Disease-Classification/data/processed/audio/cycles/130/2b3_Ll_003.wav,train
130,2b3,Ll,COPD,3,train,/Users/vs/Sem 5/Respiratory-Disease-Classification/data/processed/audio/cycles/130/2b3_Ll_004.wav,train
130,2b3,Ll,COPD,3,train,/Users/vs/Sem 5/Respiratory-Disease-Classification/data/processed/audio/cycles/130/2b3_Ll_005.wav,train
130,2b3,Ll,COPD,3,train,/Users/vs/Sem 5/Respiratory-Disease-Classification/data/processed/audio/cycles/130/2b3_Ll_006.wav,train
130,2b3,Ll,COPD,3,train,/Users/vs/Sem 5/Respiratory-Disease-Classification/data/processed/audio/cycles/130/2b3_Ll_007.wav,train
130,2b3,Ll,COPD,3,train,/Users/vs/Sem 5/Respiratory-Disease-Classification/data/processed/audio/cycles/130/2b3_Ll_008.wav,train
130,2b3,Ll,COPD,3,train,/Users/vs/Sem 5/Respiratory-Disease-Classification/data/processed/audio/cycles/130/2b3_Ll_009.wav,train
130,2b3,Lr,COPD,3,train,/Users/vs/Sem 5/Respiratory-Disease-Classification/data/processed/audio/cycles/130/2b3_Lr_001.wav,train
130,2b3,Lr,COPD,3,train,/Users/vs/Sem 5/Respiratory-Disease-Classification/data/processed/audio/cycles/130/2b3_Lr_002.wav,train
130,2b3,Lr,COPD,3,train,/Users/vs/Sem 5/Respiratory-Disease-Classification/data/processed/audio/cycles/130/2b3_Lr_003.wav,train
130,2b3,Lr,COPD,3,train,/Users/vs/Sem 5/Respiratory-Disease-Classification/data/processed/audio/cycles/130/2b3_Lr_004.wav,train
130,2b3,Lr,COPD,3,train,/Users/vs/Sem 5/Respiratory-Disease-Classification/data/processed/audio/cycles/130/2b3_Lr_005.wav,train
130,2b3,Lr,COPD,3,train,/Users/vs/Sem 5/Respiratory-Disease-Classification/data/processed/audio/cycles/130/2b3_Lr_006.wav,train
130,2b3,Lr,COPD,3,train,/Users/vs/Sem 5/Respiratory-Disease-Classification/data/processed/audio/cycles/130/2b3_Lr_007.wav,train
130,2b3,Lr,COPD,3,train,/Users/vs/Sem 5/Respiratory-Disease-Classification/data/processed/audio/cycles/130/2b3_Lr_008.wav,train
130,2b3,Lr,COPD,3,train,/Users/vs/Sem 5/Respiratory-Disease-Classification/data/processed/audio/cycles/130/2b3_Lr_009.wav,train
130,2b3,Pl,COPD,3,train,/Users/vs/Sem 5/Respiratory-Disease-Classification/data/processed/audio/cycles/130/2b3_Pl_001.wav,train
130,2b3,Pl,COPD,3,train,/Users/vs/Sem 5/Respiratory-Disease-Classification/data/processed/audio/cycles/130/2b3_Pl_002.wav,train
130,2b3,Pl,COPD,3,train,/Users/vs/Sem 5/Respiratory-Disease-Classification/data/processed/audio/cycles/130/2b3_Pl_003.wav,train
130,2b3,Pl,COPD,3,train,/Users/vs/Sem 5/Respiratory-Disease-Classification/data/processed/audio/cycles/130/2b3_Pl_004.wav,train
130,2b3,Pl,COPD,3,train,/Users/vs/Sem 5/Respiratory-Disease-Classification/data/processed/audio/cycles/130/2b3_Pl_005.wav,train
130,2b3,Pl,COPD,3,train,/Users/vs/Sem 5/Respiratory-Disease-Classification/data/processed/audio/cycles/130/2b3_Pl_006.wav,train
130,2b3,Pl,COPD,3,train,/Users/vs/Sem 5/Respiratory-Disease-Classification/data/processed/audio/cycles/130/2b3_Pl_007.wav,train
130,2b3,Pl,COPD,3,train,/Users/vs/Sem 5/Respiratory-Disease-Classification/data/processed/audio/cycles/130/2b3_Pl_008.wav,train
130,2b3,Pl,COPD,3,train,/Users/vs/Sem 5/Respiratory-Disease-Classification/data/processed/audio/cycles/130/2b3_Pl_009.wav,train
130,2b3,Pr,COPD,3,train,/Users/vs/Sem 5/Respiratory-Disease-Classification/data/processed/audio/cycles/130/2b3_Pr_001.wav,train
130,2b3,Pr,COPD,3,train,/Users/vs/Sem 5/Respiratory-Disease-Classification/data/processed/audio/cycles/130/2b3_Pr_002.wav,train
130,2b3,Pr,COPD,3,train,/Users/vs/Sem 5/Respiratory-Disease-Classification/data/processed/audio/cycles/130/2b3_Pr_003.wav,train
130,2b3,Pr,COPD,3,train,/Users/vs/Sem 5/Respiratory-Disease-Classification/data/processed/audio/cycles/130/2b3_Pr_004.wav,train
130,2b3,Pr,COPD,3,train,/Users/vs/Sem 5/Respiratory-Disease-Classification/data/processed/audio/cycles/130/2b3_Pr_005.wav,train
130,2b3,Pr,COPD,3,train,/Users/vs/Sem 5/Respiratory-Disease-Classification/data/processed/audio/cycles/130/2b3_Pr_006.wav,train
130,2b3,Pr,COPD,3,train,/Users/vs/Sem 5/Respiratory-Disease-Classification/data/processed/audio/cycles/130/2b3_Pr_007.wav,train
130,2b3,Pr,COPD,3,train,/Users/vs/Sem 5/Respiratory-Disease-Classification/data/processed/audio/cycles/130/2b3_Pr_008.wav,train
130,2b3,Pr,COPD,3,train,/Users/vs/Sem 5/Respiratory-Disease-Classification/data/processed/audio/cycles/130/2b3_Pr_009.wav,train
130,2b3,Tc,COPD,3,train,/Users/vs/Sem 5/Respiratory-Disease-Classification/data/processed/audio/cycles/130/2b3_Tc_001.wav,train
130,2b3,Tc,COPD,3,train,/Users/vs/Sem 5/Respiratory-Disease-Classification/data/processed/audio/cycles/130/2b3_Tc_002.wav,train
130,2b3,Tc,COPD,3,train,/Users/vs/Sem 5/Respiratory-Disease-Classification/data/processed/audio/cycles/130/2b3_Tc_003.wav,train
130,2b3,Tc,COPD,3,train,/Users/vs/Sem 5/Respiratory-Disease-Classification/data/processed/audio/cycles/130/2b3_Tc_004.wav,train
130,2b3,Tc,COPD,3,train,/Users/vs/Sem 5/Respiratory-Disease-Classification/data/processed/audio/cycles/130/2b3_Tc_005.wav,train
130,2b3,Tc,COPD,3,train,/Users/vs/Sem 5/Respiratory-Disease-Classification/data/processed/audio/cycles/130/2b3_Tc_006.wav,train
130,2b3,Tc,COPD,3,train,/Users/vs/Sem 5/Respiratory-Disease-Classification/data/processed/audio/cycles/130/2b3_Tc_007.wav,train
130,2b3,Tc,COPD,3,train,/Users/vs/Sem 5/Respiratory-Disease-Classification/data/processed/audio/cycles/130/2b3_Tc_008.wav,train
130,2b3,Tc,COPD,3,train,/Users/vs/Sem 5/Respiratory-Disease-Classification/data/processed/audio/cycles/130/2b3_Tc_009.wav,train
130,2b4,Al,COPD,3,train,/Users/vs/Sem 5/Respiratory-Disease-Classification/data/processed/audio/cycles/130/2b4_Al_001.wav,train
130,2b4,Al,COPD,3,train,/Users/vs/Sem 5/Respiratory-Disease-Classification/data/processed/audio/cycles/130/2b4_Al_002.wav,train
130,2b4,Al,COPD,3,train,/Users/vs/Sem 5/Respiratory-Disease-Classification/data/processed/audio/cycles/130/2b4_Al_003.wav,train
130,2b4,Al,COPD,3,train,/Users/vs/Sem 5/Respiratory-Disease-Classification/data/processed/audio/cycles/130/2b4_Al_004.wav,train
130,2b4,Al,COPD,3,train,/Users/vs/Sem 5/Respiratory-Disease-Classification/data/processed/audio/cycles/130/2b4_Al_005.wav,train
130,2b4,Al,COPD,3,train,/Users/vs/Sem 5/Respiratory-Disease-Classification/data/processed/audio/cycles/130/2b4_Al_006.wav,train
130,2b4,Al,COPD,3,train,/Users/vs/Sem 5/Respiratory-Disease-Classification/data/processed/audio/cycles/130/2b4_Al_007.wav,train
130,2b4,Al,COPD,3,train,/Users/vs/Sem 5/Respiratory-Disease-Classification/data/processed/audio/cycles/130/2b4_Al_008.wav,train
130,2b4,Al,COPD,3,train,/Users/vs/Sem 5/Respiratory-Disease-Classification/data/processed/audio/cycles/130/2b4_Al_009.wav,train
130,2b4,Ar,COPD,3,train,/Users/vs/Sem 5/Respiratory-Disease-Classification/data/processed/audio/cycles/130/2b4_Ar_001.wav,train
130,2b4,Ar,COPD,3,train,/Users/vs/Sem 5/Respiratory-Disease-Classification/data/processed/audio/cycles/130/2b4_Ar_002.wav,train
130,2b4,Ar,COPD,3,train,/Users/vs/Sem 5/Respiratory-Disease-Classification/data/processed/audio/cycles/130/2b4_Ar_003.wav,train
130,2b4,Ar,COPD,3,train,/Users/vs/Sem 5/Respiratory-Disease-Classification/data/processed/audio/cycles/130/2b4_Ar_004.wav,train
130,2b4,Ar,COPD,3,train,/Users/vs/Sem 5/Respiratory-Disease-Classification/data/processed/audio/cycles/130/2b4_Ar_005.wav,train
130,2b4,Ar,COPD,3,train,/Users/vs/Sem 5/Respiratory-Disease-Classification/data/processed/audio/cycles/130/2b4_Ar_006.wav,train
130,2b4,Ar,COPD,3,train,/Users/vs/Sem 5/Respiratory-Disease-Classification/data/processed/audio/cycles/130/2b4_Ar_007.wav,train
130,2b4,Ar,COPD,3,train,/Users/vs/Sem 5/Respiratory-Disease-Classification/data/processed/audio/cycles/130/2b4_Ar_008.wav,train
130,2b4,Ar,COPD,3,train,/Users/vs/Sem 5/Respiratory-Disease-Classification/data/processed/audio/cycles/130/2b4_Ar_009.wav,train
130,2b4,Ll,COPD,3,train,/Users/vs/Sem 5/Respiratory-Disease-Classification/data/processed/audio/cycles/130/2b4_Ll_001.wav,train
130,2b4,Ll,COPD,3,train,/Users/vs/Sem 5/Respiratory-Disease-Classification/data/processed/audio/cycles/130/2b4_Ll_002.wav,train
130,2b4,Ll,COPD,3,train,/Users/vs/Sem 5/Respiratory-Disease-Classification/data/processed/audio/cycles/130/2b4_Ll_003.wav,train
130,2b4,Ll,COPD,3,train,/Users/vs/Sem 5/Respiratory-Disease-Classification/data/processed/audio/cycles/130/2b4_Ll_004.wav,train
130,2b4,Ll,COPD,3,train,/Users/vs/Sem 5/Respiratory-Disease-Classification/data/processed/audio/cycles/130/2b4_Ll_005.wav,train
130,2b4,Ll,COPD,3,train,/Users/vs/Sem 5/Respiratory-Disease-Classification/data/processed/audio/cycles/130/2b4_Ll_006.wav,train
130,2b4,Ll,COPD,3,train,/Users/vs/Sem 5/Respiratory-Disease-Classification/data/processed/audio/cycles/130/2b4_Ll_007.wav,train
130,2b4,Ll,COPD,3,train,/Users/vs/Sem 5/Respiratory-Disease-Classification/data/processed/audio/cycles/130/2b4_Ll_008.wav,train
130,2b4,Ll,COPD,3,train,/Users/vs/Sem 5/Respiratory-Disease-Classification/data/processed/audio/cycles/130/2b4_Ll_009.wav,train
130,2b4,Lr,COPD,3,train,/Users/vs/Sem 5/Respiratory-Disease-Classification/data/processed/audio/cycles/130/2b4_Lr_001.wav,train
130,2b4,Lr,COPD,3,train,/Users/vs/Sem 5/Respiratory-Disease-Classification/data/processed/audio/cycles/130/2b4_Lr_002.wav,train
130,2b4,Lr,COPD,3,train,/Users/vs/Sem 5/Respiratory-Disease-Classification/data/processed/audio/cycles/130/2b4_Lr_003.wav,train
130,2b4,Lr,COPD,3,train,/Users/vs/Sem 5/Respiratory-Disease-Classification/data/processed/audio/cycles/130/2b4_Lr_004.wav,train
130,2b4,Lr,COPD,3,train,/Users/vs/Sem 5/Respiratory-Disease-Classification/data/processed/audio/cycles/130/2b4_Lr_005.wav,train
130,2b4,Lr,COPD,3,train,/Users/vs/Sem 5/Respiratory-Disease-Classification/data/processed/audio/cycles/130/2b4_Lr_006.wav,train
130,2b4,Lr,COPD,3,train,/Users/vs/Sem 5/Respiratory-Disease-Classification/data/processed/audio/cycles/130/2b4_Lr_007.wav,train
130,2b4,Lr,COPD,3,train,/Users/vs/Sem 5/Respiratory-Disease-Classification/data/processed/audio/cycles/130/2b4_Lr_008.wav,train
130,2b4,Lr,COPD,3,train,/Users/vs/Sem 5/Respiratory-Disease-Classification/data/processed/audio/cycles/130/2b4_Lr_009.wav,train
130,2b4,Pl,COPD,3,train,/Users/vs/Sem 5/Respiratory-Disease-Classification/data/processed/audio/cycles/130/2b4_Pl_001.wav,train
130,2b4,Pl,COPD,3,train,/Users/vs/Sem 5/Respiratory-Disease-Classification/data/processed/audio/cycles/130/2b4_Pl_002.wav,train
130,2b4,Pl,COPD,3,train,/Users/vs/Sem 5/Respiratory-Disease-Classification/data/processed/audio/cycles/130/2b4_Pl_003.wav,train
130,2b4,Pl,COPD,3,train,/Users/vs/Sem 5/Respiratory-Disease-Classification/data/processed/audio/cycles/130/2b4_Pl_004.wav,train
130,2b4,Pl,COPD,3,train,/Users/vs/Sem 5/Respiratory-Disease-Classification/data/processed/audio/cycles/130/2b4_Pl_005.wav,train
130,2b4,Pl,COPD,3,train,/Users/vs/Sem 5/Respiratory-Disease-Classification/data/processed/audio/cycles/130/2b4_Pl_006.wav,train
130,2b4,Pl,COPD,3,train,/Users/vs/Sem 5/Respiratory-Disease-Classification/data/processed/audio/cycles/130/2b4_Pl_007.wav,train
130,2b4,Pl,COPD,3,train,/Users/vs/Sem 5/Respiratory-Disease-Classification/data/processed/audio/cycles/130/2b4_Pl_008.wav,train
130,2b4,Pl,COPD,3,train,/Users/vs/Sem 5/Respiratory-Disease-Classification/data/processed/audio/cycles/130/2b4_Pl_009.wav,train
130,2p3,Pl,COPD,3,train,/Users/vs/Sem 5/Respiratory-Disease-Classification/data/processed/audio/cycles/130/2p3_Pl_001.wav,train
130,2p3,Pl,COPD,3,train,/Users/vs/Sem 5/Respiratory-Disease-Classification/data/processed/audio/cycles/130/2p3_Pl_002.wav,train
130,2p3,Pl,COPD,3,train,/Users/vs/Sem 5/Respiratory-Disease-Classification/data/processed/audio/cycles/130/2p3_Pl_003.wav,train
130,2p3,Pl,COPD,3,train,/Users/vs/Sem 5/Respiratory-Disease-Classification/data/processed/audio/cycles/130/2p3_Pl_004.wav,train
130,2p3,Pl,COPD,3,train,/Users/vs/Sem 5/Respiratory-Disease-Classification/data/processed/audio/cycles/130/2p3_Pl_005.wav,train
130,2p3,Pl,COPD,3,train,/Users/vs/Sem 5/Respiratory-Disease-Classification/data/processed/audio/cycles/130/2p3_Pl_006.wav,train
130,2p3,Pl,COPD,3,train,/Users/vs/Sem 5/Respiratory-Disease-Classification/data/processed/audio/cycles/130/2p3_Pl_007.wav,train
130,2p3,Pl,COPD,3,train,/Users/vs/Sem 5/Respiratory-Disease-Classification/data/processed/audio/cycles/130/2p3_Pl_008.wav,train
130,2p3,Pl,COPD,3,train,/Users/vs/Sem 5/Respiratory-Disease-Classification/data/processed/audio/cycles/130/2p3_Pl_009.wav,train
130,2p3,Pl,COPD,3,train,/Users/vs/Sem 5/Respiratory-Disease-Classification/data/processed/audio/cycles/130/2p3_Pl_010.wav,train
130,2p5,Al,COPD,3,train,/Users/vs/Sem 5/Respiratory-Disease-Classification/data/processed/audio/cycles/130/2p5_Al_001.wav,train
130,2p5,Al,COPD,3,train,/Users/vs/Sem 5/Respiratory-Disease-Classification/data/processed/audio/cycles/130/2p5_Al_002.wav,train
130,2p5,Al,COPD,3,train,/Users/vs/Sem 5/Respiratory-Disease-Classification/data/processed/audio/cycles/130/2p5_Al_003.wav,train
130,2p5,Al,COPD,3,train,/Users/vs/Sem 5/Respiratory-Disease-Classification/data/processed/audio/cycles/130/2p5_Al_004.wav,train
130,2p5,Al,COPD,3,train,/Users/vs/Sem 5/Respiratory-Disease-Classification/data/processed/audio/cycles/130/2p5_Al_005.wav,train
130,2p5,Al,COPD,3,train,/Users/vs/Sem 5/Respiratory-Disease-Classification/data/processed/audio/cycles/130/2p5_Al_006.wav,train
130,2p5,Al,COPD,3,train,/Users/vs/Sem 5/Respiratory-Disease-Classification/data/processed/audio/cycles/130/2p5_Al_007.wav,train
130,2p5,Al,COPD,3,train,/Users/vs/Sem 5/Respiratory-Disease-Classification/data/processed/audio/cycles/130/2p5_Al_008.wav,train
130,2p5,Al,COPD,3,train,/Users/vs/Sem 5/Respiratory-Disease-Classification/data/processed/audio/cycles/130/2p5_Al_009.wav,train
130,2p5,Al,COPD,3,train,/Users/vs/Sem 5/Respiratory-Disease-Classification/data/processed/audio/cycles/130/2p5_Al_010.wav,train
130,2p5,Al,COPD,3,train,/Users/vs/Sem 5/Respiratory-Disease-Classification/data/processed/audio/cycles/130/2p5_Al_011.wav,train
130,2p5,Ar,COPD,3,train,/Users/vs/Sem 5/Respiratory-Disease-Classification/data/processed/audio/cycles/130/2p5_Ar_001.wav,train
130,2p5,Ar,COPD,3,train,/Users/vs/Sem 5/Respiratory-Disease-Classification/data/processed/audio/cycles/130/2p5_Ar_002.wav,train
130,2p5,Ar,COPD,3,train,/Users/vs/Sem 5/Respiratory-Disease-Classification/data/processed/audio/cycles/130/2p5_Ar_003.wav,train
130,2p5,Ar,COPD,3,train,/Users/vs/Sem 5/Respiratory-Disease-Classification/data/processed/audio/cycles/130/2p5_Ar_004.wav,train
130,2p5,Ar,COPD,3,train,/Users/vs/Sem 5/Respiratory-Disease-Classification/data/processed/audio/cycles/130/2p5_Ar_005.wav,train
130,2p5,Ar,COPD,3,train,/Users/vs/Sem 5/Respiratory-Disease-Classification/data/processed/audio/cycles/130/2p5_Ar_006.wav,train
130,2p5,Ar,COPD,3,train,/Users/vs/Sem 5/Respiratory-Disease-Classification/data/processed/audio/cycles/130/2p5_Ar_007.wav,train
130,2p5,Ar,COPD,3,train,/Users/vs/Sem 5/Respiratory-Disease-Classification/data/processed/audio/cycles/130/2p5_Ar_008.wav,train
130,2p5,Ar,COPD,3,train,/Users/vs/Sem 5/Respiratory-Disease-Classification/data/processed/audio/cycles/130/2p5_Ar_009.wav,train
130,2p5,Ar,COPD,3,train,/Users/vs/Sem 5/Respiratory-Disease-Classification/data/processed/audio/cycles/130/2p5_Ar_010.wav,train
130,2p5,Ar,COPD,3,train,/Users/vs/Sem 5/Respiratory-Disease-Classification/data/processed/audio/cycles/130/2p5_Ar_011.wav,train
130,2p5,Lr,COPD,3,train,/Users/vs/Sem 5/Respiratory-Disease-Classification/data/processed/audio/cycles/130/2p5_Lr_001.wav,train
130,2p5,Lr,COPD,3,train,/Users/vs/Sem 5/Respiratory-Disease-Classification/data/processed/audio/cycles/130/2p5_Lr_002.wav,train
130,2p5,Lr,COPD,3,train,/Users/vs/Sem 5/Respiratory-Disease-Classification/data/processed/audio/cycles/130/2p5_Lr_003.wav,train
130,2p5,Lr,COPD,3,train,/Users/vs/Sem 5/Respiratory-Disease-Classification/data/processed/audio/cycles/130/2p5_Lr_004.wav,train
130,2p5,Lr,COPD,3,train,/Users/vs/Sem 5/Respiratory-Disease-Classification/data/processed/audio/cycles/130/2p5_Lr_005.wav,train
130,2p5,Lr,COPD,3,train,/Users/vs/Sem 5/Respiratory-Disease-Classification/data/processed/audio/cycles/130/2p5_Lr_006.wav,train
130,2p5,Lr,COPD,3,train,/Users/vs/Sem 5/Respiratory-Disease-Classification/data/processed/audio/cycles/130/2p5_Lr_007.wav,train
130,2p5,Lr,COPD,3,train,/Users/vs/Sem 5/Respiratory-Disease-Classification/data/processed/audio/cycles/130/2p5_Lr_008.wav,train
130,2p5,Lr,COPD,3,train,/Users/vs/Sem 5/Respiratory-Disease-Classification/data/processed/audio/cycles/130/2p5_Lr_009.wav,train
130,2p5,Lr,COPD,3,train,/Users/vs/Sem 5/Respiratory-Disease-Classification/data/processed/audio/cycles/130/2p5_Lr_010.wav,train
130,2p5,Lr,COPD,3,train,/Users/vs/Sem 5/Respiratory-Disease-Classification/data/processed/audio/cycles/130/2p5_Lr_011.wav,train
130,2p5,Pl,COPD,3,train,/Users/vs/Sem 5/Respiratory-Disease-Classification/data/processed/audio/cycles/130/2p5_Pl_001.wav,train
130,2p5,Pl,COPD,3,train,/Users/vs/Sem 5/Respiratory-Disease-Classification/data/processed/audio/cycles/130/2p5_Pl_002.wav,train
130,2p5,Pl,COPD,3,train,/Users/vs/Sem 5/Respiratory-Disease-Classification/data/processed/audio/cycles/130/2p5_Pl_003.wav,train
130,2p5,Pl,COPD,3,train,/Users/vs/Sem 5/Respiratory-Disease-Classification/data/processed/audio/cycles/130/2p5_Pl_004.wav,train
130,2p5,Pl,COPD,3,train,/Users/vs/Sem 5/Respiratory-Disease-Classification/data/processed/audio/cycles/130/2p5_Pl_005.wav,train
130,2p5,Pl,COPD,3,train,/Users/vs/Sem 5/Respiratory-Disease-Classification/data/processed/audio/cycles/130/2p5_Pl_006.wav,train
130,2p5,Pl,COPD,3,train,/Users/vs/Sem 5/Respiratory-Disease-Classification/data/processed/audio/cycles/130/2p5_Pl_007.wav,train
130,2p5,Pl,COPD,3,train,/Users/vs/Sem 5/Respiratory-Disease-Classification/data/processed/audio/cycles/130/2p5_Pl_008.wav,train
130,2p5,Pl,COPD,3,train,/Users/vs/Sem 5/Respiratory-Disease-Classification/data/processed/audio/cycles/130/2p5_Pl_009.wav,train
130,2p5,Pl,COPD,3,train,/Users/vs/Sem 5/Respiratory-Disease-Classification/data/processed/audio/cycles/130/2p5_Pl_010.wav,train
130,2p5,Pl,COPD,3,train,/Users/vs/Sem 5/Respiratory-Disease-Classification/data/processed/audio/cycles/130/2p5_Pl_011.wav,train
130,2p5,Pr,COPD,3,train,/Users/vs/Sem 5/Respiratory-Disease-Classification/data/processed/audio/cycles/130/2p5_Pr_001.wav,train
130,2p5,Pr,COPD,3,train,/Users/vs/Sem 5/Respiratory-Disease-Classification/data/processed/audio/cycles/130/2p5_Pr_002.wav,train
130,2p5,Pr,COPD,3,train,/Users/vs/Sem 5/Respiratory-Disease-Classification/data/processed/audio/cycles/130/2p5_Pr_003.wav,train
130,2p5,Pr,COPD,3,train,/Users/vs/Sem 5/Respiratory-Disease-Classification/data/processed/audio/cycles/130/2p5_Pr_004.wav,train
130,2p5,Pr,COPD,3,train,/Users/vs/Sem 5/Respiratory-Disease-Classification/data/processed/audio/cycles/130/2p5_Pr_005.wav,train
130,2p5,Pr,COPD,3,train,/Users/vs/Sem 5/Respiratory-Disease-Classification/data/processed/audio/cycles/130/2p5_Pr_006.wav,train
130,2p5,Pr,COPD,3,train,/Users/vs/Sem 5/Respiratory-Disease-Classification/data/processed/audio/cycles/130/2p5_Pr_007.wav,train
130,2p5,Pr,COPD,3,train,/Users/vs/Sem 5/Respiratory-Disease-Classification/data/processed/audio/cycles/130/2p5_Pr_008.wav,train
130,2p5,Pr,COPD,3,train,/Users/vs/Sem 5/Respiratory-Disease-Classification/data/processed/audio/cycles/130/2p5_Pr_009.wav,train
130,2p5,Pr,COPD,3,train,/Users/vs/Sem 5/Respiratory-Disease-Classification/data/processed/audio/cycles/130/2p5_Pr_010.wav,train
130,2p5,Pr,COPD,3,train,/Users/vs/Sem 5/Respiratory-Disease-Classification/data/processed/audio/cycles/130/2p5_Pr_011.wav,train
130,2p5,Tc,COPD,3,train,/Users/vs/Sem 5/Respiratory-Disease-Classification/data/processed/audio/cycles/130/2p5_Tc_001.wav,train
130,2p5,Tc,COPD,3,train,/Users/vs/Sem 5/Respiratory-Disease-Classification/data/processed/audio/cycles/130/2p5_Tc_002.wav,train
130,2p5,Tc,COPD,3,train,/Users/vs/Sem 5/Respiratory-Disease-Classification/data/processed/audio/cycles/130/2p5_Tc_003.wav,train
130,2p5,Tc,COPD,3,train,/Users/vs/Sem 5/Respiratory-Disease-Classification/data/processed/audio/cycles/130/2p5_Tc_004.wav,train
130,2p5,Tc,COPD,3,train,/Users/vs/Sem 5/Respiratory-Disease-Classification/data/processed/audio/cycles/130/2p5_Tc_005.wav,train
130,2p5,Tc,COPD,3,train,/Users/vs/Sem 5/Respiratory-Disease-Classification/data/processed/audio/cycles/130/2p5_Tc_006.wav,train
130,2p5,Tc,COPD,3,train,/Users/vs/Sem 5/Respiratory-Disease-Classification/data/processed/audio/cycles/130/2p5_Tc_007.wav,train
130,2p5,Tc,COPD,3,train,/Users/vs/Sem 5/Respiratory-Disease-Classification/data/processed/audio/cycles/130/2p5_Tc_008.wav,train
130,2p5,Tc,COPD,3,train,/Users/vs/Sem 5/Respiratory-Disease-Classification/data/processed/audio/cycles/130/2p5_Tc_009.wav,train
130,2p5,Tc,COPD,3,train,/Users/vs/Sem 5/Respiratory-Disease-Classification/data/processed/audio/cycles/130/2p5_Tc_010.wav,train
130,2p5,Tc,COPD,3,train,/Users/vs/Sem 5/Respiratory-Disease-Classification/data/processed/audio/cycles/130/2p5_Tc_011.wav,train
130,3b3,Ll,COPD,3,train,/Users/vs/Sem 5/Respiratory-Disease-Classification/data/processed/audio/cycles/130/3b3_Ll_001.wav,train
130,3b3,Ll,COPD,3,train,/Users/vs/Sem 5/Respiratory-Disease-Classification/data/processed/audio/cycles/130/3b3_Ll_002.wav,train
130,3b3,Ll,COPD,3,train,/Users/vs/Sem 5/Respiratory-Disease-Classification/data/processed/audio/cycles/130/3b3_Ll_003.wav,train
130,3b3,Ll,COPD,3,train,/Users/vs/Sem 5/Respiratory-Disease-Classification/data/processed/audio/cycles/130/3b3_Ll_004.wav,train
130,3b3,Ll,COPD,3,train,/Users/vs/Sem 5/Respiratory-Disease-Classification/data/processed/audio/cycles/130/3b3_Ll_005.wav,train
130,3b3,Ll,COPD,3,train,/Users/vs/Sem 5/Respiratory-Disease-Classification/data/processed/audio/cycles/130/3b3_Ll_006.wav,train
130,3b4,Al,COPD,3,train,/Users/vs/Sem 5/Respiratory-Disease-Classification/data/processed/audio/cycles/130/3b4_Al_001.wav,train
130,3b4,Al,COPD,3,train,/Users/vs/Sem 5/Respiratory-Disease-Classification/data/processed/audio/cycles/130/3b4_Al_002.wav,train
130,3b4,Al,COPD,3,train,/Users/vs/Sem 5/Respiratory-Disease-Classification/data/processed/audio/cycles/130/3b4_Al_003.wav,train
130,3b4,Al,COPD,3,train,/Users/vs/Sem 5/Respiratory-Disease-Classification/data/processed/audio/cycles/130/3b4_Al_004.wav,train
130,3b4,Al,COPD,3,train,/Users/vs/Sem 5/Respiratory-Disease-Classification/data/processed/audio/cycles/130/3b4_Al_005.wav,train
130,3b4,Ar,COPD,3,train,/Users/vs/Sem 5/Respiratory-Disease-Classification/data/processed/audio/cycles/130/3b4_Ar_001.wav,train
130,3b4,Ar,COPD,3,train,/Users/vs/Sem 5/Respiratory-Disease-Classification/data/processed/audio/cycles/130/3b4_Ar_002.wav,train
130,3b4,Ar,COPD,3,train,/Users/vs/Sem 5/Respiratory-Disease-Classification/data/processed/audio/cycles/130/3b4_Ar_003.wav,train
130,3b4,Ar,COPD,3,train,/Users/vs/Sem 5/Respiratory-Disease-Classification/data/processed/audio/cycles/130/3b4_Ar_004.wav,train
130,3b4,Ar,COPD,3,train,/Users/vs/Sem 5/Respiratory-Disease-Classification/data/processed/audio/cycles/130/3b4_Ar_005.wav,train
130,3b4,Lr,COPD,3,train,/Users/vs/Sem 5/Respiratory-Disease-Classification/data/processed/audio/cycles/130/3b4_Lr_001.wav,train
130,3b4,Lr,COPD,3,train,/Users/vs/Sem 5/Respiratory-Disease-Classification/data/processed/audio/cycles/130/3b4_Lr_002.wav,train
130,3b4,Lr,COPD,3,train,/Users/vs/Sem 5/Respiratory-Disease-Classification/data/processed/audio/cycles/130/3b4_Lr_003.wav,train
130,3b4,Lr,COPD,3,train,/Users/vs/Sem 5/Respiratory-Disease-Classification/data/processed/audio/cycles/130/3b4_Lr_004.wav,train
130,3b4,Lr,COPD,3,train,/Users/vs/Sem 5/Respiratory-Disease-Classification/data/processed/audio/cycles/130/3b4_Lr_005.wav,train
130,3b4,Pl,COPD,3,train,/Users/vs/Sem 5/Respiratory-Disease-Classification/data/processed/audio/cycles/130/3b4_Pl_001.wav,train
130,3b4,Pl,COPD,3,train,/Users/vs/Sem 5/Respiratory-Disease-Classification/data/processed/audio/cycles/130/3b4_Pl_002.wav,train
130,3b4,Pl,COPD,3,train,/Users/vs/Sem 5/Respiratory-Disease-Classification/data/processed/audio/cycles/130/3b4_Pl_003.wav,train
130,3b4,Pl,COPD,3,train,/Users/vs/Sem 5/Respiratory-Disease-Classification/data/processed/audio/cycles/130/3b4_Pl_004.wav,train
130,3b4,Pl,COPD,3,train,/Users/vs/Sem 5/Respiratory-Disease-Classification/data/processed/audio/cycles/130/3b4_Pl_005.wav,train
130,3b4,Pr,COPD,3,train,/Users/vs/Sem 5/Respiratory-Disease-Classification/data/processed/audio/cycles/130/3b4_Pr_001.wav,train
130,3b4,Pr,COPD,3,train,/Users/vs/Sem 5/Respiratory-Disease-Classification/data/processed/audio/cycles/130/3b4_Pr_002.wav,train
130,3b4,Pr,COPD,3,train,/Users/vs/Sem 5/Respiratory-Disease-Classification/data/processed/audio/cycles/130/3b4_Pr_003.wav,train
130,3b4,Pr,COPD,3,train,/Users/vs/Sem 5/Respiratory-Disease-Classification/data/processed/audio/cycles/130/3b4_Pr_004.wav,train
130,3b4,Pr,COPD,3,train,/Users/vs/Sem 5/Respiratory-Disease-Classification/data/processed/audio/cycles/130/3b4_Pr_005.wav,train
130,3p2,Al,COPD,3,train,/Users/vs/Sem 5/Respiratory-Disease-Classification/data/processed/audio/cycles/130/3p2_Al_001.wav,train
130,3p2,Al,COPD,3,train,/Users/vs/Sem 5/Respiratory-Disease-Classification/data/processed/audio/cycles/130/3p2_Al_002.wav,train
130,3p2,Al,COPD,3,train,/Users/vs/Sem 5/Respiratory-Disease-Classification/data/processed/audio/cycles/130/3p2_Al_003.wav,train
130,3p2,Al,COPD,3,train,/Users/vs/Sem 5/Respiratory-Disease-Classification/data/processed/audio/cycles/130/3p2_Al_004.wav,train
130,3p2,Al,COPD,3,train,/Users/vs/Sem 5/Respiratory-Disease-Classification/data/processed/audio/cycles/130/3p2_Al_005.wav,train
130,3p2,Al,COPD,3,train,/Users/vs/Sem 5/Respiratory-Disease-Classification/data/processed/audio/cycles/130/3p2_Al_006.wav,train
130,3p2,Al,COPD,3,train,/Users/vs/Sem 5/Respiratory-Disease-Classification/data/processed/audio/cycles/130/3p2_Al_007.wav,train
130,3p2,Ar,COPD,3,train,/Users/vs/Sem 5/Respiratory-Disease-Classification/data/processed/audio/cycles/130/3p2_Ar_001.wav,train
130,3p2,Ar,COPD,3,train,/Users/vs/Sem 5/Respiratory-Disease-Classification/data/processed/audio/cycles/130/3p2_Ar_002.wav,train
130,3p2,Ar,COPD,3,train,/Users/vs/Sem 5/Respiratory-Disease-Classification/data/processed/audio/cycles/130/3p2_Ar_003.wav,train
130,3p2,Ar,COPD,3,train,/Users/vs/Sem 5/Respiratory-Disease-Classification/data/processed/audio/cycles/130/3p2_Ar_004.wav,train
130,3p2,Ar,COPD,3,train,/Users/vs/Sem 5/Respiratory-Disease-Classification/data/processed/audio/cycles/130/3p2_Ar_005.wav,train
130,3p2,Ar,COPD,3,train,/Users/vs/Sem 5/Respiratory-Disease-Classification/data/processed/audio/cycles/130/3p2_Ar_006.wav,train
130,3p2,Ar,COPD,3,train,/Users/vs/Sem 5/Respiratory-Disease-Classification/data/processed/audio/cycles/130/3p2_Ar_007.wav,train
130,3p2,Pl,COPD,3,train,/Users/vs/Sem 5/Respiratory-Disease-Classification/data/processed/audio/cycles/130/3p2_Pl_001.wav,train
130,3p2,Pl,COPD,3,train,/Users/vs/Sem 5/Respiratory-Disease-Classification/data/processed/audio/cycles/130/3p2_Pl_002.wav,train
130,3p2,Pl,COPD,3,train,/Users/vs/Sem 5/Respiratory-Disease-Classification/data/processed/audio/cycles/130/3p2_Pl_003.wav,train
130,3p2,Pl,COPD,3,train,/Users/vs/Sem 5/Respiratory-Disease-Classification/data/processed/audio/cycles/130/3p2_Pl_004.wav,train
130,3p2,Pl,COPD,3,train,/Users/vs/Sem 5/Respiratory-Disease-Classification/data/processed/audio/cycles/130/3p2_Pl_005.wav,train
130,3p2,Pl,COPD,3,train,/Users/vs/Sem 5/Respiratory-Disease-Classification/data/processed/audio/cycles/130/3p2_Pl_006.wav,train
130,3p2,Pl,COPD,3,train,/Users/vs/Sem 5/Respiratory-Disease-Classification/data/processed/audio/cycles/130/3p2_Pl_007.wav,train
130,3p2,Pr,COPD,3,train,/Users/vs/Sem 5/Respiratory-Disease-Classification/data/processed/audio/cycles/130/3p2_Pr_001.wav,train
130,3p2,Pr,COPD,3,train,/Users/vs/Sem 5/Respiratory-Disease-Classification/data/processed/audio/cycles/130/3p2_Pr_002.wav,train
130,3p2,Pr,COPD,3,train,/Users/vs/Sem 5/Respiratory-Disease-Classification/data/processed/audio/cycles/130/3p2_Pr_003.wav,train
130,3p2,Pr,COPD,3,train,/Users/vs/Sem 5/Respiratory-Disease-Classification/data/processed/audio/cycles/130/3p2_Pr_004.wav,train
130,3p2,Pr,COPD,3,train,/Users/vs/Sem 5/Respiratory-Disease-Classification/data/processed/audio/cycles/130/3p2_Pr_005.wav,train
130,3p2,Pr,COPD,3,train,/Users/vs/Sem 5/Respiratory-Disease-Classification/data/processed/audio/cycles/130/3p2_Pr_006.wav,train
130,3p2,Pr,COPD,3,train,/Users/vs/Sem 5/Respiratory-Disease-Classification/data/processed/audio/cycles/130/3p2_Pr_007.wav,train
130,3p2,Tc,COPD,3,train,/Users/vs/Sem 5/Respiratory-Disease-Classification/data/processed/audio/cycles/130/3p2_Tc_001.wav,train
130,3p2,Tc,COPD,3,train,/Users/vs/Sem 5/Respiratory-Disease-Classification/data/processed/audio/cycles/130/3p2_Tc_002.wav,train
130,3p2,Tc,COPD,3,train,/Users/vs/Sem 5/Respiratory-Disease-Classification/data/processed/audio/cycles/130/3p2_Tc_003.wav,train
130,3p2,Tc,COPD,3,train,/Users/vs/Sem 5/Respiratory-Disease-Classification/data/processed/audio/cycles/130/3p2_Tc_004.wav,train
130,3p2,Tc,COPD,3,train,/Users/vs/Sem 5/Respiratory-Disease-Classification/data/processed/audio/cycles/130/3p2_Tc_005.wav,train
130,3p2,Tc,COPD,3,train,/Users/vs/Sem 5/Respiratory-Disease-Classification/data/processed/audio/cycles/130/3p2_Tc_006.wav,train
130,3p2,Tc,COPD,3,train,/Users/vs/Sem 5/Respiratory-Disease-Classification/data/processed/audio/cycles/130/3p2_Tc_007.wav,train
130,3p3,Al,COPD,3,train,/Users/vs/Sem 5/Respiratory-Disease-Classification/data/processed/audio/cycles/130/3p3_Al_001.wav,train
130,3p3,Al,COPD,3,train,/Users/vs/Sem 5/Respiratory-Disease-Classification/data/processed/audio/cycles/130/3p3_Al_002.wav,train
130,3p3,Al,COPD,3,train,/Users/vs/Sem 5/Respiratory-Disease-Classification/data/processed/audio/cycles/130/3p3_Al_003.wav,train
130,3p3,Al,COPD,3,train,/Users/vs/Sem 5/Respiratory-Disease-Classification/data/processed/audio/cycles/130/3p3_Al_004.wav,train
130,3p3,Al,COPD,3,train,/Users/vs/Sem 5/Respiratory-Disease-Classification/data/processed/audio/cycles/130/3p3_Al_005.wav,train
130,3p3,Al,COPD,3,train,/Users/vs/Sem 5/Respiratory-Disease-Classification/data/processed/audio/cycles/130/3p3_Al_006.wav,train
130,3p3,Al,COPD,3,train,/Users/vs/Sem 5/Respiratory-Disease-Classification/data/processed/audio/cycles/130/3p3_Al_007.wav,train
130,3p3,Pl,COPD,3,train,/Users/vs/Sem 5/Respiratory-Disease-Classification/data/processed/audio/cycles/130/3p3_Pl_001.wav,train
130,3p3,Pl,COPD,3,train,/Users/vs/Sem 5/Respiratory-Disease-Classification/data/processed/audio/cycles/130/3p3_Pl_002.wav,train
130,3p3,Pl,COPD,3,train,/Users/vs/Sem 5/Respiratory-Disease-Classification/data/processed/audio/cycles/130/3p3_Pl_003.wav,train
130,3p3,Pl,COPD,3,train,/Users/vs/Sem 5/Respiratory-Disease-Classification/data/processed/audio/cycles/130/3p3_Pl_004.wav,train
130,3p3,Pl,COPD,3,train,/Users/vs/Sem 5/Respiratory-Disease-Classification/data/processed/audio/cycles/130/3p3_Pl_005.wav,train
130,3p3,Pl,COPD,3,train,/Users/vs/Sem 5/Respiratory-Disease-Classification/data/processed/audio/cycles/130/3p3_Pl_006.wav,train
130,3p3,Pl,COPD,3,train,/Users/vs/Sem 5/Respiratory-Disease-Classification/data/processed/audio/cycles/130/3p3_Pl_007.wav,train
130,3p3,Pr,COPD,3,train,/Users/vs/Sem 5/Respiratory-Disease-Classification/data/processed/audio/cycles/130/3p3_Pr_001.wav,train
130,3p3,Pr,COPD,3,train,/Users/vs/Sem 5/Respiratory-Disease-Classification/data/processed/audio/cycles/130/3p3_Pr_002.wav,train
130,3p3,Pr,COPD,3,train,/Users/vs/Sem 5/Respiratory-Disease-Classification/data/processed/audio/cycles/130/3p3_Pr_003.wav,train
130,3p3,Pr,COPD,3,train,/Users/vs/Sem 5/Respiratory-Disease-Classification/data/processed/audio/cycles/130/3p3_Pr_004.wav,train
130,3p3,Pr,COPD,3,train,/Users/vs/Sem 5/Respiratory-Disease-Classification/data/processed/audio/cycles/130/3p3_Pr_005.wav,train
130,3p3,Pr,COPD,3,train,/Users/vs/Sem 5/Respiratory-Disease-Classification/data/processed/audio/cycles/130/3p3_Pr_006.wav,train
130,3p3,Pr,COPD,3,train,/Users/vs/Sem 5/Respiratory-Disease-Classification/data/processed/audio/cycles/130/3p3_Pr_007.wav,train
130,3p3,Tc,COPD,3,train,/Users/vs/Sem 5/Respiratory-Disease-Classification/data/processed/audio/cycles/130/3p3_Tc_001.wav,train
130,3p3,Tc,COPD,3,train,/Users/vs/Sem 5/Respiratory-Disease-Classification/data/processed/audio/cycles/130/3p3_Tc_002.wav,train
130,3p3,Tc,COPD,3,train,/Users/vs/Sem 5/Respiratory-Disease-Classification/data/processed/audio/cycles/130/3p3_Tc_003.wav,train
130,3p3,Tc,COPD,3,train,/Users/vs/Sem 5/Respiratory-Disease-Classification/data/processed/audio/cycles/130/3p3_Tc_004.wav,train
130,3p3,Tc,COPD,3,train,/Users/vs/Sem 5/Respiratory-Disease-Classification/data/processed/audio/cycles/130/3p3_Tc_005.wav,train
130,3p3,Tc,COPD,3,train,/Users/vs/Sem 5/Respiratory-Disease-Classification/data/processed/audio/cycles/130/3p3_Tc_006.wav,train
130,3p3,Tc,COPD,3,train,/Users/vs/Sem 5/Respiratory-Disease-Classification/data/processed/audio/cycles/130/3p3_Tc_007.wav,train
130,3p4,Al,COPD,3,train,/Users/vs/Sem 5/Respiratory-Disease-Classification/data/processed/audio/cycles/130/3p4_Al_001.wav,train
130,3p4,Al,COPD,3,train,/Users/vs/Sem 5/Respiratory-Disease-Classification/data/processed/audio/cycles/130/3p4_Al_002.wav,train
130,3p4,Al,COPD,3,train,/Users/vs/Sem 5/Respiratory-Disease-Classification/data/processed/audio/cycles/130/3p4_Al_003.wav,train
130,3p4,Al,COPD,3,train,/Users/vs/Sem 5/Respiratory-Disease-Classification/data/processed/audio/cycles/130/3p4_Al_004.wav,train
130,3p4,Al,COPD,3,train,/Users/vs/Sem 5/Respiratory-Disease-Classification/data/processed/audio/cycles/130/3p4_Al_005.wav,train
130,3p4,Al,COPD,3,train,/Users/vs/Sem 5/Respiratory-Disease-Classification/data/processed/audio/cycles/130/3p4_Al_006.wav,train
130,3p4,Al,COPD,3,train,/Users/vs/Sem 5/Respiratory-Disease-Classification/data/processed/audio/cycles/130/3p4_Al_007.wav,train
130,3p4,Al,COPD,3,train,/Users/vs/Sem 5/Respiratory-Disease-Classification/data/processed/audio/cycles/130/3p4_Al_008.wav,train
130,3p4,Pl,COPD,3,train,/Users/vs/Sem 5/Respiratory-Disease-Classification/data/processed/audio/cycles/130/3p4_Pl_001.wav,train
130,3p4,Pl,COPD,3,train,/Users/vs/Sem 5/Respiratory-Disease-Classification/data/processed/audio/cycles/130/3p4_Pl_002.wav,train
130,3p4,Pl,COPD,3,train,/Users/vs/Sem 5/Respiratory-Disease-Classification/data/processed/audio/cycles/130/3p4_Pl_003.wav,train
130,3p4,Pl,COPD,3,train,/Users/vs/Sem 5/Respiratory-Disease-Classification/data/processed/audio/cycles/130/3p4_Pl_004.wav,train
130,3p4,Pl,COPD,3,train,/Users/vs/Sem 5/Respiratory-Disease-Classification/data/processed/audio/cycles/130/3p4_Pl_005.wav,train
130,3p4,Pl,COPD,3,train,/Users/vs/Sem 5/Respiratory-Disease-Classification/data/processed/audio/cycles/130/3p4_Pl_006.wav,train
130,3p4,Pl,COPD,3,train,/Users/vs/Sem 5/Respiratory-Disease-Classification/data/processed/audio/cycles/130/3p4_Pl_007.wav,train
130,3p4,Pl,COPD,3,train,/Users/vs/Sem 5/Respiratory-Disease-Classification/data/processed/audio/cycles/130/3p4_Pl_008.wav,train
130,3p4,Pr,COPD,3,train,/Users/vs/Sem 5/Respiratory-Disease-Classification/data/processed/audio/cycles/130/3p4_Pr_001.wav,train
130,3p4,Pr,COPD,3,train,/Users/vs/Sem 5/Respiratory-Disease-Classification/data/processed/audio/cycles/130/3p4_Pr_002.wav,train
130,3p4,Pr,COPD,3,train,/Users/vs/Sem 5/Respiratory-Disease-Classification/data/processed/audio/cycles/130/3p4_Pr_003.wav,train
130,3p4,Pr,COPD,3,train,/Users/vs/Sem 5/Respiratory-Disease-Classification/data/processed/audio/cycles/130/3p4_Pr_004.wav,train
130,3p4,Pr,COPD,3,train,/Users/vs/Sem 5/Respiratory-Disease-Classification/data/processed/audio/cycles/130/3p4_Pr_005.wav,train
130,3p4,Pr,COPD,3,train,/Users/vs/Sem 5/Respiratory-Disease-Classification/data/processed/audio/cycles/130/3p4_Pr_006.wav,train
130,3p4,Pr,COPD,3,train,/Users/vs/Sem 5/Respiratory-Disease-Classification/data/processed/audio/cycles/130/3p4_Pr_007.wav,train
130,3p4,Pr,COPD,3,train,/Users/vs/Sem 5/Respiratory-Disease-Classification/data/processed/audio/cycles/130/3p4_Pr_008.wav,train
130,3p4,Tc,COPD,3,train,/Users/vs/Sem 5/Respiratory-Disease-Classification/data/processed/audio/cycles/130/3p4_Tc_001.wav,train
130,3p4,Tc,COPD,3,train,/Users/vs/Sem 5/Respiratory-Disease-Classification/data/processed/audio/cycles/130/3p4_Tc_002.wav,train
130,3p4,Tc,COPD,3,train,/Users/vs/Sem 5/Respiratory-Disease-Classification/data/processed/audio/cycles/130/3p4_Tc_003.wav,train
130,3p4,Tc,COPD,3,train,/Users/vs/Sem 5/Respiratory-Disease-Classification/data/processed/audio/cycles/130/3p4_Tc_004.wav,train
130,3p4,Tc,COPD,3,train,/Users/vs/Sem 5/Respiratory-Disease-Classification/data/processed/audio/cycles/130/3p4_Tc_005.wav,train
130,3p4,Tc,COPD,3,train,/Users/vs/Sem 5/Respiratory-Disease-Classification/data/processed/audio/cycles/130/3p4_Tc_006.wav,train
130,3p4,Tc,COPD,3,train,/Users/vs/Sem 5/Respiratory-Disease-Classification/data/processed/audio/cycles/130/3p4_Tc_007.wav,train
130,3p4,Tc,COPD,3,train,/Users/vs/Sem 5/Respiratory-Disease-Classification/data/processed/audio/cycles/130/3p4_Tc_008.wav,train
131,1b1,Al,URTI,7,train,/Users/vs/Sem 5/Respiratory-Disease-Classification/data/processed/audio/cycles/131/1b1_Al_001.wav,train
131,1b1,Al,URTI,7,train,/Users/vs/Sem 5/Respiratory-Disease-Classification/data/processed/audio/cycles/131/1b1_Al_002.wav,train
131,1b1,Al,URTI,7,train,/Users/vs/Sem 5/Respiratory-Disease-Classification/data/processed/audio/cycles/131/1b1_Al_003.wav,train
131,1b1,Al,URTI,7,train,/Users/vs/Sem 5/Respiratory-Disease-Classification/data/processed/audio/cycles/131/1b1_Al_004.wav,train
131,1b1,Al,URTI,7,train,/Users/vs/Sem 5/Respiratory-Disease-Classification/data/processed/audio/cycles/131/1b1_Al_005.wav,train
131,1b1,Al,URTI,7,train,/Users/vs/Sem 5/Respiratory-Disease-Classification/data/processed/audio/cycles/131/1b1_Al_006.wav,train
131,1b1,Al,URTI,7,train,/Users/vs/Sem 5/Respiratory-Disease-Classification/data/processed/audio/cycles/131/1b1_Al_007.wav,train
131,1b1,Al,URTI,7,train,/Users/vs/Sem 5/Respiratory-Disease-Classification/data/processed/audio/cycles/131/1b1_Al_008.wav,train
131,1b1,Al,URTI,7,train,/Users/vs/Sem 5/Respiratory-Disease-Classification/data/processed/audio/cycles/131/1b1_Al_009.wav,train
131,1b1,Al,URTI,7,train,/Users/vs/Sem 5/Respiratory-Disease-Classification/data/processed/audio/cycles/131/1b1_Al_010.wav,train
131,1b1,Al,URTI,7,train,/Users/vs/Sem 5/Respiratory-Disease-Classification/data/processed/audio/cycles/131/1b1_Al_011.wav,train
132,2b1,Lr,COPD,3,train,/Users/vs/Sem 5/Respiratory-Disease-Classification/data/processed/audio/cycles/132/2b1_Lr_001.wav,train
132,2b1,Lr,COPD,3,train,/Users/vs/Sem 5/Respiratory-Disease-Classification/data/processed/audio/cycles/132/2b1_Lr_002.wav,train
132,2b1,Lr,COPD,3,train,/Users/vs/Sem 5/Respiratory-Disease-Classification/data/processed/audio/cycles/132/2b1_Lr_003.wav,train
132,2b1,Lr,COPD,3,train,/Users/vs/Sem 5/Respiratory-Disease-Classification/data/processed/audio/cycles/132/2b1_Lr_004.wav,train
132,2b1,Lr,COPD,3,train,/Users/vs/Sem 5/Respiratory-Disease-Classification/data/processed/audio/cycles/132/2b1_Lr_005.wav,train
132,2b1,Lr,COPD,3,train,/Users/vs/Sem 5/Respiratory-Disease-Classification/data/processed/audio/cycles/132/2b1_Lr_006.wav,train
132,2b1,Lr,COPD,3,train,/Users/vs/Sem 5/Respiratory-Disease-Classification/data/processed/audio/cycles/132/2b1_Lr_007.wav,train
132,2b1,Lr,COPD,3,train,/Users/vs/Sem 5/Respiratory-Disease-Classification/data/processed/audio/cycles/132/2b1_Lr_008.wav,train
132,2b1,Lr,COPD,3,train,/Users/vs/Sem 5/Respiratory-Disease-Classification/data/processed/audio/cycles/132/2b1_Lr_009.wav,train
132,2b2,Lr,COPD,3,train,/Users/vs/Sem 5/Respiratory-Disease-Classification/data/processed/audio/cycles/132/2b2_Lr_001.wav,train
132,2b2,Lr,COPD,3,train,/Users/vs/Sem 5/Respiratory-Disease-Classification/data/processed/audio/cycles/132/2b2_Lr_002.wav,train
132,2b2,Lr,COPD,3,train,/Users/vs/Sem 5/Respiratory-Disease-Classification/data/processed/audio/cycles/132/2b2_Lr_003.wav,train
132,2b2,Lr,COPD,3,train,/Users/vs/Sem 5/Respiratory-Disease-Classification/data/processed/audio/cycles/132/2b2_Lr_004.wav,train
132,2b2,Lr,COPD,3,train,/Users/vs/Sem 5/Respiratory-Disease-Classification/data/processed/audio/cycles/132/2b2_Lr_005.wav,train
132,2b2,Lr,COPD,3,train,/Users/vs/Sem 5/Respiratory-Disease-Classification/data/processed/audio/cycles/132/2b2_Lr_006.wav,train
132,2b2,Lr,COPD,3,train,/Users/vs/Sem 5/Respiratory-Disease-Classification/data/processed/audio/cycles/132/2b2_Lr_007.wav,train
132,2b2,Lr,COPD,3,train,/Users/vs/Sem 5/Respiratory-Disease-Classification/data/processed/audio/cycles/132/2b2_Lr_008.wav,train
132,2b2,Lr,COPD,3,train,/Users/vs/Sem 5/Respiratory-Disease-Classification/data/processed/audio/cycles/132/2b2_Lr_009.wav,train
132,2b2,Lr,COPD,3,train,/Users/vs/Sem 5/Respiratory-Disease-Classification/data/processed/audio/cycles/132/2b2_Lr_010.wav,train
133,2p2,Al,COPD,3,test,/Users/vs/Sem 5/Respiratory-Disease-Classification/data/processed/audio/cycles/133/2p2_Al_001.wav,train
133,2p2,Al,COPD,3,test,/Users/vs/Sem 5/Respiratory-Disease-Classification/data/processed/audio/cycles/133/2p2_Al_002.wav,train
133,2p2,Al,COPD,3,test,/Users/vs/Sem 5/Respiratory-Disease-Classification/data/processed/audio/cycles/133/2p2_Al_003.wav,train
133,2p2,Al,COPD,3,test,/Users/vs/Sem 5/Respiratory-Disease-Classification/data/processed/audio/cycles/133/2p2_Al_004.wav,train
133,2p2,Al,COPD,3,test,/Users/vs/Sem 5/Respiratory-Disease-Classification/data/processed/audio/cycles/133/2p2_Al_005.wav,train
133,2p2,Al,COPD,3,test,/Users/vs/Sem 5/Respiratory-Disease-Classification/data/processed/audio/cycles/133/2p2_Al_006.wav,train
133,2p2,Al,COPD,3,test,/Users/vs/Sem 5/Respiratory-Disease-Classification/data/processed/audio/cycles/133/2p2_Al_007.wav,train
133,2p2,Al,COPD,3,test,/Users/vs/Sem 5/Respiratory-Disease-Classification/data/processed/audio/cycles/133/2p2_Al_008.wav,train
133,2p2,Al,COPD,3,test,/Users/vs/Sem 5/Respiratory-Disease-Classification/data/processed/audio/cycles/133/2p2_Al_009.wav,train
133,2p2,Ar,COPD,3,test,/Users/vs/Sem 5/Respiratory-Disease-Classification/data/processed/audio/cycles/133/2p2_Ar_001.wav,train
133,2p2,Ar,COPD,3,test,/Users/vs/Sem 5/Respiratory-Disease-Classification/data/processed/audio/cycles/133/2p2_Ar_002.wav,train
133,2p2,Ar,COPD,3,test,/Users/vs/Sem 5/Respiratory-Disease-Classification/data/processed/audio/cycles/133/2p2_Ar_003.wav,train
133,2p2,Ar,COPD,3,test,/Users/vs/Sem 5/Respiratory-Disease-Classification/data/processed/audio/cycles/133/2p2_Ar_004.wav,train
133,2p2,Ar,COPD,3,test,/Users/vs/Sem 5/Respiratory-Disease-Classification/data/processed/audio/cycles/133/2p2_Ar_005.wav,train
133,2p2,Ar,COPD,3,test,/Users/vs/Sem 5/Respiratory-Disease-Classification/data/processed/audio/cycles/133/2p2_Ar_006.wav,train
133,2p2,Ar,COPD,3,test,/Users/vs/Sem 5/Respiratory-Disease-Classification/data/processed/audio/cycles/133/2p2_Ar_007.wav,train
133,2p2,Ar,COPD,3,test,/Users/vs/Sem 5/Respiratory-Disease-Classification/data/processed/audio/cycles/133/2p2_Ar_008.wav,train
133,2p2,Ar,COPD,3,test,/Users/vs/Sem 5/Respiratory-Disease-Classification/data/processed/audio/cycles/133/2p2_Ar_009.wav,train
133,2p2,Pl,COPD,3,test,/Users/vs/Sem 5/Respiratory-Disease-Classification/data/processed/audio/cycles/133/2p2_Pl_001.wav,train
133,2p2,Pl,COPD,3,test,/Users/vs/Sem 5/Respiratory-Disease-Classification/data/processed/audio/cycles/133/2p2_Pl_002.wav,train
133,2p2,Pl,COPD,3,test,/Users/vs/Sem 5/Respiratory-Disease-Classification/data/processed/audio/cycles/133/2p2_Pl_003.wav,train
133,2p2,Pl,COPD,3,test,/Users/vs/Sem 5/Respiratory-Disease-Classification/data/processed/audio/cycles/133/2p2_Pl_004.wav,train
133,2p2,Pl,COPD,3,test,/Users/vs/Sem 5/Respiratory-Disease-Classification/data/processed/audio/cycles/133/2p2_Pl_005.wav,train
133,2p2,Pl,COPD,3,test,/Users/vs/Sem 5/Respiratory-Disease-Classification/data/processed/audio/cycles/133/2p2_Pl_006.wav,train
133,2p2,Pl,COPD,3,test,/Users/vs/Sem 5/Respiratory-Disease-Classification/data/processed/audio/cycles/133/2p2_Pl_007.wav,train
133,2p2,Pl,COPD,3,test,/Users/vs/Sem 5/Respiratory-Disease-Classification/data/processed/audio/cycles/133/2p2_Pl_008.wav,train
133,2p2,Pl,COPD,3,test,/Users/vs/Sem 5/Respiratory-Disease-Classification/data/processed/audio/cycles/133/2p2_Pl_009.wav,train
133,2p2,Tc,COPD,3,test,/Users/vs/Sem 5/Respiratory-Disease-Classification/data/processed/audio/cycles/133/2p2_Tc_001.wav,train
133,2p2,Tc,COPD,3,test,/Users/vs/Sem 5/Respiratory-Disease-Classification/data/processed/audio/cycles/133/2p2_Tc_002.wav,train
133,2p2,Tc,COPD,3,test,/Users/vs/Sem 5/Respiratory-Disease-Classification/data/processed/audio/cycles/133/2p2_Tc_003.wav,train
133,2p2,Tc,COPD,3,test,/Users/vs/Sem 5/Respiratory-Disease-Classification/data/processed/audio/cycles/133/2p2_Tc_004.wav,train
133,2p2,Tc,COPD,3,test,/Users/vs/Sem 5/Respiratory-Disease-Classification/data/processed/audio/cycles/133/2p2_Tc_005.wav,train
133,2p2,Tc,COPD,3,test,/Users/vs/Sem 5/Respiratory-Disease-Classification/data/processed/audio/cycles/133/2p2_Tc_006.wav,train
133,2p2,Tc,COPD,3,test,/Users/vs/Sem 5/Respiratory-Disease-Classification/data/processed/audio/cycles/133/2p2_Tc_007.wav,train
133,2p2,Tc,COPD,3,test,/Users/vs/Sem 5/Respiratory-Disease-Classification/data/processed/audio/cycles/133/2p2_Tc_008.wav,train
133,2p2,Tc,COPD,3,test,/Users/vs/Sem 5/Respiratory-Disease-Classification/data/processed/audio/cycles/133/2p2_Tc_009.wav,train
133,2p3,Al,COPD,3,test,/Users/vs/Sem 5/Respiratory-Disease-Classification/data/processed/audio/cycles/133/2p3_Al_001.wav,train
133,2p3,Al,COPD,3,test,/Users/vs/Sem 5/Respiratory-Disease-Classification/data/processed/audio/cycles/133/2p3_Al_002.wav,train
133,2p3,Al,COPD,3,test,/Users/vs/Sem 5/Respiratory-Disease-Classification/data/processed/audio/cycles/133/2p3_Al_003.wav,train
133,2p3,Al,COPD,3,test,/Users/vs/Sem 5/Respiratory-Disease-Classification/data/processed/audio/cycles/133/2p3_Al_004.wav,train
133,2p3,Al,COPD,3,test,/Users/vs/Sem 5/Respiratory-Disease-Classification/data/processed/audio/cycles/133/2p3_Al_005.wav,train
133,2p3,Al,COPD,3,test,/Users/vs/Sem 5/Respiratory-Disease-Classification/data/processed/audio/cycles/133/2p3_Al_006.wav,train
133,2p3,Al,COPD,3,test,/Users/vs/Sem 5/Respiratory-Disease-Classification/data/processed/audio/cycles/133/2p3_Al_007.wav,train
133,2p3,Al,COPD,3,test,/Users/vs/Sem 5/Respiratory-Disease-Classification/data/processed/audio/cycles/133/2p3_Al_008.wav,train
133,2p3,Ar,COPD,3,test,/Users/vs/Sem 5/Respiratory-Disease-Classification/data/processed/audio/cycles/133/2p3_Ar_001.wav,train
133,2p3,Ar,COPD,3,test,/Users/vs/Sem 5/Respiratory-Disease-Classification/data/processed/audio/cycles/133/2p3_Ar_002.wav,train
133,2p3,Ar,COPD,3,test,/Users/vs/Sem 5/Respiratory-Disease-Classification/data/processed/audio/cycles/133/2p3_Ar_003.wav,train
133,2p3,Ar,COPD,3,test,/Users/vs/Sem 5/Respiratory-Disease-Classification/data/processed/audio/cycles/133/2p3_Ar_004.wav,train
133,2p3,Ar,COPD,3,test,/Users/vs/Sem 5/Respiratory-Disease-Classification/data/processed/audio/cycles/133/2p3_Ar_005.wav,train
133,2p3,Ar,COPD,3,test,/Users/vs/Sem 5/Respiratory-Disease-Classification/data/processed/audio/cycles/133/2p3_Ar_006.wav,train
133,2p3,Ar,COPD,3,test,/Users/vs/Sem 5/Respiratory-Disease-Classification/data/processed/audio/cycles/133/2p3_Ar_007.wav,train
133,2p3,Ar,COPD,3,test,/Users/vs/Sem 5/Respiratory-Disease-Classification/data/processed/audio/cycles/133/2p3_Ar_008.wav,train
133,2p3,Pl,COPD,3,test,/Users/vs/Sem 5/Respiratory-Disease-Classification/data/processed/audio/cycles/133/2p3_Pl_001.wav,train
133,2p3,Pl,COPD,3,test,/Users/vs/Sem 5/Respiratory-Disease-Classification/data/processed/audio/cycles/133/2p3_Pl_002.wav,train
133,2p3,Pl,COPD,3,test,/Users/vs/Sem 5/Respiratory-Disease-Classification/data/processed/audio/cycles/133/2p3_Pl_003.wav,train
133,2p3,Pl,COPD,3,test,/Users/vs/Sem 5/Respiratory-Disease-Classification/data/processed/audio/cycles/133/2p3_Pl_004.wav,train
133,2p3,Pl,COPD,3,test,/Users/vs/Sem 5/Respiratory-Disease-Classification/data/processed/audio/cycles/133/2p3_Pl_005.wav,train
133,2p3,Pl,COPD,3,test,/Users/vs/Sem 5/Respiratory-Disease-Classification/data/processed/audio/cycles/133/2p3_Pl_006.wav,train
133,2p3,Pl,COPD,3,test,/Users/vs/Sem 5/Respiratory-Disease-Classification/data/processed/audio/cycles/133/2p3_Pl_007.wav,train
133,2p3,Pl,COPD,3,test,/Users/vs/Sem 5/Respiratory-Disease-Classification/data/processed/audio/cycles/133/2p3_Pl_008.wav,train
133,2p3,Pr,COPD,3,test,/Users/vs/Sem 5/Respiratory-Disease-Classification/data/processed/audio/cycles/133/2p3_Pr_001.wav,train
133,2p3,Pr,COPD,3,test,/Users/vs/Sem 5/Respiratory-Disease-Classification/data/processed/audio/cycles/133/2p3_Pr_002.wav,train
133,2p3,Pr,COPD,3,test,/Users/vs/Sem 5/Respiratory-Disease-Classification/data/processed/audio/cycles/133/2p3_Pr_003.wav,train
133,2p3,Pr,COPD,3,test,/Users/vs/Sem 5/Respiratory-Disease-Classification/data/processed/audio/cycles/133/2p3_Pr_004.wav,train
133,2p3,Pr,COPD,3,test,/Users/vs/Sem 5/Respiratory-Disease-Classification/data/processed/audio/cycles/133/2p3_Pr_005.wav,train
133,2p3,Pr,COPD,3,test,/Users/vs/Sem 5/Respiratory-Disease-Classification/data/processed/audio/cycles/133/2p3_Pr_006.wav,train
133,2p3,Pr,COPD,3,test,/Users/vs/Sem 5/Respiratory-Disease-Classification/data/processed/audio/cycles/133/2p3_Pr_007.wav,train
133,2p3,Pr,COPD,3,test,/Users/vs/Sem 5/Respiratory-Disease-Classification/data/processed/audio/cycles/133/2p3_Pr_008.wav,train
133,2p3,Tc,COPD,3,test,/Users/vs/Sem 5/Respiratory-Disease-Classification/data/processed/audio/cycles/133/2p3_Tc_001.wav,train
133,2p3,Tc,COPD,3,test,/Users/vs/Sem 5/Respiratory-Disease-Classification/data/processed/audio/cycles/133/2p3_Tc_002.wav,train
133,2p3,Tc,COPD,3,test,/Users/vs/Sem 5/Respiratory-Disease-Classification/data/processed/audio/cycles/133/2p3_Tc_003.wav,train
133,2p3,Tc,COPD,3,test,/Users/vs/Sem 5/Respiratory-Disease-Classification/data/processed/audio/cycles/133/2p3_Tc_004.wav,train
133,2p3,Tc,COPD,3,test,/Users/vs/Sem 5/Respiratory-Disease-Classification/data/processed/audio/cycles/133/2p3_Tc_005.wav,train
133,2p3,Tc,COPD,3,test,/Users/vs/Sem 5/Respiratory-Disease-Classification/data/processed/audio/cycles/133/2p3_Tc_006.wav,train
133,2p3,Tc,COPD,3,test,/Users/vs/Sem 5/Respiratory-Disease-Classification/data/processed/audio/cycles/133/2p3_Tc_007.wav,train
133,2p3,Tc,COPD,3,test,/Users/vs/Sem 5/Respiratory-Disease-Classification/data/processed/audio/cycles/133/2p3_Tc_008.wav,train
133,2p4,Al,COPD,3,test,/Users/vs/Sem 5/Respiratory-Disease-Classification/data/processed/audio/cycles/133/2p4_Al_001.wav,train
133,2p4,Al,COPD,3,test,/Users/vs/Sem 5/Respiratory-Disease-Classification/data/processed/audio/cycles/133/2p4_Al_002.wav,train
133,2p4,Al,COPD,3,test,/Users/vs/Sem 5/Respiratory-Disease-Classification/data/processed/audio/cycles/133/2p4_Al_003.wav,train
133,2p4,Al,COPD,3,test,/Users/vs/Sem 5/Respiratory-Disease-Classification/data/processed/audio/cycles/133/2p4_Al_004.wav,train
133,2p4,Al,COPD,3,test,/Users/vs/Sem 5/Respiratory-Disease-Classification/data/processed/audio/cycles/133/2p4_Al_005.wav,train
133,2p4,Al,COPD,3,test,/Users/vs/Sem 5/Respiratory-Disease-Classification/data/processed/audio/cycles/133/2p4_Al_006.wav,train
133,2p4,Al,COPD,3,test,/Users/vs/Sem 5/Respiratory-Disease-Classification/data/processed/audio/cycles/133/2p4_Al_007.wav,train
133,2p4,Al,COPD,3,test,/Users/vs/Sem 5/Respiratory-Disease-Classification/data/processed/audio/cycles/133/2p4_Al_008.wav,train
133,2p4,Ar,COPD,3,test,/Users/vs/Sem 5/Respiratory-Disease-Classification/data/processed/audio/cycles/133/2p4_Ar_001.wav,train
133,2p4,Ar,COPD,3,test,/Users/vs/Sem 5/Respiratory-Disease-Classification/data/processed/audio/cycles/133/2p4_Ar_002.wav,train
133,2p4,Ar,COPD,3,test,/Users/vs/Sem 5/Respiratory-Disease-Classification/data/processed/audio/cycles/133/2p4_Ar_003.wav,train
133,2p4,Ar,COPD,3,test,/Users/vs/Sem 5/Respiratory-Disease-Classification/data/processed/audio/cycles/133/2p4_Ar_004.wav,train
133,2p4,Ar,COPD,3,test,/Users/vs/Sem 5/Respiratory-Disease-Classification/data/processed/audio/cycles/133/2p4_Ar_005.wav,train
133,2p4,Ar,COPD,3,test,/Users/vs/Sem 5/Respiratory-Disease-Classification/data/processed/audio/cycles/133/2p4_Ar_006.wav,train
133,2p4,Ar,COPD,3,test,/Users/vs/Sem 5/Respiratory-Disease-Classification/data/processed/audio/cycles/133/2p4_Ar_007.wav,train
133,2p4,Ar,COPD,3,test,/Users/vs/Sem 5/Respiratory-Disease-Classification/data/processed/audio/cycles/133/2p4_Ar_008.wav,train
133,2p4,Pl,COPD,3,test,/Users/vs/Sem 5/Respiratory-Disease-Classification/data/processed/audio/cycles/133/2p4_Pl_001.wav,train
133,2p4,Pl,COPD,3,test,/Users/vs/Sem 5/Respiratory-Disease-Classification/data/processed/audio/cycles/133/2p4_Pl_002.wav,train
133,2p4,Pl,COPD,3,test,/Users/vs/Sem 5/Respiratory-Disease-Classification/data/processed/audio/cycles/133/2p4_Pl_003.wav,train
133,2p4,Pl,COPD,3,test,/Users/vs/Sem 5/Respiratory-Disease-Classification/data/processed/audio/cycles/133/2p4_Pl_004.wav,train
133,2p4,Pl,COPD,3,test,/Users/vs/Sem 5/Respiratory-Disease-Classification/data/processed/audio/cycles/133/2p4_Pl_005.wav,train
133,2p4,Pl,COPD,3,test,/Users/vs/Sem 5/Respiratory-Disease-Classification/data/processed/audio/cycles/133/2p4_Pl_006.wav,train
133,2p4,Pl,COPD,3,test,/Users/vs/Sem 5/Respiratory-Disease-Classification/data/processed/audio/cycles/133/2p4_Pl_007.wav,train
133,2p4,Pl,COPD,3,test,/Users/vs/Sem 5/Respiratory-Disease-Classification/data/processed/audio/cycles/133/2p4_Pl_008.wav,train
133,2p4,Pr,COPD,3,test,/Users/vs/Sem 5/Respiratory-Disease-Classification/data/processed/audio/cycles/133/2p4_Pr_001.wav,train
133,2p4,Pr,COPD,3,test,/Users/vs/Sem 5/Respiratory-Disease-Classification/data/processed/audio/cycles/133/2p4_Pr_002.wav,train
133,2p4,Pr,COPD,3,test,/Users/vs/Sem 5/Respiratory-Disease-Classification/data/processed/audio/cycles/133/2p4_Pr_003.wav,train
133,2p4,Pr,COPD,3,test,/Users/vs/Sem 5/Respiratory-Disease-Classification/data/processed/audio/cycles/133/2p4_Pr_004.wav,train
133,2p4,Pr,COPD,3,test,/Users/vs/Sem 5/Respiratory-Disease-Classification/data/processed/audio/cycles/133/2p4_Pr_005.wav,train
133,2p4,Pr,COPD,3,test,/Users/vs/Sem 5/Respiratory-Disease-Classification/data/processed/audio/cycles/133/2p4_Pr_006.wav,train
133,2p4,Pr,COPD,3,test,/Users/vs/Sem 5/Respiratory-Disease-Classification/data/processed/audio/cycles/133/2p4_Pr_007.wav,train
133,2p4,Pr,COPD,3,test,/Users/vs/Sem 5/Respiratory-Disease-Classification/data/processed/audio/cycles/133/2p4_Pr_008.wav,train
133,2p4,Tc,COPD,3,test,/Users/vs/Sem 5/Respiratory-Disease-Classification/data/processed/audio/cycles/133/2p4_Tc_001.wav,train
133,2p4,Tc,COPD,3,test,/Users/vs/Sem 5/Respiratory-Disease-Classification/data/processed/audio/cycles/133/2p4_Tc_002.wav,train
133,2p4,Tc,COPD,3,test,/Users/vs/Sem 5/Respiratory-Disease-Classification/data/processed/audio/cycles/133/2p4_Tc_003.wav,train
133,2p4,Tc,COPD,3,test,/Users/vs/Sem 5/Respiratory-Disease-Classification/data/processed/audio/cycles/133/2p4_Tc_004.wav,train
133,2p4,Tc,COPD,3,test,/Users/vs/Sem 5/Respiratory-Disease-Classification/data/processed/audio/cycles/133/2p4_Tc_005.wav,train
133,2p4,Tc,COPD,3,test,/Users/vs/Sem 5/Respiratory-Disease-Classification/data/processed/audio/cycles/133/2p4_Tc_006.wav,train
133,2p4,Tc,COPD,3,test,/Users/vs/Sem 5/Respiratory-Disease-Classification/data/processed/audio/cycles/133/2p4_Tc_007.wav,train
133,2p4,Tc,COPD,3,test,/Users/vs/Sem 5/Respiratory-Disease-Classification/data/processed/audio/cycles/133/2p4_Tc_008.wav,train
133,3p2,Al,COPD,3,test,/Users/vs/Sem 5/Respiratory-Disease-Classification/data/processed/audio/cycles/133/3p2_Al_001.wav,train
133,3p2,Al,COPD,3,test,/Users/vs/Sem 5/Respiratory-Disease-Classification/data/processed/audio/cycles/133/3p2_Al_002.wav,train
133,3p2,Al,COPD,3,test,/Users/vs/Sem 5/Respiratory-Disease-Classification/data/processed/audio/cycles/133/3p2_Al_003.wav,train
133,3p2,Al,COPD,3,test,/Users/vs/Sem 5/Respiratory-Disease-Classification/data/processed/audio/cycles/133/3p2_Al_004.wav,train
133,3p2,Al,COPD,3,test,/Users/vs/Sem 5/Respiratory-Disease-Classification/data/processed/audio/cycles/133/3p2_Al_005.wav,train
133,3p2,Al,COPD,3,test,/Users/vs/Sem 5/Respiratory-Disease-Classification/data/processed/audio/cycles/133/3p2_Al_006.wav,train
133,3p2,Al,COPD,3,test,/Users/vs/Sem 5/Respiratory-Disease-Classification/data/processed/audio/cycles/133/3p2_Al_007.wav,train
133,3p2,Al,COPD,3,test,/Users/vs/Sem 5/Respiratory-Disease-Classification/data/processed/audio/cycles/133/3p2_Al_008.wav,train
133,3p2,Ar,COPD,3,test,/Users/vs/Sem 5/Respiratory-Disease-Classification/data/processed/audio/cycles/133/3p2_Ar_001.wav,train
133,3p2,Ar,COPD,3,test,/Users/vs/Sem 5/Respiratory-Disease-Classification/data/processed/audio/cycles/133/3p2_Ar_002.wav,train
133,3p2,Ar,COPD,3,test,/Users/vs/Sem 5/Respiratory-Disease-Classification/data/processed/audio/cycles/133/3p2_Ar_003.wav,train
133,3p2,Ar,COPD,3,test,/Users/vs/Sem 5/Respiratory-Disease-Classification/data/processed/audio/cycles/133/3p2_Ar_004.wav,train
133,3p2,Ar,COPD,3,test,/Users/vs/Sem 5/Respiratory-Disease-Classification/data/processed/audio/cycles/133/3p2_Ar_005.wav,train
133,3p2,Ar,COPD,3,test,/Users/vs/Sem 5/Respiratory-Disease-Classification/data/processed/audio/cycles/133/3p2_Ar_006.wav,train
133,3p2,Ar,COPD,3,test,/Users/vs/Sem 5/Respiratory-Disease-Classification/data/processed/audio/cycles/133/3p2_Ar_007.wav,train
133,3p2,Ar,COPD,3,test,/Users/vs/Sem 5/Respiratory-Disease-Classification/data/processed/audio/cycles/133/3p2_Ar_008.wav,train
133,3p2,Pl,COPD,3,test,/Users/vs/Sem 5/Respiratory-Disease-Classification/data/processed/audio/cycles/133/3p2_Pl_001.wav,train
133,3p2,Pl,COPD,3,test,/Users/vs/Sem 5/Respiratory-Disease-Classification/data/processed/audio/cycles/133/3p2_Pl_002.wav,train
133,3p2,Pl,COPD,3,test,/Users/vs/Sem 5/Respiratory-Disease-Classification/data/processed/audio/cycles/133/3p2_Pl_003.wav,train
133,3p2,Pl,COPD,3,test,/Users/vs/Sem 5/Respiratory-Disease-Classification/data/processed/audio/cycles/133/3p2_Pl_004.wav,train
133,3p2,Pl,COPD,3,test,/Users/vs/Sem 5/Respiratory-Disease-Classification/data/processed/audio/cycles/133/3p2_Pl_005.wav,train
133,3p2,Pl,COPD,3,test,/Users/vs/Sem 5/Respiratory-Disease-Classification/data/processed/audio/cycles/133/3p2_Pl_006.wav,train
133,3p2,Pl,COPD,3,test,/Users/vs/Sem 5/Respiratory-Disease-Classification/data/processed/audio/cycles/133/3p2_Pl_007.wav,train
133,3p2,Pl,COPD,3,test,/Users/vs/Sem 5/Respiratory-Disease-Classification/data/processed/audio/cycles/133/3p2_Pl_008.wav,train
133,3p2,Pr,COPD,3,test,/Users/vs/Sem 5/Respiratory-Disease-Classification/data/processed/audio/cycles/133/3p2_Pr_001.wav,train
133,3p2,Pr,COPD,3,test,/Users/vs/Sem 5/Respiratory-Disease-Classification/data/processed/audio/cycles/133/3p2_Pr_002.wav,train
133,3p2,Pr,COPD,3,test,/Users/vs/Sem 5/Respiratory-Disease-Classification/data/processed/audio/cycles/133/3p2_Pr_003.wav,train
133,3p2,Pr,COPD,3,test,/Users/vs/Sem 5/Respiratory-Disease-Classification/data/processed/audio/cycles/133/3p2_Pr_004.wav,train
133,3p2,Pr,COPD,3,test,/Users/vs/Sem 5/Respiratory-Disease-Classification/data/processed/audio/cycles/133/3p2_Pr_005.wav,train
133,3p2,Pr,COPD,3,test,/Users/vs/Sem 5/Respiratory-Disease-Classification/data/processed/audio/cycles/133/3p2_Pr_006.wav,train
133,3p2,Pr,COPD,3,test,/Users/vs/Sem 5/Respiratory-Disease-Classification/data/processed/audio/cycles/133/3p2_Pr_007.wav,train
133,3p2,Pr,COPD,3,test,/Users/vs/Sem 5/Respiratory-Disease-Classification/data/processed/audio/cycles/133/3p2_Pr_008.wav,train
133,3p4,Tc,COPD,3,test,/Users/vs/Sem 5/Respiratory-Disease-Classification/data/processed/audio/cycles/133/3p4_Tc_001.wav,train
133,3p4,Tc,COPD,3,test,/Users/vs/Sem 5/Respiratory-Disease-Classification/data/processed/audio/cycles/133/3p4_Tc_002.wav,train
133,3p4,Tc,COPD,3,test,/Users/vs/Sem 5/Respiratory-Disease-Classification/data/processed/audio/cycles/133/3p4_Tc_003.wav,train
133,3p4,Tc,COPD,3,test,/Users/vs/Sem 5/Respiratory-Disease-Classification/data/processed/audio/cycles/133/3p4_Tc_004.wav,train
133,3p4,Tc,COPD,3,test,/Users/vs/Sem 5/Respiratory-Disease-Classification/data/processed/audio/cycles/133/3p4_Tc_005.wav,train
133,3p4,Tc,COPD,3,test,/Users/vs/Sem 5/Respiratory-Disease-Classification/data/processed/audio/cycles/133/3p4_Tc_006.wav,train
133,3p4,Tc,COPD,3,test,/Users/vs/Sem 5/Respiratory-Disease-Classification/data/processed/audio/cycles/133/3p4_Tc_007.wav,train
133,3p4,Tc,COPD,3,test,/Users/vs/Sem 5/Respiratory-Disease-Classification/data/processed/audio/cycles/133/3p4_Tc_008.wav,train
134,2b1,Al,COPD,3,train,/Users/vs/Sem 5/Respiratory-Disease-Classification/data/processed/audio/cycles/134/2b1_Al_001.wav,train
134,2b1,Al,COPD,3,train,/Users/vs/Sem 5/Respiratory-Disease-Classification/data/processed/audio/cycles/134/2b1_Al_002.wav,train
134,2b1,Al,COPD,3,train,/Users/vs/Sem 5/Respiratory-Disease-Classification/data/processed/audio/cycles/134/2b1_Al_003.wav,train
134,2b1,Al,COPD,3,train,/Users/vs/Sem 5/Respiratory-Disease-Classification/data/processed/audio/cycles/134/2b1_Al_004.wav,train
134,2b1,Al,COPD,3,train,/Users/vs/Sem 5/Respiratory-Disease-Classification/data/processed/audio/cycles/134/2b1_Al_005.wav,train
134,2b1,Ar,COPD,3,train,/Users/vs/Sem 5/Respiratory-Disease-Classification/data/processed/audio/cycles/134/2b1_Ar_001.wav,train
134,2b1,Ar,COPD,3,train,/Users/vs/Sem 5/Respiratory-Disease-Classification/data/processed/audio/cycles/134/2b1_Ar_002.wav,train
134,2b1,Ar,COPD,3,train,/Users/vs/Sem 5/Respiratory-Disease-Classification/data/processed/audio/cycles/134/2b1_Ar_003.wav,train
134,2b1,Ar,COPD,3,train,/Users/vs/Sem 5/Respiratory-Disease-Classification/data/processed/audio/cycles/134/2b1_Ar_004.wav,train
134,2b1,Ar,COPD,3,train,/Users/vs/Sem 5/Respiratory-Disease-Classification/data/processed/audio/cycles/134/2b1_Ar_005.wav,train
134,2b2,Al,COPD,3,train,/Users/vs/Sem 5/Respiratory-Disease-Classification/data/processed/audio/cycles/134/2b2_Al_001.wav,train
134,2b2,Al,COPD,3,train,/Users/vs/Sem 5/Respiratory-Disease-Classification/data/processed/audio/cycles/134/2b2_Al_002.wav,train
134,2b2,Al,COPD,3,train,/Users/vs/Sem 5/Respiratory-Disease-Classification/data/processed/audio/cycles/134/2b2_Al_003.wav,train
134,2b2,Al,COPD,3,train,/Users/vs/Sem 5/Respiratory-Disease-Classification/data/processed/audio/cycles/134/2b2_Al_004.wav,train
134,2b2,Al,COPD,3,train,/Users/vs/Sem 5/Respiratory-Disease-Classification/data/processed/audio/cycles/134/2b2_Al_005.wav,train
134,2b2,Al,COPD,3,train,/Users/vs/Sem 5/Respiratory-Disease-Classification/data/processed/audio/cycles/134/2b2_Al_006.wav,train
134,2b2,Al,COPD,3,train,/Users/vs/Sem 5/Respiratory-Disease-Classification/data/processed/audio/cycles/134/2b2_Al_007.wav,train
134,2b2,Ar,COPD,3,train,/Users/vs/Sem 5/Respiratory-Disease-Classification/data/processed/audio/cycles/134/2b2_Ar_001.wav,train
134,2b2,Ar,COPD,3,train,/Users/vs/Sem 5/Respiratory-Disease-Classification/data/processed/audio/cycles/134/2b2_Ar_002.wav,train
134,2b2,Ar,COPD,3,train,/Users/vs/Sem 5/Respiratory-Disease-Classification/data/processed/audio/cycles/134/2b2_Ar_003.wav,train
134,2b2,Ar,COPD,3,train,/Users/vs/Sem 5/Respiratory-Disease-Classification/data/processed/audio/cycles/134/2b2_Ar_004.wav,train
134,2b2,Ar,COPD,3,train,/Users/vs/Sem 5/Respiratory-Disease-Classification/data/processed/audio/cycles/134/2b2_Ar_005.wav,train
134,2b2,Ar,COPD,3,train,/Users/vs/Sem 5/Respiratory-Disease-Classification/data/processed/audio/cycles/134/2b2_Ar_006.wav,train
134,2b2,Ar,COPD,3,train,/Users/vs/Sem 5/Respiratory-Disease-Classification/data/processed/audio/cycles/134/2b2_Ar_007.wav,train
134,2b3,Ar,COPD,3,train,/Users/vs/Sem 5/Respiratory-Disease-Classification/data/processed/audio/cycles/134/2b3_Ar_001.wav,train
134,2b3,Ar,COPD,3,train,/Users/vs/Sem 5/Respiratory-Disease-Classification/data/processed/audio/cycles/134/2b3_Ar_002.wav,train
134,2b3,Ar,COPD,3,train,/Users/vs/Sem 5/Respiratory-Disease-Classification/data/processed/audio/cycles/134/2b3_Ar_003.wav,train
134,2b3,Ar,COPD,3,train,/Users/vs/Sem 5/Respiratory-Disease-Classification/data/processed/audio/cycles/134/2b3_Ar_004.wav,train
134,2b3,Ar,COPD,3,train,/Users/vs/Sem 5/Respiratory-Disease-Classification/data/processed/audio/cycles/134/2b3_Ar_005.wav,train
134,2b3,Ar,COPD,3,train,/Users/vs/Sem 5/Respiratory-Disease-Classification/data/processed/audio/cycles/134/2b3_Ar_006.wav,train
135,2b1,Al,Pneumonia,6,train,/Users/vs/Sem 5/Respiratory-Disease-Classification/data/processed/audio/cycles/135/2b1_Al_001.wav,validation
135,2b1,Al,Pneumonia,6,train,/Users/vs/Sem 5/Respiratory-Disease-Classification/data/processed/audio/cycles/135/2b1_Al_002.wav,validation
135,2b1,Al,Pneumonia,6,train,/Users/vs/Sem 5/Respiratory-Disease-Classification/data/processed/audio/cycles/135/2b1_Al_003.wav,validation
135,2b1,Al,Pneumonia,6,train,/Users/vs/Sem 5/Respiratory-Disease-Classification/data/processed/audio/cycles/135/2b1_Al_004.wav,validation
135,2b1,Al,Pneumonia,6,train,/Users/vs/Sem 5/Respiratory-Disease-Classification/data/processed/audio/cycles/135/2b1_Al_005.wav,validation
135,2b1,Al,Pneumonia,6,train,/Users/vs/Sem 5/Respiratory-Disease-Classification/data/processed/audio/cycles/135/2b1_Al_006.wav,validation
135,2b1,Al,Pneumonia,6,train,/Users/vs/Sem 5/Respiratory-Disease-Classification/data/processed/audio/cycles/135/2b1_Al_007.wav,validation
135,2b1,Al,Pneumonia,6,train,/Users/vs/Sem 5/Respiratory-Disease-Classification/data/processed/audio/cycles/135/2b1_Al_008.wav,validation
135,2b1,Al,Pneumonia,6,train,/Users/vs/Sem 5/Respiratory-Disease-Classification/data/processed/audio/cycles/135/2b1_Al_009.wav,validation
135,2b1,Ar,Pneumonia,6,train,/Users/vs/Sem 5/Respiratory-Disease-Classification/data/processed/audio/cycles/135/2b1_Ar_001.wav,validation
135,2b1,Ar,Pneumonia,6,train,/Users/vs/Sem 5/Respiratory-Disease-Classification/data/processed/audio/cycles/135/2b1_Ar_002.wav,validation
135,2b1,Ar,Pneumonia,6,train,/Users/vs/Sem 5/Respiratory-Disease-Classification/data/processed/audio/cycles/135/2b1_Ar_003.wav,validation
135,2b1,Ar,Pneumonia,6,train,/Users/vs/Sem 5/Respiratory-Disease-Classification/data/processed/audio/cycles/135/2b1_Ar_004.wav,validation
135,2b1,Ar,Pneumonia,6,train,/Users/vs/Sem 5/Respiratory-Disease-Classification/data/processed/audio/cycles/135/2b1_Ar_005.wav,validation
135,2b1,Ar,Pneumonia,6,train,/Users/vs/Sem 5/Respiratory-Disease-Classification/data/processed/audio/cycles/135/2b1_Ar_006.wav,validation
135,2b1,Ar,Pneumonia,6,train,/Users/vs/Sem 5/Respiratory-Disease-Classification/data/processed/audio/cycles/135/2b1_Ar_007.wav,validation
135,2b1,Ar,Pneumonia,6,train,/Users/vs/Sem 5/Respiratory-Disease-Classification/data/processed/audio/cycles/135/2b1_Ar_008.wav,validation
135,2b1,Ar,Pneumonia,6,train,/Users/vs/Sem 5/Respiratory-Disease-Classification/data/processed/audio/cycles/135/2b1_Ar_009.wav,validation
135,2b1,Pl,Pneumonia,6,train,/Users/vs/Sem 5/Respiratory-Disease-Classification/data/processed/audio/cycles/135/2b1_Pl_001.wav,validation
135,2b1,Pl,Pneumonia,6,train,/Users/vs/Sem 5/Respiratory-Disease-Classification/data/processed/audio/cycles/135/2b1_Pl_002.wav,validation
135,2b1,Pl,Pneumonia,6,train,/Users/vs/Sem 5/Respiratory-Disease-Classification/data/processed/audio/cycles/135/2b1_Pl_003.wav,validation
135,2b1,Pl,Pneumonia,6,train,/Users/vs/Sem 5/Respiratory-Disease-Classification/data/processed/audio/cycles/135/2b1_Pl_004.wav,validation
135,2b1,Pl,Pneumonia,6,train,/Users/vs/Sem 5/Respiratory-Disease-Classification/data/processed/audio/cycles/135/2b1_Pl_005.wav,validation
135,2b1,Pl,Pneumonia,6,train,/Users/vs/Sem 5/Respiratory-Disease-Classification/data/processed/audio/cycles/135/2b1_Pl_006.wav,validation
135,2b1,Pl,Pneumonia,6,train,/Users/vs/Sem 5/Respiratory-Disease-Classification/data/processed/audio/cycles/135/2b1_Pl_007.wav,validation
135,2b1,Pl,Pneumonia,6,train,/Users/vs/Sem 5/Respiratory-Disease-Classification/data/processed/audio/cycles/135/2b1_Pl_008.wav,validation
135,2b1,Pl,Pneumonia,6,train,/Users/vs/Sem 5/Respiratory-Disease-Classification/data/processed/audio/cycles/135/2b1_Pl_009.wav,validation
135,2b1,Tc,Pneumonia,6,train,/Users/vs/Sem 5/Respiratory-Disease-Classification/data/processed/audio/cycles/135/2b1_Tc_001.wav,validation
135,2b1,Tc,Pneumonia,6,train,/Users/vs/Sem 5/Respiratory-Disease-Classification/data/processed/audio/cycles/135/2b1_Tc_002.wav,validation
135,2b1,Tc,Pneumonia,6,train,/Users/vs/Sem 5/Respiratory-Disease-Classification/data/processed/audio/cycles/135/2b1_Tc_003.wav,validation
135,2b1,Tc,Pneumonia,6,train,/Users/vs/Sem 5/Respiratory-Disease-Classification/data/processed/audio/cycles/135/2b1_Tc_004.wav,validation
135,2b1,Tc,Pneumonia,6,train,/Users/vs/Sem 5/Respiratory-Disease-Classification/data/processed/audio/cycles/135/2b1_Tc_005.wav,validation
135,2b1,Tc,Pneumonia,6,train,/Users/vs/Sem 5/Respiratory-Disease-Classification/data/processed/audio/cycles/135/2b1_Tc_006.wav,validation
135,2b1,Tc,Pneumonia,6,train,/Users/vs/Sem 5/Respiratory-Disease-Classification/data/processed/audio/cycles/135/2b1_Tc_007.wav,validation
135,2b1,Tc,Pneumonia,6,train,/Users/vs/Sem 5/Respiratory-Disease-Classification/data/processed/audio/cycles/135/2b1_Tc_008.wav,validation
135,2b1,Tc,Pneumonia,6,train,/Users/vs/Sem 5/Respiratory-Disease-Classification/data/processed/audio/cycles/135/2b1_Tc_009.wav,validation
135,2b2,Al,Pneumonia,6,train,/Users/vs/Sem 5/Respiratory-Disease-Classification/data/processed/audio/cycles/135/2b2_Al_001.wav,validation
135,2b2,Al,Pneumonia,6,train,/Users/vs/Sem 5/Respiratory-Disease-Classification/data/processed/audio/cycles/135/2b2_Al_002.wav,validation
135,2b2,Al,Pneumonia,6,train,/Users/vs/Sem 5/Respiratory-Disease-Classification/data/processed/audio/cycles/135/2b2_Al_003.wav,validation
135,2b2,Al,Pneumonia,6,train,/Users/vs/Sem 5/Respiratory-Disease-Classification/data/processed/audio/cycles/135/2b2_Al_004.wav,validation
135,2b2,Al,Pneumonia,6,train,/Users/vs/Sem 5/Respiratory-Disease-Classification/data/processed/audio/cycles/135/2b2_Al_005.wav,validation
135,2b2,Al,Pneumonia,6,train,/Users/vs/Sem 5/Respiratory-Disease-Classification/data/processed/audio/cycles/135/2b2_Al_006.wav,validation
135,2b2,Al,Pneumonia,6,train,/Users/vs/Sem 5/Respiratory-Disease-Classification/data/processed/audio/cycles/135/2b2_Al_007.wav,validation
135,2b2,Al,Pneumonia,6,train,/Users/vs/Sem 5/Respiratory-Disease-Classification/data/processed/audio/cycles/135/2b2_Al_008.wav,validation
135,2b2,Ar,Pneumonia,6,train,/Users/vs/Sem 5/Respiratory-Disease-Classification/data/processed/audio/cycles/135/2b2_Ar_001.wav,validation
135,2b2,Ar,Pneumonia,6,train,/Users/vs/Sem 5/Respiratory-Disease-Classification/data/processed/audio/cycles/135/2b2_Ar_002.wav,validation
135,2b2,Ar,Pneumonia,6,train,/Users/vs/Sem 5/Respiratory-Disease-Classification/data/processed/audio/cycles/135/2b2_Ar_003.wav,validation
135,2b2,Ar,Pneumonia,6,train,/Users/vs/Sem 5/Respiratory-Disease-Classification/data/processed/audio/cycles/135/2b2_Ar_004.wav,validation
135,2b2,Ar,Pneumonia,6,train,/Users/vs/Sem 5/Respiratory-Disease-Classification/data/processed/audio/cycles/135/2b2_Ar_005.wav,validation
135,2b2,Ar,Pneumonia,6,train,/Users/vs/Sem 5/Respiratory-Disease-Classification/data/processed/audio/cycles/135/2b2_Ar_006.wav,validation
135,2b2,Ar,Pneumonia,6,train,/Users/vs/Sem 5/Respiratory-Disease-Classification/data/processed/audio/cycles/135/2b2_Ar_007.wav,validation
135,2b2,Ar,Pneumonia,6,train,/Users/vs/Sem 5/Respiratory-Disease-Classification/data/processed/audio/cycles/135/2b2_Ar_008.wav,validation
135,2b2,Pl,Pneumonia,6,train,/Users/vs/Sem 5/Respiratory-Disease-Classification/data/processed/audio/cycles/135/2b2_Pl_001.wav,validation
135,2b2,Pl,Pneumonia,6,train,/Users/vs/Sem 5/Respiratory-Disease-Classification/data/processed/audio/cycles/135/2b2_Pl_002.wav,validation
135,2b2,Pl,Pneumonia,6,train,/Users/vs/Sem 5/Respiratory-Disease-Classification/data/processed/audio/cycles/135/2b2_Pl_003.wav,validation
135,2b2,Pl,Pneumonia,6,train,/Users/vs/Sem 5/Respiratory-Disease-Classification/data/processed/audio/cycles/135/2b2_Pl_004.wav,validation
135,2b2,Pl,Pneumonia,6,train,/Users/vs/Sem 5/Respiratory-Disease-Classification/data/processed/audio/cycles/135/2b2_Pl_005.wav,validation
135,2b2,Pl,Pneumonia,6,train,/Users/vs/Sem 5/Respiratory-Disease-Classification/data/processed/audio/cycles/135/2b2_Pl_006.wav,validation
135,2b2,Pl,Pneumonia,6,train,/Users/vs/Sem 5/Respiratory-Disease-Classification/data/processed/audio/cycles/135/2b2_Pl_007.wav,validation
135,2b2,Tc,Pneumonia,6,train,/Users/vs/Sem 5/Respiratory-Disease-Classification/data/processed/audio/cycles/135/2b2_Tc_001.wav,validation
135,2b2,Tc,Pneumonia,6,train,/Users/vs/Sem 5/Respiratory-Disease-Classification/data/processed/audio/cycles/135/2b2_Tc_002.wav,validation
135,2b2,Tc,Pneumonia,6,train,/Users/vs/Sem 5/Respiratory-Disease-Classification/data/processed/audio/cycles/135/2b2_Tc_003.wav,validation
135,2b2,Tc,Pneumonia,6,train,/Users/vs/Sem 5/Respiratory-Disease-Classification/data/processed/audio/cycles/135/2b2_Tc_004.wav,validation
135,2b2,Tc,Pneumonia,6,train,/Users/vs/Sem 5/Respiratory-Disease-Classification/data/processed/audio/cycles/135/2b2_Tc_005.wav,validation
135,2b2,Tc,Pneumonia,6,train,/Users/vs/Sem 5/Respiratory-Disease-Classification/data/processed/audio/cycles/135/2b2_Tc_006.wav,validation
135,2b2,Tc,Pneumonia,6,train,/Users/vs/Sem 5/Respiratory-Disease-Classification/data/processed/audio/cycles/135/2b2_Tc_007.wav,validation
135,2b2,Tc,Pneumonia,6,train,/Users/vs/Sem 5/Respiratory-Disease-Classification/data/processed/audio/cycles/135/2b2_Tc_008.wav,validation
135,2b3,Al,Pneumonia,6,train,/Users/vs/Sem 5/Respiratory-Disease-Classification/data/processed/audio/cycles/135/2b3_Al_001.wav,validation
135,2b3,Al,Pneumonia,6,train,/Users/vs/Sem 5/Respiratory-Disease-Classification/data/processed/audio/cycles/135/2b3_Al_002.wav,validation
135,2b3,Al,Pneumonia,6,train,/Users/vs/Sem 5/Respiratory-Disease-Classification/data/processed/audio/cycles/135/2b3_Al_003.wav,validation
135,2b3,Al,Pneumonia,6,train,/Users/vs/Sem 5/Respiratory-Disease-Classification/data/processed/audio/cycles/135/2b3_Al_004.wav,validation
135,2b3,Al,Pneumonia,6,train,/Users/vs/Sem 5/Respiratory-Disease-Classification/data/processed/audio/cycles/135/2b3_Al_005.wav,validation
135,2b3,Al,Pneumonia,6,train,/Users/vs/Sem 5/Respiratory-Disease-Classification/data/processed/audio/cycles/135/2b3_Al_006.wav,validation
135,2b3,Al,Pneumonia,6,train,/Users/vs/Sem 5/Respiratory-Disease-Classification/data/processed/audio/cycles/135/2b3_Al_007.wav,validation
135,2b3,Al,Pneumonia,6,train,/Users/vs/Sem 5/Respiratory-Disease-Classification/data/processed/audio/cycles/135/2b3_Al_008.wav,validation
135,2b3,Al,Pneumonia,6,train,/Users/vs/Sem 5/Respiratory-Disease-Classification/data/processed/audio/cycles/135/2b3_Al_009.wav,validation
135,2b3,Ar,Pneumonia,6,train,/Users/vs/Sem 5/Respiratory-Disease-Classification/data/processed/audio/cycles/135/2b3_Ar_001.wav,validation
135,2b3,Ar,Pneumonia,6,train,/Users/vs/Sem 5/Respiratory-Disease-Classification/data/processed/audio/cycles/135/2b3_Ar_002.wav,validation
135,2b3,Ar,Pneumonia,6,train,/Users/vs/Sem 5/Respiratory-Disease-Classification/data/processed/audio/cycles/135/2b3_Ar_003.wav,validation
135,2b3,Ar,Pneumonia,6,train,/Users/vs/Sem 5/Respiratory-Disease-Classification/data/processed/audio/cycles/135/2b3_Ar_004.wav,validation
135,2b3,Ar,Pneumonia,6,train,/Users/vs/Sem 5/Respiratory-Disease-Classification/data/processed/audio/cycles/135/2b3_Ar_005.wav,validation
135,2b3,Ar,Pneumonia,6,train,/Users/vs/Sem 5/Respiratory-Disease-Classification/data/processed/audio/cycles/135/2b3_Ar_006.wav,validation
135,2b3,Ar,Pneumonia,6,train,/Users/vs/Sem 5/Respiratory-Disease-Classification/data/processed/audio/cycles/135/2b3_Ar_007.wav,validation
135,2b3,Ar,Pneumonia,6,train,/Users/vs/Sem 5/Respiratory-Disease-Classification/data/processed/audio/cycles/135/2b3_Ar_008.wav,validation
135,2b3,Ar,Pneumonia,6,train,/Users/vs/Sem 5/Respiratory-Disease-Classification/data/processed/audio/cycles/135/2b3_Ar_009.wav,validation
135,2b3,Pl,Pneumonia,6,train,/Users/vs/Sem 5/Respiratory-Disease-Classification/data/processed/audio/cycles/135/2b3_Pl_001.wav,validation
135,2b3,Pl,Pneumonia,6,train,/Users/vs/Sem 5/Respiratory-Disease-Classification/data/processed/audio/cycles/135/2b3_Pl_002.wav,validation
135,2b3,Pl,Pneumonia,6,train,/Users/vs/Sem 5/Respiratory-Disease-Classification/data/processed/audio/cycles/135/2b3_Pl_003.wav,validation
135,2b3,Pl,Pneumonia,6,train,/Users/vs/Sem 5/Respiratory-Disease-Classification/data/processed/audio/cycles/135/2b3_Pl_004.wav,validation
135,2b3,Pl,Pneumonia,6,train,/Users/vs/Sem 5/Respiratory-Disease-Classification/data/processed/audio/cycles/135/2b3_Pl_005.wav,validation
135,2b3,Pl,Pneumonia,6,train,/Users/vs/Sem 5/Respiratory-Disease-Classification/data/processed/audio/cycles/135/2b3_Pl_006.wav,validation
135,2b3,Pl,Pneumonia,6,train,/Users/vs/Sem 5/Respiratory-Disease-Classification/data/processed/audio/cycles/135/2b3_Pl_007.wav,validation
135,2b3,Pl,Pneumonia,6,train,/Users/vs/Sem 5/Respiratory-Disease-Classification/data/processed/audio/cycles/135/2b3_Pl_008.wav,validation
135,2b3,Pl,Pneumonia,6,train,/Users/vs/Sem 5/Respiratory-Disease-Classification/data/processed/audio/cycles/135/2b3_Pl_009.wav,validation
135,2b3,Pr,Pneumonia,6,train,/Users/vs/Sem 5/Respiratory-Disease-Classification/data/processed/audio/cycles/135/2b3_Pr_001.wav,validation
135,2b3,Pr,Pneumonia,6,train,/Users/vs/Sem 5/Respiratory-Disease-Classification/data/processed/audio/cycles/135/2b3_Pr_002.wav,validation
135,2b3,Pr,Pneumonia,6,train,/Users/vs/Sem 5/Respiratory-Disease-Classification/data/processed/audio/cycles/135/2b3_Pr_003.wav,validation
135,2b3,Pr,Pneumonia,6,train,/Users/vs/Sem 5/Respiratory-Disease-Classification/data/processed/audio/cycles/135/2b3_Pr_004.wav,validation
135,2b3,Pr,Pneumonia,6,train,/Users/vs/Sem 5/Respiratory-Disease-Classification/data/processed/audio/cycles/135/2b3_Pr_005.wav,validation
135,2b3,Pr,Pneumonia,6,train,/Users/vs/Sem 5/Respiratory-Disease-Classification/data/processed/audio/cycles/135/2b3_Pr_006.wav,validation
135,2b3,Pr,Pneumonia,6,train,/Users/vs/Sem 5/Respiratory-Disease-Classification/data/processed/audio/cycles/135/2b3_Pr_007.wav,validation
135,2b3,Pr,Pneumonia,6,train,/Users/vs/Sem 5/Respiratory-Disease-Classification/data/processed/audio/cycles/135/2b3_Pr_008.wav,validation
135,2b3,Pr,Pneumonia,6,train,/Users/vs/Sem 5/Respiratory-Disease-Classification/data/processed/audio/cycles/135/2b3_Pr_009.wav,validation
135,2b3,Tc,Pneumonia,6,train,/Users/vs/Sem 5/Respiratory-Disease-Classification/data/processed/audio/cycles/135/2b3_Tc_001.wav,validation
135,2b3,Tc,Pneumonia,6,train,/Users/vs/Sem 5/Respiratory-Disease-Classification/data/processed/audio/cycles/135/2b3_Tc_002.wav,validation
135,2b3,Tc,Pneumonia,6,train,/Users/vs/Sem 5/Respiratory-Disease-Classification/data/processed/audio/cycles/135/2b3_Tc_003.wav,validation
135,2b3,Tc,Pneumonia,6,train,/Users/vs/Sem 5/Respiratory-Disease-Classification/data/processed/audio/cycles/135/2b3_Tc_004.wav,validation
135,2b3,Tc,Pneumonia,6,train,/Users/vs/Sem 5/Respiratory-Disease-Classification/data/processed/audio/cycles/135/2b3_Tc_005.wav,validation
135,2b3,Tc,Pneumonia,6,train,/Users/vs/Sem 5/Respiratory-Disease-Classification/data/processed/audio/cycles/135/2b3_Tc_006.wav,validation
135,2b3,Tc,Pneumonia,6,train,/Users/vs/Sem 5/Respiratory-Disease-Classification/data/processed/audio/cycles/135/2b3_Tc_007.wav,validation
135,2b3,Tc,Pneumonia,6,train,/Users/vs/Sem 5/Respiratory-Disease-Classification/data/processed/audio/cycles/135/2b3_Tc_008.wav,validation
135,2b3,Tc,Pneumonia,6,train,/Users/vs/Sem 5/Respiratory-Disease-Classification/data/processed/audio/cycles/135/2b3_Tc_009.wav,validation
136,1b1,Ar,Healthy,4,test,/Users/vs/Sem 5/Respiratory-Disease-Classification/data/processed/audio/cycles/136/1b1_Ar_001.wav,train
136,1b1,Ar,Healthy,4,test,/Users/vs/Sem 5/Respiratory-Disease-Classification/data/processed/audio/cycles/136/1b1_Ar_002.wav,train
136,1b1,Ar,Healthy,4,test,/Users/vs/Sem 5/Respiratory-Disease-Classification/data/processed/audio/cycles/136/1b1_Ar_003.wav,train
136,1b1,Ar,Healthy,4,test,/Users/vs/Sem 5/Respiratory-Disease-Classification/data/processed/audio/cycles/136/1b1_Ar_004.wav,train
136,1b1,Ar,Healthy,4,test,/Users/vs/Sem 5/Respiratory-Disease-Classification/data/processed/audio/cycles/136/1b1_Ar_005.wav,train
136,1b1,Ar,Healthy,4,test,/Users/vs/Sem 5/Respiratory-Disease-Classification/data/processed/audio/cycles/136/1b1_Ar_006.wav,train
136,1b1,Ar,Healthy,4,test,/Users/vs/Sem 5/Respiratory-Disease-Classification/data/processed/audio/cycles/136/1b1_Ar_007.wav,train
136,1b1,Ar,Healthy,4,test,/Users/vs/Sem 5/Respiratory-Disease-Classification/data/processed/audio/cycles/136/1b1_Ar_008.wav,train
136,1b1,Ar,Healthy,4,test,/Users/vs/Sem 5/Respiratory-Disease-Classification/data/processed/audio/cycles/136/1b1_Ar_009.wav,train
137,1b1,Ar,URTI,7,train,/Users/vs/Sem 5/Respiratory-Disease-Classification/data/processed/audio/cycles/137/1b1_Ar_001.wav,train
137,1b1,Ar,URTI,7,train,/Users/vs/Sem 5/Respiratory-Disease-Classification/data/processed/audio/cycles/137/1b1_Ar_002.wav,train
137,1b1,Ar,URTI,7,train,/Users/vs/Sem 5/Respiratory-Disease-Classification/data/processed/audio/cycles/137/1b1_Ar_003.wav,train
137,1b1,Ar,URTI,7,train,/Users/vs/Sem 5/Respiratory-Disease-Classification/data/processed/audio/cycles/137/1b1_Ar_004.wav,train
137,1b1,Ar,URTI,7,train,/Users/vs/Sem 5/Respiratory-Disease-Classification/data/processed/audio/cycles/137/1b1_Ar_005.wav,train
137,1b1,Ar,URTI,7,train,/Users/vs/Sem 5/Respiratory-Disease-Classification/data/processed/audio/cycles/137/1b1_Ar_006.wav,train
137,1b1,Ar,URTI,7,train,/Users/vs/Sem 5/Respiratory-Disease-Classification/data/processed/audio/cycles/137/1b1_Ar_007.wav,train
137,1b1,Ar,URTI,7,train,/Users/vs/Sem 5/Respiratory-Disease-Classification/data/processed/audio/cycles/137/1b1_Ar_008.wav,train
137,1b1,Ll,URTI,7,train,/Users/vs/Sem 5/Respiratory-Disease-Classification/data/processed/audio/cycles/137/1b1_Ll_001.wav,train
137,1b1,Ll,URTI,7,train,/Users/vs/Sem 5/Respiratory-Disease-Classification/data/processed/audio/cycles/137/1b1_Ll_002.wav,train
137,1b1,Ll,URTI,7,train,/Users/vs/Sem 5/Respiratory-Disease-Classification/data/processed/audio/cycles/137/1b1_Ll_003.wav,train
137,1b1,Ll,URTI,7,train,/Users/vs/Sem 5/Respiratory-Disease-Classification/data/processed/audio/cycles/137/1b1_Ll_004.wav,train
137,1b1,Ll,URTI,7,train,/Users/vs/Sem 5/Respiratory-Disease-Classification/data/processed/audio/cycles/137/1b1_Ll_005.wav,train
137,1b1,Ll,URTI,7,train,/Users/vs/Sem 5/Respiratory-Disease-Classification/data/processed/audio/cycles/137/1b1_Ll_006.wav,train
137,1b1,Ll,URTI,7,train,/Users/vs/Sem 5/Respiratory-Disease-Classification/data/processed/audio/cycles/137/1b1_Ll_007.wav,train
137,1b1,Ll,URTI,7,train,/Users/vs/Sem 5/Respiratory-Disease-Classification/data/processed/audio/cycles/137/1b1_Ll_008.wav,train
137,1b1,Ll,URTI,7,train,/Users/vs/Sem 5/Respiratory-Disease-Classification/data/processed/audio/cycles/137/1b1_Ll_009.wav,train
138,1p2,Al,COPD,3,train,/Users/vs/Sem 5/Respiratory-Disease-Classification/data/processed/audio/cycles/138/1p2_Al_001.wav,train
138,1p2,Al,COPD,3,train,/Users/vs/Sem 5/Respiratory-Disease-Classification/data/processed/audio/cycles/138/1p2_Al_002.wav,train
138,1p2,Al,COPD,3,train,/Users/vs/Sem 5/Respiratory-Disease-Classification/data/processed/audio/cycles/138/1p2_Al_003.wav,train
138,1p2,Al,COPD,3,train,/Users/vs/Sem 5/Respiratory-Disease-Classification/data/processed/audio/cycles/138/1p2_Al_004.wav,train
138,1p2,Al,COPD,3,train,/Users/vs/Sem 5/Respiratory-Disease-Classification/data/processed/audio/cycles/138/1p2_Al_005.wav,train
138,1p2,Ar,COPD,3,train,/Users/vs/Sem 5/Respiratory-Disease-Classification/data/processed/audio/cycles/138/1p2_Ar_001.wav,train
138,1p2,Ar,COPD,3,train,/Users/vs/Sem 5/Respiratory-Disease-Classification/data/processed/audio/cycles/138/1p2_Ar_002.wav,train
138,1p2,Ar,COPD,3,train,/Users/vs/Sem 5/Respiratory-Disease-Classification/data/processed/audio/cycles/138/1p2_Ar_003.wav,train
138,1p2,Ar,COPD,3,train,/Users/vs/Sem 5/Respiratory-Disease-Classification/data/processed/audio/cycles/138/1p2_Ar_004.wav,train
138,1p2,Ar,COPD,3,train,/Users/vs/Sem 5/Respiratory-Disease-Classification/data/processed/audio/cycles/138/1p2_Ar_005.wav,train
138,1p2,Ll,COPD,3,train,/Users/vs/Sem 5/Respiratory-Disease-Classification/data/processed/audio/cycles/138/1p2_Ll_001.wav,train
138,1p2,Ll,COPD,3,train,/Users/vs/Sem 5/Respiratory-Disease-Classification/data/processed/audio/cycles/138/1p2_Ll_002.wav,train
138,1p2,Ll,COPD,3,train,/Users/vs/Sem 5/Respiratory-Disease-Classification/data/processed/audio/cycles/138/1p2_Ll_003.wav,train
138,1p2,Ll,COPD,3,train,/Users/vs/Sem 5/Respiratory-Disease-Classification/data/processed/audio/cycles/138/1p2_Ll_004.wav,train
138,1p2,Ll,COPD,3,train,/Users/vs/Sem 5/Respiratory-Disease-Classification/data/processed/audio/cycles/138/1p2_Ll_005.wav,train
138,1p2,Lr,COPD,3,train,/Users/vs/Sem 5/Respiratory-Disease-Classification/data/processed/audio/cycles/138/1p2_Lr_001.wav,train
138,1p2,Lr,COPD,3,train,/Users/vs/Sem 5/Respiratory-Disease-Classification/data/processed/audio/cycles/138/1p2_Lr_002.wav,train
138,1p2,Lr,COPD,3,train,/Users/vs/Sem 5/Respiratory-Disease-Classification/data/processed/audio/cycles/138/1p2_Lr_003.wav,train
138,1p2,Lr,COPD,3,train,/Users/vs/Sem 5/Respiratory-Disease-Classification/data/processed/audio/cycles/138/1p2_Lr_004.wav,train
138,1p2,Lr,COPD,3,train,/Users/vs/Sem 5/Respiratory-Disease-Classification/data/processed/audio/cycles/138/1p2_Lr_005.wav,train
138,1p2,Pl,COPD,3,train,/Users/vs/Sem 5/Respiratory-Disease-Classification/data/processed/audio/cycles/138/1p2_Pl_001.wav,train
138,1p2,Pl,COPD,3,train,/Users/vs/Sem 5/Respiratory-Disease-Classification/data/processed/audio/cycles/138/1p2_Pl_002.wav,train
138,1p2,Pl,COPD,3,train,/Users/vs/Sem 5/Respiratory-Disease-Classification/data/processed/audio/cycles/138/1p2_Pl_003.wav,train
138,1p2,Pl,COPD,3,train,/Users/vs/Sem 5/Respiratory-Disease-Classification/data/processed/audio/cycles/138/1p2_Pl_004.wav,train
138,1p2,Pl,COPD,3,train,/Users/vs/Sem 5/Respiratory-Disease-Classification/data/processed/audio/cycles/138/1p2_Pl_005.wav,train
138,1p2,Pr,COPD,3,train,/Users/vs/Sem 5/Respiratory-Disease-Classification/data/processed/audio/cycles/138/1p2_Pr_001.wav,train
138,1p2,Pr,COPD,3,train,/Users/vs/Sem 5/Respiratory-Disease-Classification/data/processed/audio/cycles/138/1p2_Pr_002.wav,train
138,1p2,Pr,COPD,3,train,/Users/vs/Sem 5/Respiratory-Disease-Classification/data/processed/audio/cycles/138/1p2_Pr_003.wav,train
138,1p2,Pr,COPD,3,train,/Users/vs/Sem 5/Respiratory-Disease-Classification/data/processed/audio/cycles/138/1p2_Pr_004.wav,train
138,1p2,Pr,COPD,3,train,/Users/vs/Sem 5/Respiratory-Disease-Classification/data/processed/audio/cycles/138/1p2_Pr_005.wav,train
138,1p2,Tc,COPD,3,train,/Users/vs/Sem 5/Respiratory-Disease-Classification/data/processed/audio/cycles/138/1p2_Tc_001.wav,train
138,1p2,Tc,COPD,3,train,/Users/vs/Sem 5/Respiratory-Disease-Classification/data/processed/audio/cycles/138/1p2_Tc_002.wav,train
138,1p2,Tc,COPD,3,train,/Users/vs/Sem 5/Respiratory-Disease-Classification/data/processed/audio/cycles/138/1p2_Tc_003.wav,train
138,1p2,Tc,COPD,3,train,/Users/vs/Sem 5/Respiratory-Disease-Classification/data/processed/audio/cycles/138/1p2_Tc_004.wav,train
138,1p2,Tc,COPD,3,train,/Users/vs/Sem 5/Respiratory-Disease-Classification/data/processed/audio/cycles/138/1p2_Tc_005.wav,train
138,1p3,Al,COPD,3,train,/Users/vs/Sem 5/Respiratory-Disease-Classification/data/processed/audio/cycles/138/1p3_Al_001.wav,train
138,1p3,Al,COPD,3,train,/Users/vs/Sem 5/Respiratory-Disease-Classification/data/processed/audio/cycles/138/1p3_Al_002.wav,train
138,1p3,Al,COPD,3,train,/Users/vs/Sem 5/Respiratory-Disease-Classification/data/processed/audio/cycles/138/1p3_Al_003.wav,train
138,1p3,Al,COPD,3,train,/Users/vs/Sem 5/Respiratory-Disease-Classification/data/processed/audio/cycles/138/1p3_Al_004.wav,train
138,1p3,Al,COPD,3,train,/Users/vs/Sem 5/Respiratory-Disease-Classification/data/processed/audio/cycles/138/1p3_Al_005.wav,train
138,1p3,Ar,COPD,3,train,/Users/vs/Sem 5/Respiratory-Disease-Classification/data/processed/audio/cycles/138/1p3_Ar_001.wav,train
138,1p3,Ar,COPD,3,train,/Users/vs/Sem 5/Respiratory-Disease-Classification/data/processed/audio/cycles/138/1p3_Ar_002.wav,train
138,1p3,Ar,COPD,3,train,/Users/vs/Sem 5/Respiratory-Disease-Classification/data/processed/audio/cycles/138/1p3_Ar_003.wav,train
138,1p3,Ar,COPD,3,train,/Users/vs/Sem 5/Respiratory-Disease-Classification/data/processed/audio/cycles/138/1p3_Ar_004.wav,train
138,1p3,Ar,COPD,3,train,/Users/vs/Sem 5/Respiratory-Disease-Classification/data/processed/audio/cycles/138/1p3_Ar_005.wav,train
138,1p3,Ll,COPD,3,train,/Users/vs/Sem 5/Respiratory-Disease-Classification/data/processed/audio/cycles/138/1p3_Ll_001.wav,train
138,1p3,Ll,COPD,3,train,/Users/vs/Sem 5/Respiratory-Disease-Classification/data/processed/audio/cycles/138/1p3_Ll_002.wav,train
138,1p3,Ll,COPD,3,train,/Users/vs/Sem 5/Respiratory-Disease-Classification/data/processed/audio/cycles/138/1p3_Ll_003.wav,train
138,1p3,Ll,COPD,3,train,/Users/vs/Sem 5/Respiratory-Disease-Classification/data/processed/audio/cycles/138/1p3_Ll_004.wav,train
138,1p3,Ll,COPD,3,train,/Users/vs/Sem 5/Respiratory-Disease-Classification/data/processed/audio/cycles/138/1p3_Ll_005.wav,train
138,1p3,Lr,COPD,3,train,/Users/vs/Sem 5/Respiratory-Disease-Classification/data/processed/audio/cycles/138/1p3_Lr_001.wav,train
138,1p3,Lr,COPD,3,train,/Users/vs/Sem 5/Respiratory-Disease-Classification/data/processed/audio/cycles/138/1p3_Lr_002.wav,train
138,1p3,Lr,COPD,3,train,/Users/vs/Sem 5/Respiratory-Disease-Classification/data/processed/audio/cycles/138/1p3_Lr_003.wav,train
138,1p3,Lr,COPD,3,train,/Users/vs/Sem 5/Respiratory-Disease-Classification/data/processed/audio/cycles/138/1p3_Lr_004.wav,train
138,1p3,Lr,COPD,3,train,/Users/vs/Sem 5/Respiratory-Disease-Classification/data/processed/audio/cycles/138/1p3_Lr_005.wav,train
138,1p3,Pl,COPD,3,train,/Users/vs/Sem 5/Respiratory-Disease-Classification/data/processed/audio/cycles/138/1p3_Pl_001.wav,train
138,1p3,Pl,COPD,3,train,/Users/vs/Sem 5/Respiratory-Disease-Classification/data/processed/audio/cycles/138/1p3_Pl_002.wav,train
138,1p3,Pl,COPD,3,train,/Users/vs/Sem 5/Respiratory-Disease-Classification/data/processed/audio/cycles/138/1p3_Pl_003.wav,train
138,1p3,Pl,COPD,3,train,/Users/vs/Sem 5/Respiratory-Disease-Classification/data/processed/audio/cycles/138/1p3_Pl_004.wav,train
138,1p3,Pl,COPD,3,train,/Users/vs/Sem 5/Respiratory-Disease-Classification/data/processed/audio/cycles/138/1p3_Pl_005.wav,train
138,1p3,Pr,COPD,3,train,/Users/vs/Sem 5/Respiratory-Disease-Classification/data/processed/audio/cycles/138/1p3_Pr_001.wav,train
138,1p3,Pr,COPD,3,train,/Users/vs/Sem 5/Respiratory-Disease-Classification/data/processed/audio/cycles/138/1p3_Pr_002.wav,train
138,1p3,Pr,COPD,3,train,/Users/vs/Sem 5/Respiratory-Disease-Classification/data/processed/audio/cycles/138/1p3_Pr_003.wav,train
138,1p3,Pr,COPD,3,train,/Users/vs/Sem 5/Respiratory-Disease-Classification/data/processed/audio/cycles/138/1p3_Pr_004.wav,train
138,1p3,Pr,COPD,3,train,/Users/vs/Sem 5/Respiratory-Disease-Classification/data/processed/audio/cycles/138/1p3_Pr_005.wav,train
138,1p3,Tc,COPD,3,train,/Users/vs/Sem 5/Respiratory-Disease-Classification/data/processed/audio/cycles/138/1p3_Tc_001.wav,train
138,1p3,Tc,COPD,3,train,/Users/vs/Sem 5/Respiratory-Disease-Classification/data/processed/audio/cycles/138/1p3_Tc_002.wav,train
138,1p3,Tc,COPD,3,train,/Users/vs/Sem 5/Respiratory-Disease-Classification/data/processed/audio/cycles/138/1p3_Tc_003.wav,train
138,1p3,Tc,COPD,3,train,/Users/vs/Sem 5/Respiratory-Disease-Classification/data/processed/audio/cycles/138/1p3_Tc_004.wav,train
138,1p3,Tc,COPD,3,train,/Users/vs/Sem 5/Respiratory-Disease-Classification/data/processed/audio/cycles/138/1p3_Tc_005.wav,train
138,1p4,Ar,COPD,3,train,/Users/vs/Sem 5/Respiratory-Disease-Classification/data/processed/audio/cycles/138/1p4_Ar_001.wav,train
138,1p4,Ar,COPD,3,train,/Users/vs/Sem 5/Respiratory-Disease-Classification/data/processed/audio/cycles/138/1p4_Ar_002.wav,train
138,1p4,Ar,COPD,3,train,/Users/vs/Sem 5/Respiratory-Disease-Classification/data/processed/audio/cycles/138/1p4_Ar_003.wav,train
138,1p4,Ar,COPD,3,train,/Users/vs/Sem 5/Respiratory-Disease-Classification/data/processed/audio/cycles/138/1p4_Ar_004.wav,train
138,1p4,Ar,COPD,3,train,/Users/vs/Sem 5/Respiratory-Disease-Classification/data/processed/audio/cycles/138/1p4_Ar_005.wav,train
138,1p4,Ll,COPD,3,train,/Users/vs/Sem 5/Respiratory-Disease-Classification/data/processed/audio/cycles/138/1p4_Ll_001.wav,train
138,1p4,Ll,COPD,3,train,/Users/vs/Sem 5/Respiratory-Disease-Classification/data/processed/audio/cycles/138/1p4_Ll_002.wav,train
138,1p4,Ll,COPD,3,train,/Users/vs/Sem 5/Respiratory-Disease-Classification/data/processed/audio/cycles/138/1p4_Ll_003.wav,train
138,1p4,Ll,COPD,3,train,/Users/vs/Sem 5/Respiratory-Disease-Classification/data/processed/audio/cycles/138/1p4_Ll_004.wav,train
138,1p4,Ll,COPD,3,train,/Users/vs/Sem 5/Respiratory-Disease-Classification/data/processed/audio/cycles/138/1p4_Ll_005.wav,train
138,1p4,Lr,COPD,3,train,/Users/vs/Sem 5/Respiratory-Disease-Classification/data/processed/audio/cycles/138/1p4_Lr_001.wav,train
138,1p4,Lr,COPD,3,train,/Users/vs/Sem 5/Respiratory-Disease-Classification/data/processed/audio/cycles/138/1p4_Lr_002.wav,train
138,1p4,Lr,COPD,3,train,/Users/vs/Sem 5/Respiratory-Disease-Classification/data/processed/audio/cycles/138/1p4_Lr_003.wav,train
138,1p4,Lr,COPD,3,train,/Users/vs/Sem 5/Respiratory-Disease-Classification/data/processed/audio/cycles/138/1p4_Lr_004.wav,train
138,1p4,Lr,COPD,3,train,/Users/vs/Sem 5/Respiratory-Disease-Classification/data/processed/audio/cycles/138/1p4_Lr_005.wav,train
138,1p4,Pl,COPD,3,train,/Users/vs/Sem 5/Respiratory-Disease-Classification/data/processed/audio/cycles/138/1p4_Pl_001.wav,train
138,1p4,Pl,COPD,3,train,/Users/vs/Sem 5/Respiratory-Disease-Classification/data/processed/audio/cycles/138/1p4_Pl_002.wav,train
138,1p4,Pl,COPD,3,train,/Users/vs/Sem 5/Respiratory-Disease-Classification/data/processed/audio/cycles/138/1p4_Pl_003.wav,train
138,1p4,Pl,COPD,3,train,/Users/vs/Sem 5/Respiratory-Disease-Classification/data/processed/audio/cycles/138/1p4_Pl_004.wav,train
138,1p4,Pl,COPD,3,train,/Users/vs/Sem 5/Respiratory-Disease-Classification/data/processed/audio/cycles/138/1p4_Pl_005.wav,train
138,1p4,Pr,COPD,3,train,/Users/vs/Sem 5/Respiratory-Disease-Classification/data/processed/audio/cycles/138/1p4_Pr_001.wav,train
138,1p4,Pr,COPD,3,train,/Users/vs/Sem 5/Respiratory-Disease-Classification/data/processed/audio/cycles/138/1p4_Pr_002.wav,train
138,1p4,Pr,COPD,3,train,/Users/vs/Sem 5/Respiratory-Disease-Classification/data/processed/audio/cycles/138/1p4_Pr_003.wav,train
138,1p4,Pr,COPD,3,train,/Users/vs/Sem 5/Respiratory-Disease-Classification/data/processed/audio/cycles/138/1p4_Pr_004.wav,train
138,1p4,Pr,COPD,3,train,/Users/vs/Sem 5/Respiratory-Disease-Classification/data/processed/audio/cycles/138/1p4_Pr_005.wav,train
138,1p4,Tc,COPD,3,train,/Users/vs/Sem 5/Respiratory-Disease-Classification/data/processed/audio/cycles/138/1p4_Tc_001.wav,train
138,1p4,Tc,COPD,3,train,/Users/vs/Sem 5/Respiratory-Disease-Classification/data/processed/audio/cycles/138/1p4_Tc_002.wav,train
138,1p4,Tc,COPD,3,train,/Users/vs/Sem 5/Respiratory-Disease-Classification/data/processed/audio/cycles/138/1p4_Tc_003.wav,train
138,1p4,Tc,COPD,3,train,/Users/vs/Sem 5/Respiratory-Disease-Classification/data/processed/audio/cycles/138/1p4_Tc_004.wav,train
138,1p4,Tc,COPD,3,train,/Users/vs/Sem 5/Respiratory-Disease-Classification/data/processed/audio/cycles/138/1p4_Tc_005.wav,train
138,2p2,Al,COPD,3,train,/Users/vs/Sem 5/Respiratory-Disease-Classification/data/processed/audio/cycles/138/2p2_Al_001.wav,train
138,2p2,Al,COPD,3,train,/Users/vs/Sem 5/Respiratory-Disease-Classification/data/processed/audio/cycles/138/2p2_Al_002.wav,train
138,2p2,Al,COPD,3,train,/Users/vs/Sem 5/Respiratory-Disease-Classification/data/processed/audio/cycles/138/2p2_Al_003.wav,train
138,2p2,Al,COPD,3,train,/Users/vs/Sem 5/Respiratory-Disease-Classification/data/processed/audio/cycles/138/2p2_Al_004.wav,train
138,2p2,Al,COPD,3,train,/Users/vs/Sem 5/Respiratory-Disease-Classification/data/processed/audio/cycles/138/2p2_Al_005.wav,train
138,2p2,Al,COPD,3,train,/Users/vs/Sem 5/Respiratory-Disease-Classification/data/processed/audio/cycles/138/2p2_Al_006.wav,train
138,2p2,Al,COPD,3,train,/Users/vs/Sem 5/Respiratory-Disease-Classification/data/processed/audio/cycles/138/2p2_Al_007.wav,train
138,2p2,Ar,COPD,3,train,/Users/vs/Sem 5/Respiratory-Disease-Classification/data/processed/audio/cycles/138/2p2_Ar_001.wav,train
138,2p2,Ar,COPD,3,train,/Users/vs/Sem 5/Respiratory-Disease-Classification/data/processed/audio/cycles/138/2p2_Ar_002.wav,train
138,2p2,Ar,COPD,3,train,/Users/vs/Sem 5/Respiratory-Disease-Classification/data/processed/audio/cycles/138/2p2_Ar_003.wav,train
138,2p2,Ar,COPD,3,train,/Users/vs/Sem 5/Respiratory-Disease-Classification/data/processed/audio/cycles/138/2p2_Ar_004.wav,train
138,2p2,Ar,COPD,3,train,/Users/vs/Sem 5/Respiratory-Disease-Classification/data/processed/audio/cycles/138/2p2_Ar_005.wav,train
138,2p2,Ar,COPD,3,train,/Users/vs/Sem 5/Respiratory-Disease-Classification/data/processed/audio/cycles/138/2p2_Ar_006.wav,train
138,2p2,Ar,COPD,3,train,/Users/vs/Sem 5/Respiratory-Disease-Classification/data/processed/audio/cycles/138/2p2_Ar_007.wav,train
138,2p2,Ll,COPD,3,train,/Users/vs/Sem 5/Respiratory-Disease-Classification/data/processed/audio/cycles/138/2p2_Ll_001.wav,train
138,2p2,Ll,COPD,3,train,/Users/vs/Sem 5/Respiratory-Disease-Classification/data/processed/audio/cycles/138/2p2_Ll_002.wav,train
138,2p2,Ll,COPD,3,train,/Users/vs/Sem 5/Respiratory-Disease-Classification/data/processed/audio/cycles/138/2p2_Ll_003.wav,train
138,2p2,Ll,COPD,3,train,/Users/vs/Sem 5/Respiratory-Disease-Classification/data/processed/audio/cycles/138/2p2_Ll_004.wav,train
138,2p2,Ll,COPD,3,train,/Users/vs/Sem 5/Respiratory-Disease-Classification/data/processed/audio/cycles/138/2p2_Ll_005.wav,train
138,2p2,Ll,COPD,3,train,/Users/vs/Sem 5/Respiratory-Disease-Classification/data/processed/audio/cycles/138/2p2_Ll_006.wav,train
138,2p2,Ll,COPD,3,train,/Users/vs/Sem 5/Respiratory-Disease-Classification/data/processed/audio/cycles/138/2p2_Ll_007.wav,train
138,2p2,Lr,COPD,3,train,/Users/vs/Sem 5/Respiratory-Disease-Classification/data/processed/audio/cycles/138/2p2_Lr_001.wav,train
138,2p2,Lr,COPD,3,train,/Users/vs/Sem 5/Respiratory-Disease-Classification/data/processed/audio/cycles/138/2p2_Lr_002.wav,train
138,2p2,Lr,COPD,3,train,/Users/vs/Sem 5/Respiratory-Disease-Classification/data/processed/audio/cycles/138/2p2_Lr_003.wav,train
138,2p2,Lr,COPD,3,train,/Users/vs/Sem 5/Respiratory-Disease-Classification/data/processed/audio/cycles/138/2p2_Lr_004.wav,train
138,2p2,Lr,COPD,3,train,/Users/vs/Sem 5/Respiratory-Disease-Classification/data/processed/audio/cycles/138/2p2_Lr_005.wav,train
138,2p2,Lr,COPD,3,train,/Users/vs/Sem 5/Respiratory-Disease-Classification/data/processed/audio/cycles/138/2p2_Lr_006.wav,train
138,2p2,Lr,COPD,3,train,/Users/vs/Sem 5/Respiratory-Disease-Classification/data/processed/audio/cycles/138/2p2_Lr_007.wav,train
138,2p2,Pl,COPD,3,train,/Users/vs/Sem 5/Respiratory-Disease-Classification/data/processed/audio/cycles/138/2p2_Pl_001.wav,train
138,2p2,Pl,COPD,3,train,/Users/vs/Sem 5/Respiratory-Disease-Classification/data/processed/audio/cycles/138/2p2_Pl_002.wav,train
138,2p2,Pl,COPD,3,train,/Users/vs/Sem 5/Respiratory-Disease-Classification/data/processed/audio/cycles/138/2p2_Pl_003.wav,train
138,2p2,Pl,COPD,3,train,/Users/vs/Sem 5/Respiratory-Disease-Classification/data/processed/audio/cycles/138/2p2_Pl_004.wav,train
138,2p2,Pl,COPD,3,train,/Users/vs/Sem 5/Respiratory-Disease-Classification/data/processed/audio/cycles/138/2p2_Pl_005.wav,train
138,2p2,Pl,COPD,3,train,/Users/vs/Sem 5/Respiratory-Disease-Classification/data/processed/audio/cycles/138/2p2_Pl_006.wav,train
138,2p2,Pl,COPD,3,train,/Users/vs/Sem 5/Respiratory-Disease-Classification/data/processed/audio/cycles/138/2p2_Pl_007.wav,train
138,2p2,Pr,COPD,3,train,/Users/vs/Sem 5/Respiratory-Disease-Classification/data/processed/audio/cycles/138/2p2_Pr_001.wav,train
138,2p2,Pr,COPD,3,train,/Users/vs/Sem 5/Respiratory-Disease-Classification/data/processed/audio/cycles/138/2p2_Pr_002.wav,train
138,2p2,Pr,COPD,3,train,/Users/vs/Sem 5/Respiratory-Disease-Classification/data/processed/audio/cycles/138/2p2_Pr_003.wav,train
138,2p2,Pr,COPD,3,train,/Users/vs/Sem 5/Respiratory-Disease-Classification/data/processed/audio/cycles/138/2p2_Pr_004.wav,train
138,2p2,Pr,COPD,3,train,/Users/vs/Sem 5/Respiratory-Disease-Classification/data/processed/audio/cycles/138/2p2_Pr_005.wav,train
138,2p2,Pr,COPD,3,train,/Users/vs/Sem 5/Respiratory-Disease-Classification/data/processed/audio/cycles/138/2p2_Pr_006.wav,train
138,2p2,Pr,COPD,3,train,/Users/vs/Sem 5/Respiratory-Disease-Classification/data/processed/audio/cycles/138/2p2_Pr_007.wav,train
138,2p2,Tc,COPD,3,train,/Users/vs/Sem 5/Respiratory-Disease-Classification/data/processed/audio/cycles/138/2p2_Tc_001.wav,train
138,2p2,Tc,COPD,3,train,/Users/vs/Sem 5/Respiratory-Disease-Classification/data/processed/audio/cycles/138/2p2_Tc_002.wav,train
138,2p2,Tc,COPD,3,train,/Users/vs/Sem 5/Respiratory-Disease-Classification/data/processed/audio/cycles/138/2p2_Tc_003.wav,train
138,2p2,Tc,COPD,3,train,/Users/vs/Sem 5/Respiratory-Disease-Classification/data/processed/audio/cycles/138/2p2_Tc_004.wav,train
138,2p2,Tc,COPD,3,train,/Users/vs/Sem 5/Respiratory-Disease-Classification/data/processed/audio/cycles/138/2p2_Tc_005.wav,train
138,2p2,Tc,COPD,3,train,/Users/vs/Sem 5/Respiratory-Disease-Classification/data/processed/audio/cycles/138/2p2_Tc_006.wav,train
138,2p2,Tc,COPD,3,train,/Users/vs/Sem 5/Respiratory-Disease-Classification/data/processed/audio/cycles/138/2p2_Tc_007.wav,train
139,1b1,Al,COPD,3,test,/Users/vs/Sem 5/Respiratory-Disease-Classification/data/processed/audio/cycles/139/1b1_Al_001.wav,train
139,1b1,Al,COPD,3,test,/Users/vs/Sem 5/Respiratory-Disease-Classification/data/processed/audio/cycles/139/1b1_Al_002.wav,train
139,1b1,Al,COPD,3,test,/Users/vs/Sem 5/Respiratory-Disease-Classification/data/processed/audio/cycles/139/1b1_Al_003.wav,train
139,1b1,Al,COPD,3,test,/Users/vs/Sem 5/Respiratory-Disease-Classification/data/processed/audio/cycles/139/1b1_Al_004.wav,train
139,1b1,Al,COPD,3,test,/Users/vs/Sem 5/Respiratory-Disease-Classification/data/processed/audio/cycles/139/1b1_Al_005.wav,train
139,1b1,Al,COPD,3,test,/Users/vs/Sem 5/Respiratory-Disease-Classification/data/processed/audio/cycles/139/1b1_Al_006.wav,train
139,1b1,Al,COPD,3,test,/Users/vs/Sem 5/Respiratory-Disease-Classification/data/processed/audio/cycles/139/1b1_Al_007.wav,train
139,1b1,Al,COPD,3,test,/Users/vs/Sem 5/Respiratory-Disease-Classification/data/processed/audio/cycles/139/1b1_Al_008.wav,train
139,1b1,Al,COPD,3,test,/Users/vs/Sem 5/Respiratory-Disease-Classification/data/processed/audio/cycles/139/1b1_Al_009.wav,train
139,1b1,Al,COPD,3,test,/Users/vs/Sem 5/Respiratory-Disease-Classification/data/processed/audio/cycles/139/1b1_Al_010.wav,train
139,1b1,Ar,COPD,3,test,/Users/vs/Sem 5/Respiratory-Disease-Classification/data/processed/audio/cycles/139/1b1_Ar_001.wav,train
139,1b1,Ar,COPD,3,test,/Users/vs/Sem 5/Respiratory-Disease-Classification/data/processed/audio/cycles/139/1b1_Ar_002.wav,train
139,1b1,Ar,COPD,3,test,/Users/vs/Sem 5/Respiratory-Disease-Classification/data/processed/audio/cycles/139/1b1_Ar_003.wav,train
139,1b1,Ar,COPD,3,test,/Users/vs/Sem 5/Respiratory-Disease-Classification/data/processed/audio/cycles/139/1b1_Ar_004.wav,train
139,1b1,Ar,COPD,3,test,/Users/vs/Sem 5/Respiratory-Disease-Classification/data/processed/audio/cycles/139/1b1_Ar_005.wav,train
139,1b1,Ar,COPD,3,test,/Users/vs/Sem 5/Respiratory-Disease-Classification/data/processed/audio/cycles/139/1b1_Ar_006.wav,train
139,1b1,Ar,COPD,3,test,/Users/vs/Sem 5/Respiratory-Disease-Classification/data/processed/audio/cycles/139/1b1_Ar_007.wav,train
139,1b1,Ar,COPD,3,test,/Users/vs/Sem 5/Respiratory-Disease-Classification/data/processed/audio/cycles/139/1b1_Ar_008.wav,train
139,1b1,Ar,COPD,3,test,/Users/vs/Sem 5/Respiratory-Disease-Classification/data/processed/audio/cycles/139/1b1_Ar_009.wav,train
139,1b1,Ll,COPD,3,test,/Users/vs/Sem 5/Respiratory-Disease-Classification/data/processed/audio/cycles/139/1b1_Ll_001.wav,train
139,1b1,Ll,COPD,3,test,/Users/vs/Sem 5/Respiratory-Disease-Classification/data/processed/audio/cycles/139/1b1_Ll_002.wav,train
139,1b1,Ll,COPD,3,test,/Users/vs/Sem 5/Respiratory-Disease-Classification/data/processed/audio/cycles/139/1b1_Ll_003.wav,train
139,1b1,Ll,COPD,3,test,/Users/vs/Sem 5/Respiratory-Disease-Classification/data/processed/audio/cycles/139/1b1_Ll_004.wav,train
139,1b1,Ll,COPD,3,test,/Users/vs/Sem 5/Respiratory-Disease-Classification/data/processed/audio/cycles/139/1b1_Ll_005.wav,train
139,1b1,Ll,COPD,3,test,/Users/vs/Sem 5/Respiratory-Disease-Classification/data/processed/audio/cycles/139/1b1_Ll_006.wav,train
139,1b1,Ll,COPD,3,test,/Users/vs/Sem 5/Respiratory-Disease-Classification/data/processed/audio/cycles/139/1b1_Ll_007.wav,train
139,1b1,Ll,COPD,3,test,/Users/vs/Sem 5/Respiratory-Disease-Classification/data/processed/audio/cycles/139/1b1_Ll_008.wav,train
139,1b1,Lr,COPD,3,test,/Users/vs/Sem 5/Respiratory-Disease-Classification/data/processed/audio/cycles/139/1b1_Lr_001.wav,train
139,1b1,Lr,COPD,3,test,/Users/vs/Sem 5/Respiratory-Disease-Classification/data/processed/audio/cycles/139/1b1_Lr_002.wav,train
139,1b1,Lr,COPD,3,test,/Users/vs/Sem 5/Respiratory-Disease-Classification/data/processed/audio/cycles/139/1b1_Lr_003.wav,train
139,1b1,Lr,COPD,3,test,/Users/vs/Sem 5/Respiratory-Disease-Classification/data/processed/audio/cycles/139/1b1_Lr_004.wav,train
139,1b1,Lr,COPD,3,test,/Users/vs/Sem 5/Respiratory-Disease-Classification/data/processed/audio/cycles/139/1b1_Lr_005.wav,train
139,1b1,Lr,COPD,3,test,/Users/vs/Sem 5/Respiratory-Disease-Classification/data/processed/audio/cycles/139/1b1_Lr_006.wav,train
139,1b1,Pl,COPD,3,test,/Users/vs/Sem 5/Respiratory-Disease-Classification/data/processed/audio/cycles/139/1b1_Pl_001.wav,train
139,1b1,Pl,COPD,3,test,/Users/vs/Sem 5/Respiratory-Disease-Classification/data/processed/audio/cycles/139/1b1_Pl_002.wav,train
139,1b1,Pl,COPD,3,test,/Users/vs/Sem 5/Respiratory-Disease-Classification/data/processed/audio/cycles/139/1b1_Pl_003.wav,train
139,1b1,Pl,COPD,3,test,/Users/vs/Sem 5/Respiratory-Disease-Classification/data/processed/audio/cycles/139/1b1_Pl_004.wav,train
139,1b1,Pl,COPD,3,test,/Users/vs/Sem 5/Respiratory-Disease-Classification/data/processed/audio/cycles/139/1b1_Pl_005.wav,train
139,1b1,Pl,COPD,3,test,/Users/vs/Sem 5/Respiratory-Disease-Classification/data/processed/audio/cycles/139/1b1_Pl_006.wav,train
139,1b1,Pr,COPD,3,test,/Users/vs/Sem 5/Respiratory-Disease-Classification/data/processed/audio/cycles/139/1b1_Pr_001.wav,train
139,1b1,Pr,COPD,3,test,/Users/vs/Sem 5/Respiratory-Disease-Classification/data/processed/audio/cycles/139/1b1_Pr_002.wav,train
139,1b1,Pr,COPD,3,test,/Users/vs/Sem 5/Respiratory-Disease-Classification/data/processed/audio/cycles/139/1b1_Pr_003.wav,train
139,1b1,Pr,COPD,3,test,/Users/vs/Sem 5/Respiratory-Disease-Classification/data/processed/audio/cycles/139/1b1_Pr_004.wav,train
139,1b1,Pr,COPD,3,test,/Users/vs/Sem 5/Respiratory-Disease-Classification/data/processed/audio/cycles/139/1b1_Pr_005.wav,train
139,1b1,Pr,COPD,3,test,/Users/vs/Sem 5/Respiratory-Disease-Classification/data/processed/audio/cycles/139/1b1_Pr_006.wav,train
139,1b1,Pr,COPD,3,test,/Users/vs/Sem 5/Respiratory-Disease-Classification/data/processed/audio/cycles/139/1b1_Pr_007.wav,train
140,2b2,Ll,Pneumonia,6,train,/Users/vs/Sem 5/Respiratory-Disease-Classification/data/processed/audio/cycles/140/2b2_Ll_001.wav,train
140,2b2,Ll,Pneumonia,6,train,/Users/vs/Sem 5/Respiratory-Disease-Classification/data/processed/audio/cycles/140/2b2_Ll_002.wav,train
140,2b2,Ll,Pneumonia,6,train,/Users/vs/Sem 5/Respiratory-Disease-Classification/data/processed/audio/cycles/140/2b2_Ll_003.wav,train
140,2b2,Ll,Pneumonia,6,train,/Users/vs/Sem 5/Respiratory-Disease-Classification/data/processed/audio/cycles/140/2b2_Ll_004.wav,train
140,2b2,Ll,Pneumonia,6,train,/Users/vs/Sem 5/Respiratory-Disease-Classification/data/processed/audio/cycles/140/2b2_Ll_005.wav,train
140,2b2,Ll,Pneumonia,6,train,/Users/vs/Sem 5/Respiratory-Disease-Classification/data/processed/audio/cycles/140/2b2_Ll_006.wav,train
140,2b2,Ll,Pneumonia,6,train,/Users/vs/Sem 5/Respiratory-Disease-Classification/data/processed/audio/cycles/140/2b2_Ll_007.wav,train
140,2b2,Ll,Pneumonia,6,train,/Users/vs/Sem 5/Respiratory-Disease-Classification/data/processed/audio/cycles/140/2b2_Ll_008.wav,train
140,2b2,Ll,Pneumonia,6,train,/Users/vs/Sem 5/Respiratory-Disease-Classification/data/processed/audio/cycles/140/2b2_Ll_009.wav,train
140,2b2,Ll,Pneumonia,6,train,/Users/vs/Sem 5/Respiratory-Disease-Classification/data/processed/audio/cycles/140/2b2_Ll_010.wav,train
140,2b2,Ll,Pneumonia,6,train,/Users/vs/Sem 5/Respiratory-Disease-Classification/data/processed/audio/cycles/140/2b2_Ll_011.wav,train
140,2b2,Tc,Pneumonia,6,train,/Users/vs/Sem 5/Respiratory-Disease-Classification/data/processed/audio/cycles/140/2b2_Tc_001.wav,train
140,2b2,Tc,Pneumonia,6,train,/Users/vs/Sem 5/Respiratory-Disease-Classification/data/processed/audio/cycles/140/2b2_Tc_002.wav,train
140,2b2,Tc,Pneumonia,6,train,/Users/vs/Sem 5/Respiratory-Disease-Classification/data/processed/audio/cycles/140/2b2_Tc_003.wav,train
140,2b2,Tc,Pneumonia,6,train,/Users/vs/Sem 5/Respiratory-Disease-Classification/data/processed/audio/cycles/140/2b2_Tc_004.wav,train
140,2b2,Tc,Pneumonia,6,train,/Users/vs/Sem 5/Respiratory-Disease-Classification/data/processed/audio/cycles/140/2b2_Tc_005.wav,train
140,2b2,Tc,Pneumonia,6,train,/Users/vs/Sem 5/Respiratory-Disease-Classification/data/processed/audio/cycles/140/2b2_Tc_006.wav,train
140,2b2,Tc,Pneumonia,6,train,/Users/vs/Sem 5/Respiratory-Disease-Classification/data/processed/audio/cycles/140/2b2_Tc_007.wav,train
140,2b2,Tc,Pneumonia,6,train,/Users/vs/Sem 5/Respiratory-Disease-Classification/data/processed/audio/cycles/140/2b2_Tc_008.wav,train
140,2b2,Tc,Pneumonia,6,train,/Users/vs/Sem 5/Respiratory-Disease-Classification/data/processed/audio/cycles/140/2b2_Tc_009.wav,train
140,2b2,Tc,Pneumonia,6,train,/Users/vs/Sem 5/Respiratory-Disease-Classification/data/processed/audio/cycles/140/2b2_Tc_010.wav,train
140,2b3,Ll,Pneumonia,6,train,/Users/vs/Sem 5/Respiratory-Disease-Classification/data/processed/audio/cycles/140/2b3_Ll_001.wav,train
140,2b3,Ll,Pneumonia,6,train,/Users/vs/Sem 5/Respiratory-Disease-Classification/data/processed/audio/cycles/140/2b3_Ll_002.wav,train
140,2b3,Ll,Pneumonia,6,train,/Users/vs/Sem 5/Respiratory-Disease-Classification/data/processed/audio/cycles/140/2b3_Ll_003.wav,train
140,2b3,Ll,Pneumonia,6,train,/Users/vs/Sem 5/Respiratory-Disease-Classification/data/processed/audio/cycles/140/2b3_Ll_004.wav,train
140,2b3,Ll,Pneumonia,6,train,/Users/vs/Sem 5/Respiratory-Disease-Classification/data/processed/audio/cycles/140/2b3_Ll_005.wav,train
140,2b3,Ll,Pneumonia,6,train,/Users/vs/Sem 5/Respiratory-Disease-Classification/data/processed/audio/cycles/140/2b3_Ll_006.wav,train
140,2b3,Ll,Pneumonia,6,train,/Users/vs/Sem 5/Respiratory-Disease-Classification/data/processed/audio/cycles/140/2b3_Ll_007.wav,train
140,2b3,Ll,Pneumonia,6,train,/Users/vs/Sem 5/Respiratory-Disease-Classification/data/processed/audio/cycles/140/2b3_Ll_008.wav,train
140,2b3,Ll,Pneumonia,6,train,/Users/vs/Sem 5/Respiratory-Disease-Classification/data/processed/audio/cycles/140/2b3_Ll_009.wav,train
140,2b3,Tc,Pneumonia,6,train,/Users/vs/Sem 5/Respiratory-Disease-Classification/data/processed/audio/cycles/140/2b3_Tc_001.wav,train
140,2b3,Tc,Pneumonia,6,train,/Users/vs/Sem 5/Respiratory-Disease-Classification/data/processed/audio/cycles/140/2b3_Tc_002.wav,train
140,2b3,Tc,Pneumonia,6,train,/Users/vs/Sem 5/Respiratory-Disease-Classification/data/processed/audio/cycles/140/2b3_Tc_003.wav,train
140,2b3,Tc,Pneumonia,6,train,/Users/vs/Sem 5/Respiratory-Disease-Classification/data/processed/audio/cycles/140/2b3_Tc_004.wav,train
140,2b3,Tc,Pneumonia,6,train,/Users/vs/Sem 5/Respiratory-Disease-Classification/data/processed/audio/cycles/140/2b3_Tc_005.wav,train
140,2b3,Tc,Pneumonia,6,train,/Users/vs/Sem 5/Respiratory-Disease-Classification/data/processed/audio/cycles/140/2b3_Tc_006.wav,train
140,2b3,Tc,Pneumonia,6,train,/Users/vs/Sem 5/Respiratory-Disease-Classification/data/processed/audio/cycles/140/2b3_Tc_007.wav,train
140,2b3,Tc,Pneumonia,6,train,/Users/vs/Sem 5/Respiratory-Disease-Classification/data/processed/audio/cycles/140/2b3_Tc_008.wav,train
140,2b3,Tc,Pneumonia,6,train,/Users/vs/Sem 5/Respiratory-Disease-Classification/data/processed/audio/cycles/140/2b3_Tc_009.wav,train
140,2b3,Tc,Pneumonia,6,train,/Users/vs/Sem 5/Respiratory-Disease-Classification/data/processed/audio/cycles/140/2b3_Tc_010.wav,train
141,1b1,Pr,COPD,3,train,/Users/vs/Sem 5/Respiratory-Disease-Classification/data/processed/audio/cycles/141/1b1_Pr_001.wav,validation
141,1b1,Pr,COPD,3,train,/Users/vs/Sem 5/Respiratory-Disease-Classification/data/processed/audio/cycles/141/1b1_Pr_002.wav,validation
141,1b1,Pr,COPD,3,train,/Users/vs/Sem 5/Respiratory-Disease-Classification/data/processed/audio/cycles/141/1b1_Pr_003.wav,validation
141,1b1,Pr,COPD,3,train,/Users/vs/Sem 5/Respiratory-Disease-Classification/data/processed/audio/cycles/141/1b1_Pr_004.wav,validation
141,1b1,Pr,COPD,3,train,/Users/vs/Sem 5/Respiratory-Disease-Classification/data/processed/audio/cycles/141/1b1_Pr_005.wav,validation
141,1b2,Ar,COPD,3,train,/Users/vs/Sem 5/Respiratory-Disease-Classification/data/processed/audio/cycles/141/1b2_Ar_001.wav,validation
141,1b2,Ar,COPD,3,train,/Users/vs/Sem 5/Respiratory-Disease-Classification/data/processed/audio/cycles/141/1b2_Ar_002.wav,validation
141,1b2,Ar,COPD,3,train,/Users/vs/Sem 5/Respiratory-Disease-Classification/data/processed/audio/cycles/141/1b2_Ar_003.wav,validation
141,1b2,Ar,COPD,3,train,/Users/vs/Sem 5/Respiratory-Disease-Classification/data/processed/audio/cycles/141/1b2_Ar_004.wav,validation
141,1b2,Ar,COPD,3,train,/Users/vs/Sem 5/Respiratory-Disease-Classification/data/processed/audio/cycles/141/1b2_Ar_005.wav,validation
141,1b2,Ar,COPD,3,train,/Users/vs/Sem 5/Respiratory-Disease-Classification/data/processed/audio/cycles/141/1b2_Ar_006.wav,validation
141,1b2,Lr,COPD,3,train,/Users/vs/Sem 5/Respiratory-Disease-Classification/data/processed/audio/cycles/141/1b2_Lr_001.wav,validation
141,1b2,Lr,COPD,3,train,/Users/vs/Sem 5/Respiratory-Disease-Classification/data/processed/audio/cycles/141/1b2_Lr_002.wav,validation
141,1b2,Lr,COPD,3,train,/Users/vs/Sem 5/Respiratory-Disease-Classification/data/processed/audio/cycles/141/1b2_Lr_003.wav,validation
141,1b2,Lr,COPD,3,train,/Users/vs/Sem 5/Respiratory-Disease-Classification/data/processed/audio/cycles/141/1b2_Lr_004.wav,validation
141,1b2,Lr,COPD,3,train,/Users/vs/Sem 5/Respiratory-Disease-Classification/data/processed/audio/cycles/141/1b2_Lr_005.wav,validation
141,1b2,Pr,COPD,3,train,/Users/vs/Sem 5/Respiratory-Disease-Classification/data/processed/audio/cycles/141/1b2_Pr_001.wav,validation
141,1b2,Pr,COPD,3,train,/Users/vs/Sem 5/Respiratory-Disease-Classification/data/processed/audio/cycles/141/1b2_Pr_002.wav,validation
141,1b2,Pr,COPD,3,train,/Users/vs/Sem 5/Respiratory-Disease-Classification/data/processed/audio/cycles/141/1b2_Pr_003.wav,validation
141,1b2,Pr,COPD,3,train,/Users/vs/Sem 5/Respiratory-Disease-Classification/data/processed/audio/cycles/141/1b2_Pr_004.wav,validation
141,1b2,Pr,COPD,3,train,/Users/vs/Sem 5/Respiratory-Disease-Classification/data/processed/audio/cycles/141/1b2_Pr_005.wav,validation
141,1b2,Pr,COPD,3,train,/Users/vs/Sem 5/Respiratory-Disease-Classification/data/processed/audio/cycles/141/1b2_Pr_006.wav,validation
141,1b2,Tc,COPD,3,train,/Users/vs/Sem 5/Respiratory-Disease-Classification/data/processed/audio/cycles/141/1b2_Tc_001.wav,validation
141,1b2,Tc,COPD,3,train,/Users/vs/Sem 5/Respiratory-Disease-Classification/data/processed/audio/cycles/141/1b2_Tc_002.wav,validation
141,1b2,Tc,COPD,3,train,/Users/vs/Sem 5/Respiratory-Disease-Classification/data/processed/audio/cycles/141/1b2_Tc_003.wav,validation
141,1b2,Tc,COPD,3,train,/Users/vs/Sem 5/Respiratory-Disease-Classification/data/processed/audio/cycles/141/1b2_Tc_004.wav,validation
141,1b2,Tc,COPD,3,train,/Users/vs/Sem 5/Respiratory-Disease-Classification/data/processed/audio/cycles/141/1b2_Tc_005.wav,validation
141,1b3,Al,COPD,3,train,/Users/vs/Sem 5/Respiratory-Disease-Classification/data/processed/audio/cycles/141/1b3_Al_001.wav,validation
141,1b3,Al,COPD,3,train,/Users/vs/Sem 5/Respiratory-Disease-Classification/data/processed/audio/cycles/141/1b3_Al_002.wav,validation
141,1b3,Al,COPD,3,train,/Users/vs/Sem 5/Respiratory-Disease-Classification/data/processed/audio/cycles/141/1b3_Al_003.wav,validation
141,1b3,Al,COPD,3,train,/Users/vs/Sem 5/Respiratory-Disease-Classification/data/processed/audio/cycles/141/1b3_Al_004.wav,validation
141,1b3,Al,COPD,3,train,/Users/vs/Sem 5/Respiratory-Disease-Classification/data/processed/audio/cycles/141/1b3_Al_005.wav,validation
141,1b3,Ar,COPD,3,train,/Users/vs/Sem 5/Respiratory-Disease-Classification/data/processed/audio/cycles/141/1b3_Ar_001.wav,validation
141,1b3,Ar,COPD,3,train,/Users/vs/Sem 5/Respiratory-Disease-Classification/data/processed/audio/cycles/141/1b3_Ar_002.wav,validation
141,1b3,Ar,COPD,3,train,/Users/vs/Sem 5/Respiratory-Disease-Classification/data/processed/audio/cycles/141/1b3_Ar_003.wav,validation
141,1b3,Ar,COPD,3,train,/Users/vs/Sem 5/Respiratory-Disease-Classification/data/processed/audio/cycles/141/1b3_Ar_004.wav,validation
141,1b3,Ar,COPD,3,train,/Users/vs/Sem 5/Respiratory-Disease-Classification/data/processed/audio/cycles/141/1b3_Ar_005.wav,validation
141,1b3,Pr,COPD,3,train,/Users/vs/Sem 5/Respiratory-Disease-Classification/data/processed/audio/cycles/141/1b3_Pr_001.wav,validation
141,1b3,Pr,COPD,3,train,/Users/vs/Sem 5/Respiratory-Disease-Classification/data/processed/audio/cycles/141/1b3_Pr_002.wav,validation
141,1b3,Pr,COPD,3,train,/Users/vs/Sem 5/Respiratory-Disease-Classification/data/processed/audio/cycles/141/1b3_Pr_003.wav,validation
141,1b3,Pr,COPD,3,train,/Users/vs/Sem 5/Respiratory-Disease-Classification/data/processed/audio/cycles/141/1b3_Pr_004.wav,validation
141,1b3,Pr,COPD,3,train,/Users/vs/Sem 5/Respiratory-Disease-Classification/data/processed/audio/cycles/141/1b3_Pr_005.wav,validation
141,1b3,Pr,COPD,3,train,/Users/vs/Sem 5/Respiratory-Disease-Classification/data/processed/audio/cycles/141/1b3_Pr_006.wav,validation
142,1b1,Pl,COPD,3,train,/Users/vs/Sem 5/Respiratory-Disease-Classification/data/processed/audio/cycles/142/1b1_Pl_001.wav,train
142,1b1,Pl,COPD,3,train,/Users/vs/Sem 5/Respiratory-Disease-Classification/data/processed/audio/cycles/142/1b1_Pl_002.wav,train
142,1b1,Pl,COPD,3,train,/Users/vs/Sem 5/Respiratory-Disease-Classification/data/processed/audio/cycles/142/1b1_Pl_003.wav,train
142,1b1,Pl,COPD,3,train,/Users/vs/Sem 5/Respiratory-Disease-Classification/data/processed/audio/cycles/142/1b1_Pl_004.wav,train
142,1b1,Pl,COPD,3,train,/Users/vs/Sem 5/Respiratory-Disease-Classification/data/processed/audio/cycles/142/1b1_Pl_005.wav,train
142,1b1,Pl,COPD,3,train,/Users/vs/Sem 5/Respiratory-Disease-Classification/data/processed/audio/cycles/142/1b1_Pl_006.wav,train
142,1b1,Pl,COPD,3,train,/Users/vs/Sem 5/Respiratory-Disease-Classification/data/processed/audio/cycles/142/1b1_Pl_007.wav,train
142,1b1,Pl,COPD,3,train,/Users/vs/Sem 5/Respiratory-Disease-Classification/data/processed/audio/cycles/142/1b1_Pl_008.wav,train
142,1b1,Pl,COPD,3,train,/Users/vs/Sem 5/Respiratory-Disease-Classification/data/processed/audio/cycles/142/1b1_Pl_009.wav,train
143,1b1,Al,Healthy,4,test,/Users/vs/Sem 5/Respiratory-Disease-Classification/data/processed/audio/cycles/143/1b1_Al_001.wav,train
143,1b1,Al,Healthy,4,test,/Users/vs/Sem 5/Respiratory-Disease-Classification/data/processed/audio/cycles/143/1b1_Al_002.wav,train
143,1b1,Al,Healthy,4,test,/Users/vs/Sem 5/Respiratory-Disease-Classification/data/processed/audio/cycles/143/1b1_Al_003.wav,train
143,1b1,Al,Healthy,4,test,/Users/vs/Sem 5/Respiratory-Disease-Classification/data/processed/audio/cycles/143/1b1_Al_004.wav,train
143,1b1,Al,Healthy,4,test,/Users/vs/Sem 5/Respiratory-Disease-Classification/data/processed/audio/cycles/143/1b1_Al_005.wav,train
143,1b1,Al,Healthy,4,test,/Users/vs/Sem 5/Respiratory-Disease-Classification/data/processed/audio/cycles/143/1b1_Al_006.wav,train
143,1b1,Al,Healthy,4,test,/Users/vs/Sem 5/Respiratory-Disease-Classification/data/processed/audio/cycles/143/1b1_Al_007.wav,train
143,1b1,Al,Healthy,4,test,/Users/vs/Sem 5/Respiratory-Disease-Classification/data/processed/audio/cycles/143/1b1_Al_008.wav,train
143,1b1,Al,Healthy,4,test,/Users/vs/Sem 5/Respiratory-Disease-Classification/data/processed/audio/cycles/143/1b1_Al_009.wav,train
143,1b1,Al,Healthy,4,test,/Users/vs/Sem 5/Respiratory-Disease-Classification/data/processed/audio/cycles/143/1b1_Al_010.wav,train
143,1b1,Al,Healthy,4,test,/Users/vs/Sem 5/Respiratory-Disease-Classification/data/processed/audio/cycles/143/1b1_Al_011.wav,train
143,1b1,Al,Healthy,4,test,/Users/vs/Sem 5/Respiratory-Disease-Classification/data/processed/audio/cycles/143/1b1_Al_012.wav,train
143,1b1,Al,Healthy,4,test,/Users/vs/Sem 5/Respiratory-Disease-Classification/data/processed/audio/cycles/143/1b1_Al_013.wav,train
143,1b1,Al,Healthy,4,test,/Users/vs/Sem 5/Respiratory-Disease-Classification/data/processed/audio/cycles/143/1b1_Al_014.wav,train
143,1b1,Al,Healthy,4,test,/Users/vs/Sem 5/Respiratory-Disease-Classification/data/processed/audio/cycles/143/1b1_Al_015.wav,train
143,1b1,Al,Healthy,4,test,/Users/vs/Sem 5/Respiratory-Disease-Classification/data/processed/audio/cycles/143/1b1_Al_016.wav,train
143,1b1,Al,Healthy,4,test,/Users/vs/Sem 5/Respiratory-Disease-Classification/data/processed/audio/cycles/143/1b1_Al_017.wav,train
143,1b1,Al,Healthy,4,test,/Users/vs/Sem 5/Respiratory-Disease-Classification/data/processed/audio/cycles/143/1b1_Al_018.wav,train
144,1b1,Al,Healthy,4,test,/Users/vs/Sem 5/Respiratory-Disease-Classification/data/processed/audio/cycles/144/1b1_Al_001.wav,train
144,1b1,Al,Healthy,4,test,/Users/vs/Sem 5/Respiratory-Disease-Classification/data/processed/audio/cycles/144/1b1_Al_002.wav,train
144,1b1,Al,Healthy,4,test,/Users/vs/Sem 5/Respiratory-Disease-Classification/data/processed/audio/cycles/144/1b1_Al_003.wav,train
144,1b1,Al,Healthy,4,test,/Users/vs/Sem 5/Respiratory-Disease-Classification/data/processed/audio/cycles/144/1b1_Al_004.wav,train
144,1b1,Al,Healthy,4,test,/Users/vs/Sem 5/Respiratory-Disease-Classification/data/processed/audio/cycles/144/1b1_Al_005.wav,train
144,1b1,Al,Healthy,4,test,/Users/vs/Sem 5/Respiratory-Disease-Classification/data/processed/audio/cycles/144/1b1_Al_006.wav,train
144,1b1,Al,Healthy,4,test,/Users/vs/Sem 5/Respiratory-Disease-Classification/data/processed/audio/cycles/144/1b1_Al_007.wav,train
144,1b1,Al,Healthy,4,test,/Users/vs/Sem 5/Respiratory-Disease-Classification/data/processed/audio/cycles/144/1b1_Al_008.wav,train
144,1b1,Al,Healthy,4,test,/Users/vs/Sem 5/Respiratory-Disease-Classification/data/processed/audio/cycles/144/1b1_Al_009.wav,train
144,1b1,Al,Healthy,4,test,/Users/vs/Sem 5/Respiratory-Disease-Classification/data/processed/audio/cycles/144/1b1_Al_010.wav,train
144,1b1,Tc,Healthy,4,test,/Users/vs/Sem 5/Respiratory-Disease-Classification/data/processed/audio/cycles/144/1b1_Tc_001.wav,train
144,1b1,Tc,Healthy,4,test,/Users/vs/Sem 5/Respiratory-Disease-Classification/data/processed/audio/cycles/144/1b1_Tc_002.wav,train
144,1b1,Tc,Healthy,4,test,/Users/vs/Sem 5/Respiratory-Disease-Classification/data/processed/audio/cycles/144/1b1_Tc_003.wav,train
144,1b1,Tc,Healthy,4,test,/Users/vs/Sem 5/Respiratory-Disease-Classification/data/processed/audio/cycles/144/1b1_Tc_004.wav,train
144,1b1,Tc,Healthy,4,test,/Users/vs/Sem 5/Respiratory-Disease-Classification/data/processed/audio/cycles/144/1b1_Tc_005.wav,train
144,1b1,Tc,Healthy,4,test,/Users/vs/Sem 5/Respiratory-Disease-Classification/data/processed/audio/cycles/144/1b1_Tc_006.wav,train
144,1b1,Tc,Healthy,4,test,/Users/vs/Sem 5/Respiratory-Disease-Classification/data/processed/audio/cycles/144/1b1_Tc_007.wav,train
144,1b1,Tc,Healthy,4,test,/Users/vs/Sem 5/Respiratory-Disease-Classification/data/processed/audio/cycles/144/1b1_Tc_008.wav,train
144,1b1,Tc,Healthy,4,test,/Users/vs/Sem 5/Respiratory-Disease-Classification/data/processed/audio/cycles/144/1b1_Tc_009.wav,train
144,1b1,Tc,Healthy,4,test,/Users/vs/Sem 5/Respiratory-Disease-Classification/data/processed/audio/cycles/144/1b1_Tc_010.wav,train
145,2b2,Al,COPD,3,test,/Users/vs/Sem 5/Respiratory-Disease-Classification/data/processed/audio/cycles/145/2b2_Al_001.wav,test
145,2b2,Al,COPD,3,test,/Users/vs/Sem 5/Respiratory-Disease-Classification/data/processed/audio/cycles/145/2b2_Al_002.wav,test
145,2b2,Al,COPD,3,test,/Users/vs/Sem 5/Respiratory-Disease-Classification/data/processed/audio/cycles/145/2b2_Al_003.wav,test
145,2b2,Al,COPD,3,test,/Users/vs/Sem 5/Respiratory-Disease-Classification/data/processed/audio/cycles/145/2b2_Al_004.wav,test
145,2b2,Al,COPD,3,test,/Users/vs/Sem 5/Respiratory-Disease-Classification/data/processed/audio/cycles/145/2b2_Al_005.wav,test
145,2b2,Ar,COPD,3,test,/Users/vs/Sem 5/Respiratory-Disease-Classification/data/processed/audio/cycles/145/2b2_Ar_001.wav,test
145,2b2,Ar,COPD,3,test,/Users/vs/Sem 5/Respiratory-Disease-Classification/data/processed/audio/cycles/145/2b2_Ar_002.wav,test
145,2b2,Ar,COPD,3,test,/Users/vs/Sem 5/Respiratory-Disease-Classification/data/processed/audio/cycles/145/2b2_Ar_003.wav,test
145,2b2,Ar,COPD,3,test,/Users/vs/Sem 5/Respiratory-Disease-Classification/data/processed/audio/cycles/145/2b2_Ar_004.wav,test
145,2b2,Ar,COPD,3,test,/Users/vs/Sem 5/Respiratory-Disease-Classification/data/processed/audio/cycles/145/2b2_Ar_005.wav,test
145,2b2,Lr,COPD,3,test,/Users/vs/Sem 5/Respiratory-Disease-Classification/data/processed/audio/cycles/145/2b2_Lr_001.wav,test
145,2b2,Lr,COPD,3,test,/Users/vs/Sem 5/Respiratory-Disease-Classification/data/processed/audio/cycles/145/2b2_Lr_002.wav,test
145,2b2,Lr,COPD,3,test,/Users/vs/Sem 5/Respiratory-Disease-Classification/data/processed/audio/cycles/145/2b2_Lr_003.wav,test
145,2b2,Lr,COPD,3,test,/Users/vs/Sem 5/Respiratory-Disease-Classification/data/processed/audio/cycles/145/2b2_Lr_004.wav,test
145,2b2,Lr,COPD,3,test,/Users/vs/Sem 5/Respiratory-Disease-Classification/data/processed/audio/cycles/145/2b2_Lr_005.wav,test
145,2b2,Pr,COPD,3,test,/Users/vs/Sem 5/Respiratory-Disease-Classification/data/processed/audio/cycles/145/2b2_Pr_001.wav,test
145,2b2,Pr,COPD,3,test,/Users/vs/Sem 5/Respiratory-Disease-Classification/data/processed/audio/cycles/145/2b2_Pr_002.wav,test
145,2b2,Pr,COPD,3,test,/Users/vs/Sem 5/Respiratory-Disease-Classification/data/processed/audio/cycles/145/2b2_Pr_003.wav,test
145,2b2,Pr,COPD,3,test,/Users/vs/Sem 5/Respiratory-Disease-Classification/data/processed/audio/cycles/145/2b2_Pr_004.wav,test
145,2b2,Pr,COPD,3,test,/Users/vs/Sem 5/Respiratory-Disease-Classification/data/processed/audio/cycles/145/2b2_Pr_005.wav,test
145,3b2,Ar,COPD,3,test,/Users/vs/Sem 5/Respiratory-Disease-Classification/data/processed/audio/cycles/145/3b2_Ar_001.wav,test
145,3b2,Ar,COPD,3,test,/Users/vs/Sem 5/Respiratory-Disease-Classification/data/processed/audio/cycles/145/3b2_Ar_002.wav,test
145,3b2,Ar,COPD,3,test,/Users/vs/Sem 5/Respiratory-Disease-Classification/data/processed/audio/cycles/145/3b2_Ar_003.wav,test
145,3b2,Ar,COPD,3,test,/Users/vs/Sem 5/Respiratory-Disease-Classification/data/processed/audio/cycles/145/3b2_Ar_004.wav,test
145,3b2,Ar,COPD,3,test,/Users/vs/Sem 5/Respiratory-Disease-Classification/data/processed/audio/cycles/145/3b2_Ar_005.wav,test
145,3b2,Ar,COPD,3,test,/Users/vs/Sem 5/Respiratory-Disease-Classification/data/processed/audio/cycles/145/3b2_Ar_006.wav,test
145,3b2,Lr,COPD,3,test,/Users/vs/Sem 5/Respiratory-Disease-Classification/data/processed/audio/cycles/145/3b2_Lr_001.wav,test
145,3b2,Lr,COPD,3,test,/Users/vs/Sem 5/Respiratory-Disease-Classification/data/processed/audio/cycles/145/3b2_Lr_002.wav,test
145,3b2,Lr,COPD,3,test,/Users/vs/Sem 5/Respiratory-Disease-Classification/data/processed/audio/cycles/145/3b2_Lr_003.wav,test
145,3b2,Lr,COPD,3,test,/Users/vs/Sem 5/Respiratory-Disease-Classification/data/processed/audio/cycles/145/3b2_Lr_004.wav,test
145,3b2,Lr,COPD,3,test,/Users/vs/Sem 5/Respiratory-Disease-Classification/data/processed/audio/cycles/145/3b2_Lr_005.wav,test
145,3b2,Lr,COPD,3,test,/Users/vs/Sem 5/Respiratory-Disease-Classification/data/processed/audio/cycles/145/3b2_Lr_006.wav,test
145,3b4,Pl,COPD,3,test,/Users/vs/Sem 5/Respiratory-Disease-Classification/data/processed/audio/cycles/145/3b4_Pl_001.wav,test
145,3b4,Pl,COPD,3,test,/Users/vs/Sem 5/Respiratory-Disease-Classification/data/processed/audio/cycles/145/3b4_Pl_002.wav,test
145,3b4,Pl,COPD,3,test,/Users/vs/Sem 5/Respiratory-Disease-Classification/data/processed/audio/cycles/145/3b4_Pl_003.wav,test
145,3b4,Pl,COPD,3,test,/Users/vs/Sem 5/Respiratory-Disease-Classification/data/processed/audio/cycles/145/3b4_Pl_004.wav,test
145,3b4,Pl,COPD,3,test,/Users/vs/Sem 5/Respiratory-Disease-Classification/data/processed/audio/cycles/145/3b4_Pl_005.wav,test
146,2b2,Pl,COPD,3,test,/Users/vs/Sem 5/Respiratory-Disease-Classification/data/processed/audio/cycles/146/2b2_Pl_001.wav,train
146,2b2,Pl,COPD,3,test,/Users/vs/Sem 5/Respiratory-Disease-Classification/data/processed/audio/cycles/146/2b2_Pl_002.wav,train
146,2b2,Pl,COPD,3,test,/Users/vs/Sem 5/Respiratory-Disease-Classification/data/processed/audio/cycles/146/2b2_Pl_003.wav,train
146,2b2,Pl,COPD,3,test,/Users/vs/Sem 5/Respiratory-Disease-Classification/data/processed/audio/cycles/146/2b2_Pl_004.wav,train
146,2b2,Pl,COPD,3,test,/Users/vs/Sem 5/Respiratory-Disease-Classification/data/processed/audio/cycles/146/2b2_Pl_005.wav,train
146,2b4,Al,COPD,3,test,/Users/vs/Sem 5/Respiratory-Disease-Classification/data/processed/audio/cycles/146/2b4_Al_001.wav,train
146,2b4,Al,COPD,3,test,/Users/vs/Sem 5/Respiratory-Disease-Classification/data/processed/audio/cycles/146/2b4_Al_002.wav,train
146,2b4,Al,COPD,3,test,/Users/vs/Sem 5/Respiratory-Disease-Classification/data/processed/audio/cycles/146/2b4_Al_003.wav,train
146,2b4,Al,COPD,3,test,/Users/vs/Sem 5/Respiratory-Disease-Classification/data/processed/audio/cycles/146/2b4_Al_004.wav,train
146,2b4,Al,COPD,3,test,/Users/vs/Sem 5/Respiratory-Disease-Classification/data/processed/audio/cycles/146/2b4_Al_005.wav,train
146,2b4,Al,COPD,3,test,/Users/vs/Sem 5/Respiratory-Disease-Classification/data/processed/audio/cycles/146/2b4_Al_006.wav,train
146,2b4,Ar,COPD,3,test,/Users/vs/Sem 5/Respiratory-Disease-Classification/data/processed/audio/cycles/146/2b4_Ar_001.wav,train
146,2b4,Ar,COPD,3,test,/Users/vs/Sem 5/Respiratory-Disease-Classification/data/processed/audio/cycles/146/2b4_Ar_002.wav,train
146,2b4,Ar,COPD,3,test,/Users/vs/Sem 5/Respiratory-Disease-Classification/data/processed/audio/cycles/146/2b4_Ar_003.wav,train
146,2b4,Ar,COPD,3,test,/Users/vs/Sem 5/Respiratory-Disease-Classification/data/processed/audio/cycles/146/2b4_Ar_004.wav,train
146,2b4,Ar,COPD,3,test,/Users/vs/Sem 5/Respiratory-Disease-Classification/data/processed/audio/cycles/146/2b4_Ar_005.wav,train
146,2b4,Ar,COPD,3,test,/Users/vs/Sem 5/Respiratory-Disease-Classification/data/processed/audio/cycles/146/2b4_Ar_006.wav,train
146,2b4,Ll,COPD,3,test,/Users/vs/Sem 5/Respiratory-Disease-Classification/data/processed/audio/cycles/146/2b4_Ll_001.wav,train
146,2b4,Ll,COPD,3,test,/Users/vs/Sem 5/Respiratory-Disease-Classification/data/processed/audio/cycles/146/2b4_Ll_002.wav,train
146,2b4,Ll,COPD,3,test,/Users/vs/Sem 5/Respiratory-Disease-Classification/data/processed/audio/cycles/146/2b4_Ll_003.wav,train
146,2b4,Ll,COPD,3,test,/Users/vs/Sem 5/Respiratory-Disease-Classification/data/processed/audio/cycles/146/2b4_Ll_004.wav,train
146,2b4,Ll,COPD,3,test,/Users/vs/Sem 5/Respiratory-Disease-Classification/data/processed/audio/cycles/146/2b4_Ll_005.wav,train
146,2b4,Ll,COPD,3,test,/Users/vs/Sem 5/Respiratory-Disease-Classification/data/processed/audio/cycles/146/2b4_Ll_006.wav,train
146,2b4,Lr,COPD,3,test,/Users/vs/Sem 5/Respiratory-Disease-Classification/data/processed/audio/cycles/146/2b4_Lr_001.wav,train
146,2b4,Lr,COPD,3,test,/Users/vs/Sem 5/Respiratory-Disease-Classification/data/processed/audio/cycles/146/2b4_Lr_002.wav,train
146,2b4,Lr,COPD,3,test,/Users/vs/Sem 5/Respiratory-Disease-Classification/data/processed/audio/cycles/146/2b4_Lr_003.wav,train
146,2b4,Lr,COPD,3,test,/Users/vs/Sem 5/Respiratory-Disease-Classification/data/processed/audio/cycles/146/2b4_Lr_004.wav,train
146,2b4,Lr,COPD,3,test,/Users/vs/Sem 5/Respiratory-Disease-Classification/data/processed/audio/cycles/146/2b4_Lr_005.wav,train
146,2b4,Lr,COPD,3,test,/Users/vs/Sem 5/Respiratory-Disease-Classification/data/processed/audio/cycles/146/2b4_Lr_006.wav,train
146,2b4,Pr,COPD,3,test,/Users/vs/Sem 5/Respiratory-Disease-Classification/data/processed/audio/cycles/146/2b4_Pr_001.wav,train
146,2b4,Pr,COPD,3,test,/Users/vs/Sem 5/Respiratory-Disease-Classification/data/processed/audio/cycles/146/2b4_Pr_002.wav,train
146,2b4,Pr,COPD,3,test,/Users/vs/Sem 5/Respiratory-Disease-Classification/data/processed/audio/cycles/146/2b4_Pr_003.wav,train
146,2b4,Pr,COPD,3,test,/Users/vs/Sem 5/Respiratory-Disease-Classification/data/processed/audio/cycles/146/2b4_Pr_004.wav,train
146,2b4,Pr,COPD,3,test,/Users/vs/Sem 5/Respiratory-Disease-Classification/data/processed/audio/cycles/146/2b4_Pr_005.wav,train
146,2b4,Pr,COPD,3,test,/Users/vs/Sem 5/Respiratory-Disease-Classification/data/processed/audio/cycles/146/2b4_Pr_006.wav,train
146,8p3,Al,COPD,3,test,/Users/vs/Sem 5/Respiratory-Disease-Classification/data/processed/audio/cycles/146/8p3_Al_001.wav,train
146,8p3,Al,COPD,3,test,/Users/vs/Sem 5/Respiratory-Disease-Classification/data/processed/audio/cycles/146/8p3_Al_002.wav,train
146,8p3,Al,COPD,3,test,/Users/vs/Sem 5/Respiratory-Disease-Classification/data/processed/audio/cycles/146/8p3_Al_003.wav,train
146,8p3,Al,COPD,3,test,/Users/vs/Sem 5/Respiratory-Disease-Classification/data/processed/audio/cycles/146/8p3_Al_004.wav,train
146,8p3,Al,COPD,3,test,/Users/vs/Sem 5/Respiratory-Disease-Classification/data/processed/audio/cycles/146/8p3_Al_005.wav,train
146,8p3,Al,COPD,3,test,/Users/vs/Sem 5/Respiratory-Disease-Classification/data/processed/audio/cycles/146/8p3_Al_006.wav,train
146,8p3,Al,COPD,3,test,/Users/vs/Sem 5/Respiratory-Disease-Classification/data/processed/audio/cycles/146/8p3_Al_007.wav,train
146,8p3,Al,COPD,3,test,/Users/vs/Sem 5/Respiratory-Disease-Classification/data/processed/audio/cycles/146/8p3_Al_008.wav,train
146,8p3,Al,COPD,3,test,/Users/vs/Sem 5/Respiratory-Disease-Classification/data/processed/audio/cycles/146/8p3_Al_009.wav,train
146,8p3,Ar,COPD,3,test,/Users/vs/Sem 5/Respiratory-Disease-Classification/data/processed/audio/cycles/146/8p3_Ar_001.wav,train
146,8p3,Ar,COPD,3,test,/Users/vs/Sem 5/Respiratory-Disease-Classification/data/processed/audio/cycles/146/8p3_Ar_002.wav,train
146,8p3,Ar,COPD,3,test,/Users/vs/Sem 5/Respiratory-Disease-Classification/data/processed/audio/cycles/146/8p3_Ar_003.wav,train
146,8p3,Ar,COPD,3,test,/Users/vs/Sem 5/Respiratory-Disease-Classification/data/processed/audio/cycles/146/8p3_Ar_004.wav,train
146,8p3,Ar,COPD,3,test,/Users/vs/Sem 5/Respiratory-Disease-Classification/data/processed/audio/cycles/146/8p3_Ar_005.wav,train
146,8p3,Ar,COPD,3,test,/Users/vs/Sem 5/Respiratory-Disease-Classification/data/processed/audio/cycles/146/8p3_Ar_006.wav,train
146,8p3,Ar,COPD,3,test,/Users/vs/Sem 5/Respiratory-Disease-Classification/data/processed/audio/cycles/146/8p3_Ar_007.wav,train
146,8p3,Ar,COPD,3,test,/Users/vs/Sem 5/Respiratory-Disease-Classification/data/processed/audio/cycles/146/8p3_Ar_008.wav,train
146,8p3,Ar,COPD,3,test,/Users/vs/Sem 5/Respiratory-Disease-Classification/data/processed/audio/cycles/146/8p3_Ar_009.wav,train
146,8p3,Lr,COPD,3,test,/Users/vs/Sem 5/Respiratory-Disease-Classification/data/processed/audio/cycles/146/8p3_Lr_001.wav,train
146,8p3,Lr,COPD,3,test,/Users/vs/Sem 5/Respiratory-Disease-Classification/data/processed/audio/cycles/146/8p3_Lr_002.wav,train
146,8p3,Lr,COPD,3,test,/Users/vs/Sem 5/Respiratory-Disease-Classification/data/processed/audio/cycles/146/8p3_Lr_003.wav,train
146,8p3,Lr,COPD,3,test,/Users/vs/Sem 5/Respiratory-Disease-Classification/data/processed/audio/cycles/146/8p3_Lr_004.wav,train
146,8p3,Lr,COPD,3,test,/Users/vs/Sem 5/Respiratory-Disease-Classification/data/processed/audio/cycles/146/8p3_Lr_005.wav,train
146,8p3,Lr,COPD,3,test,/Users/vs/Sem 5/Respiratory-Disease-Classification/data/processed/audio/cycles/146/8p3_Lr_006.wav,train
146,8p3,Lr,COPD,3,test,/Users/vs/Sem 5/Respiratory-Disease-Classification/data/processed/audio/cycles/146/8p3_Lr_007.wav,train
146,8p3,Lr,COPD,3,test,/Users/vs/Sem 5/Respiratory-Disease-Classification/data/processed/audio/cycles/146/8p3_Lr_008.wav,train
146,8p3,Lr,COPD,3,test,/Users/vs/Sem 5/Respiratory-Disease-Classification/data/processed/audio/cycles/146/8p3_Lr_009.wav,train
146,8p3,Pl,COPD,3,test,/Users/vs/Sem 5/Respiratory-Disease-Classification/data/processed/audio/cycles/146/8p3_Pl_001.wav,train
146,8p3,Pl,COPD,3,test,/Users/vs/Sem 5/Respiratory-Disease-Classification/data/processed/audio/cycles/146/8p3_Pl_002.wav,train
146,8p3,Pl,COPD,3,test,/Users/vs/Sem 5/Respiratory-Disease-Classification/data/processed/audio/cycles/146/8p3_Pl_003.wav,train
146,8p3,Pl,COPD,3,test,/Users/vs/Sem 5/Respiratory-Disease-Classification/data/processed/audio/cycles/146/8p3_Pl_004.wav,train
146,8p3,Pl,COPD,3,test,/Users/vs/Sem 5/Respiratory-Disease-Classification/data/processed/audio/cycles/146/8p3_Pl_005.wav,train
146,8p3,Pl,COPD,3,test,/Users/vs/Sem 5/Respiratory-Disease-Classification/data/processed/audio/cycles/146/8p3_Pl_006.wav,train
146,8p3,Pl,COPD,3,test,/Users/vs/Sem 5/Respiratory-Disease-Classification/data/processed/audio/cycles/146/8p3_Pl_007.wav,train
146,8p3,Pl,COPD,3,test,/Users/vs/Sem 5/Respiratory-Disease-Classification/data/processed/audio/cycles/146/8p3_Pl_008.wav,train
146,8p3,Pl,COPD,3,test,/Users/vs/Sem 5/Respiratory-Disease-Classification/data/processed/audio/cycles/146/8p3_Pl_009.wav,train
146,8p3,Pr,COPD,3,test,/Users/vs/Sem 5/Respiratory-Disease-Classification/data/processed/audio/cycles/146/8p3_Pr_001.wav,train
146,8p3,Pr,COPD,3,test,/Users/vs/Sem 5/Respiratory-Disease-Classification/data/processed/audio/cycles/146/8p3_Pr_002.wav,train
146,8p3,Pr,COPD,3,test,/Users/vs/Sem 5/Respiratory-Disease-Classification/data/processed/audio/cycles/146/8p3_Pr_003.wav,train
146,8p3,Pr,COPD,3,test,/Users/vs/Sem 5/Respiratory-Disease-Classification/data/processed/audio/cycles/146/8p3_Pr_004.wav,train
146,8p3,Pr,COPD,3,test,/Users/vs/Sem 5/Respiratory-Disease-Classification/data/processed/audio/cycles/146/8p3_Pr_005.wav,train
146,8p3,Pr,COPD,3,test,/Users/vs/Sem 5/Respiratory-Disease-Classification/data/processed/audio/cycles/146/8p3_Pr_006.wav,train
146,8p3,Pr,COPD,3,test,/Users/vs/Sem 5/Respiratory-Disease-Classification/data/processed/audio/cycles/146/8p3_Pr_007.wav,train
146,8p3,Pr,COPD,3,test,/Users/vs/Sem 5/Respiratory-Disease-Classification/data/processed/audio/cycles/146/8p3_Pr_008.wav,train
146,8p3,Pr,COPD,3,test,/Users/vs/Sem 5/Respiratory-Disease-Classification/data/processed/audio/cycles/146/8p3_Pr_009.wav,train
147,1b2,Tc,COPD,3,test,/Users/vs/Sem 5/Respiratory-Disease-Classification/data/processed/audio/cycles/147/1b2_Tc_001.wav,test
147,1b2,Tc,COPD,3,test,/Users/vs/Sem 5/Respiratory-Disease-Classification/data/processed/audio/cycles/147/1b2_Tc_002.wav,test
147,1b2,Tc,COPD,3,test,/Users/vs/Sem 5/Respiratory-Disease-Classification/data/processed/audio/cycles/147/1b2_Tc_003.wav,test
147,1b2,Tc,COPD,3,test,/Users/vs/Sem 5/Respiratory-Disease-Classification/data/processed/audio/cycles/147/1b2_Tc_004.wav,test
147,1b2,Tc,COPD,3,test,/Users/vs/Sem 5/Respiratory-Disease-Classification/data/processed/audio/cycles/147/1b2_Tc_005.wav,test
147,1b2,Tc,COPD,3,test,/Users/vs/Sem 5/Respiratory-Disease-Classification/data/processed/audio/cycles/147/1b2_Tc_006.wav,test
147,1b2,Tc,COPD,3,test,/Users/vs/Sem 5/Respiratory-Disease-Classification/data/processed/audio/cycles/147/1b2_Tc_007.wav,test
147,1b2,Tc,COPD,3,test,/Users/vs/Sem 5/Respiratory-Disease-Classification/data/processed/audio/cycles/147/1b2_Tc_008.wav,test
147,1b2,Tc,COPD,3,test,/Users/vs/Sem 5/Respiratory-Disease-Classification/data/processed/audio/cycles/147/1b2_Tc_009.wav,test
147,1b2,Tc,COPD,3,test,/Users/vs/Sem 5/Respiratory-Disease-Classification/data/processed/audio/cycles/147/1b2_Tc_010.wav,test
147,1b2,Tc,COPD,3,test,/Users/vs/Sem 5/Respiratory-Disease-Classification/data/processed/audio/cycles/147/1b2_Tc_011.wav,test
147,1b2,Tc,COPD,3,test,/Users/vs/Sem 5/Respiratory-Disease-Classification/data/processed/audio/cycles/147/1b2_Tc_012.wav,test
147,1b3,Tc,COPD,3,test,/Users/vs/Sem 5/Respiratory-Disease-Classification/data/processed/audio/cycles/147/1b3_Tc_001.wav,test
147,1b3,Tc,COPD,3,test,/Users/vs/Sem 5/Respiratory-Disease-Classification/data/processed/audio/cycles/147/1b3_Tc_002.wav,test
147,1b3,Tc,COPD,3,test,/Users/vs/Sem 5/Respiratory-Disease-Classification/data/processed/audio/cycles/147/1b3_Tc_003.wav,test
147,1b3,Tc,COPD,3,test,/Users/vs/Sem 5/Respiratory-Disease-Classification/data/processed/audio/cycles/147/1b3_Tc_004.wav,test
147,1b3,Tc,COPD,3,test,/Users/vs/Sem 5/Respiratory-Disease-Classification/data/processed/audio/cycles/147/1b3_Tc_005.wav,test
147,1b3,Tc,COPD,3,test,/Users/vs/Sem 5/Respiratory-Disease-Classification/data/processed/audio/cycles/147/1b3_Tc_006.wav,test
147,1b3,Tc,COPD,3,test,/Users/vs/Sem 5/Respiratory-Disease-Classification/data/processed/audio/cycles/147/1b3_Tc_007.wav,test
147,1b3,Tc,COPD,3,test,/Users/vs/Sem 5/Respiratory-Disease-Classification/data/processed/audio/cycles/147/1b3_Tc_008.wav,test
147,1b3,Tc,COPD,3,test,/Users/vs/Sem 5/Respiratory-Disease-Classification/data/processed/audio/cycles/147/1b3_Tc_009.wav,test
147,1b3,Tc,COPD,3,test,/Users/vs/Sem 5/Respiratory-Disease-Classification/data/processed/audio/cycles/147/1b3_Tc_010.wav,test
147,1b3,Tc,COPD,3,test,/Users/vs/Sem 5/Respiratory-Disease-Classification/data/processed/audio/cycles/147/1b3_Tc_011.wav,test
147,1b4,Tc,COPD,3,test,/Users/vs/Sem 5/Respiratory-Disease-Classification/data/processed/audio/cycles/147/1b4_Tc_001.wav,test
147,1b4,Tc,COPD,3,test,/Users/vs/Sem 5/Respiratory-Disease-Classification/data/processed/audio/cycles/147/1b4_Tc_002.wav,test
147,1b4,Tc,COPD,3,test,/Users/vs/Sem 5/Respiratory-Disease-Classification/data/processed/audio/cycles/147/1b4_Tc_003.wav,test
147,1b4,Tc,COPD,3,test,/Users/vs/Sem 5/Respiratory-Disease-Classification/data/processed/audio/cycles/147/1b4_Tc_004.wav,test
147,1b4,Tc,COPD,3,test,/Users/vs/Sem 5/Respiratory-Disease-Classification/data/processed/audio/cycles/147/1b4_Tc_005.wav,test
147,1b4,Tc,COPD,3,test,/Users/vs/Sem 5/Respiratory-Disease-Classification/data/processed/audio/cycles/147/1b4_Tc_006.wav,test
147,1b4,Tc,COPD,3,test,/Users/vs/Sem 5/Respiratory-Disease-Classification/data/processed/audio/cycles/147/1b4_Tc_007.wav,test
147,1b4,Tc,COPD,3,test,/Users/vs/Sem 5/Respiratory-Disease-Classification/data/processed/audio/cycles/147/1b4_Tc_008.wav,test
147,1b4,Tc,COPD,3,test,/Users/vs/Sem 5/Respiratory-Disease-Classification/data/processed/audio/cycles/147/1b4_Tc_009.wav,test
147,1b4,Tc,COPD,3,test,/Users/vs/Sem 5/Respiratory-Disease-Classification/data/processed/audio/cycles/147/1b4_Tc_010.wav,test
147,1b4,Tc,COPD,3,test,/Users/vs/Sem 5/Respiratory-Disease-Classification/data/processed/audio/cycles/147/1b4_Tc_011.wav,test
147,1b4,Tc,COPD,3,test,/Users/vs/Sem 5/Respiratory-Disease-Classification/data/processed/audio/cycles/147/1b4_Tc_012.wav,test
147,1b4,Tc,COPD,3,test,/Users/vs/Sem 5/Respiratory-Disease-Classification/data/processed/audio/cycles/147/1b4_Tc_013.wav,test
147,1b4,Tc,COPD,3,test,/Users/vs/Sem 5/Respiratory-Disease-Classification/data/processed/audio/cycles/147/1b4_Tc_014.wav,test
147,1b4,Tc,COPD,3,test,/Users/vs/Sem 5/Respiratory-Disease-Classification/data/processed/audio/cycles/147/1b4_Tc_015.wav,test
147,2b2,Al,COPD,3,test,/Users/vs/Sem 5/Respiratory-Disease-Classification/data/processed/audio/cycles/147/2b2_Al_001.wav,test
147,2b2,Al,COPD,3,test,/Users/vs/Sem 5/Respiratory-Disease-Classification/data/processed/audio/cycles/147/2b2_Al_002.wav,test
147,2b2,Al,COPD,3,test,/Users/vs/Sem 5/Respiratory-Disease-Classification/data/processed/audio/cycles/147/2b2_Al_003.wav,test
147,2b2,Al,COPD,3,test,/Users/vs/Sem 5/Respiratory-Disease-Classification/data/processed/audio/cycles/147/2b2_Al_004.wav,test
147,2b2,Al,COPD,3,test,/Users/vs/Sem 5/Respiratory-Disease-Classification/data/processed/audio/cycles/147/2b2_Al_005.wav,test
147,2b2,Ar,COPD,3,test,/Users/vs/Sem 5/Respiratory-Disease-Classification/data/processed/audio/cycles/147/2b2_Ar_001.wav,test
147,2b2,Ar,COPD,3,test,/Users/vs/Sem 5/Respiratory-Disease-Classification/data/processed/audio/cycles/147/2b2_Ar_002.wav,test
147,2b2,Ar,COPD,3,test,/Users/vs/Sem 5/Respiratory-Disease-Classification/data/processed/audio/cycles/147/2b2_Ar_003.wav,test
147,2b2,Ar,COPD,3,test,/Users/vs/Sem 5/Respiratory-Disease-Classification/data/processed/audio/cycles/147/2b2_Ar_004.wav,test
147,2b2,Ar,COPD,3,test,/Users/vs/Sem 5/Respiratory-Disease-Classification/data/processed/audio/cycles/147/2b2_Ar_005.wav,test
147,2b2,Pl,COPD,3,test,/Users/vs/Sem 5/Respiratory-Disease-Classification/data/processed/audio/cycles/147/2b2_Pl_001.wav,test
147,2b2,Pl,COPD,3,test,/Users/vs/Sem 5/Respiratory-Disease-Classification/data/processed/audio/cycles/147/2b2_Pl_002.wav,test
147,2b2,Pl,COPD,3,test,/Users/vs/Sem 5/Respiratory-Disease-Classification/data/processed/audio/cycles/147/2b2_Pl_003.wav,test
147,2b2,Pl,COPD,3,test,/Users/vs/Sem 5/Respiratory-Disease-Classification/data/processed/audio/cycles/147/2b2_Pl_004.wav,test
147,2b2,Pl,COPD,3,test,/Users/vs/Sem 5/Respiratory-Disease-Classification/data/processed/audio/cycles/147/2b2_Pl_005.wav,test
147,2b3,Al,COPD,3,test,/Users/vs/Sem 5/Respiratory-Disease-Classification/data/processed/audio/cycles/147/2b3_Al_001.wav,test
147,2b3,Al,COPD,3,test,/Users/vs/Sem 5/Respiratory-Disease-Classification/data/processed/audio/cycles/147/2b3_Al_002.wav,test
147,2b3,Al,COPD,3,test,/Users/vs/Sem 5/Respiratory-Disease-Classification/data/processed/audio/cycles/147/2b3_Al_003.wav,test
147,2b3,Al,COPD,3,test,/Users/vs/Sem 5/Respiratory-Disease-Classification/data/processed/audio/cycles/147/2b3_Al_004.wav,test
147,2b3,Al,COPD,3,test,/Users/vs/Sem 5/Respiratory-Disease-Classification/data/processed/audio/cycles/147/2b3_Al_005.wav,test
147,2b3,Ar,COPD,3,test,/Users/vs/Sem 5/Respiratory-Disease-Classification/data/processed/audio/cycles/147/2b3_Ar_001.wav,test
147,2b3,Ar,COPD,3,test,/Users/vs/Sem 5/Respiratory-Disease-Classification/data/processed/audio/cycles/147/2b3_Ar_002.wav,test
147,2b3,Ar,COPD,3,test,/Users/vs/Sem 5/Respiratory-Disease-Classification/data/processed/audio/cycles/147/2b3_Ar_003.wav,test
147,2b3,Ar,COPD,3,test,/Users/vs/Sem 5/Respiratory-Disease-Classification/data/processed/audio/cycles/147/2b3_Ar_004.wav,test
147,2b3,Ar,COPD,3,test,/Users/vs/Sem 5/Respiratory-Disease-Classification/data/processed/audio/cycles/147/2b3_Ar_005.wav,test
147,2b3,Ll,COPD,3,test,/Users/vs/Sem 5/Respiratory-Disease-Classification/data/processed/audio/cycles/147/2b3_Ll_001.wav,test
147,2b3,Ll,COPD,3,test,/Users/vs/Sem 5/Respiratory-Disease-Classification/data/processed/audio/cycles/147/2b3_Ll_002.wav,test
147,2b3,Ll,COPD,3,test,/Users/vs/Sem 5/Respiratory-Disease-Classification/data/processed/audio/cycles/147/2b3_Ll_003.wav,test
147,2b3,Ll,COPD,3,test,/Users/vs/Sem 5/Respiratory-Disease-Classification/data/processed/audio/cycles/147/2b3_Ll_004.wav,test
147,2b3,Ll,COPD,3,test,/Users/vs/Sem 5/Respiratory-Disease-Classification/data/processed/audio/cycles/147/2b3_Ll_005.wav,test
147,2b3,Lr,COPD,3,test,/Users/vs/Sem 5/Respiratory-Disease-Classification/data/processed/audio/cycles/147/2b3_Lr_001.wav,test
147,2b3,Lr,COPD,3,test,/Users/vs/Sem 5/Respiratory-Disease-Classification/data/processed/audio/cycles/147/2b3_Lr_002.wav,test
147,2b3,Lr,COPD,3,test,/Users/vs/Sem 5/Respiratory-Disease-Classification/data/processed/audio/cycles/147/2b3_Lr_003.wav,test
147,2b3,Lr,COPD,3,test,/Users/vs/Sem 5/Respiratory-Disease-Classification/data/processed/audio/cycles/147/2b3_Lr_004.wav,test
147,2b3,Lr,COPD,3,test,/Users/vs/Sem 5/Respiratory-Disease-Classification/data/processed/audio/cycles/147/2b3_Lr_005.wav,test
147,2b3,Pl,COPD,3,test,/Users/vs/Sem 5/Respiratory-Disease-Classification/data/processed/audio/cycles/147/2b3_Pl_001.wav,test
147,2b3,Pl,COPD,3,test,/Users/vs/Sem 5/Respiratory-Disease-Classification/data/processed/audio/cycles/147/2b3_Pl_002.wav,test
147,2b3,Pl,COPD,3,test,/Users/vs/Sem 5/Respiratory-Disease-Classification/data/processed/audio/cycles/147/2b3_Pl_003.wav,test
147,2b3,Pl,COPD,3,test,/Users/vs/Sem 5/Respiratory-Disease-Classification/data/processed/audio/cycles/147/2b3_Pl_004.wav,test
147,2b3,Pl,COPD,3,test,/Users/vs/Sem 5/Respiratory-Disease-Classification/data/processed/audio/cycles/147/2b3_Pl_005.wav,test
147,2b4,Al,COPD,3,test,/Users/vs/Sem 5/Respiratory-Disease-Classification/data/processed/audio/cycles/147/2b4_Al_001.wav,test
147,2b4,Al,COPD,3,test,/Users/vs/Sem 5/Respiratory-Disease-Classification/data/processed/audio/cycles/147/2b4_Al_002.wav,test
147,2b4,Al,COPD,3,test,/Users/vs/Sem 5/Respiratory-Disease-Classification/data/processed/audio/cycles/147/2b4_Al_003.wav,test
147,2b4,Al,COPD,3,test,/Users/vs/Sem 5/Respiratory-Disease-Classification/data/processed/audio/cycles/147/2b4_Al_004.wav,test
147,2b4,Al,COPD,3,test,/Users/vs/Sem 5/Respiratory-Disease-Classification/data/processed/audio/cycles/147/2b4_Al_005.wav,test
147,2b4,Ar,COPD,3,test,/Users/vs/Sem 5/Respiratory-Disease-Classification/data/processed/audio/cycles/147/2b4_Ar_001.wav,test
147,2b4,Ar,COPD,3,test,/Users/vs/Sem 5/Respiratory-Disease-Classification/data/processed/audio/cycles/147/2b4_Ar_002.wav,test
147,2b4,Ar,COPD,3,test,/Users/vs/Sem 5/Respiratory-Disease-Classification/data/processed/audio/cycles/147/2b4_Ar_003.wav,test
147,2b4,Ar,COPD,3,test,/Users/vs/Sem 5/Respiratory-Disease-Classification/data/processed/audio/cycles/147/2b4_Ar_004.wav,test
147,2b4,Ar,COPD,3,test,/Users/vs/Sem 5/Respiratory-Disease-Classification/data/processed/audio/cycles/147/2b4_Ar_005.wav,test
147,2b4,Ll,COPD,3,test,/Users/vs/Sem 5/Respiratory-Disease-Classification/data/processed/audio/cycles/147/2b4_Ll_001.wav,test
147,2b4,Ll,COPD,3,test,/Users/vs/Sem 5/Respiratory-Disease-Classification/data/processed/audio/cycles/147/2b4_Ll_002.wav,test
147,2b4,Ll,COPD,3,test,/Users/vs/Sem 5/Respiratory-Disease-Classification/data/processed/audio/cycles/147/2b4_Ll_003.wav,test
147,2b4,Ll,COPD,3,test,/Users/vs/Sem 5/Respiratory-Disease-Classification/data/processed/audio/cycles/147/2b4_Ll_004.wav,test
147,2b4,Ll,COPD,3,test,/Users/vs/Sem 5/Respiratory-Disease-Classification/data/processed/audio/cycles/147/2b4_Ll_005.wav,test
147,2b4,Lr,COPD,3,test,/Users/vs/Sem 5/Respiratory-Disease-Classification/data/processed/audio/cycles/147/2b4_Lr_001.wav,test
147,2b4,Lr,COPD,3,test,/Users/vs/Sem 5/Respiratory-Disease-Classification/data/processed/audio/cycles/147/2b4_Lr_002.wav,test
147,2b4,Lr,COPD,3,test,/Users/vs/Sem 5/Respiratory-Disease-Classification/data/processed/audio/cycles/147/2b4_Lr_003.wav,test
147,2b4,Lr,COPD,3,test,/Users/vs/Sem 5/Respiratory-Disease-Classification/data/processed/audio/cycles/147/2b4_Lr_004.wav,test
147,2b4,Lr,COPD,3,test,/Users/vs/Sem 5/Respiratory-Disease-Classification/data/processed/audio/cycles/147/2b4_Lr_005.wav,test
147,2b4,Pl,COPD,3,test,/Users/vs/Sem 5/Respiratory-Disease-Classification/data/processed/audio/cycles/147/2b4_Pl_001.wav,test
147,2b4,Pl,COPD,3,test,/Users/vs/Sem 5/Respiratory-Disease-Classification/data/processed/audio/cycles/147/2b4_Pl_002.wav,test
147,2b4,Pl,COPD,3,test,/Users/vs/Sem 5/Respiratory-Disease-Classification/data/processed/audio/cycles/147/2b4_Pl_003.wav,test
147,2b4,Pl,COPD,3,test,/Users/vs/Sem 5/Respiratory-Disease-Classification/data/processed/audio/cycles/147/2b4_Pl_004.wav,test
147,2b4,Pl,COPD,3,test,/Users/vs/Sem 5/Respiratory-Disease-Classification/data/processed/audio/cycles/147/2b4_Pl_005.wav,test
148,1b1,Al,URTI,7,train,/Users/vs/Sem 5/Respiratory-Disease-Classification/data/processed/audio/cycles/148/1b1_Al_001.wav,train
148,1b1,Al,URTI,7,train,/Users/vs/Sem 5/Respiratory-Disease-Classification/data/processed/audio/cycles/148/1b1_Al_002.wav,train
148,1b1,Al,URTI,7,train,/Users/vs/Sem 5/Respiratory-Disease-Classification/data/processed/audio/cycles/148/1b1_Al_003.wav,train
148,1b1,Al,URTI,7,train,/Users/vs/Sem 5/Respiratory-Disease-Classification/data/processed/audio/cycles/148/1b1_Al_004.wav,train
148,1b1,Al,URTI,7,train,/Users/vs/Sem 5/Respiratory-Disease-Classification/data/processed/audio/cycles/148/1b1_Al_005.wav,train
148,1b1,Al,URTI,7,train,/Users/vs/Sem 5/Respiratory-Disease-Classification/data/processed/audio/cycles/148/1b1_Al_006.wav,train
148,1b1,Al,URTI,7,train,/Users/vs/Sem 5/Respiratory-Disease-Classification/data/processed/audio/cycles/148/1b1_Al_007.wav,train
148,1b1,Al,URTI,7,train,/Users/vs/Sem 5/Respiratory-Disease-Classification/data/processed/audio/cycles/148/1b1_Al_008.wav,train
148,1b1,Al,URTI,7,train,/Users/vs/Sem 5/Respiratory-Disease-Classification/data/processed/audio/cycles/148/1b1_Al_009.wav,train
148,1b1,Al,URTI,7,train,/Users/vs/Sem 5/Respiratory-Disease-Classification/data/processed/audio/cycles/148/1b1_Al_010.wav,train
148,1b1,Al,URTI,7,train,/Users/vs/Sem 5/Respiratory-Disease-Classification/data/processed/audio/cycles/148/1b1_Al_011.wav,train
149,1b1,Al,Bronchiolitis,2,test,/Users/vs/Sem 5/Respiratory-Disease-Classification/data/processed/audio/cycles/149/1b1_Al_001.wav,train
149,1b1,Al,Bronchiolitis,2,test,/Users/vs/Sem 5/Respiratory-Disease-Classification/data/processed/audio/cycles/149/1b1_Al_002.wav,train
149,1b1,Al,Bronchiolitis,2,test,/Users/vs/Sem 5/Respiratory-Disease-Classification/data/processed/audio/cycles/149/1b1_Al_003.wav,train
149,1b1,Al,Bronchiolitis,2,test,/Users/vs/Sem 5/Respiratory-Disease-Classification/data/processed/audio/cycles/149/1b1_Al_004.wav,train
149,1b1,Al,Bronchiolitis,2,test,/Users/vs/Sem 5/Respiratory-Disease-Classification/data/processed/audio/cycles/149/1b1_Al_005.wav,train
149,1b1,Al,Bronchiolitis,2,test,/Users/vs/Sem 5/Respiratory-Disease-Classification/data/processed/audio/cycles/149/1b1_Al_006.wav,train
149,1b1,Al,Bronchiolitis,2,test,/Users/vs/Sem 5/Respiratory-Disease-Classification/data/processed/audio/cycles/149/1b1_Al_007.wav,train
149,1b1,Al,Bronchiolitis,2,test,/Users/vs/Sem 5/Respiratory-Disease-Classification/data/processed/audio/cycles/149/1b1_Al_008.wav,train
149,1b1,Al,Bronchiolitis,2,test,/Users/vs/Sem 5/Respiratory-Disease-Classification/data/processed/audio/cycles/149/1b1_Al_009.wav,train
149,1b1,Al,Bronchiolitis,2,test,/Users/vs/Sem 5/Respiratory-Disease-Classification/data/processed/audio/cycles/149/1b1_Al_010.wav,train
149,1b1,Al,Bronchiolitis,2,test,/Users/vs/Sem 5/Respiratory-Disease-Classification/data/processed/audio/cycles/149/1b1_Al_011.wav,train
149,1b1,Al,Bronchiolitis,2,test,/Users/vs/Sem 5/Respiratory-Disease-Classification/data/processed/audio/cycles/149/1b1_Al_012.wav,train
149,1b1,Al,Bronchiolitis,2,test,/Users/vs/Sem 5/Respiratory-Disease-Classification/data/processed/audio/cycles/149/1b1_Al_013.wav,train
149,1b1,Al,Bronchiolitis,2,test,/Users/vs/Sem 5/Respiratory-Disease-Classification/data/processed/audio/cycles/149/1b1_Al_014.wav,train
149,1b1,Al,Bronchiolitis,2,test,/Users/vs/Sem 5/Respiratory-Disease-Classification/data/processed/audio/cycles/149/1b1_Al_015.wav,train
149,1b1,Al,Bronchiolitis,2,test,/Users/vs/Sem 5/Respiratory-Disease-Classification/data/processed/audio/cycles/149/1b1_Al_016.wav,train
149,1b1,Al,Bronchiolitis,2,test,/Users/vs/Sem 5/Respiratory-Disease-Classification/data/processed/audio/cycles/149/1b1_Al_017.wav,train
149,1b1,Al,Bronchiolitis,2,test,/Users/vs/Sem 5/Respiratory-Disease-Classification/data/processed/audio/cycles/149/1b1_Al_018.wav,train
149,1b1,Lr,Bronchiolitis,2,test,/Users/vs/Sem 5/Respiratory-Disease-Classification/data/processed/audio/cycles/149/1b1_Lr_001.wav,train
149,1b1,Lr,Bronchiolitis,2,test,/Users/vs/Sem 5/Respiratory-Disease-Classification/data/processed/audio/cycles/149/1b1_Lr_002.wav,train
149,1b1,Lr,Bronchiolitis,2,test,/Users/vs/Sem 5/Respiratory-Disease-Classification/data/processed/audio/cycles/149/1b1_Lr_003.wav,train
149,1b1,Lr,Bronchiolitis,2,test,/Users/vs/Sem 5/Respiratory-Disease-Classification/data/processed/audio/cycles/149/1b1_Lr_004.wav,train
149,1b1,Lr,Bronchiolitis,2,test,/Users/vs/Sem 5/Respiratory-Disease-Classification/data/processed/audio/cycles/149/1b1_Lr_005.wav,train
149,1b1,Lr,Bronchiolitis,2,test,/Users/vs/Sem 5/Respiratory-Disease-Classification/data/processed/audio/cycles/149/1b1_Lr_006.wav,train
149,1b1,Lr,Bronchiolitis,2,test,/Users/vs/Sem 5/Respiratory-Disease-Classification/data/processed/audio/cycles/149/1b1_Lr_007.wav,train
149,1b1,Lr,Bronchiolitis,2,test,/Users/vs/Sem 5/Respiratory-Disease-Classification/data/processed/audio/cycles/149/1b1_Lr_008.wav,train
149,1b1,Lr,Bronchiolitis,2,test,/Users/vs/Sem 5/Respiratory-Disease-Classification/data/processed/audio/cycles/149/1b1_Lr_009.wav,train
149,1b1,Lr,Bronchiolitis,2,test,/Users/vs/Sem 5/Respiratory-Disease-Classification/data/processed/audio/cycles/149/1b1_Lr_010.wav,train
149,1b1,Lr,Bronchiolitis,2,test,/Users/vs/Sem 5/Respiratory-Disease-Classification/data/processed/audio/cycles/149/1b1_Lr_011.wav,train
149,1b1,Lr,Bronchiolitis,2,test,/Users/vs/Sem 5/Respiratory-Disease-Classification/data/processed/audio/cycles/149/1b1_Lr_012.wav,train
149,1b1,Lr,Bronchiolitis,2,test,/Users/vs/Sem 5/Respiratory-Disease-Classification/data/processed/audio/cycles/149/1b1_Lr_013.wav,train
149,1b1,Lr,Bronchiolitis,2,test,/Users/vs/Sem 5/Respiratory-Disease-Classification/data/processed/audio/cycles/149/1b1_Lr_014.wav,train
149,1b1,Lr,Bronchiolitis,2,test,/Users/vs/Sem 5/Respiratory-Disease-Classification/data/processed/audio/cycles/149/1b1_Lr_015.wav,train
149,1b1,Lr,Bronchiolitis,2,test,/Users/vs/Sem 5/Respiratory-Disease-Classification/data/processed/audio/cycles/149/1b1_Lr_016.wav,train
149,1b1,Pl,Bronchiolitis,2,test,/Users/vs/Sem 5/Respiratory-Disease-Classification/data/processed/audio/cycles/149/1b1_Pl_001.wav,train
149,1b1,Pl,Bronchiolitis,2,test,/Users/vs/Sem 5/Respiratory-Disease-Classification/data/processed/audio/cycles/149/1b1_Pl_002.wav,train
149,1b1,Pl,Bronchiolitis,2,test,/Users/vs/Sem 5/Respiratory-Disease-Classification/data/processed/audio/cycles/149/1b1_Pl_003.wav,train
149,1b1,Pl,Bronchiolitis,2,test,/Users/vs/Sem 5/Respiratory-Disease-Classification/data/processed/audio/cycles/149/1b1_Pl_004.wav,train
149,1b1,Pl,Bronchiolitis,2,test,/Users/vs/Sem 5/Respiratory-Disease-Classification/data/processed/audio/cycles/149/1b1_Pl_005.wav,train
149,1b1,Pl,Bronchiolitis,2,test,/Users/vs/Sem 5/Respiratory-Disease-Classification/data/processed/audio/cycles/149/1b1_Pl_006.wav,train
149,1b1,Pl,Bronchiolitis,2,test,/Users/vs/Sem 5/Respiratory-Disease-Classification/data/processed/audio/cycles/149/1b1_Pl_007.wav,train
149,1b1,Pl,Bronchiolitis,2,test,/Users/vs/Sem 5/Respiratory-Disease-Classification/data/processed/audio/cycles/149/1b1_Pl_008.wav,train
149,1b1,Pl,Bronchiolitis,2,test,/Users/vs/Sem 5/Respiratory-Disease-Classification/data/processed/audio/cycles/149/1b1_Pl_009.wav,train
149,1b1,Pl,Bronchiolitis,2,test,/Users/vs/Sem 5/Respiratory-Disease-Classification/data/processed/audio/cycles/149/1b1_Pl_010.wav,train
149,1b1,Pl,Bronchiolitis,2,test,/Users/vs/Sem 5/Respiratory-Disease-Classification/data/processed/audio/cycles/149/1b1_Pl_011.wav,train
149,1b1,Pl,Bronchiolitis,2,test,/Users/vs/Sem 5/Respiratory-Disease-Classification/data/processed/audio/cycles/149/1b1_Pl_012.wav,train
149,1b1,Pl,Bronchiolitis,2,test,/Users/vs/Sem 5/Respiratory-Disease-Classification/data/processed/audio/cycles/149/1b1_Pl_013.wav,train
149,1b1,Pl,Bronchiolitis,2,test,/Users/vs/Sem 5/Respiratory-Disease-Classification/data/processed/audio/cycles/149/1b1_Pl_014.wav,train
149,1b1,Pl,Bronchiolitis,2,test,/Users/vs/Sem 5/Respiratory-Disease-Classification/data/processed/audio/cycles/149/1b1_Pl_015.wav,train
149,1b1,Pl,Bronchiolitis,2,test,/Users/vs/Sem 5/Respiratory-Disease-Classification/data/processed/audio/cycles/149/1b1_Pl_016.wav,train
149,1b1,Pl,Bronchiolitis,2,test,/Users/vs/Sem 5/Respiratory-Disease-Classification/data/processed/audio/cycles/149/1b1_Pl_017.wav,train
150,1b2,Al,URTI,7,test,/Users/vs/Sem 5/Respiratory-Disease-Classification/data/processed/audio/cycles/150/1b2_Al_001.wav,test
150,1b2,Al,URTI,7,test,/Users/vs/Sem 5/Respiratory-Disease-Classification/data/processed/audio/cycles/150/1b2_Al_002.wav,test
150,1b2,Al,URTI,7,test,/Users/vs/Sem 5/Respiratory-Disease-Classification/data/processed/audio/cycles/150/1b2_Al_003.wav,test
150,1b2,Al,URTI,7,test,/Users/vs/Sem 5/Respiratory-Disease-Classification/data/processed/audio/cycles/150/1b2_Al_004.wav,test
150,1b2,Al,URTI,7,test,/Users/vs/Sem 5/Respiratory-Disease-Classification/data/processed/audio/cycles/150/1b2_Al_005.wav,test
150,1b2,Al,URTI,7,test,/Users/vs/Sem 5/Respiratory-Disease-Classification/data/processed/audio/cycles/150/1b2_Al_006.wav,test
150,1b2,Al,URTI,7,test,/Users/vs/Sem 5/Respiratory-Disease-Classification/data/processed/audio/cycles/150/1b2_Al_007.wav,test
150,1b2,Al,URTI,7,test,/Users/vs/Sem 5/Respiratory-Disease-Classification/data/processed/audio/cycles/150/1b2_Al_008.wav,test
150,1b2,Al,URTI,7,test,/Users/vs/Sem 5/Respiratory-Disease-Classification/data/processed/audio/cycles/150/1b2_Al_009.wav,test
150,1b2,Al,URTI,7,test,/Users/vs/Sem 5/Respiratory-Disease-Classification/data/processed/audio/cycles/150/1b2_Al_010.wav,test
150,1b2,Al,URTI,7,test,/Users/vs/Sem 5/Respiratory-Disease-Classification/data/processed/audio/cycles/150/1b2_Al_011.wav,test
150,1b2,Al,URTI,7,test,/Users/vs/Sem 5/Respiratory-Disease-Classification/data/processed/audio/cycles/150/1b2_Al_012.wav,test
150,1b2,Al,URTI,7,test,/Users/vs/Sem 5/Respiratory-Disease-Classification/data/processed/audio/cycles/150/1b2_Al_013.wav,test
150,1b2,Al,URTI,7,test,/Users/vs/Sem 5/Respiratory-Disease-Classification/data/processed/audio/cycles/150/1b2_Al_014.wav,test
150,1b2,Al,URTI,7,test,/Users/vs/Sem 5/Respiratory-Disease-Classification/data/processed/audio/cycles/150/1b2_Al_015.wav,test
150,1b2,Al,URTI,7,test,/Users/vs/Sem 5/Respiratory-Disease-Classification/data/processed/audio/cycles/150/1b2_Al_016.wav,test
150,1b2,Al,URTI,7,test,/Users/vs/Sem 5/Respiratory-Disease-Classification/data/processed/audio/cycles/150/1b2_Al_017.wav,test
151,2p2,Al,COPD,3,test,/Users/vs/Sem 5/Respiratory-Disease-Classification/data/processed/audio/cycles/151/2p2_Al_001.wav,train
151,2p2,Al,COPD,3,test,/Users/vs/Sem 5/Respiratory-Disease-Classification/data/processed/audio/cycles/151/2p2_Al_002.wav,train
151,2p2,Al,COPD,3,test,/Users/vs/Sem 5/Respiratory-Disease-Classification/data/processed/audio/cycles/151/2p2_Al_003.wav,train
151,2p2,Al,COPD,3,test,/Users/vs/Sem 5/Respiratory-Disease-Classification/data/processed/audio/cycles/151/2p2_Al_004.wav,train
151,2p2,Al,COPD,3,test,/Users/vs/Sem 5/Respiratory-Disease-Classification/data/processed/audio/cycles/151/2p2_Al_005.wav,train
151,2p2,Al,COPD,3,test,/Users/vs/Sem 5/Respiratory-Disease-Classification/data/processed/audio/cycles/151/2p2_Al_006.wav,train
151,2p2,Ar,COPD,3,test,/Users/vs/Sem 5/Respiratory-Disease-Classification/data/processed/audio/cycles/151/2p2_Ar_001.wav,train
151,2p2,Ar,COPD,3,test,/Users/vs/Sem 5/Respiratory-Disease-Classification/data/processed/audio/cycles/151/2p2_Ar_002.wav,train
151,2p2,Ar,COPD,3,test,/Users/vs/Sem 5/Respiratory-Disease-Classification/data/processed/audio/cycles/151/2p2_Ar_003.wav,train
151,2p2,Ar,COPD,3,test,/Users/vs/Sem 5/Respiratory-Disease-Classification/data/processed/audio/cycles/151/2p2_Ar_004.wav,train
151,2p2,Ar,COPD,3,test,/Users/vs/Sem 5/Respiratory-Disease-Classification/data/processed/audio/cycles/151/2p2_Ar_005.wav,train
151,2p2,Ar,COPD,3,test,/Users/vs/Sem 5/Respiratory-Disease-Classification/data/processed/audio/cycles/151/2p2_Ar_006.wav,train
151,2p2,Ll,COPD,3,test,/Users/vs/Sem 5/Respiratory-Disease-Classification/data/processed/audio/cycles/151/2p2_Ll_001.wav,train
151,2p2,Ll,COPD,3,test,/Users/vs/Sem 5/Respiratory-Disease-Classification/data/processed/audio/cycles/151/2p2_Ll_002.wav,train
151,2p2,Ll,COPD,3,test,/Users/vs/Sem 5/Respiratory-Disease-Classification/data/processed/audio/cycles/151/2p2_Ll_003.wav,train
151,2p2,Ll,COPD,3,test,/Users/vs/Sem 5/Respiratory-Disease-Classification/data/processed/audio/cycles/151/2p2_Ll_004.wav,train
151,2p2,Ll,COPD,3,test,/Users/vs/Sem 5/Respiratory-Disease-Classification/data/processed/audio/cycles/151/2p2_Ll_005.wav,train
151,2p2,Ll,COPD,3,test,/Users/vs/Sem 5/Respiratory-Disease-Classification/data/processed/audio/cycles/151/2p2_Ll_006.wav,train
151,2p2,Lr,COPD,3,test,/Users/vs/Sem 5/Respiratory-Disease-Classification/data/processed/audio/cycles/151/2p2_Lr_001.wav,train
151,2p2,Lr,COPD,3,test,/Users/vs/Sem 5/Respiratory-Disease-Classification/data/processed/audio/cycles/151/2p2_Lr_002.wav,train
151,2p2,Lr,COPD,3,test,/Users/vs/Sem 5/Respiratory-Disease-Classification/data/processed/audio/cycles/151/2p2_Lr_003.wav,train
151,2p2,Lr,COPD,3,test,/Users/vs/Sem 5/Respiratory-Disease-Classification/data/processed/audio/cycles/151/2p2_Lr_004.wav,train
151,2p2,Lr,COPD,3,test,/Users/vs/Sem 5/Respiratory-Disease-Classification/data/processed/audio/cycles/151/2p2_Lr_005.wav,train
151,2p2,Lr,COPD,3,test,/Users/vs/Sem 5/Respiratory-Disease-Classification/data/processed/audio/cycles/151/2p2_Lr_006.wav,train
151,2p2,Pl,COPD,3,test,/Users/vs/Sem 5/Respiratory-Disease-Classification/data/processed/audio/cycles/151/2p2_Pl_001.wav,train
151,2p2,Pl,COPD,3,test,/Users/vs/Sem 5/Respiratory-Disease-Classification/data/processed/audio/cycles/151/2p2_Pl_002.wav,train
151,2p2,Pl,COPD,3,test,/Users/vs/Sem 5/Respiratory-Disease-Classification/data/processed/audio/cycles/151/2p2_Pl_003.wav,train
151,2p2,Pl,COPD,3,test,/Users/vs/Sem 5/Respiratory-Disease-Classification/data/processed/audio/cycles/151/2p2_Pl_004.wav,train
151,2p2,Pl,COPD,3,test,/Users/vs/Sem 5/Respiratory-Disease-Classification/data/processed/audio/cycles/151/2p2_Pl_005.wav,train
151,2p2,Pl,COPD,3,test,/Users/vs/Sem 5/Respiratory-Disease-Classification/data/processed/audio/cycles/151/2p2_Pl_006.wav,train
151,2p2,Pr,COPD,3,test,/Users/vs/Sem 5/Respiratory-Disease-Classification/data/processed/audio/cycles/151/2p2_Pr_001.wav,train
151,2p2,Pr,COPD,3,test,/Users/vs/Sem 5/Respiratory-Disease-Classification/data/processed/audio/cycles/151/2p2_Pr_002.wav,train
151,2p2,Pr,COPD,3,test,/Users/vs/Sem 5/Respiratory-Disease-Classification/data/processed/audio/cycles/151/2p2_Pr_003.wav,train
151,2p2,Pr,COPD,3,test,/Users/vs/Sem 5/Respiratory-Disease-Classification/data/processed/audio/cycles/151/2p2_Pr_004.wav,train
151,2p2,Pr,COPD,3,test,/Users/vs/Sem 5/Respiratory-Disease-Classification/data/processed/audio/cycles/151/2p2_Pr_005.wav,train
151,2p2,Pr,COPD,3,test,/Users/vs/Sem 5/Respiratory-Disease-Classification/data/processed/audio/cycles/151/2p2_Pr_006.wav,train
151,2p2,Tc,COPD,3,test,/Users/vs/Sem 5/Respiratory-Disease-Classification/data/processed/audio/cycles/151/2p2_Tc_001.wav,train
151,2p2,Tc,COPD,3,test,/Users/vs/Sem 5/Respiratory-Disease-Classification/data/processed/audio/cycles/151/2p2_Tc_002.wav,train
151,2p2,Tc,COPD,3,test,/Users/vs/Sem 5/Respiratory-Disease-Classification/data/processed/audio/cycles/151/2p2_Tc_003.wav,train
151,2p2,Tc,COPD,3,test,/Users/vs/Sem 5/Respiratory-Disease-Classification/data/processed/audio/cycles/151/2p2_Tc_004.wav,train
151,2p2,Tc,COPD,3,test,/Users/vs/Sem 5/Respiratory-Disease-Classification/data/processed/audio/cycles/151/2p2_Tc_005.wav,train
151,2p2,Tc,COPD,3,test,/Users/vs/Sem 5/Respiratory-Disease-Classification/data/processed/audio/cycles/151/2p2_Tc_006.wav,train
151,2p3,Al,COPD,3,test,/Users/vs/Sem 5/Respiratory-Disease-Classification/data/processed/audio/cycles/151/2p3_Al_001.wav,train
151,2p3,Al,COPD,3,test,/Users/vs/Sem 5/Respiratory-Disease-Classification/data/processed/audio/cycles/151/2p3_Al_002.wav,train
151,2p3,Al,COPD,3,test,/Users/vs/Sem 5/Respiratory-Disease-Classification/data/processed/audio/cycles/151/2p3_Al_003.wav,train
151,2p3,Al,COPD,3,test,/Users/vs/Sem 5/Respiratory-Disease-Classification/data/processed/audio/cycles/151/2p3_Al_004.wav,train
151,2p3,Al,COPD,3,test,/Users/vs/Sem 5/Respiratory-Disease-Classification/data/processed/audio/cycles/151/2p3_Al_005.wav,train
151,2p3,Al,COPD,3,test,/Users/vs/Sem 5/Respiratory-Disease-Classification/data/processed/audio/cycles/151/2p3_Al_006.wav,train
151,2p3,Ar,COPD,3,test,/Users/vs/Sem 5/Respiratory-Disease-Classification/data/processed/audio/cycles/151/2p3_Ar_001.wav,train
151,2p3,Ar,COPD,3,test,/Users/vs/Sem 5/Respiratory-Disease-Classification/data/processed/audio/cycles/151/2p3_Ar_002.wav,train
151,2p3,Ar,COPD,3,test,/Users/vs/Sem 5/Respiratory-Disease-Classification/data/processed/audio/cycles/151/2p3_Ar_003.wav,train
151,2p3,Ar,COPD,3,test,/Users/vs/Sem 5/Respiratory-Disease-Classification/data/processed/audio/cycles/151/2p3_Ar_004.wav,train
151,2p3,Ar,COPD,3,test,/Users/vs/Sem 5/Respiratory-Disease-Classification/data/processed/audio/cycles/151/2p3_Ar_005.wav,train
151,2p3,Ar,COPD,3,test,/Users/vs/Sem 5/Respiratory-Disease-Classification/data/processed/audio/cycles/151/2p3_Ar_006.wav,train
151,2p3,Ll,COPD,3,test,/Users/vs/Sem 5/Respiratory-Disease-Classification/data/processed/audio/cycles/151/2p3_Ll_001.wav,train
151,2p3,Ll,COPD,3,test,/Users/vs/Sem 5/Respiratory-Disease-Classification/data/processed/audio/cycles/151/2p3_Ll_002.wav,train
151,2p3,Ll,COPD,3,test,/Users/vs/Sem 5/Respiratory-Disease-Classification/data/processed/audio/cycles/151/2p3_Ll_003.wav,train
151,2p3,Ll,COPD,3,test,/Users/vs/Sem 5/Respiratory-Disease-Classification/data/processed/audio/cycles/151/2p3_Ll_004.wav,train
151,2p3,Ll,COPD,3,test,/Users/vs/Sem 5/Respiratory-Disease-Classification/data/processed/audio/cycles/151/2p3_Ll_005.wav,train
151,2p3,Ll,COPD,3,test,/Users/vs/Sem 5/Respiratory-Disease-Classification/data/processed/audio/cycles/151/2p3_Ll_006.wav,train
151,2p3,Lr,COPD,3,test,/Users/vs/Sem 5/Respiratory-Disease-Classification/data/processed/audio/cycles/151/2p3_Lr_001.wav,train
151,2p3,Lr,COPD,3,test,/Users/vs/Sem 5/Respiratory-Disease-Classification/data/processed/audio/cycles/151/2p3_Lr_002.wav,train
151,2p3,Lr,COPD,3,test,/Users/vs/Sem 5/Respiratory-Disease-Classification/data/processed/audio/cycles/151/2p3_Lr_003.wav,train
151,2p3,Lr,COPD,3,test,/Users/vs/Sem 5/Respiratory-Disease-Classification/data/processed/audio/cycles/151/2p3_Lr_004.wav,train
151,2p3,Lr,COPD,3,test,/Users/vs/Sem 5/Respiratory-Disease-Classification/data/processed/audio/cycles/151/2p3_Lr_005.wav,train
151,2p3,Lr,COPD,3,test,/Users/vs/Sem 5/Respiratory-Disease-Classification/data/processed/audio/cycles/151/2p3_Lr_006.wav,train
151,2p3,Pl,COPD,3,test,/Users/vs/Sem 5/Respiratory-Disease-Classification/data/processed/audio/cycles/151/2p3_Pl_001.wav,train
151,2p3,Pl,COPD,3,test,/Users/vs/Sem 5/Respiratory-Disease-Classification/data/processed/audio/cycles/151/2p3_Pl_002.wav,train
151,2p3,Pl,COPD,3,test,/Users/vs/Sem 5/Respiratory-Disease-Classification/data/processed/audio/cycles/151/2p3_Pl_003.wav,train
151,2p3,Pl,COPD,3,test,/Users/vs/Sem 5/Respiratory-Disease-Classification/data/processed/audio/cycles/151/2p3_Pl_004.wav,train
151,2p3,Pl,COPD,3,test,/Users/vs/Sem 5/Respiratory-Disease-Classification/data/processed/audio/cycles/151/2p3_Pl_005.wav,train
151,2p3,Pl,COPD,3,test,/Users/vs/Sem 5/Respiratory-Disease-Classification/data/processed/audio/cycles/151/2p3_Pl_006.wav,train
151,2p3,Pr,COPD,3,test,/Users/vs/Sem 5/Respiratory-Disease-Classification/data/processed/audio/cycles/151/2p3_Pr_001.wav,train
151,2p3,Pr,COPD,3,test,/Users/vs/Sem 5/Respiratory-Disease-Classification/data/processed/audio/cycles/151/2p3_Pr_002.wav,train
151,2p3,Pr,COPD,3,test,/Users/vs/Sem 5/Respiratory-Disease-Classification/data/processed/audio/cycles/151/2p3_Pr_003.wav,train
151,2p3,Pr,COPD,3,test,/Users/vs/Sem 5/Respiratory-Disease-Classification/data/processed/audio/cycles/151/2p3_Pr_004.wav,train
151,2p3,Pr,COPD,3,test,/Users/vs/Sem 5/Respiratory-Disease-Classification/data/processed/audio/cycles/151/2p3_Pr_005.wav,train
151,2p3,Pr,COPD,3,test,/Users/vs/Sem 5/Respiratory-Disease-Classification/data/processed/audio/cycles/151/2p3_Pr_006.wav,train
151,2p3,Tc,COPD,3,test,/Users/vs/Sem 5/Respiratory-Disease-Classification/data/processed/audio/cycles/151/2p3_Tc_001.wav,train
151,2p3,Tc,COPD,3,test,/Users/vs/Sem 5/Respiratory-Disease-Classification/data/processed/audio/cycles/151/2p3_Tc_002.wav,train
151,2p3,Tc,COPD,3,test,/Users/vs/Sem 5/Respiratory-Disease-Classification/data/processed/audio/cycles/151/2p3_Tc_003.wav,train
151,2p3,Tc,COPD,3,test,/Users/vs/Sem 5/Respiratory-Disease-Classification/data/processed/audio/cycles/151/2p3_Tc_004.wav,train
151,2p3,Tc,COPD,3,test,/Users/vs/Sem 5/Respiratory-Disease-Classification/data/processed/audio/cycles/151/2p3_Tc_005.wav,train
151,2p3,Tc,COPD,3,test,/Users/vs/Sem 5/Respiratory-Disease-Classification/data/processed/audio/cycles/151/2p3_Tc_006.wav,train
151,2p4,Al,COPD,3,test,/Users/vs/Sem 5/Respiratory-Disease-Classification/data/processed/audio/cycles/151/2p4_Al_001.wav,train
151,2p4,Al,COPD,3,test,/Users/vs/Sem 5/Respiratory-Disease-Classification/data/processed/audio/cycles/151/2p4_Al_002.wav,train
151,2p4,Al,COPD,3,test,/Users/vs/Sem 5/Respiratory-Disease-Classification/data/processed/audio/cycles/151/2p4_Al_003.wav,train
151,2p4,Al,COPD,3,test,/Users/vs/Sem 5/Respiratory-Disease-Classification/data/processed/audio/cycles/151/2p4_Al_004.wav,train
151,2p4,Al,COPD,3,test,/Users/vs/Sem 5/Respiratory-Disease-Classification/data/processed/audio/cycles/151/2p4_Al_005.wav,train
151,2p4,Al,COPD,3,test,/Users/vs/Sem 5/Respiratory-Disease-Classification/data/processed/audio/cycles/151/2p4_Al_006.wav,train
151,2p4,Ar,COPD,3,test,/Users/vs/Sem 5/Respiratory-Disease-Classification/data/processed/audio/cycles/151/2p4_Ar_001.wav,train
151,2p4,Ar,COPD,3,test,/Users/vs/Sem 5/Respiratory-Disease-Classification/data/processed/audio/cycles/151/2p4_Ar_002.wav,train
151,2p4,Ar,COPD,3,test,/Users/vs/Sem 5/Respiratory-Disease-Classification/data/processed/audio/cycles/151/2p4_Ar_003.wav,train
151,2p4,Ar,COPD,3,test,/Users/vs/Sem 5/Respiratory-Disease-Classification/data/processed/audio/cycles/151/2p4_Ar_004.wav,train
151,2p4,Ar,COPD,3,test,/Users/vs/Sem 5/Respiratory-Disease-Classification/data/processed/audio/cycles/151/2p4_Ar_005.wav,train
151,2p4,Ar,COPD,3,test,/Users/vs/Sem 5/Respiratory-Disease-Classification/data/processed/audio/cycles/151/2p4_Ar_006.wav,train
151,2p4,Ll,COPD,3,test,/Users/vs/Sem 5/Respiratory-Disease-Classification/data/processed/audio/cycles/151/2p4_Ll_001.wav,train
151,2p4,Ll,COPD,3,test,/Users/vs/Sem 5/Respiratory-Disease-Classification/data/processed/audio/cycles/151/2p4_Ll_002.wav,train
151,2p4,Ll,COPD,3,test,/Users/vs/Sem 5/Respiratory-Disease-Classification/data/processed/audio/cycles/151/2p4_Ll_003.wav,train
151,2p4,Ll,COPD,3,test,/Users/vs/Sem 5/Respiratory-Disease-Classification/data/processed/audio/cycles/151/2p4_Ll_004.wav,train
151,2p4,Ll,COPD,3,test,/Users/vs/Sem 5/Respiratory-Disease-Classification/data/processed/audio/cycles/151/2p4_Ll_005.wav,train
151,2p4,Ll,COPD,3,test,/Users/vs/Sem 5/Respiratory-Disease-Classification/data/processed/audio/cycles/151/2p4_Ll_006.wav,train
151,2p4,Lr,COPD,3,test,/Users/vs/Sem 5/Respiratory-Disease-Classification/data/processed/audio/cycles/151/2p4_Lr_001.wav,train
151,2p4,Lr,COPD,3,test,/Users/vs/Sem 5/Respiratory-Disease-Classification/data/processed/audio/cycles/151/2p4_Lr_002.wav,train
151,2p4,Lr,COPD,3,test,/Users/vs/Sem 5/Respiratory-Disease-Classification/data/processed/audio/cycles/151/2p4_Lr_003.wav,train
151,2p4,Lr,COPD,3,test,/Users/vs/Sem 5/Respiratory-Disease-Classification/data/processed/audio/cycles/151/2p4_Lr_004.wav,train
151,2p4,Lr,COPD,3,test,/Users/vs/Sem 5/Respiratory-Disease-Classification/data/processed/audio/cycles/151/2p4_Lr_005.wav,train
151,2p4,Lr,COPD,3,test,/Users/vs/Sem 5/Respiratory-Disease-Classification/data/processed/audio/cycles/151/2p4_Lr_006.wav,train
151,2p4,Pl,COPD,3,test,/Users/vs/Sem 5/Respiratory-Disease-Classification/data/processed/audio/cycles/151/2p4_Pl_001.wav,train
151,2p4,Pl,COPD,3,test,/Users/vs/Sem 5/Respiratory-Disease-Classification/data/processed/audio/cycles/151/2p4_Pl_002.wav,train
151,2p4,Pl,COPD,3,test,/Users/vs/Sem 5/Respiratory-Disease-Classification/data/processed/audio/cycles/151/2p4_Pl_003.wav,train
151,2p4,Pl,COPD,3,test,/Users/vs/Sem 5/Respiratory-Disease-Classification/data/processed/audio/cycles/151/2p4_Pl_004.wav,train
151,2p4,Pl,COPD,3,test,/Users/vs/Sem 5/Respiratory-Disease-Classification/data/processed/audio/cycles/151/2p4_Pl_005.wav,train
151,2p4,Pl,COPD,3,test,/Users/vs/Sem 5/Respiratory-Disease-Classification/data/processed/audio/cycles/151/2p4_Pl_006.wav,train
151,2p4,Pr,COPD,3,test,/Users/vs/Sem 5/Respiratory-Disease-Classification/data/processed/audio/cycles/151/2p4_Pr_001.wav,train
151,2p4,Pr,COPD,3,test,/Users/vs/Sem 5/Respiratory-Disease-Classification/data/processed/audio/cycles/151/2p4_Pr_002.wav,train
151,2p4,Pr,COPD,3,test,/Users/vs/Sem 5/Respiratory-Disease-Classification/data/processed/audio/cycles/151/2p4_Pr_003.wav,train
151,2p4,Pr,COPD,3,test,/Users/vs/Sem 5/Respiratory-Disease-Classification/data/processed/audio/cycles/151/2p4_Pr_004.wav,train
151,2p4,Pr,COPD,3,test,/Users/vs/Sem 5/Respiratory-Disease-Classification/data/processed/audio/cycles/151/2p4_Pr_005.wav,train
151,2p4,Pr,COPD,3,test,/Users/vs/Sem 5/Respiratory-Disease-Classification/data/processed/audio/cycles/151/2p4_Pr_006.wav,train
151,2p4,Tc,COPD,3,test,/Users/vs/Sem 5/Respiratory-Disease-Classification/data/processed/audio/cycles/151/2p4_Tc_001.wav,train
151,2p4,Tc,COPD,3,test,/Users/vs/Sem 5/Respiratory-Disease-Classification/data/processed/audio/cycles/151/2p4_Tc_002.wav,train
151,2p4,Tc,COPD,3,test,/Users/vs/Sem 5/Respiratory-Disease-Classification/data/processed/audio/cycles/151/2p4_Tc_003.wav,train
151,2p4,Tc,COPD,3,test,/Users/vs/Sem 5/Respiratory-Disease-Classification/data/processed/audio/cycles/151/2p4_Tc_004.wav,train
151,2p4,Tc,COPD,3,test,/Users/vs/Sem 5/Respiratory-Disease-Classification/data/processed/audio/cycles/151/2p4_Tc_005.wav,train
151,2p4,Tc,COPD,3,test,/Users/vs/Sem 5/Respiratory-Disease-Classification/data/processed/audio/cycles/151/2p4_Tc_006.wav,train
151,3p2,Al,COPD,3,test,/Users/vs/Sem 5/Respiratory-Disease-Classification/data/processed/audio/cycles/151/3p2_Al_001.wav,train
151,3p2,Al,COPD,3,test,/Users/vs/Sem 5/Respiratory-Disease-Classification/data/processed/audio/cycles/151/3p2_Al_002.wav,train
151,3p2,Al,COPD,3,test,/Users/vs/Sem 5/Respiratory-Disease-Classification/data/processed/audio/cycles/151/3p2_Al_003.wav,train
151,3p2,Al,COPD,3,test,/Users/vs/Sem 5/Respiratory-Disease-Classification/data/processed/audio/cycles/151/3p2_Al_004.wav,train
151,3p2,Al,COPD,3,test,/Users/vs/Sem 5/Respiratory-Disease-Classification/data/processed/audio/cycles/151/3p2_Al_005.wav,train
151,3p2,Al,COPD,3,test,/Users/vs/Sem 5/Respiratory-Disease-Classification/data/processed/audio/cycles/151/3p2_Al_006.wav,train
151,3p2,Ar,COPD,3,test,/Users/vs/Sem 5/Respiratory-Disease-Classification/data/processed/audio/cycles/151/3p2_Ar_001.wav,train
151,3p2,Ar,COPD,3,test,/Users/vs/Sem 5/Respiratory-Disease-Classification/data/processed/audio/cycles/151/3p2_Ar_002.wav,train
151,3p2,Ar,COPD,3,test,/Users/vs/Sem 5/Respiratory-Disease-Classification/data/processed/audio/cycles/151/3p2_Ar_003.wav,train
151,3p2,Ar,COPD,3,test,/Users/vs/Sem 5/Respiratory-Disease-Classification/data/processed/audio/cycles/151/3p2_Ar_004.wav,train
151,3p2,Ar,COPD,3,test,/Users/vs/Sem 5/Respiratory-Disease-Classification/data/processed/audio/cycles/151/3p2_Ar_005.wav,train
151,3p2,Ar,COPD,3,test,/Users/vs/Sem 5/Respiratory-Disease-Classification/data/processed/audio/cycles/151/3p2_Ar_006.wav,train
151,3p2,Lr,COPD,3,test,/Users/vs/Sem 5/Respiratory-Disease-Classification/data/processed/audio/cycles/151/3p2_Lr_001.wav,train
151,3p2,Lr,COPD,3,test,/Users/vs/Sem 5/Respiratory-Disease-Classification/data/processed/audio/cycles/151/3p2_Lr_002.wav,train
151,3p2,Lr,COPD,3,test,/Users/vs/Sem 5/Respiratory-Disease-Classification/data/processed/audio/cycles/151/3p2_Lr_003.wav,train
151,3p2,Lr,COPD,3,test,/Users/vs/Sem 5/Respiratory-Disease-Classification/data/processed/audio/cycles/151/3p2_Lr_004.wav,train
151,3p2,Lr,COPD,3,test,/Users/vs/Sem 5/Respiratory-Disease-Classification/data/processed/audio/cycles/151/3p2_Lr_005.wav,train
151,3p2,Lr,COPD,3,test,/Users/vs/Sem 5/Respiratory-Disease-Classification/data/processed/audio/cycles/151/3p2_Lr_006.wav,train
151,3p2,Pl,COPD,3,test,/Users/vs/Sem 5/Respiratory-Disease-Classification/data/processed/audio/cycles/151/3p2_Pl_001.wav,train
151,3p2,Pl,COPD,3,test,/Users/vs/Sem 5/Respiratory-Disease-Classification/data/processed/audio/cycles/151/3p2_Pl_002.wav,train
151,3p2,Pl,COPD,3,test,/Users/vs/Sem 5/Respiratory-Disease-Classification/data/processed/audio/cycles/151/3p2_Pl_003.wav,train
151,3p2,Pl,COPD,3,test,/Users/vs/Sem 5/Respiratory-Disease-Classification/data/processed/audio/cycles/151/3p2_Pl_004.wav,train
151,3p2,Pl,COPD,3,test,/Users/vs/Sem 5/Respiratory-Disease-Classification/data/processed/audio/cycles/151/3p2_Pl_005.wav,train
151,3p2,Pl,COPD,3,test,/Users/vs/Sem 5/Respiratory-Disease-Classification/data/processed/audio/cycles/151/3p2_Pl_006.wav,train
151,3p2,Pr,COPD,3,test,/Users/vs/Sem 5/Respiratory-Disease-Classification/data/processed/audio/cycles/151/3p2_Pr_001.wav,train
151,3p2,Pr,COPD,3,test,/Users/vs/Sem 5/Respiratory-Disease-Classification/data/processed/audio/cycles/151/3p2_Pr_002.wav,train
151,3p2,Pr,COPD,3,test,/Users/vs/Sem 5/Respiratory-Disease-Classification/data/processed/audio/cycles/151/3p2_Pr_003.wav,train
151,3p2,Pr,COPD,3,test,/Users/vs/Sem 5/Respiratory-Disease-Classification/data/processed/audio/cycles/151/3p2_Pr_004.wav,train
151,3p2,Pr,COPD,3,test,/Users/vs/Sem 5/Respiratory-Disease-Classification/data/processed/audio/cycles/151/3p2_Pr_005.wav,train
151,3p2,Pr,COPD,3,test,/Users/vs/Sem 5/Respiratory-Disease-Classification/data/processed/audio/cycles/151/3p2_Pr_006.wav,train
151,3p2,Tc,COPD,3,test,/Users/vs/Sem 5/Respiratory-Disease-Classification/data/processed/audio/cycles/151/3p2_Tc_001.wav,train
151,3p2,Tc,COPD,3,test,/Users/vs/Sem 5/Respiratory-Disease-Classification/data/processed/audio/cycles/151/3p2_Tc_002.wav,train
151,3p2,Tc,COPD,3,test,/Users/vs/Sem 5/Respiratory-Disease-Classification/data/processed/audio/cycles/151/3p2_Tc_003.wav,train
151,3p2,Tc,COPD,3,test,/Users/vs/Sem 5/Respiratory-Disease-Classification/data/processed/audio/cycles/151/3p2_Tc_004.wav,train
151,3p2,Tc,COPD,3,test,/Users/vs/Sem 5/Respiratory-Disease-Classification/data/processed/audio/cycles/151/3p2_Tc_005.wav,train
151,3p2,Tc,COPD,3,test,/Users/vs/Sem 5/Respiratory-Disease-Classification/data/processed/audio/cycles/151/3p2_Tc_006.wav,train
151,3p3,Ll,COPD,3,test,/Users/vs/Sem 5/Respiratory-Disease-Classification/data/processed/audio/cycles/151/3p3_Ll_001.wav,train
151,3p3,Ll,COPD,3,test,/Users/vs/Sem 5/Respiratory-Disease-Classification/data/processed/audio/cycles/151/3p3_Ll_002.wav,train
151,3p3,Ll,COPD,3,test,/Users/vs/Sem 5/Respiratory-Disease-Classification/data/processed/audio/cycles/151/3p3_Ll_003.wav,train
151,3p3,Ll,COPD,3,test,/Users/vs/Sem 5/Respiratory-Disease-Classification/data/processed/audio/cycles/151/3p3_Ll_004.wav,train
151,3p3,Ll,COPD,3,test,/Users/vs/Sem 5/Respiratory-Disease-Classification/data/processed/audio/cycles/151/3p3_Ll_005.wav,train
151,3p3,Ll,COPD,3,test,/Users/vs/Sem 5/Respiratory-Disease-Classification/data/processed/audio/cycles/151/3p3_Ll_006.wav,train
152,1b1,Al,Healthy,4,train,/Users/vs/Sem 5/Respiratory-Disease-Classification/data/processed/audio/cycles/152/1b1_Al_001.wav,test
152,1b1,Al,Healthy,4,train,/Users/vs/Sem 5/Respiratory-Disease-Classification/data/processed/audio/cycles/152/1b1_Al_002.wav,test
152,1b1,Al,Healthy,4,train,/Users/vs/Sem 5/Respiratory-Disease-Classification/data/processed/audio/cycles/152/1b1_Al_003.wav,test
152,1b1,Al,Healthy,4,train,/Users/vs/Sem 5/Respiratory-Disease-Classification/data/processed/audio/cycles/152/1b1_Al_004.wav,test
152,1b1,Al,Healthy,4,train,/Users/vs/Sem 5/Respiratory-Disease-Classification/data/processed/audio/cycles/152/1b1_Al_005.wav,test
152,1b1,Al,Healthy,4,train,/Users/vs/Sem 5/Respiratory-Disease-Classification/data/processed/audio/cycles/152/1b1_Al_006.wav,test
152,1b1,Al,Healthy,4,train,/Users/vs/Sem 5/Respiratory-Disease-Classification/data/processed/audio/cycles/152/1b1_Al_007.wav,test
153,1b1,Al,Healthy,4,train,/Users/vs/Sem 5/Respiratory-Disease-Classification/data/processed/audio/cycles/153/1b1_Al_001.wav,train
153,1b1,Al,Healthy,4,train,/Users/vs/Sem 5/Respiratory-Disease-Classification/data/processed/audio/cycles/153/1b1_Al_002.wav,train
153,1b1,Al,Healthy,4,train,/Users/vs/Sem 5/Respiratory-Disease-Classification/data/processed/audio/cycles/153/1b1_Al_003.wav,train
153,1b1,Al,Healthy,4,train,/Users/vs/Sem 5/Respiratory-Disease-Classification/data/processed/audio/cycles/153/1b1_Al_004.wav,train
153,1b1,Al,Healthy,4,train,/Users/vs/Sem 5/Respiratory-Disease-Classification/data/processed/audio/cycles/153/1b1_Al_005.wav,train
153,1b1,Al,Healthy,4,train,/Users/vs/Sem 5/Respiratory-Disease-Classification/data/processed/audio/cycles/153/1b1_Al_006.wav,train
153,1b1,Al,Healthy,4,train,/Users/vs/Sem 5/Respiratory-Disease-Classification/data/processed/audio/cycles/153/1b1_Al_007.wav,train
153,1b1,Al,Healthy,4,train,/Users/vs/Sem 5/Respiratory-Disease-Classification/data/processed/audio/cycles/153/1b1_Al_008.wav,train
153,1b1,Al,Healthy,4,train,/Users/vs/Sem 5/Respiratory-Disease-Classification/data/processed/audio/cycles/153/1b1_Al_009.wav,train
154,1b3,Al,COPD,3,train,/Users/vs/Sem 5/Respiratory-Disease-Classification/data/processed/audio/cycles/154/1b3_Al_001.wav,train
154,1b3,Al,COPD,3,train,/Users/vs/Sem 5/Respiratory-Disease-Classification/data/processed/audio/cycles/154/1b3_Al_002.wav,train
154,1b3,Al,COPD,3,train,/Users/vs/Sem 5/Respiratory-Disease-Classification/data/processed/audio/cycles/154/1b3_Al_003.wav,train
154,1b3,Al,COPD,3,train,/Users/vs/Sem 5/Respiratory-Disease-Classification/data/processed/audio/cycles/154/1b3_Al_004.wav,train
154,1b3,Al,COPD,3,train,/Users/vs/Sem 5/Respiratory-Disease-Classification/data/processed/audio/cycles/154/1b3_Al_005.wav,train
154,1b3,Al,COPD,3,train,/Users/vs/Sem 5/Respiratory-Disease-Classification/data/processed/audio/cycles/154/1b3_Al_006.wav,train
154,1b3,Al,COPD,3,train,/Users/vs/Sem 5/Respiratory-Disease-Classification/data/processed/audio/cycles/154/1b3_Al_007.wav,train
154,1b3,Al,COPD,3,train,/Users/vs/Sem 5/Respiratory-Disease-Classification/data/processed/audio/cycles/154/1b3_Al_008.wav,train
154,1b3,Al,COPD,3,train,/Users/vs/Sem 5/Respiratory-Disease-Classification/data/processed/audio/cycles/154/1b3_Al_009.wav,train
154,1b3,Al,COPD,3,train,/Users/vs/Sem 5/Respiratory-Disease-Classification/data/processed/audio/cycles/154/1b3_Al_010.wav,train
154,1b3,Al,COPD,3,train,/Users/vs/Sem 5/Respiratory-Disease-Classification/data/processed/audio/cycles/154/1b3_Al_011.wav,train
154,1b3,Al,COPD,3,train,/Users/vs/Sem 5/Respiratory-Disease-Classification/data/processed/audio/cycles/154/1b3_Al_012.wav,train
154,1b3,Ar,COPD,3,train,/Users/vs/Sem 5/Respiratory-Disease-Classification/data/processed/audio/cycles/154/1b3_Ar_001.wav,train
154,1b3,Ar,COPD,3,train,/Users/vs/Sem 5/Respiratory-Disease-Classification/data/processed/audio/cycles/154/1b3_Ar_002.wav,train
154,1b3,Ar,COPD,3,train,/Users/vs/Sem 5/Respiratory-Disease-Classification/data/processed/audio/cycles/154/1b3_Ar_003.wav,train
154,1b3,Ar,COPD,3,train,/Users/vs/Sem 5/Respiratory-Disease-Classification/data/processed/audio/cycles/154/1b3_Ar_004.wav,train
154,1b3,Ar,COPD,3,train,/Users/vs/Sem 5/Respiratory-Disease-Classification/data/processed/audio/cycles/154/1b3_Ar_005.wav,train
154,1b3,Ar,COPD,3,train,/Users/vs/Sem 5/Respiratory-Disease-Classification/data/processed/audio/cycles/154/1b3_Ar_006.wav,train
154,1b3,Ar,COPD,3,train,/Users/vs/Sem 5/Respiratory-Disease-Classification/data/processed/audio/cycles/154/1b3_Ar_007.wav,train
154,1b3,Ar,COPD,3,train,/Users/vs/Sem 5/Respiratory-Disease-Classification/data/processed/audio/cycles/154/1b3_Ar_008.wav,train
154,1b3,Ar,COPD,3,train,/Users/vs/Sem 5/Respiratory-Disease-Classification/data/processed/audio/cycles/154/1b3_Ar_009.wav,train
154,1b3,Ar,COPD,3,train,/Users/vs/Sem 5/Respiratory-Disease-Classification/data/processed/audio/cycles/154/1b3_Ar_010.wav,train
154,1b3,Ar,COPD,3,train,/Users/vs/Sem 5/Respiratory-Disease-Classification/data/processed/audio/cycles/154/1b3_Ar_011.wav,train
154,1b3,Ar,COPD,3,train,/Users/vs/Sem 5/Respiratory-Disease-Classification/data/processed/audio/cycles/154/1b3_Ar_012.wav,train
154,1b3,Ll,COPD,3,train,/Users/vs/Sem 5/Respiratory-Disease-Classification/data/processed/audio/cycles/154/1b3_Ll_001.wav,train
154,1b3,Ll,COPD,3,train,/Users/vs/Sem 5/Respiratory-Disease-Classification/data/processed/audio/cycles/154/1b3_Ll_002.wav,train
154,1b3,Ll,COPD,3,train,/Users/vs/Sem 5/Respiratory-Disease-Classification/data/processed/audio/cycles/154/1b3_Ll_003.wav,train
154,1b3,Ll,COPD,3,train,/Users/vs/Sem 5/Respiratory-Disease-Classification/data/processed/audio/cycles/154/1b3_Ll_004.wav,train
154,1b3,Ll,COPD,3,train,/Users/vs/Sem 5/Respiratory-Disease-Classification/data/processed/audio/cycles/154/1b3_Ll_005.wav,train
154,1b3,Ll,COPD,3,train,/Users/vs/Sem 5/Respiratory-Disease-Classification/data/processed/audio/cycles/154/1b3_Ll_006.wav,train
154,1b3,Ll,COPD,3,train,/Users/vs/Sem 5/Respiratory-Disease-Classification/data/processed/audio/cycles/154/1b3_Ll_007.wav,train
154,1b3,Ll,COPD,3,train,/Users/vs/Sem 5/Respiratory-Disease-Classification/data/processed/audio/cycles/154/1b3_Ll_008.wav,train
154,1b3,Ll,COPD,3,train,/Users/vs/Sem 5/Respiratory-Disease-Classification/data/processed/audio/cycles/154/1b3_Ll_009.wav,train
154,1b3,Ll,COPD,3,train,/Users/vs/Sem 5/Respiratory-Disease-Classification/data/processed/audio/cycles/154/1b3_Ll_010.wav,train
154,1b3,Ll,COPD,3,train,/Users/vs/Sem 5/Respiratory-Disease-Classification/data/processed/audio/cycles/154/1b3_Ll_011.wav,train
154,1b3,Ll,COPD,3,train,/Users/vs/Sem 5/Respiratory-Disease-Classification/data/processed/audio/cycles/154/1b3_Ll_012.wav,train
154,1b3,Lr,COPD,3,train,/Users/vs/Sem 5/Respiratory-Disease-Classification/data/processed/audio/cycles/154/1b3_Lr_001.wav,train
154,1b3,Lr,COPD,3,train,/Users/vs/Sem 5/Respiratory-Disease-Classification/data/processed/audio/cycles/154/1b3_Lr_002.wav,train
154,1b3,Lr,COPD,3,train,/Users/vs/Sem 5/Respiratory-Disease-Classification/data/processed/audio/cycles/154/1b3_Lr_003.wav,train
154,1b3,Lr,COPD,3,train,/Users/vs/Sem 5/Respiratory-Disease-Classification/data/processed/audio/cycles/154/1b3_Lr_004.wav,train
154,1b3,Lr,COPD,3,train,/Users/vs/Sem 5/Respiratory-Disease-Classification/data/processed/audio/cycles/154/1b3_Lr_005.wav,train
154,1b3,Lr,COPD,3,train,/Users/vs/Sem 5/Respiratory-Disease-Classification/data/processed/audio/cycles/154/1b3_Lr_006.wav,train
154,1b3,Lr,COPD,3,train,/Users/vs/Sem 5/Respiratory-Disease-Classification/data/processed/audio/cycles/154/1b3_Lr_007.wav,train
154,1b3,Lr,COPD,3,train,/Users/vs/Sem 5/Respiratory-Disease-Classification/data/processed/audio/cycles/154/1b3_Lr_008.wav,train
154,1b3,Lr,COPD,3,train,/Users/vs/Sem 5/Respiratory-Disease-Classification/data/processed/audio/cycles/154/1b3_Lr_009.wav,train
154,1b3,Lr,COPD,3,train,/Users/vs/Sem 5/Respiratory-Disease-Classification/data/processed/audio/cycles/154/1b3_Lr_010.wav,train
154,1b3,Lr,COPD,3,train,/Users/vs/Sem 5/Respiratory-Disease-Classification/data/processed/audio/cycles/154/1b3_Lr_011.wav,train
154,1b3,Lr,COPD,3,train,/Users/vs/Sem 5/Respiratory-Disease-Classification/data/processed/audio/cycles/154/1b3_Lr_012.wav,train
154,1b3,Pl,COPD,3,train,/Users/vs/Sem 5/Respiratory-Disease-Classification/data/processed/audio/cycles/154/1b3_Pl_001.wav,train
154,1b3,Pl,COPD,3,train,/Users/vs/Sem 5/Respiratory-Disease-Classification/data/processed/audio/cycles/154/1b3_Pl_002.wav,train
154,1b3,Pl,COPD,3,train,/Users/vs/Sem 5/Respiratory-Disease-Classification/data/processed/audio/cycles/154/1b3_Pl_003.wav,train
154,1b3,Pl,COPD,3,train,/Users/vs/Sem 5/Respiratory-Disease-Classification/data/processed/audio/cycles/154/1b3_Pl_004.wav,train
154,1b3,Pl,COPD,3,train,/Users/vs/Sem 5/Respiratory-Disease-Classification/data/processed/audio/cycles/154/1b3_Pl_005.wav,train
154,1b3,Pl,COPD,3,train,/Users/vs/Sem 5/Respiratory-Disease-Classification/data/processed/audio/cycles/154/1b3_Pl_006.wav,train
154,1b3,Pl,COPD,3,train,/Users/vs/Sem 5/Respiratory-Disease-Classification/data/processed/audio/cycles/154/1b3_Pl_007.wav,train
154,1b3,Pl,COPD,3,train,/Users/vs/Sem 5/Respiratory-Disease-Classification/data/processed/audio/cycles/154/1b3_Pl_008.wav,train
154,1b3,Pl,COPD,3,train,/Users/vs/Sem 5/Respiratory-Disease-Classification/data/processed/audio/cycles/154/1b3_Pl_009.wav,train
154,1b3,Pl,COPD,3,train,/Users/vs/Sem 5/Respiratory-Disease-Classification/data/processed/audio/cycles/154/1b3_Pl_010.wav,train
154,1b3,Pl,COPD,3,train,/Users/vs/Sem 5/Respiratory-Disease-Classification/data/processed/audio/cycles/154/1b3_Pl_011.wav,train
154,1b3,Pl,COPD,3,train,/Users/vs/Sem 5/Respiratory-Disease-Classification/data/processed/audio/cycles/154/1b3_Pl_012.wav,train
154,1b3,Pr,COPD,3,train,/Users/vs/Sem 5/Respiratory-Disease-Classification/data/processed/audio/cycles/154/1b3_Pr_001.wav,train
154,1b3,Pr,COPD,3,train,/Users/vs/Sem 5/Respiratory-Disease-Classification/data/processed/audio/cycles/154/1b3_Pr_002.wav,train
154,1b3,Pr,COPD,3,train,/Users/vs/Sem 5/Respiratory-Disease-Classification/data/processed/audio/cycles/154/1b3_Pr_003.wav,train
154,1b3,Pr,COPD,3,train,/Users/vs/Sem 5/Respiratory-Disease-Classification/data/processed/audio/cycles/154/1b3_Pr_004.wav,train
154,1b3,Pr,COPD,3,train,/Users/vs/Sem 5/Respiratory-Disease-Classification/data/processed/audio/cycles/154/1b3_Pr_005.wav,train
154,1b3,Pr,COPD,3,train,/Users/vs/Sem 5/Respiratory-Disease-Classification/data/processed/audio/cycles/154/1b3_Pr_006.wav,train
154,1b3,Pr,COPD,3,train,/Users/vs/Sem 5/Respiratory-Disease-Classification/data/processed/audio/cycles/154/1b3_Pr_007.wav,train
154,1b3,Pr,COPD,3,train,/Users/vs/Sem 5/Respiratory-Disease-Classification/data/processed/audio/cycles/154/1b3_Pr_008.wav,train
154,1b3,Pr,COPD,3,train,/Users/vs/Sem 5/Respiratory-Disease-Classification/data/processed/audio/cycles/154/1b3_Pr_009.wav,train
154,1b3,Pr,COPD,3,train,/Users/vs/Sem 5/Respiratory-Disease-Classification/data/processed/audio/cycles/154/1b3_Pr_010.wav,train
154,1b3,Pr,COPD,3,train,/Users/vs/Sem 5/Respiratory-Disease-Classification/data/processed/audio/cycles/154/1b3_Pr_011.wav,train
154,1b3,Pr,COPD,3,train,/Users/vs/Sem 5/Respiratory-Disease-Classification/data/processed/audio/cycles/154/1b3_Pr_012.wav,train
154,1b3,Tc,COPD,3,train,/Users/vs/Sem 5/Respiratory-Disease-Classification/data/processed/audio/cycles/154/1b3_Tc_001.wav,train
154,1b3,Tc,COPD,3,train,/Users/vs/Sem 5/Respiratory-Disease-Classification/data/processed/audio/cycles/154/1b3_Tc_002.wav,train
154,1b3,Tc,COPD,3,train,/Users/vs/Sem 5/Respiratory-Disease-Classification/data/processed/audio/cycles/154/1b3_Tc_003.wav,train
154,1b3,Tc,COPD,3,train,/Users/vs/Sem 5/Respiratory-Disease-Classification/data/processed/audio/cycles/154/1b3_Tc_004.wav,train
154,1b3,Tc,COPD,3,train,/Users/vs/Sem 5/Respiratory-Disease-Classification/data/processed/audio/cycles/154/1b3_Tc_005.wav,train
154,1b3,Tc,COPD,3,train,/Users/vs/Sem 5/Respiratory-Disease-Classification/data/processed/audio/cycles/154/1b3_Tc_006.wav,train
154,1b3,Tc,COPD,3,train,/Users/vs/Sem 5/Respiratory-Disease-Classification/data/processed/audio/cycles/154/1b3_Tc_007.wav,train
154,1b3,Tc,COPD,3,train,/Users/vs/Sem 5/Respiratory-Disease-Classification/data/processed/audio/cycles/154/1b3_Tc_008.wav,train
154,1b3,Tc,COPD,3,train,/Users/vs/Sem 5/Respiratory-Disease-Classification/data/processed/audio/cycles/154/1b3_Tc_009.wav,train
154,1b3,Tc,COPD,3,train,/Users/vs/Sem 5/Respiratory-Disease-Classification/data/processed/audio/cycles/154/1b3_Tc_010.wav,train
154,1b3,Tc,COPD,3,train,/Users/vs/Sem 5/Respiratory-Disease-Classification/data/processed/audio/cycles/154/1b3_Tc_011.wav,train
154,1b3,Tc,COPD,3,train,/Users/vs/Sem 5/Respiratory-Disease-Classification/data/processed/audio/cycles/154/1b3_Tc_012.wav,train
154,2b4,Al,COPD,3,train,/Users/vs/Sem 5/Respiratory-Disease-Classification/data/processed/audio/cycles/154/2b4_Al_001.wav,train
154,2b4,Al,COPD,3,train,/Users/vs/Sem 5/Respiratory-Disease-Classification/data/processed/audio/cycles/154/2b4_Al_002.wav,train
154,2b4,Al,COPD,3,train,/Users/vs/Sem 5/Respiratory-Disease-Classification/data/processed/audio/cycles/154/2b4_Al_003.wav,train
154,2b4,Al,COPD,3,train,/Users/vs/Sem 5/Respiratory-Disease-Classification/data/processed/audio/cycles/154/2b4_Al_004.wav,train
154,2b4,Al,COPD,3,train,/Users/vs/Sem 5/Respiratory-Disease-Classification/data/processed/audio/cycles/154/2b4_Al_005.wav,train
154,2b4,Al,COPD,3,train,/Users/vs/Sem 5/Respiratory-Disease-Classification/data/processed/audio/cycles/154/2b4_Al_006.wav,train
154,2b4,Al,COPD,3,train,/Users/vs/Sem 5/Respiratory-Disease-Classification/data/processed/audio/cycles/154/2b4_Al_007.wav,train
154,2b4,Ar,COPD,3,train,/Users/vs/Sem 5/Respiratory-Disease-Classification/data/processed/audio/cycles/154/2b4_Ar_001.wav,train
154,2b4,Ar,COPD,3,train,/Users/vs/Sem 5/Respiratory-Disease-Classification/data/processed/audio/cycles/154/2b4_Ar_002.wav,train
154,2b4,Ar,COPD,3,train,/Users/vs/Sem 5/Respiratory-Disease-Classification/data/processed/audio/cycles/154/2b4_Ar_003.wav,train
154,2b4,Ar,COPD,3,train,/Users/vs/Sem 5/Respiratory-Disease-Classification/data/processed/audio/cycles/154/2b4_Ar_004.wav,train
154,2b4,Ar,COPD,3,train,/Users/vs/Sem 5/Respiratory-Disease-Classification/data/processed/audio/cycles/154/2b4_Ar_005.wav,train
154,2b4,Ar,COPD,3,train,/Users/vs/Sem 5/Respiratory-Disease-Classification/data/processed/audio/cycles/154/2b4_Ar_006.wav,train
154,2b4,Ar,COPD,3,train,/Users/vs/Sem 5/Respiratory-Disease-Classification/data/processed/audio/cycles/154/2b4_Ar_007.wav,train
154,2b4,Ll,COPD,3,train,/Users/vs/Sem 5/Respiratory-Disease-Classification/data/processed/audio/cycles/154/2b4_Ll_001.wav,train
154,2b4,Ll,COPD,3,train,/Users/vs/Sem 5/Respiratory-Disease-Classification/data/processed/audio/cycles/154/2b4_Ll_002.wav,train
154,2b4,Ll,COPD,3,train,/Users/vs/Sem 5/Respiratory-Disease-Classification/data/processed/audio/cycles/154/2b4_Ll_003.wav,train
154,2b4,Ll,COPD,3,train,/Users/vs/Sem 5/Respiratory-Disease-Classification/data/processed/audio/cycles/154/2b4_Ll_004.wav,train
154,2b4,Ll,COPD,3,train,/Users/vs/Sem 5/Respiratory-Disease-Classification/data/processed/audio/cycles/154/2b4_Ll_005.wav,train
154,2b4,Ll,COPD,3,train,/Users/vs/Sem 5/Respiratory-Disease-Classification/data/processed/audio/cycles/154/2b4_Ll_006.wav,train
154,2b4,Ll,COPD,3,train,/Users/vs/Sem 5/Respiratory-Disease-Classification/data/processed/audio/cycles/154/2b4_Ll_007.wav,train
154,2b4,Lr,COPD,3,train,/Users/vs/Sem 5/Respiratory-Disease-Classification/data/processed/audio/cycles/154/2b4_Lr_001.wav,train
154,2b4,Lr,COPD,3,train,/Users/vs/Sem 5/Respiratory-Disease-Classification/data/processed/audio/cycles/154/2b4_Lr_002.wav,train
154,2b4,Lr,COPD,3,train,/Users/vs/Sem 5/Respiratory-Disease-Classification/data/processed/audio/cycles/154/2b4_Lr_003.wav,train
154,2b4,Lr,COPD,3,train,/Users/vs/Sem 5/Respiratory-Disease-Classification/data/processed/audio/cycles/154/2b4_Lr_004.wav,train
154,2b4,Lr,COPD,3,train,/Users/vs/Sem 5/Respiratory-Disease-Classification/data/processed/audio/cycles/154/2b4_Lr_005.wav,train
154,2b4,Lr,COPD,3,train,/Users/vs/Sem 5/Respiratory-Disease-Classification/data/processed/audio/cycles/154/2b4_Lr_006.wav,train
154,2b4,Lr,COPD,3,train,/Users/vs/Sem 5/Respiratory-Disease-Classification/data/processed/audio/cycles/154/2b4_Lr_007.wav,train
154,2b4,Pl,COPD,3,train,/Users/vs/Sem 5/Respiratory-Disease-Classification/data/processed/audio/cycles/154/2b4_Pl_001.wav,train
154,2b4,Pl,COPD,3,train,/Users/vs/Sem 5/Respiratory-Disease-Classification/data/processed/audio/cycles/154/2b4_Pl_002.wav,train
154,2b4,Pl,COPD,3,train,/Users/vs/Sem 5/Respiratory-Disease-Classification/data/processed/audio/cycles/154/2b4_Pl_003.wav,train
154,2b4,Pl,COPD,3,train,/Users/vs/Sem 5/Respiratory-Disease-Classification/data/processed/audio/cycles/154/2b4_Pl_004.wav,train
154,2b4,Pl,COPD,3,train,/Users/vs/Sem 5/Respiratory-Disease-Classification/data/processed/audio/cycles/154/2b4_Pl_005.wav,train
154,2b4,Pl,COPD,3,train,/Users/vs/Sem 5/Respiratory-Disease-Classification/data/processed/audio/cycles/154/2b4_Pl_006.wav,train
154,2b4,Pl,COPD,3,train,/Users/vs/Sem 5/Respiratory-Disease-Classification/data/processed/audio/cycles/154/2b4_Pl_007.wav,train
154,2b4,Pr,COPD,3,train,/Users/vs/Sem 5/Respiratory-Disease-Classification/data/processed/audio/cycles/154/2b4_Pr_001.wav,train
154,2b4,Pr,COPD,3,train,/Users/vs/Sem 5/Respiratory-Disease-Classification/data/processed/audio/cycles/154/2b4_Pr_002.wav,train
154,2b4,Pr,COPD,3,train,/Users/vs/Sem 5/Respiratory-Disease-Classification/data/processed/audio/cycles/154/2b4_Pr_003.wav,train
154,2b4,Pr,COPD,3,train,/Users/vs/Sem 5/Respiratory-Disease-Classification/data/processed/audio/cycles/154/2b4_Pr_004.wav,train
154,2b4,Pr,COPD,3,train,/Users/vs/Sem 5/Respiratory-Disease-Classification/data/processed/audio/cycles/154/2b4_Pr_005.wav,train
154,2b4,Pr,COPD,3,train,/Users/vs/Sem 5/Respiratory-Disease-Classification/data/processed/audio/cycles/154/2b4_Pr_006.wav,train
154,2b4,Pr,COPD,3,train,/Users/vs/Sem 5/Respiratory-Disease-Classification/data/processed/audio/cycles/154/2b4_Pr_007.wav,train
154,2b4,Tc,COPD,3,train,/Users/vs/Sem 5/Respiratory-Disease-Classification/data/processed/audio/cycles/154/2b4_Tc_001.wav,train
154,2b4,Tc,COPD,3,train,/Users/vs/Sem 5/Respiratory-Disease-Classification/data/processed/audio/cycles/154/2b4_Tc_002.wav,train
154,2b4,Tc,COPD,3,train,/Users/vs/Sem 5/Respiratory-Disease-Classification/data/processed/audio/cycles/154/2b4_Tc_003.wav,train
154,2b4,Tc,COPD,3,train,/Users/vs/Sem 5/Respiratory-Disease-Classification/data/processed/audio/cycles/154/2b4_Tc_004.wav,train
154,2b4,Tc,COPD,3,train,/Users/vs/Sem 5/Respiratory-Disease-Classification/data/processed/audio/cycles/154/2b4_Tc_005.wav,train
154,2b4,Tc,COPD,3,train,/Users/vs/Sem 5/Respiratory-Disease-Classification/data/processed/audio/cycles/154/2b4_Tc_006.wav,train
154,2b4,Tc,COPD,3,train,/Users/vs/Sem 5/Respiratory-Disease-Classification/data/processed/audio/cycles/154/2b4_Tc_007.wav,train
154,3b3,Al,COPD,3,train,/Users/vs/Sem 5/Respiratory-Disease-Classification/data/processed/audio/cycles/154/3b3_Al_001.wav,train
154,3b3,Al,COPD,3,train,/Users/vs/Sem 5/Respiratory-Disease-Classification/data/processed/audio/cycles/154/3b3_Al_002.wav,train
154,3b3,Al,COPD,3,train,/Users/vs/Sem 5/Respiratory-Disease-Classification/data/processed/audio/cycles/154/3b3_Al_003.wav,train
154,3b3,Al,COPD,3,train,/Users/vs/Sem 5/Respiratory-Disease-Classification/data/processed/audio/cycles/154/3b3_Al_004.wav,train
154,3b3,Al,COPD,3,train,/Users/vs/Sem 5/Respiratory-Disease-Classification/data/processed/audio/cycles/154/3b3_Al_005.wav,train
154,3b3,Ar,COPD,3,train,/Users/vs/Sem 5/Respiratory-Disease-Classification/data/processed/audio/cycles/154/3b3_Ar_001.wav,train
154,3b3,Ar,COPD,3,train,/Users/vs/Sem 5/Respiratory-Disease-Classification/data/processed/audio/cycles/154/3b3_Ar_002.wav,train
154,3b3,Ar,COPD,3,train,/Users/vs/Sem 5/Respiratory-Disease-Classification/data/processed/audio/cycles/154/3b3_Ar_003.wav,train
154,3b3,Ar,COPD,3,train,/Users/vs/Sem 5/Respiratory-Disease-Classification/data/processed/audio/cycles/154/3b3_Ar_004.wav,train
154,3b3,Ar,COPD,3,train,/Users/vs/Sem 5/Respiratory-Disease-Classification/data/processed/audio/cycles/154/3b3_Ar_005.wav,train
154,3b3,Ll,COPD,3,train,/Users/vs/Sem 5/Respiratory-Disease-Classification/data/processed/audio/cycles/154/3b3_Ll_001.wav,train
154,3b3,Ll,COPD,3,train,/Users/vs/Sem 5/Respiratory-Disease-Classification/data/processed/audio/cycles/154/3b3_Ll_002.wav,train
154,3b3,Ll,COPD,3,train,/Users/vs/Sem 5/Respiratory-Disease-Classification/data/processed/audio/cycles/154/3b3_Ll_003.wav,train
154,3b3,Ll,COPD,3,train,/Users/vs/Sem 5/Respiratory-Disease-Classification/data/processed/audio/cycles/154/3b3_Ll_004.wav,train
154,3b3,Ll,COPD,3,train,/Users/vs/Sem 5/Respiratory-Disease-Classification/data/processed/audio/cycles/154/3b3_Ll_005.wav,train
154,4b4,Al,COPD,3,train,/Users/vs/Sem 5/Respiratory-Disease-Classification/data/processed/audio/cycles/154/4b4_Al_001.wav,train
154,4b4,Al,COPD,3,train,/Users/vs/Sem 5/Respiratory-Disease-Classification/data/processed/audio/cycles/154/4b4_Al_002.wav,train
154,4b4,Al,COPD,3,train,/Users/vs/Sem 5/Respiratory-Disease-Classification/data/processed/audio/cycles/154/4b4_Al_003.wav,train
154,4b4,Al,COPD,3,train,/Users/vs/Sem 5/Respiratory-Disease-Classification/data/processed/audio/cycles/154/4b4_Al_004.wav,train
154,4b4,Al,COPD,3,train,/Users/vs/Sem 5/Respiratory-Disease-Classification/data/processed/audio/cycles/154/4b4_Al_005.wav,train
154,4b4,Al,COPD,3,train,/Users/vs/Sem 5/Respiratory-Disease-Classification/data/processed/audio/cycles/154/4b4_Al_006.wav,train
154,4b4,Al,COPD,3,train,/Users/vs/Sem 5/Respiratory-Disease-Classification/data/processed/audio/cycles/154/4b4_Al_007.wav,train
154,4b4,Al,COPD,3,train,/Users/vs/Sem 5/Respiratory-Disease-Classification/data/processed/audio/cycles/154/4b4_Al_008.wav,train
154,4b4,Al,COPD,3,train,/Users/vs/Sem 5/Respiratory-Disease-Classification/data/processed/audio/cycles/154/4b4_Al_009.wav,train
154,4b4,Al,COPD,3,train,/Users/vs/Sem 5/Respiratory-Disease-Classification/data/processed/audio/cycles/154/4b4_Al_010.wav,train
154,4b4,Ar,COPD,3,train,/Users/vs/Sem 5/Respiratory-Disease-Classification/data/processed/audio/cycles/154/4b4_Ar_001.wav,train
154,4b4,Ar,COPD,3,train,/Users/vs/Sem 5/Respiratory-Disease-Classification/data/processed/audio/cycles/154/4b4_Ar_002.wav,train
154,4b4,Ar,COPD,3,train,/Users/vs/Sem 5/Respiratory-Disease-Classification/data/processed/audio/cycles/154/4b4_Ar_003.wav,train
154,4b4,Ar,COPD,3,train,/Users/vs/Sem 5/Respiratory-Disease-Classification/data/processed/audio/cycles/154/4b4_Ar_004.wav,train
154,4b4,Ar,COPD,3,train,/Users/vs/Sem 5/Respiratory-Disease-Classification/data/processed/audio/cycles/154/4b4_Ar_005.wav,train
154,4b4,Ar,COPD,3,train,/Users/vs/Sem 5/Respiratory-Disease-Classification/data/processed/audio/cycles/154/4b4_Ar_006.wav,train
154,4b4,Ar,COPD,3,train,/Users/vs/Sem 5/Respiratory-Disease-Classification/data/processed/audio/cycles/154/4b4_Ar_007.wav,train
154,4b4,Ar,COPD,3,train,/Users/vs/Sem 5/Respiratory-Disease-Classification/data/processed/audio/cycles/154/4b4_Ar_008.wav,train
154,4b4,Ar,COPD,3,train,/Users/vs/Sem 5/Respiratory-Disease-Classification/data/processed/audio/cycles/154/4b4_Ar_009.wav,train
154,4b4,Ar,COPD,3,train,/Users/vs/Sem 5/Respiratory-Disease-Classification/data/processed/audio/cycles/154/4b4_Ar_010.wav,train
154,4b4,Ll,COPD,3,train,/Users/vs/Sem 5/Respiratory-Disease-Classification/data/processed/audio/cycles/154/4b4_Ll_001.wav,train
154,4b4,Ll,COPD,3,train,/Users/vs/Sem 5/Respiratory-Disease-Classification/data/processed/audio/cycles/154/4b4_Ll_002.wav,train
154,4b4,Ll,COPD,3,train,/Users/vs/Sem 5/Respiratory-Disease-Classification/data/processed/audio/cycles/154/4b4_Ll_003.wav,train
154,4b4,Ll,COPD,3,train,/Users/vs/Sem 5/Respiratory-Disease-Classification/data/processed/audio/cycles/154/4b4_Ll_004.wav,train
154,4b4,Ll,COPD,3,train,/Users/vs/Sem 5/Respiratory-Disease-Classification/data/processed/audio/cycles/154/4b4_Ll_005.wav,train
154,4b4,Ll,COPD,3,train,/Users/vs/Sem 5/Respiratory-Disease-Classification/data/processed/audio/cycles/154/4b4_Ll_006.wav,train
154,4b4,Ll,COPD,3,train,/Users/vs/Sem 5/Respiratory-Disease-Classification/data/processed/audio/cycles/154/4b4_Ll_007.wav,train
154,4b4,Ll,COPD,3,train,/Users/vs/Sem 5/Respiratory-Disease-Classification/data/processed/audio/cycles/154/4b4_Ll_008.wav,train
154,4b4,Ll,COPD,3,train,/Users/vs/Sem 5/Respiratory-Disease-Classification/data/processed/audio/cycles/154/4b4_Ll_009.wav,train
154,4b4,Ll,COPD,3,train,/Users/vs/Sem 5/Respiratory-Disease-Classification/data/processed/audio/cycles/154/4b4_Ll_010.wav,train
154,4b4,Lr,COPD,3,train,/Users/vs/Sem 5/Respiratory-Disease-Classification/data/processed/audio/cycles/154/4b4_Lr_001.wav,train
154,4b4,Lr,COPD,3,train,/Users/vs/Sem 5/Respiratory-Disease-Classification/data/processed/audio/cycles/154/4b4_Lr_002.wav,train
154,4b4,Lr,COPD,3,train,/Users/vs/Sem 5/Respiratory-Disease-Classification/data/processed/audio/cycles/154/4b4_Lr_003.wav,train
154,4b4,Lr,COPD,3,train,/Users/vs/Sem 5/Respiratory-Disease-Classification/data/processed/audio/cycles/154/4b4_Lr_004.wav,train
154,4b4,Lr,COPD,3,train,/Users/vs/Sem 5/Respiratory-Disease-Classification/data/processed/audio/cycles/154/4b4_Lr_005.wav,train
154,4b4,Lr,COPD,3,train,/Users/vs/Sem 5/Respiratory-Disease-Classification/data/processed/audio/cycles/154/4b4_Lr_006.wav,train
154,4b4,Lr,COPD,3,train,/Users/vs/Sem 5/Respiratory-Disease-Classification/data/processed/audio/cycles/154/4b4_Lr_007.wav,train
154,4b4,Lr,COPD,3,train,/Users/vs/Sem 5/Respiratory-Disease-Classification/data/processed/audio/cycles/154/4b4_Lr_008.wav,train
154,4b4,Lr,COPD,3,train,/Users/vs/Sem 5/Respiratory-Disease-Classification/data/processed/audio/cycles/154/4b4_Lr_009.wav,train
154,4b4,Lr,COPD,3,train,/Users/vs/Sem 5/Respiratory-Disease-Classification/data/processed/audio/cycles/154/4b4_Lr_010.wav,train
154,4b4,Pl,COPD,3,train,/Users/vs/Sem 5/Respiratory-Disease-Classification/data/processed/audio/cycles/154/4b4_Pl_001.wav,train
154,4b4,Pl,COPD,3,train,/Users/vs/Sem 5/Respiratory-Disease-Classification/data/processed/audio/cycles/154/4b4_Pl_002.wav,train
154,4b4,Pl,COPD,3,train,/Users/vs/Sem 5/Respiratory-Disease-Classification/data/processed/audio/cycles/154/4b4_Pl_003.wav,train
154,4b4,Pl,COPD,3,train,/Users/vs/Sem 5/Respiratory-Disease-Classification/data/processed/audio/cycles/154/4b4_Pl_004.wav,train
154,4b4,Pl,COPD,3,train,/Users/vs/Sem 5/Respiratory-Disease-Classification/data/processed/audio/cycles/154/4b4_Pl_005.wav,train
154,4b4,Pl,COPD,3,train,/Users/vs/Sem 5/Respiratory-Disease-Classification/data/processed/audio/cycles/154/4b4_Pl_006.wav,train
154,4b4,Pl,COPD,3,train,/Users/vs/Sem 5/Respiratory-Disease-Classification/data/processed/audio/cycles/154/4b4_Pl_007.wav,train
154,4b4,Pl,COPD,3,train,/Users/vs/Sem 5/Respiratory-Disease-Classification/data/processed/audio/cycles/154/4b4_Pl_008.wav,train
154,4b4,Pl,COPD,3,train,/Users/vs/Sem 5/Respiratory-Disease-Classification/data/processed/audio/cycles/154/4b4_Pl_009.wav,train
154,4b4,Pl,COPD,3,train,/Users/vs/Sem 5/Respiratory-Disease-Classification/data/processed/audio/cycles/154/4b4_Pl_010.wav,train
154,4b4,Pr,COPD,3,train,/Users/vs/Sem 5/Respiratory-Disease-Classification/data/processed/audio/cycles/154/4b4_Pr_001.wav,train
154,4b4,Pr,COPD,3,train,/Users/vs/Sem 5/Respiratory-Disease-Classification/data/processed/audio/cycles/154/4b4_Pr_002.wav,train
154,4b4,Pr,COPD,3,train,/Users/vs/Sem 5/Respiratory-Disease-Classification/data/processed/audio/cycles/154/4b4_Pr_003.wav,train
154,4b4,Pr,COPD,3,train,/Users/vs/Sem 5/Respiratory-Disease-Classification/data/processed/audio/cycles/154/4b4_Pr_004.wav,train
154,4b4,Pr,COPD,3,train,/Users/vs/Sem 5/Respiratory-Disease-Classification/data/processed/audio/cycles/154/4b4_Pr_005.wav,train
154,4b4,Pr,COPD,3,train,/Users/vs/Sem 5/Respiratory-Disease-Classification/data/processed/audio/cycles/154/4b4_Pr_006.wav,train
154,4b4,Pr,COPD,3,train,/Users/vs/Sem 5/Respiratory-Disease-Classification/data/processed/audio/cycles/154/4b4_Pr_007.wav,train
154,4b4,Pr,COPD,3,train,/Users/vs/Sem 5/Respiratory-Disease-Classification/data/processed/audio/cycles/154/4b4_Pr_008.wav,train
154,4b4,Pr,COPD,3,train,/Users/vs/Sem 5/Respiratory-Disease-Classification/data/processed/audio/cycles/154/4b4_Pr_009.wav,train
154,4b4,Pr,COPD,3,train,/Users/vs/Sem 5/Respiratory-Disease-Classification/data/processed/audio/cycles/154/4b4_Pr_010.wav,train
155,2b1,Al,COPD,3,train,/Users/vs/Sem 5/Respiratory-Disease-Classification/data/processed/audio/cycles/155/2b1_Al_001.wav,train
155,2b1,Al,COPD,3,train,/Users/vs/Sem 5/Respiratory-Disease-Classification/data/processed/audio/cycles/155/2b1_Al_002.wav,train
155,2b1,Al,COPD,3,train,/Users/vs/Sem 5/Respiratory-Disease-Classification/data/processed/audio/cycles/155/2b1_Al_003.wav,train
155,2b1,Al,COPD,3,train,/Users/vs/Sem 5/Respiratory-Disease-Classification/data/processed/audio/cycles/155/2b1_Al_004.wav,train
155,2b1,Al,COPD,3,train,/Users/vs/Sem 5/Respiratory-Disease-Classification/data/processed/audio/cycles/155/2b1_Al_005.wav,train
155,2b1,Al,COPD,3,train,/Users/vs/Sem 5/Respiratory-Disease-Classification/data/processed/audio/cycles/155/2b1_Al_006.wav,train
156,2b3,Al,COPD,3,test,/Users/vs/Sem 5/Respiratory-Disease-Classification/data/processed/audio/cycles/156/2b3_Al_001.wav,train
156,2b3,Al,COPD,3,test,/Users/vs/Sem 5/Respiratory-Disease-Classification/data/processed/audio/cycles/156/2b3_Al_002.wav,train
156,2b3,Al,COPD,3,test,/Users/vs/Sem 5/Respiratory-Disease-Classification/data/processed/audio/cycles/156/2b3_Al_003.wav,train
156,2b3,Al,COPD,3,test,/Users/vs/Sem 5/Respiratory-Disease-Classification/data/processed/audio/cycles/156/2b3_Al_004.wav,train
156,2b3,Al,COPD,3,test,/Users/vs/Sem 5/Respiratory-Disease-Classification/data/processed/audio/cycles/156/2b3_Al_005.wav,train
156,2b3,Al,COPD,3,test,/Users/vs/Sem 5/Respiratory-Disease-Classification/data/processed/audio/cycles/156/2b3_Al_006.wav,train
156,2b3,Ar,COPD,3,train,/Users/vs/Sem 5/Respiratory-Disease-Classification/data/processed/audio/cycles/156/2b3_Ar_001.wav,train
156,2b3,Ar,COPD,3,train,/Users/vs/Sem 5/Respiratory-Disease-Classification/data/processed/audio/cycles/156/2b3_Ar_002.wav,train
156,2b3,Ar,COPD,3,train,/Users/vs/Sem 5/Respiratory-Disease-Classification/data/processed/audio/cycles/156/2b3_Ar_003.wav,train
156,2b3,Ar,COPD,3,train,/Users/vs/Sem 5/Respiratory-Disease-Classification/data/processed/audio/cycles/156/2b3_Ar_004.wav,train
156,2b3,Ar,COPD,3,train,/Users/vs/Sem 5/Respiratory-Disease-Classification/data/processed/audio/cycles/156/2b3_Ar_005.wav,train
156,2b3,Ar,COPD,3,train,/Users/vs/Sem 5/Respiratory-Disease-Classification/data/processed/audio/cycles/156/2b3_Ar_006.wav,train
156,2b3,Ll,COPD,3,train,/Users/vs/Sem 5/Respiratory-Disease-Classification/data/processed/audio/cycles/156/2b3_Ll_001.wav,train
156,2b3,Ll,COPD,3,train,/Users/vs/Sem 5/Respiratory-Disease-Classification/data/processed/audio/cycles/156/2b3_Ll_002.wav,train
156,2b3,Ll,COPD,3,train,/Users/vs/Sem 5/Respiratory-Disease-Classification/data/processed/audio/cycles/156/2b3_Ll_003.wav,train
156,2b3,Ll,COPD,3,train,/Users/vs/Sem 5/Respiratory-Disease-Classification/data/processed/audio/cycles/156/2b3_Ll_004.wav,train
156,2b3,Ll,COPD,3,train,/Users/vs/Sem 5/Respiratory-Disease-Classification/data/processed/audio/cycles/156/2b3_Ll_005.wav,train
156,2b3,Ll,COPD,3,train,/Users/vs/Sem 5/Respiratory-Disease-Classification/data/processed/audio/cycles/156/2b3_Ll_006.wav,train
156,2b3,Lr,COPD,3,test,/Users/vs/Sem 5/Respiratory-Disease-Classification/data/processed/audio/cycles/156/2b3_Lr_001.wav,train
156,2b3,Lr,COPD,3,test,/Users/vs/Sem 5/Respiratory-Disease-Classification/data/processed/audio/cycles/156/2b3_Lr_002.wav,train
156,2b3,Lr,COPD,3,test,/Users/vs/Sem 5/Respiratory-Disease-Classification/data/processed/audio/cycles/156/2b3_Lr_003.wav,train
156,2b3,Lr,COPD,3,test,/Users/vs/Sem 5/Respiratory-Disease-Classification/data/processed/audio/cycles/156/2b3_Lr_004.wav,train
156,2b3,Lr,COPD,3,test,/Users/vs/Sem 5/Respiratory-Disease-Classification/data/processed/audio/cycles/156/2b3_Lr_005.wav,train
156,2b3,Lr,COPD,3,test,/Users/vs/Sem 5/Respiratory-Disease-Classification/data/processed/audio/cycles/156/2b3_Lr_006.wav,train
156,2b3,Pl,COPD,3,test,/Users/vs/Sem 5/Respiratory-Disease-Classification/data/processed/audio/cycles/156/2b3_Pl_001.wav,train
156,2b3,Pl,COPD,3,test,/Users/vs/Sem 5/Respiratory-Disease-Classification/data/processed/audio/cycles/156/2b3_Pl_002.wav,train
156,2b3,Pl,COPD,3,test,/Users/vs/Sem 5/Respiratory-Disease-Classification/data/processed/audio/cycles/156/2b3_Pl_003.wav,train
156,2b3,Pl,COPD,3,test,/Users/vs/Sem 5/Respiratory-Disease-Classification/data/processed/audio/cycles/156/2b3_Pl_004.wav,train
156,2b3,Pl,COPD,3,test,/Users/vs/Sem 5/Respiratory-Disease-Classification/data/processed/audio/cycles/156/2b3_Pl_005.wav,train
156,2b3,Pl,COPD,3,test,/Users/vs/Sem 5/Respiratory-Disease-Classification/data/processed/audio/cycles/156/2b3_Pl_006.wav,train
156,2b3,Pr,COPD,3,train,/Users/vs/Sem 5/Respiratory-Disease-Classification/data/processed/audio/cycles/156/2b3_Pr_001.wav,train
156,2b3,Pr,COPD,3,train,/Users/vs/Sem 5/Respiratory-Disease-Classification/data/processed/audio/cycles/156/2b3_Pr_002.wav,train
156,2b3,Pr,COPD,3,train,/Users/vs/Sem 5/Respiratory-Disease-Classification/data/processed/audio/cycles/156/2b3_Pr_003.wav,train
156,2b3,Pr,COPD,3,train,/Users/vs/Sem 5/Respiratory-Disease-Classification/data/processed/audio/cycles/156/2b3_Pr_004.wav,train
156,2b3,Pr,COPD,3,train,/Users/vs/Sem 5/Respiratory-Disease-Classification/data/processed/audio/cycles/156/2b3_Pr_005.wav,train
156,2b3,Pr,COPD,3,train,/Users/vs/Sem 5/Respiratory-Disease-Classification/data/processed/audio/cycles/156/2b3_Pr_006.wav,train
156,5b3,Al,COPD,3,train,/Users/vs/Sem 5/Respiratory-Disease-Classification/data/processed/audio/cycles/156/5b3_Al_001.wav,train
156,5b3,Al,COPD,3,train,/Users/vs/Sem 5/Respiratory-Disease-Classification/data/processed/audio/cycles/156/5b3_Al_002.wav,train
156,5b3,Al,COPD,3,train,/Users/vs/Sem 5/Respiratory-Disease-Classification/data/processed/audio/cycles/156/5b3_Al_003.wav,train
156,5b3,Al,COPD,3,train,/Users/vs/Sem 5/Respiratory-Disease-Classification/data/processed/audio/cycles/156/5b3_Al_004.wav,train
156,5b3,Al,COPD,3,train,/Users/vs/Sem 5/Respiratory-Disease-Classification/data/processed/audio/cycles/156/5b3_Al_005.wav,train
156,5b3,Al,COPD,3,train,/Users/vs/Sem 5/Respiratory-Disease-Classification/data/processed/audio/cycles/156/5b3_Al_006.wav,train
156,5b3,Al,COPD,3,train,/Users/vs/Sem 5/Respiratory-Disease-Classification/data/processed/audio/cycles/156/5b3_Al_007.wav,train
156,5b3,Al,COPD,3,train,/Users/vs/Sem 5/Respiratory-Disease-Classification/data/processed/audio/cycles/156/5b3_Al_008.wav,train
156,5b3,Al,COPD,3,train,/Users/vs/Sem 5/Respiratory-Disease-Classification/data/processed/audio/cycles/156/5b3_Al_009.wav,train
156,5b3,Ar,COPD,3,test,/Users/vs/Sem 5/Respiratory-Disease-Classification/data/processed/audio/cycles/156/5b3_Ar_001.wav,train
156,5b3,Ar,COPD,3,test,/Users/vs/Sem 5/Respiratory-Disease-Classification/data/processed/audio/cycles/156/5b3_Ar_002.wav,train
156,5b3,Ar,COPD,3,test,/Users/vs/Sem 5/Respiratory-Disease-Classification/data/processed/audio/cycles/156/5b3_Ar_003.wav,train
156,5b3,Ar,COPD,3,test,/Users/vs/Sem 5/Respiratory-Disease-Classification/data/processed/audio/cycles/156/5b3_Ar_004.wav,train
156,5b3,Ar,COPD,3,test,/Users/vs/Sem 5/Respiratory-Disease-Classification/data/processed/audio/cycles/156/5b3_Ar_005.wav,train
156,5b3,Ar,COPD,3,test,/Users/vs/Sem 5/Respiratory-Disease-Classification/data/processed/audio/cycles/156/5b3_Ar_006.wav,train
156,5b3,Ar,COPD,3,test,/Users/vs/Sem 5/Respiratory-Disease-Classification/data/processed/audio/cycles/156/5b3_Ar_007.wav,train
156,5b3,Ar,COPD,3,test,/Users/vs/Sem 5/Respiratory-Disease-Classification/data/processed/audio/cycles/156/5b3_Ar_008.wav,train
156,5b3,Ar,COPD,3,test,/Users/vs/Sem 5/Respiratory-Disease-Classification/data/processed/audio/cycles/156/5b3_Ar_009.wav,train
156,5b3,Ll,COPD,3,test,/Users/vs/Sem 5/Respiratory-Disease-Classification/data/processed/audio/cycles/156/5b3_Ll_001.wav,train
156,5b3,Ll,COPD,3,test,/Users/vs/Sem 5/Respiratory-Disease-Classification/data/processed/audio/cycles/156/5b3_Ll_002.wav,train
156,5b3,Ll,COPD,3,test,/Users/vs/Sem 5/Respiratory-Disease-Classification/data/processed/audio/cycles/156/5b3_Ll_003.wav,train
156,5b3,Ll,COPD,3,test,/Users/vs/Sem 5/Respiratory-Disease-Classification/data/processed/audio/cycles/156/5b3_Ll_004.wav,train
156,5b3,Ll,COPD,3,test,/Users/vs/Sem 5/Respiratory-Disease-Classification/data/processed/audio/cycles/156/5b3_Ll_005.wav,train
156,5b3,Ll,COPD,3,test,/Users/vs/Sem 5/Respiratory-Disease-Classification/data/processed/audio/cycles/156/5b3_Ll_006.wav,train
156,5b3,Ll,COPD,3,test,/Users/vs/Sem 5/Respiratory-Disease-Classification/data/processed/audio/cycles/156/5b3_Ll_007.wav,train
156,5b3,Ll,COPD,3,test,/Users/vs/Sem 5/Respiratory-Disease-Classification/data/processed/audio/cycles/156/5b3_Ll_008.wav,train
156,5b3,Ll,COPD,3,test,/Users/vs/Sem 5/Respiratory-Disease-Classification/data/processed/audio/cycles/156/5b3_Ll_009.wav,train
156,5b3,Lr,COPD,3,train,/Users/vs/Sem 5/Respiratory-Disease-Classification/data/processed/audio/cycles/156/5b3_Lr_001.wav,train
156,5b3,Lr,COPD,3,train,/Users/vs/Sem 5/Respiratory-Disease-Classification/data/processed/audio/cycles/156/5b3_Lr_002.wav,train
156,5b3,Lr,COPD,3,train,/Users/vs/Sem 5/Respiratory-Disease-Classification/data/processed/audio/cycles/156/5b3_Lr_003.wav,train
156,5b3,Lr,COPD,3,train,/Users/vs/Sem 5/Respiratory-Disease-Classification/data/processed/audio/cycles/156/5b3_Lr_004.wav,train
156,5b3,Lr,COPD,3,train,/Users/vs/Sem 5/Respiratory-Disease-Classification/data/processed/audio/cycles/156/5b3_Lr_005.wav,train
156,5b3,Lr,COPD,3,train,/Users/vs/Sem 5/Respiratory-Disease-Classification/data/processed/audio/cycles/156/5b3_Lr_006.wav,train
156,5b3,Lr,COPD,3,train,/Users/vs/Sem 5/Respiratory-Disease-Classification/data/processed/audio/cycles/156/5b3_Lr_007.wav,train
156,5b3,Lr,COPD,3,train,/Users/vs/Sem 5/Respiratory-Disease-Classification/data/processed/audio/cycles/156/5b3_Lr_008.wav,train
156,5b3,Lr,COPD,3,train,/Users/vs/Sem 5/Respiratory-Disease-Classification/data/processed/audio/cycles/156/5b3_Lr_009.wav,train
156,5b3,Pl,COPD,3,test,/Users/vs/Sem 5/Respiratory-Disease-Classification/data/processed/audio/cycles/156/5b3_Pl_001.wav,train
156,5b3,Pl,COPD,3,test,/Users/vs/Sem 5/Respiratory-Disease-Classification/data/processed/audio/cycles/156/5b3_Pl_002.wav,train
156,5b3,Pl,COPD,3,test,/Users/vs/Sem 5/Respiratory-Disease-Classification/data/processed/audio/cycles/156/5b3_Pl_003.wav,train
156,5b3,Pl,COPD,3,test,/Users/vs/Sem 5/Respiratory-Disease-Classification/data/processed/audio/cycles/156/5b3_Pl_004.wav,train
156,5b3,Pl,COPD,3,test,/Users/vs/Sem 5/Respiratory-Disease-Classification/data/processed/audio/cycles/156/5b3_Pl_005.wav,train
156,5b3,Pl,COPD,3,test,/Users/vs/Sem 5/Respiratory-Disease-Classification/data/processed/audio/cycles/156/5b3_Pl_006.wav,train
156,5b3,Pl,COPD,3,test,/Users/vs/Sem 5/Respiratory-Disease-Classification/data/processed/audio/cycles/156/5b3_Pl_007.wav,train
156,5b3,Pl,COPD,3,test,/Users/vs/Sem 5/Respiratory-Disease-Classification/data/processed/audio/cycles/156/5b3_Pl_008.wav,train
156,5b3,Pl,COPD,3,test,/Users/vs/Sem 5/Respiratory-Disease-Classification/data/processed/audio/cycles/156/5b3_Pl_009.wav,train
156,5b3,Pr,COPD,3,train,/Users/vs/Sem 5/Respiratory-Disease-Classification/data/processed/audio/cycles/156/5b3_Pr_001.wav,train
156,5b3,Pr,COPD,3,train,/Users/vs/Sem 5/Respiratory-Disease-Classification/data/processed/audio/cycles/156/5b3_Pr_002.wav,train
156,5b3,Pr,COPD,3,train,/Users/vs/Sem 5/Respiratory-Disease-Classification/data/processed/audio/cycles/156/5b3_Pr_003.wav,train
156,5b3,Pr,COPD,3,train,/Users/vs/Sem 5/Respiratory-Disease-Classification/data/processed/audio/cycles/156/5b3_Pr_004.wav,train
156,5b3,Pr,COPD,3,train,/Users/vs/Sem 5/Respiratory-Disease-Classification/data/processed/audio/cycles/156/5b3_Pr_005.wav,train
156,5b3,Pr,COPD,3,train,/Users/vs/Sem 5/Respiratory-Disease-Classification/data/processed/audio/cycles/156/5b3_Pr_006.wav,train
156,5b3,Pr,COPD,3,train,/Users/vs/Sem 5/Respiratory-Disease-Classification/data/processed/audio/cycles/156/5b3_Pr_007.wav,train
156,5b3,Pr,COPD,3,train,/Users/vs/Sem 5/Respiratory-Disease-Classification/data/processed/audio/cycles/156/5b3_Pr_008.wav,train
156,5b3,Pr,COPD,3,train,/Users/vs/Sem 5/Respiratory-Disease-Classification/data/processed/audio/cycles/156/5b3_Pr_009.wav,train
156,8b3,Al,COPD,3,test,/Users/vs/Sem 5/Respiratory-Disease-Classification/data/processed/audio/cycles/156/8b3_Al_001.wav,train
156,8b3,Al,COPD,3,test,/Users/vs/Sem 5/Respiratory-Disease-Classification/data/processed/audio/cycles/156/8b3_Al_002.wav,train
156,8b3,Al,COPD,3,test,/Users/vs/Sem 5/Respiratory-Disease-Classification/data/processed/audio/cycles/156/8b3_Al_003.wav,train
156,8b3,Al,COPD,3,test,/Users/vs/Sem 5/Respiratory-Disease-Classification/data/processed/audio/cycles/156/8b3_Al_004.wav,train
156,8b3,Al,COPD,3,test,/Users/vs/Sem 5/Respiratory-Disease-Classification/data/processed/audio/cycles/156/8b3_Al_005.wav,train
156,8b3,Al,COPD,3,test,/Users/vs/Sem 5/Respiratory-Disease-Classification/data/processed/audio/cycles/156/8b3_Al_006.wav,train
156,8b3,Al,COPD,3,test,/Users/vs/Sem 5/Respiratory-Disease-Classification/data/processed/audio/cycles/156/8b3_Al_007.wav,train
156,8b3,Al,COPD,3,test,/Users/vs/Sem 5/Respiratory-Disease-Classification/data/processed/audio/cycles/156/8b3_Al_008.wav,train
156,8b3,Ar,COPD,3,train,/Users/vs/Sem 5/Respiratory-Disease-Classification/data/processed/audio/cycles/156/8b3_Ar_001.wav,train
156,8b3,Ar,COPD,3,train,/Users/vs/Sem 5/Respiratory-Disease-Classification/data/processed/audio/cycles/156/8b3_Ar_002.wav,train
156,8b3,Ar,COPD,3,train,/Users/vs/Sem 5/Respiratory-Disease-Classification/data/processed/audio/cycles/156/8b3_Ar_003.wav,train
156,8b3,Ar,COPD,3,train,/Users/vs/Sem 5/Respiratory-Disease-Classification/data/processed/audio/cycles/156/8b3_Ar_004.wav,train
156,8b3,Ar,COPD,3,train,/Users/vs/Sem 5/Respiratory-Disease-Classification/data/processed/audio/cycles/156/8b3_Ar_005.wav,train
156,8b3,Ar,COPD,3,train,/Users/vs/Sem 5/Respiratory-Disease-Classification/data/processed/audio/cycles/156/8b3_Ar_006.wav,train
156,8b3,Ar,COPD,3,train,/Users/vs/Sem 5/Respiratory-Disease-Classification/data/processed/audio/cycles/156/8b3_Ar_007.wav,train
156,8b3,Ar,COPD,3,train,/Users/vs/Sem 5/Respiratory-Disease-Classification/data/processed/audio/cycles/156/8b3_Ar_008.wav,train
156,8b3,Ll,COPD,3,train,/Users/vs/Sem 5/Respiratory-Disease-Classification/data/processed/audio/cycles/156/8b3_Ll_001.wav,train
156,8b3,Ll,COPD,3,train,/Users/vs/Sem 5/Respiratory-Disease-Classification/data/processed/audio/cycles/156/8b3_Ll_002.wav,train
156,8b3,Ll,COPD,3,train,/Users/vs/Sem 5/Respiratory-Disease-Classification/data/processed/audio/cycles/156/8b3_Ll_003.wav,train
156,8b3,Ll,COPD,3,train,/Users/vs/Sem 5/Respiratory-Disease-Classification/data/processed/audio/cycles/156/8b3_Ll_004.wav,train
156,8b3,Ll,COPD,3,train,/Users/vs/Sem 5/Respiratory-Disease-Classification/data/processed/audio/cycles/156/8b3_Ll_005.wav,train
156,8b3,Ll,COPD,3,train,/Users/vs/Sem 5/Respiratory-Disease-Classification/data/processed/audio/cycles/156/8b3_Ll_006.wav,train
156,8b3,Ll,COPD,3,train,/Users/vs/Sem 5/Respiratory-Disease-Classification/data/processed/audio/cycles/156/8b3_Ll_007.wav,train
156,8b3,Ll,COPD,3,train,/Users/vs/Sem 5/Respiratory-Disease-Classification/data/processed/audio/cycles/156/8b3_Ll_008.wav,train
156,8b3,Lr,COPD,3,test,/Users/vs/Sem 5/Respiratory-Disease-Classification/data/processed/audio/cycles/156/8b3_Lr_001.wav,train
156,8b3,Lr,COPD,3,test,/Users/vs/Sem 5/Respiratory-Disease-Classification/data/processed/audio/cycles/156/8b3_Lr_002.wav,train
156,8b3,Lr,COPD,3,test,/Users/vs/Sem 5/Respiratory-Disease-Classification/data/processed/audio/cycles/156/8b3_Lr_003.wav,train
156,8b3,Lr,COPD,3,test,/Users/vs/Sem 5/Respiratory-Disease-Classification/data/processed/audio/cycles/156/8b3_Lr_004.wav,train
156,8b3,Lr,COPD,3,test,/Users/vs/Sem 5/Respiratory-Disease-Classification/data/processed/audio/cycles/156/8b3_Lr_005.wav,train
156,8b3,Lr,COPD,3,test,/Users/vs/Sem 5/Respiratory-Disease-Classification/data/processed/audio/cycles/156/8b3_Lr_006.wav,train
156,8b3,Lr,COPD,3,test,/Users/vs/Sem 5/Respiratory-Disease-Classification/data/processed/audio/cycles/156/8b3_Lr_007.wav,train
156,8b3,Lr,COPD,3,test,/Users/vs/Sem 5/Respiratory-Disease-Classification/data/processed/audio/cycles/156/8b3_Lr_008.wav,train
156,8b3,Pl,COPD,3,train,/Users/vs/Sem 5/Respiratory-Disease-Classification/data/processed/audio/cycles/156/8b3_Pl_001.wav,train
156,8b3,Pl,COPD,3,train,/Users/vs/Sem 5/Respiratory-Disease-Classification/data/processed/audio/cycles/156/8b3_Pl_002.wav,train
156,8b3,Pl,COPD,3,train,/Users/vs/Sem 5/Respiratory-Disease-Classification/data/processed/audio/cycles/156/8b3_Pl_003.wav,train
156,8b3,Pl,COPD,3,train,/Users/vs/Sem 5/Respiratory-Disease-Classification/data/processed/audio/cycles/156/8b3_Pl_004.wav,train
156,8b3,Pl,COPD,3,train,/Users/vs/Sem 5/Respiratory-Disease-Classification/data/processed/audio/cycles/156/8b3_Pl_005.wav,train
156,8b3,Pl,COPD,3,train,/Users/vs/Sem 5/Respiratory-Disease-Classification/data/processed/audio/cycles/156/8b3_Pl_006.wav,train
156,8b3,Pl,COPD,3,train,/Users/vs/Sem 5/Respiratory-Disease-Classification/data/processed/audio/cycles/156/8b3_Pl_007.wav,train
156,8b3,Pl,COPD,3,train,/Users/vs/Sem 5/Respiratory-Disease-Classification/data/processed/audio/cycles/156/8b3_Pl_008.wav,train
157,1b1,Al,COPD,3,train,/Users/vs/Sem 5/Respiratory-Disease-Classification/data/processed/audio/cycles/157/1b1_Al_001.wav,validation
157,1b1,Al,COPD,3,train,/Users/vs/Sem 5/Respiratory-Disease-Classification/data/processed/audio/cycles/157/1b1_Al_002.wav,validation
157,1b1,Al,COPD,3,train,/Users/vs/Sem 5/Respiratory-Disease-Classification/data/processed/audio/cycles/157/1b1_Al_003.wav,validation
157,1b1,Al,COPD,3,train,/Users/vs/Sem 5/Respiratory-Disease-Classification/data/processed/audio/cycles/157/1b1_Al_004.wav,validation
157,1b1,Al,COPD,3,train,/Users/vs/Sem 5/Respiratory-Disease-Classification/data/processed/audio/cycles/157/1b1_Al_005.wav,validation
157,1b1,Al,COPD,3,train,/Users/vs/Sem 5/Respiratory-Disease-Classification/data/processed/audio/cycles/157/1b1_Al_006.wav,validation
157,1b1,Al,COPD,3,train,/Users/vs/Sem 5/Respiratory-Disease-Classification/data/processed/audio/cycles/157/1b1_Al_007.wav,validation
157,1b1,Al,COPD,3,train,/Users/vs/Sem 5/Respiratory-Disease-Classification/data/processed/audio/cycles/157/1b1_Al_008.wav,validation
157,1b1,Al,COPD,3,train,/Users/vs/Sem 5/Respiratory-Disease-Classification/data/processed/audio/cycles/157/1b1_Al_009.wav,validation
157,1b1,Al,COPD,3,train,/Users/vs/Sem 5/Respiratory-Disease-Classification/data/processed/audio/cycles/157/1b1_Al_010.wav,validation
157,1b1,Al,COPD,3,train,/Users/vs/Sem 5/Respiratory-Disease-Classification/data/processed/audio/cycles/157/1b1_Al_011.wav,validation
157,1b1,Al,COPD,3,train,/Users/vs/Sem 5/Respiratory-Disease-Classification/data/processed/audio/cycles/157/1b1_Al_012.wav,validation
157,1b1,Al,COPD,3,train,/Users/vs/Sem 5/Respiratory-Disease-Classification/data/processed/audio/cycles/157/1b1_Al_013.wav,validation
157,1b1,Al,COPD,3,train,/Users/vs/Sem 5/Respiratory-Disease-Classification/data/processed/audio/cycles/157/1b1_Al_014.wav,validation
157,1b1,Al,COPD,3,train,/Users/vs/Sem 5/Respiratory-Disease-Classification/data/processed/audio/cycles/157/1b1_Al_015.wav,validation
157,1b1,Ar,COPD,3,train,/Users/vs/Sem 5/Respiratory-Disease-Classification/data/processed/audio/cycles/157/1b1_Ar_001.wav,validation
157,1b1,Ar,COPD,3,train,/Users/vs/Sem 5/Respiratory-Disease-Classification/data/processed/audio/cycles/157/1b1_Ar_002.wav,validation
157,1b1,Ar,COPD,3,train,/Users/vs/Sem 5/Respiratory-Disease-Classification/data/processed/audio/cycles/157/1b1_Ar_003.wav,validation
157,1b1,Ar,COPD,3,train,/Users/vs/Sem 5/Respiratory-Disease-Classification/data/processed/audio/cycles/157/1b1_Ar_004.wav,validation
157,1b1,Ar,COPD,3,train,/Users/vs/Sem 5/Respiratory-Disease-Classification/data/processed/audio/cycles/157/1b1_Ar_005.wav,validation
157,1b1,Ar,COPD,3,train,/Users/vs/Sem 5/Respiratory-Disease-Classification/data/processed/audio/cycles/157/1b1_Ar_006.wav,validation
157,1b1,Ar,COPD,3,train,/Users/vs/Sem 5/Respiratory-Disease-Classification/data/processed/audio/cycles/157/1b1_Ar_007.wav,validation
157,1b1,Ar,COPD,3,train,/Users/vs/Sem 5/Respiratory-Disease-Classification/data/processed/audio/cycles/157/1b1_Ar_008.wav,validation
157,1b1,Ar,COPD,3,train,/Users/vs/Sem 5/Respiratory-Disease-Classification/data/processed/audio/cycles/157/1b1_Ar_009.wav,validation
157,1b1,Ar,COPD,3,train,/Users/vs/Sem 5/Respiratory-Disease-Classification/data/processed/audio/cycles/157/1b1_Ar_010.wav,validation
157,1b1,Ar,COPD,3,train,/Users/vs/Sem 5/Respiratory-Disease-Classification/data/processed/audio/cycles/157/1b1_Ar_011.wav,validation
157,1b1,Ar,COPD,3,train,/Users/vs/Sem 5/Respiratory-Disease-Classification/data/processed/audio/cycles/157/1b1_Ar_012.wav,validation
157,1b1,Lr,COPD,3,train,/Users/vs/Sem 5/Respiratory-Disease-Classification/data/processed/audio/cycles/157/1b1_Lr_001.wav,validation
157,1b1,Lr,COPD,3,train,/Users/vs/Sem 5/Respiratory-Disease-Classification/data/processed/audio/cycles/157/1b1_Lr_002.wav,validation
157,1b1,Lr,COPD,3,train,/Users/vs/Sem 5/Respiratory-Disease-Classification/data/processed/audio/cycles/157/1b1_Lr_003.wav,validation
157,1b1,Lr,COPD,3,train,/Users/vs/Sem 5/Respiratory-Disease-Classification/data/processed/audio/cycles/157/1b1_Lr_004.wav,validation
157,1b1,Lr,COPD,3,train,/Users/vs/Sem 5/Respiratory-Disease-Classification/data/processed/audio/cycles/157/1b1_Lr_005.wav,validation
157,1b1,Lr,COPD,3,train,/Users/vs/Sem 5/Respiratory-Disease-Classification/data/processed/audio/cycles/157/1b1_Lr_006.wav,validation
157,1b1,Lr,COPD,3,train,/Users/vs/Sem 5/Respiratory-Disease-Classification/data/processed/audio/cycles/157/1b1_Lr_007.wav,validation
157,1b1,Lr,COPD,3,train,/Users/vs/Sem 5/Respiratory-Disease-Classification/data/processed/audio/cycles/157/1b1_Lr_008.wav,validation
157,1b1,Lr,COPD,3,train,/Users/vs/Sem 5/Respiratory-Disease-Classification/data/processed/audio/cycles/157/1b1_Lr_009.wav,validation
157,1b1,Pl,COPD,3,train,/Users/vs/Sem 5/Respiratory-Disease-Classification/data/processed/audio/cycles/157/1b1_Pl_001.wav,validation
157,1b1,Pl,COPD,3,train,/Users/vs/Sem 5/Respiratory-Disease-Classification/data/processed/audio/cycles/157/1b1_Pl_002.wav,validation
157,1b1,Pl,COPD,3,train,/Users/vs/Sem 5/Respiratory-Disease-Classification/data/processed/audio/cycles/157/1b1_Pl_003.wav,validation
157,1b1,Pl,COPD,3,train,/Users/vs/Sem 5/Respiratory-Disease-Classification/data/processed/audio/cycles/157/1b1_Pl_004.wav,validation
157,1b1,Pl,COPD,3,train,/Users/vs/Sem 5/Respiratory-Disease-Classification/data/processed/audio/cycles/157/1b1_Pl_005.wav,validation
157,1b1,Pl,COPD,3,train,/Users/vs/Sem 5/Respiratory-Disease-Classification/data/processed/audio/cycles/157/1b1_Pl_006.wav,validation
157,1b1,Pl,COPD,3,train,/Users/vs/Sem 5/Respiratory-Disease-Classification/data/processed/audio/cycles/157/1b1_Pl_007.wav,validation
157,1b1,Pl,COPD,3,train,/Users/vs/Sem 5/Respiratory-Disease-Classification/data/processed/audio/cycles/157/1b1_Pl_008.wav,validation
157,1b1,Pl,COPD,3,train,/Users/vs/Sem 5/Respiratory-Disease-Classification/data/processed/audio/cycles/157/1b1_Pl_009.wav,validation
157,1b1,Pl,COPD,3,train,/Users/vs/Sem 5/Respiratory-Disease-Classification/data/processed/audio/cycles/157/1b1_Pl_010.wav,validation
157,1b1,Pl,COPD,3,train,/Users/vs/Sem 5/Respiratory-Disease-Classification/data/processed/audio/cycles/157/1b1_Pl_011.wav,validation
157,1b1,Pl,COPD,3,train,/Users/vs/Sem 5/Respiratory-Disease-Classification/data/processed/audio/cycles/157/1b1_Pl_012.wav,validation
157,1b1,Pl,COPD,3,train,/Users/vs/Sem 5/Respiratory-Disease-Classification/data/processed/audio/cycles/157/1b1_Pl_013.wav,validation
157,1b1,Pr,COPD,3,train,/Users/vs/Sem 5/Respiratory-Disease-Classification/data/processed/audio/cycles/157/1b1_Pr_001.wav,validation
157,1b1,Pr,COPD,3,train,/Users/vs/Sem 5/Respiratory-Disease-Classification/data/processed/audio/cycles/157/1b1_Pr_002.wav,validation
157,1b1,Pr,COPD,3,train,/Users/vs/Sem 5/Respiratory-Disease-Classification/data/processed/audio/cycles/157/1b1_Pr_003.wav,validation
157,1b1,Pr,COPD,3,train,/Users/vs/Sem 5/Respiratory-Disease-Classification/data/processed/audio/cycles/157/1b1_Pr_004.wav,validation
157,1b1,Pr,COPD,3,train,/Users/vs/Sem 5/Respiratory-Disease-Classification/data/processed/audio/cycles/157/1b1_Pr_005.wav,validation
157,1b1,Pr,COPD,3,train,/Users/vs/Sem 5/Respiratory-Disease-Classification/data/processed/audio/cycles/157/1b1_Pr_006.wav,validation
157,1b1,Pr,COPD,3,train,/Users/vs/Sem 5/Respiratory-Disease-Classification/data/processed/audio/cycles/157/1b1_Pr_007.wav,validation
157,1b1,Pr,COPD,3,train,/Users/vs/Sem 5/Respiratory-Disease-Classification/data/processed/audio/cycles/157/1b1_Pr_008.wav,validation
157,1b1,Pr,COPD,3,train,/Users/vs/Sem 5/Respiratory-Disease-Classification/data/processed/audio/cycles/157/1b1_Pr_009.wav,validation
157,1b1,Pr,COPD,3,train,/Users/vs/Sem 5/Respiratory-Disease-Classification/data/processed/audio/cycles/157/1b1_Pr_010.wav,validation
157,1b1,Pr,COPD,3,train,/Users/vs/Sem 5/Respiratory-Disease-Classification/data/processed/audio/cycles/157/1b1_Pr_011.wav,validation
157,1b1,Pr,COPD,3,train,/Users/vs/Sem 5/Respiratory-Disease-Classification/data/processed/audio/cycles/157/1b1_Pr_012.wav,validation
157,1b1,Pr,COPD,3,train,/Users/vs/Sem 5/Respiratory-Disease-Classification/data/processed/audio/cycles/157/1b1_Pr_013.wav,validation
157,1b1,Pr,COPD,3,train,/Users/vs/Sem 5/Respiratory-Disease-Classification/data/processed/audio/cycles/157/1b1_Pr_014.wav,validation
157,1b1,Pr,COPD,3,train,/Users/vs/Sem 5/Respiratory-Disease-Classification/data/processed/audio/cycles/157/1b1_Pr_015.wav,validation
158,1b3,Ar,COPD,3,train,/Users/vs/Sem 5/Respiratory-Disease-Classification/data/processed/audio/cycles/158/1b3_Ar_001.wav,test
158,1b3,Ar,COPD,3,train,/Users/vs/Sem 5/Respiratory-Disease-Classification/data/processed/audio/cycles/158/1b3_Ar_002.wav,test
158,1b3,Ar,COPD,3,train,/Users/vs/Sem 5/Respiratory-Disease-Classification/data/processed/audio/cycles/158/1b3_Ar_003.wav,test
158,1b3,Ar,COPD,3,train,/Users/vs/Sem 5/Respiratory-Disease-Classification/data/processed/audio/cycles/158/1b3_Ar_004.wav,test
158,1b3,Ar,COPD,3,train,/Users/vs/Sem 5/Respiratory-Disease-Classification/data/processed/audio/cycles/158/1b3_Ar_005.wav,test
158,1b3,Ar,COPD,3,train,/Users/vs/Sem 5/Respiratory-Disease-Classification/data/processed/audio/cycles/158/1b3_Ar_006.wav,test
158,1b3,Ar,COPD,3,train,/Users/vs/Sem 5/Respiratory-Disease-Classification/data/processed/audio/cycles/158/1b3_Ar_007.wav,test
158,1b3,Ar,COPD,3,train,/Users/vs/Sem 5/Respiratory-Disease-Classification/data/processed/audio/cycles/158/1b3_Ar_008.wav,test
158,1b3,Ar,COPD,3,train,/Users/vs/Sem 5/Respiratory-Disease-Classification/data/processed/audio/cycles/158/1b3_Ar_009.wav,test
158,1b3,Ar,COPD,3,train,/Users/vs/Sem 5/Respiratory-Disease-Classification/data/processed/audio/cycles/158/1b3_Ar_010.wav,test
158,1b3,Ar,COPD,3,train,/Users/vs/Sem 5/Respiratory-Disease-Classification/data/processed/audio/cycles/158/1b3_Ar_011.wav,test
158,1p2,Al,COPD,3,train,/Users/vs/Sem 5/Respiratory-Disease-Classification/data/processed/audio/cycles/158/1p2_Al_001.wav,test
158,1p2,Al,COPD,3,train,/Users/vs/Sem 5/Respiratory-Disease-Classification/data/processed/audio/cycles/158/1p2_Al_002.wav,test
158,1p2,Al,COPD,3,train,/Users/vs/Sem 5/Respiratory-Disease-Classification/data/processed/audio/cycles/158/1p2_Al_003.wav,test
158,1p2,Al,COPD,3,train,/Users/vs/Sem 5/Respiratory-Disease-Classification/data/processed/audio/cycles/158/1p2_Al_004.wav,test
158,1p2,Al,COPD,3,train,/Users/vs/Sem 5/Respiratory-Disease-Classification/data/processed/audio/cycles/158/1p2_Al_005.wav,test
158,1p2,Al,COPD,3,train,/Users/vs/Sem 5/Respiratory-Disease-Classification/data/processed/audio/cycles/158/1p2_Al_006.wav,test
158,1p2,Al,COPD,3,train,/Users/vs/Sem 5/Respiratory-Disease-Classification/data/processed/audio/cycles/158/1p2_Al_007.wav,test
158,1p2,Al,COPD,3,train,/Users/vs/Sem 5/Respiratory-Disease-Classification/data/processed/audio/cycles/158/1p2_Al_008.wav,test
158,1p2,Ar,COPD,3,train,/Users/vs/Sem 5/Respiratory-Disease-Classification/data/processed/audio/cycles/158/1p2_Ar_001.wav,test
158,1p2,Ar,COPD,3,train,/Users/vs/Sem 5/Respiratory-Disease-Classification/data/processed/audio/cycles/158/1p2_Ar_002.wav,test
158,1p2,Ar,COPD,3,train,/Users/vs/Sem 5/Respiratory-Disease-Classification/data/processed/audio/cycles/158/1p2_Ar_003.wav,test
158,1p2,Ar,COPD,3,train,/Users/vs/Sem 5/Respiratory-Disease-Classification/data/processed/audio/cycles/158/1p2_Ar_004.wav,test
158,1p2,Ar,COPD,3,train,/Users/vs/Sem 5/Respiratory-Disease-Classification/data/processed/audio/cycles/158/1p2_Ar_005.wav,test
158,1p2,Ar,COPD,3,train,/Users/vs/Sem 5/Respiratory-Disease-Classification/data/processed/audio/cycles/158/1p2_Ar_006.wav,test
158,1p2,Ar,COPD,3,train,/Users/vs/Sem 5/Respiratory-Disease-Classification/data/processed/audio/cycles/158/1p2_Ar_007.wav,test
158,1p2,Ar,COPD,3,train,/Users/vs/Sem 5/Respiratory-Disease-Classification/data/processed/audio/cycles/158/1p2_Ar_008.wav,test
158,1p2,Ll,COPD,3,train,/Users/vs/Sem 5/Respiratory-Disease-Classification/data/processed/audio/cycles/158/1p2_Ll_001.wav,test
158,1p2,Ll,COPD,3,train,/Users/vs/Sem 5/Respiratory-Disease-Classification/data/processed/audio/cycles/158/1p2_Ll_002.wav,test
158,1p2,Ll,COPD,3,train,/Users/vs/Sem 5/Respiratory-Disease-Classification/data/processed/audio/cycles/158/1p2_Ll_003.wav,test
158,1p2,Ll,COPD,3,train,/Users/vs/Sem 5/Respiratory-Disease-Classification/data/processed/audio/cycles/158/1p2_Ll_004.wav,test
158,1p2,Ll,COPD,3,train,/Users/vs/Sem 5/Respiratory-Disease-Classification/data/processed/audio/cycles/158/1p2_Ll_005.wav,test
158,1p2,Ll,COPD,3,train,/Users/vs/Sem 5/Respiratory-Disease-Classification/data/processed/audio/cycles/158/1p2_Ll_006.wav,test
158,1p2,Ll,COPD,3,train,/Users/vs/Sem 5/Respiratory-Disease-Classification/data/processed/audio/cycles/158/1p2_Ll_007.wav,test
158,1p2,Ll,COPD,3,train,/Users/vs/Sem 5/Respiratory-Disease-Classification/data/processed/audio/cycles/158/1p2_Ll_008.wav,test
158,1p2,Lr,COPD,3,train,/Users/vs/Sem 5/Respiratory-Disease-Classification/data/processed/audio/cycles/158/1p2_Lr_001.wav,test
158,1p2,Lr,COPD,3,train,/Users/vs/Sem 5/Respiratory-Disease-Classification/data/processed/audio/cycles/158/1p2_Lr_002.wav,test
158,1p2,Lr,COPD,3,train,/Users/vs/Sem 5/Respiratory-Disease-Classification/data/processed/audio/cycles/158/1p2_Lr_003.wav,test
158,1p2,Lr,COPD,3,train,/Users/vs/Sem 5/Respiratory-Disease-Classification/data/processed/audio/cycles/158/1p2_Lr_004.wav,test
158,1p2,Lr,COPD,3,train,/Users/vs/Sem 5/Respiratory-Disease-Classification/data/processed/audio/cycles/158/1p2_Lr_005.wav,test
158,1p2,Lr,COPD,3,train,/Users/vs/Sem 5/Respiratory-Disease-Classification/data/processed/audio/cycles/158/1p2_Lr_006.wav,test
158,1p2,Lr,COPD,3,train,/Users/vs/Sem 5/Respiratory-Disease-Classification/data/processed/audio/cycles/158/1p2_Lr_007.wav,test
158,1p2,Lr,COPD,3,train,/Users/vs/Sem 5/Respiratory-Disease-Classification/data/processed/audio/cycles/158/1p2_Lr_008.wav,test
158,1p2,Pl,COPD,3,train,/Users/vs/Sem 5/Respiratory-Disease-Classification/data/processed/audio/cycles/158/1p2_Pl_001.wav,test
158,1p2,Pl,COPD,3,train,/Users/vs/Sem 5/Respiratory-Disease-Classification/data/processed/audio/cycles/158/1p2_Pl_002.wav,test
158,1p2,Pl,COPD,3,train,/Users/vs/Sem 5/Respiratory-Disease-Classification/data/processed/audio/cycles/158/1p2_Pl_003.wav,test
158,1p2,Pl,COPD,3,train,/Users/vs/Sem 5/Respiratory-Disease-Classification/data/processed/audio/cycles/158/1p2_Pl_004.wav,test
158,1p2,Pl,COPD,3,train,/Users/vs/Sem 5/Respiratory-Disease-Classification/data/processed/audio/cycles/158/1p2_Pl_005.wav,test
158,1p2,Pl,COPD,3,train,/Users/vs/Sem 5/Respiratory-Disease-Classification/data/processed/audio/cycles/158/1p2_Pl_006.wav,test
158,1p2,Pl,COPD,3,train,/Users/vs/Sem 5/Respiratory-Disease-Classification/data/processed/audio/cycles/158/1p2_Pl_007.wav,test
158,1p2,Pl,COPD,3,train,/Users/vs/Sem 5/Respiratory-Disease-Classification/data/processed/audio/cycles/158/1p2_Pl_008.wav,test
158,1p2,Pr,COPD,3,train,/Users/vs/Sem 5/Respiratory-Disease-Classification/data/processed/audio/cycles/158/1p2_Pr_001.wav,test
158,1p2,Pr,COPD,3,train,/Users/vs/Sem 5/Respiratory-Disease-Classification/data/processed/audio/cycles/158/1p2_Pr_002.wav,test
158,1p2,Pr,COPD,3,train,/Users/vs/Sem 5/Respiratory-Disease-Classification/data/processed/audio/cycles/158/1p2_Pr_003.wav,test
158,1p2,Pr,COPD,3,train,/Users/vs/Sem 5/Respiratory-Disease-Classification/data/processed/audio/cycles/158/1p2_Pr_004.wav,test
158,1p2,Pr,COPD,3,train,/Users/vs/Sem 5/Respiratory-Disease-Classification/data/processed/audio/cycles/158/1p2_Pr_005.wav,test
158,1p2,Pr,COPD,3,train,/Users/vs/Sem 5/Respiratory-Disease-Classification/data/processed/audio/cycles/158/1p2_Pr_006.wav,test
158,1p2,Pr,COPD,3,train,/Users/vs/Sem 5/Respiratory-Disease-Classification/data/processed/audio/cycles/158/1p2_Pr_007.wav,test
158,1p2,Pr,COPD,3,train,/Users/vs/Sem 5/Respiratory-Disease-Classification/data/processed/audio/cycles/158/1p2_Pr_008.wav,test
158,1p2,Tc,COPD,3,train,/Users/vs/Sem 5/Respiratory-Disease-Classification/data/processed/audio/cycles/158/1p2_Tc_001.wav,test
158,1p2,Tc,COPD,3,train,/Users/vs/Sem 5/Respiratory-Disease-Classification/data/processed/audio/cycles/158/1p2_Tc_002.wav,test
158,1p2,Tc,COPD,3,train,/Users/vs/Sem 5/Respiratory-Disease-Classification/data/processed/audio/cycles/158/1p2_Tc_003.wav,test
158,1p2,Tc,COPD,3,train,/Users/vs/Sem 5/Respiratory-Disease-Classification/data/processed/audio/cycles/158/1p2_Tc_004.wav,test
158,1p2,Tc,COPD,3,train,/Users/vs/Sem 5/Respiratory-Disease-Classification/data/processed/audio/cycles/158/1p2_Tc_005.wav,test
158,1p2,Tc,COPD,3,train,/Users/vs/Sem 5/Respiratory-Disease-Classification/data/processed/audio/cycles/158/1p2_Tc_006.wav,test
158,1p2,Tc,COPD,3,train,/Users/vs/Sem 5/Respiratory-Disease-Classification/data/processed/audio/cycles/158/1p2_Tc_007.wav,test
158,1p2,Tc,COPD,3,train,/Users/vs/Sem 5/Respiratory-Disease-Classification/data/processed/audio/cycles/158/1p2_Tc_008.wav,test
158,1p3,Al,COPD,3,train,/Users/vs/Sem 5/Respiratory-Disease-Classification/data/processed/audio/cycles/158/1p3_Al_001.wav,test
158,1p3,Al,COPD,3,train,/Users/vs/Sem 5/Respiratory-Disease-Classification/data/processed/audio/cycles/158/1p3_Al_002.wav,test
158,1p3,Al,COPD,3,train,/Users/vs/Sem 5/Respiratory-Disease-Classification/data/processed/audio/cycles/158/1p3_Al_003.wav,test
158,1p3,Al,COPD,3,train,/Users/vs/Sem 5/Respiratory-Disease-Classification/data/processed/audio/cycles/158/1p3_Al_004.wav,test
158,1p3,Al,COPD,3,train,/Users/vs/Sem 5/Respiratory-Disease-Classification/data/processed/audio/cycles/158/1p3_Al_005.wav,test
158,1p3,Al,COPD,3,train,/Users/vs/Sem 5/Respiratory-Disease-Classification/data/processed/audio/cycles/158/1p3_Al_006.wav,test
158,1p3,Al,COPD,3,train,/Users/vs/Sem 5/Respiratory-Disease-Classification/data/processed/audio/cycles/158/1p3_Al_007.wav,test
158,1p3,Al,COPD,3,train,/Users/vs/Sem 5/Respiratory-Disease-Classification/data/processed/audio/cycles/158/1p3_Al_008.wav,test
158,1p3,Al,COPD,3,train,/Users/vs/Sem 5/Respiratory-Disease-Classification/data/processed/audio/cycles/158/1p3_Al_009.wav,test
158,1p3,Ar,COPD,3,train,/Users/vs/Sem 5/Respiratory-Disease-Classification/data/processed/audio/cycles/158/1p3_Ar_001.wav,test
158,1p3,Ar,COPD,3,train,/Users/vs/Sem 5/Respiratory-Disease-Classification/data/processed/audio/cycles/158/1p3_Ar_002.wav,test
158,1p3,Ar,COPD,3,train,/Users/vs/Sem 5/Respiratory-Disease-Classification/data/processed/audio/cycles/158/1p3_Ar_003.wav,test
158,1p3,Ar,COPD,3,train,/Users/vs/Sem 5/Respiratory-Disease-Classification/data/processed/audio/cycles/158/1p3_Ar_004.wav,test
158,1p3,Ar,COPD,3,train,/Users/vs/Sem 5/Respiratory-Disease-Classification/data/processed/audio/cycles/158/1p3_Ar_005.wav,test
158,1p3,Ar,COPD,3,train,/Users/vs/Sem 5/Respiratory-Disease-Classification/data/processed/audio/cycles/158/1p3_Ar_006.wav,test
158,1p3,Ar,COPD,3,train,/Users/vs/Sem 5/Respiratory-Disease-Classification/data/processed/audio/cycles/158/1p3_Ar_007.wav,test
158,1p3,Ar,COPD,3,train,/Users/vs/Sem 5/Respiratory-Disease-Classification/data/processed/audio/cycles/158/1p3_Ar_008.wav,test
158,1p3,Ar,COPD,3,train,/Users/vs/Sem 5/Respiratory-Disease-Classification/data/processed/audio/cycles/158/1p3_Ar_009.wav,test
158,1p3,Ll,COPD,3,train,/Users/vs/Sem 5/Respiratory-Disease-Classification/data/processed/audio/cycles/158/1p3_Ll_001.wav,test
158,1p3,Ll,COPD,3,train,/Users/vs/Sem 5/Respiratory-Disease-Classification/data/processed/audio/cycles/158/1p3_Ll_002.wav,test
158,1p3,Ll,COPD,3,train,/Users/vs/Sem 5/Respiratory-Disease-Classification/data/processed/audio/cycles/158/1p3_Ll_003.wav,test
158,1p3,Ll,COPD,3,train,/Users/vs/Sem 5/Respiratory-Disease-Classification/data/processed/audio/cycles/158/1p3_Ll_004.wav,test
158,1p3,Ll,COPD,3,train,/Users/vs/Sem 5/Respiratory-Disease-Classification/data/processed/audio/cycles/158/1p3_Ll_005.wav,test
158,1p3,Ll,COPD,3,train,/Users/vs/Sem 5/Respiratory-Disease-Classification/data/processed/audio/cycles/158/1p3_Ll_006.wav,test
158,1p3,Ll,COPD,3,train,/Users/vs/Sem 5/Respiratory-Disease-Classification/data/processed/audio/cycles/158/1p3_Ll_007.wav,test
158,1p3,Ll,COPD,3,train,/Users/vs/Sem 5/Respiratory-Disease-Classification/data/processed/audio/cycles/158/1p3_Ll_008.wav,test
158,1p3,Ll,COPD,3,train,/Users/vs/Sem 5/Respiratory-Disease-Classification/data/processed/audio/cycles/158/1p3_Ll_009.wav,test
158,1p3,Lr,COPD,3,train,/Users/vs/Sem 5/Respiratory-Disease-Classification/data/processed/audio/cycles/158/1p3_Lr_001.wav,test
158,1p3,Lr,COPD,3,train,/Users/vs/Sem 5/Respiratory-Disease-Classification/data/processed/audio/cycles/158/1p3_Lr_002.wav,test
158,1p3,Lr,COPD,3,train,/Users/vs/Sem 5/Respiratory-Disease-Classification/data/processed/audio/cycles/158/1p3_Lr_003.wav,test
158,1p3,Lr,COPD,3,train,/Users/vs/Sem 5/Respiratory-Disease-Classification/data/processed/audio/cycles/158/1p3_Lr_004.wav,test
158,1p3,Lr,COPD,3,train,/Users/vs/Sem 5/Respiratory-Disease-Classification/data/processed/audio/cycles/158/1p3_Lr_005.wav,test
158,1p3,Lr,COPD,3,train,/Users/vs/Sem 5/Respiratory-Disease-Classification/data/processed/audio/cycles/158/1p3_Lr_006.wav,test
158,1p3,Lr,COPD,3,train,/Users/vs/Sem 5/Respiratory-Disease-Classification/data/processed/audio/cycles/158/1p3_Lr_007.wav,test
158,1p3,Lr,COPD,3,train,/Users/vs/Sem 5/Respiratory-Disease-Classification/data/processed/audio/cycles/158/1p3_Lr_008.wav,test
158,1p3,Lr,COPD,3,train,/Users/vs/Sem 5/Respiratory-Disease-Classification/data/processed/audio/cycles/158/1p3_Lr_009.wav,test
158,1p3,Pl,COPD,3,train,/Users/vs/Sem 5/Respiratory-Disease-Classification/data/processed/audio/cycles/158/1p3_Pl_001.wav,test
158,1p3,Pl,COPD,3,train,/Users/vs/Sem 5/Respiratory-Disease-Classification/data/processed/audio/cycles/158/1p3_Pl_002.wav,test
158,1p3,Pl,COPD,3,train,/Users/vs/Sem 5/Respiratory-Disease-Classification/data/processed/audio/cycles/158/1p3_Pl_003.wav,test
158,1p3,Pl,COPD,3,train,/Users/vs/Sem 5/Respiratory-Disease-Classification/data/processed/audio/cycles/158/1p3_Pl_004.wav,test
158,1p3,Pl,COPD,3,train,/Users/vs/Sem 5/Respiratory-Disease-Classification/data/processed/audio/cycles/158/1p3_Pl_005.wav,test
158,1p3,Pl,COPD,3,train,/Users/vs/Sem 5/Respiratory-Disease-Classification/data/processed/audio/cycles/158/1p3_Pl_006.wav,test
158,1p3,Pl,COPD,3,train,/Users/vs/Sem 5/Respiratory-Disease-Classification/data/processed/audio/cycles/158/1p3_Pl_007.wav,test
158,1p3,Pl,COPD,3,train,/Users/vs/Sem 5/Respiratory-Disease-Classification/data/processed/audio/cycles/158/1p3_Pl_008.wav,test
158,1p3,Pl,COPD,3,train,/Users/vs/Sem 5/Respiratory-Disease-Classification/data/processed/audio/cycles/158/1p3_Pl_009.wav,test
158,1p3,Pr,COPD,3,train,/Users/vs/Sem 5/Respiratory-Disease-Classification/data/processed/audio/cycles/158/1p3_Pr_001.wav,test
158,1p3,Pr,COPD,3,train,/Users/vs/Sem 5/Respiratory-Disease-Classification/data/processed/audio/cycles/158/1p3_Pr_002.wav,test
158,1p3,Pr,COPD,3,train,/Users/vs/Sem 5/Respiratory-Disease-Classification/data/processed/audio/cycles/158/1p3_Pr_003.wav,test
158,1p3,Pr,COPD,3,train,/Users/vs/Sem 5/Respiratory-Disease-Classification/data/processed/audio/cycles/158/1p3_Pr_004.wav,test
158,1p3,Pr,COPD,3,train,/Users/vs/Sem 5/Respiratory-Disease-Classification/data/processed/audio/cycles/158/1p3_Pr_005.wav,test
158,1p3,Pr,COPD,3,train,/Users/vs/Sem 5/Respiratory-Disease-Classification/data/processed/audio/cycles/158/1p3_Pr_006.wav,test
158,1p3,Pr,COPD,3,train,/Users/vs/Sem 5/Respiratory-Disease-Classification/data/processed/audio/cycles/158/1p3_Pr_007.wav,test
158,1p3,Pr,COPD,3,train,/Users/vs/Sem 5/Respiratory-Disease-Classification/data/processed/audio/cycles/158/1p3_Pr_008.wav,test
158,1p3,Pr,COPD,3,train,/Users/vs/Sem 5/Respiratory-Disease-Classification/data/processed/audio/cycles/158/1p3_Pr_009.wav,test
158,1p3,Tc,COPD,3,train,/Users/vs/Sem 5/Respiratory-Disease-Classification/data/processed/audio/cycles/158/1p3_Tc_001.wav,test
158,1p3,Tc,COPD,3,train,/Users/vs/Sem 5/Respiratory-Disease-Classification/data/processed/audio/cycles/158/1p3_Tc_002.wav,test
158,1p3,Tc,COPD,3,train,/Users/vs/Sem 5/Respiratory-Disease-Classification/data/processed/audio/cycles/158/1p3_Tc_003.wav,test
158,1p3,Tc,COPD,3,train,/Users/vs/Sem 5/Respiratory-Disease-Classification/data/processed/audio/cycles/158/1p3_Tc_004.wav,test
158,1p3,Tc,COPD,3,train,/Users/vs/Sem 5/Respiratory-Disease-Classification/data/processed/audio/cycles/158/1p3_Tc_005.wav,test
158,1p3,Tc,COPD,3,train,/Users/vs/Sem 5/Respiratory-Disease-Classification/data/processed/audio/cycles/158/1p3_Tc_006.wav,test
158,1p3,Tc,COPD,3,train,/Users/vs/Sem 5/Respiratory-Disease-Classification/data/processed/audio/cycles/158/1p3_Tc_007.wav,test
158,1p3,Tc,COPD,3,train,/Users/vs/Sem 5/Respiratory-Disease-Classification/data/processed/audio/cycles/158/1p3_Tc_008.wav,test
158,1p3,Tc,COPD,3,train,/Users/vs/Sem 5/Respiratory-Disease-Classification/data/processed/audio/cycles/158/1p3_Tc_009.wav,test
158,1p4,Al,COPD,3,train,/Users/vs/Sem 5/Respiratory-Disease-Classification/data/processed/audio/cycles/158/1p4_Al_001.wav,test
158,1p4,Al,COPD,3,train,/Users/vs/Sem 5/Respiratory-Disease-Classification/data/processed/audio/cycles/158/1p4_Al_002.wav,test
158,1p4,Al,COPD,3,train,/Users/vs/Sem 5/Respiratory-Disease-Classification/data/processed/audio/cycles/158/1p4_Al_003.wav,test
158,1p4,Al,COPD,3,train,/Users/vs/Sem 5/Respiratory-Disease-Classification/data/processed/audio/cycles/158/1p4_Al_004.wav,test
158,1p4,Al,COPD,3,train,/Users/vs/Sem 5/Respiratory-Disease-Classification/data/processed/audio/cycles/158/1p4_Al_005.wav,test
158,1p4,Al,COPD,3,train,/Users/vs/Sem 5/Respiratory-Disease-Classification/data/processed/audio/cycles/158/1p4_Al_006.wav,test
158,1p4,Al,COPD,3,train,/Users/vs/Sem 5/Respiratory-Disease-Classification/data/processed/audio/cycles/158/1p4_Al_007.wav,test
158,1p4,Al,COPD,3,train,/Users/vs/Sem 5/Respiratory-Disease-Classification/data/processed/audio/cycles/158/1p4_Al_008.wav,test
158,1p4,Al,COPD,3,train,/Users/vs/Sem 5/Respiratory-Disease-Classification/data/processed/audio/cycles/158/1p4_Al_009.wav,test
158,1p4,Ar,COPD,3,train,/Users/vs/Sem 5/Respiratory-Disease-Classification/data/processed/audio/cycles/158/1p4_Ar_001.wav,test
158,1p4,Ar,COPD,3,train,/Users/vs/Sem 5/Respiratory-Disease-Classification/data/processed/audio/cycles/158/1p4_Ar_002.wav,test
158,1p4,Ar,COPD,3,train,/Users/vs/Sem 5/Respiratory-Disease-Classification/data/processed/audio/cycles/158/1p4_Ar_003.wav,test
158,1p4,Ar,COPD,3,train,/Users/vs/Sem 5/Respiratory-Disease-Classification/data/processed/audio/cycles/158/1p4_Ar_004.wav,test
158,1p4,Ar,COPD,3,train,/Users/vs/Sem 5/Respiratory-Disease-Classification/data/processed/audio/cycles/158/1p4_Ar_005.wav,test
158,1p4,Ar,COPD,3,train,/Users/vs/Sem 5/Respiratory-Disease-Classification/data/processed/audio/cycles/158/1p4_Ar_006.wav,test
158,1p4,Ar,COPD,3,train,/Users/vs/Sem 5/Respiratory-Disease-Classification/data/processed/audio/cycles/158/1p4_Ar_007.wav,test
158,1p4,Ar,COPD,3,train,/Users/vs/Sem 5/Respiratory-Disease-Classification/data/processed/audio/cycles/158/1p4_Ar_008.wav,test
158,1p4,Ar,COPD,3,train,/Users/vs/Sem 5/Respiratory-Disease-Classification/data/processed/audio/cycles/158/1p4_Ar_009.wav,test
158,1p4,Lr,COPD,3,train,/Users/vs/Sem 5/Respiratory-Disease-Classification/data/processed/audio/cycles/158/1p4_Lr_001.wav,test
158,1p4,Lr,COPD,3,train,/Users/vs/Sem 5/Respiratory-Disease-Classification/data/processed/audio/cycles/158/1p4_Lr_002.wav,test
158,1p4,Lr,COPD,3,train,/Users/vs/Sem 5/Respiratory-Disease-Classification/data/processed/audio/cycles/158/1p4_Lr_003.wav,test
158,1p4,Lr,COPD,3,train,/Users/vs/Sem 5/Respiratory-Disease-Classification/data/processed/audio/cycles/158/1p4_Lr_004.wav,test
158,1p4,Lr,COPD,3,train,/Users/vs/Sem 5/Respiratory-Disease-Classification/data/processed/audio/cycles/158/1p4_Lr_005.wav,test
158,1p4,Lr,COPD,3,train,/Users/vs/Sem 5/Respiratory-Disease-Classification/data/processed/audio/cycles/158/1p4_Lr_006.wav,test
158,1p4,Lr,COPD,3,train,/Users/vs/Sem 5/Respiratory-Disease-Classification/data/processed/audio/cycles/158/1p4_Lr_007.wav,test
158,1p4,Lr,COPD,3,train,/Users/vs/Sem 5/Respiratory-Disease-Classification/data/processed/audio/cycles/158/1p4_Lr_008.wav,test
158,1p4,Lr,COPD,3,train,/Users/vs/Sem 5/Respiratory-Disease-Classification/data/processed/audio/cycles/158/1p4_Lr_009.wav,test
158,1p4,Pl,COPD,3,train,/Users/vs/Sem 5/Respiratory-Disease-Classification/data/processed/audio/cycles/158/1p4_Pl_001.wav,test
158,1p4,Pl,COPD,3,train,/Users/vs/Sem 5/Respiratory-Disease-Classification/data/processed/audio/cycles/158/1p4_Pl_002.wav,test
158,1p4,Pl,COPD,3,train,/Users/vs/Sem 5/Respiratory-Disease-Classification/data/processed/audio/cycles/158/1p4_Pl_003.wav,test
158,1p4,Pl,COPD,3,train,/Users/vs/Sem 5/Respiratory-Disease-Classification/data/processed/audio/cycles/158/1p4_Pl_004.wav,test
158,1p4,Pl,COPD,3,train,/Users/vs/Sem 5/Respiratory-Disease-Classification/data/processed/audio/cycles/158/1p4_Pl_005.wav,test
158,1p4,Pl,COPD,3,train,/Users/vs/Sem 5/Respiratory-Disease-Classification/data/processed/audio/cycles/158/1p4_Pl_006.wav,test
158,1p4,Pl,COPD,3,train,/Users/vs/Sem 5/Respiratory-Disease-Classification/data/processed/audio/cycles/158/1p4_Pl_007.wav,test
158,1p4,Pl,COPD,3,train,/Users/vs/Sem 5/Respiratory-Disease-Classification/data/processed/audio/cycles/158/1p4_Pl_008.wav,test
158,1p4,Pl,COPD,3,train,/Users/vs/Sem 5/Respiratory-Disease-Classification/data/processed/audio/cycles/158/1p4_Pl_009.wav,test
158,1p4,Pr,COPD,3,train,/Users/vs/Sem 5/Respiratory-Disease-Classification/data/processed/audio/cycles/158/1p4_Pr_001.wav,test
158,1p4,Pr,COPD,3,train,/Users/vs/Sem 5/Respiratory-Disease-Classification/data/processed/audio/cycles/158/1p4_Pr_002.wav,test
158,1p4,Pr,COPD,3,train,/Users/vs/Sem 5/Respiratory-Disease-Classification/data/processed/audio/cycles/158/1p4_Pr_003.wav,test
158,1p4,Pr,COPD,3,train,/Users/vs/Sem 5/Respiratory-Disease-Classification/data/processed/audio/cycles/158/1p4_Pr_004.wav,test
158,1p4,Pr,COPD,3,train,/Users/vs/Sem 5/Respiratory-Disease-Classification/data/processed/audio/cycles/158/1p4_Pr_005.wav,test
158,1p4,Pr,COPD,3,train,/Users/vs/Sem 5/Respiratory-Disease-Classification/data/processed/audio/cycles/158/1p4_Pr_006.wav,test
158,1p4,Pr,COPD,3,train,/Users/vs/Sem 5/Respiratory-Disease-Classification/data/processed/audio/cycles/158/1p4_Pr_007.wav,test
158,1p4,Pr,COPD,3,train,/Users/vs/Sem 5/Respiratory-Disease-Classification/data/processed/audio/cycles/158/1p4_Pr_008.wav,test
158,1p4,Pr,COPD,3,train,/Users/vs/Sem 5/Respiratory-Disease-Classification/data/processed/audio/cycles/158/1p4_Pr_009.wav,test
158,1p4,Tc,COPD,3,train,/Users/vs/Sem 5/Respiratory-Disease-Classification/data/processed/audio/cycles/158/1p4_Tc_001.wav,test
158,1p4,Tc,COPD,3,train,/Users/vs/Sem 5/Respiratory-Disease-Classification/data/processed/audio/cycles/158/1p4_Tc_002.wav,test
158,1p4,Tc,COPD,3,train,/Users/vs/Sem 5/Respiratory-Disease-Classification/data/processed/audio/cycles/158/1p4_Tc_003.wav,test
158,1p4,Tc,COPD,3,train,/Users/vs/Sem 5/Respiratory-Disease-Classification/data/processed/audio/cycles/158/1p4_Tc_004.wav,test
158,1p4,Tc,COPD,3,train,/Users/vs/Sem 5/Respiratory-Disease-Classification/data/processed/audio/cycles/158/1p4_Tc_005.wav,test
158,1p4,Tc,COPD,3,train,/Users/vs/Sem 5/Respiratory-Disease-Classification/data/processed/audio/cycles/158/1p4_Tc_006.wav,test
158,1p4,Tc,COPD,3,train,/Users/vs/Sem 5/Respiratory-Disease-Classification/data/processed/audio/cycles/158/1p4_Tc_007.wav,test
158,1p4,Tc,COPD,3,train,/Users/vs/Sem 5/Respiratory-Disease-Classification/data/processed/audio/cycles/158/1p4_Tc_008.wav,test
158,1p4,Tc,COPD,3,train,/Users/vs/Sem 5/Respiratory-Disease-Classification/data/processed/audio/cycles/158/1p4_Tc_009.wav,test
158,2p2,Ar,COPD,3,train,/Users/vs/Sem 5/Respiratory-Disease-Classification/data/processed/audio/cycles/158/2p2_Ar_001.wav,test
158,2p2,Ar,COPD,3,train,/Users/vs/Sem 5/Respiratory-Disease-Classification/data/processed/audio/cycles/158/2p2_Ar_002.wav,test
158,2p2,Ar,COPD,3,train,/Users/vs/Sem 5/Respiratory-Disease-Classification/data/processed/audio/cycles/158/2p2_Ar_003.wav,test
158,2p2,Ar,COPD,3,train,/Users/vs/Sem 5/Respiratory-Disease-Classification/data/processed/audio/cycles/158/2p2_Ar_004.wav,test
158,2p2,Ar,COPD,3,train,/Users/vs/Sem 5/Respiratory-Disease-Classification/data/processed/audio/cycles/158/2p2_Ar_005.wav,test
158,2p2,Ar,COPD,3,train,/Users/vs/Sem 5/Respiratory-Disease-Classification/data/processed/audio/cycles/158/2p2_Ar_006.wav,test
158,2p2,Ar,COPD,3,train,/Users/vs/Sem 5/Respiratory-Disease-Classification/data/processed/audio/cycles/158/2p2_Ar_007.wav,test
158,2p2,Ar,COPD,3,train,/Users/vs/Sem 5/Respiratory-Disease-Classification/data/processed/audio/cycles/158/2p2_Ar_008.wav,test
158,2p2,Ar,COPD,3,train,/Users/vs/Sem 5/Respiratory-Disease-Classification/data/processed/audio/cycles/158/2p2_Ar_009.wav,test
158,2p3,Lr,COPD,3,train,/Users/vs/Sem 5/Respiratory-Disease-Classification/data/processed/audio/cycles/158/2p3_Lr_001.wav,test
158,2p3,Lr,COPD,3,train,/Users/vs/Sem 5/Respiratory-Disease-Classification/data/processed/audio/cycles/158/2p3_Lr_002.wav,test
158,2p3,Lr,COPD,3,train,/Users/vs/Sem 5/Respiratory-Disease-Classification/data/processed/audio/cycles/158/2p3_Lr_003.wav,test
158,2p3,Lr,COPD,3,train,/Users/vs/Sem 5/Respiratory-Disease-Classification/data/processed/audio/cycles/158/2p3_Lr_004.wav,test
158,2p3,Lr,COPD,3,train,/Users/vs/Sem 5/Respiratory-Disease-Classification/data/processed/audio/cycles/158/2p3_Lr_005.wav,test
158,2p3,Lr,COPD,3,train,/Users/vs/Sem 5/Respiratory-Disease-Classification/data/processed/audio/cycles/158/2p3_Lr_006.wav,test
158,2p3,Lr,COPD,3,train,/Users/vs/Sem 5/Respiratory-Disease-Classification/data/processed/audio/cycles/158/2p3_Lr_007.wav,test
158,2p3,Lr,COPD,3,train,/Users/vs/Sem 5/Respiratory-Disease-Classification/data/processed/audio/cycles/158/2p3_Lr_008.wav,test
158,2p3,Lr,COPD,3,train,/Users/vs/Sem 5/Respiratory-Disease-Classification/data/processed/audio/cycles/158/2p3_Lr_009.wav,test
158,2p3,Lr,COPD,3,train,/Users/vs/Sem 5/Respiratory-Disease-Classification/data/processed/audio/cycles/158/2p3_Lr_010.wav,test
158,2p3,Lr,COPD,3,train,/Users/vs/Sem 5/Respiratory-Disease-Classification/data/processed/audio/cycles/158/2p3_Lr_011.wav,test
158,2p3,Lr,COPD,3,train,/Users/vs/Sem 5/Respiratory-Disease-Classification/data/processed/audio/cycles/158/2p3_Lr_012.wav,test
158,2p3,Tc,COPD,3,train,/Users/vs/Sem 5/Respiratory-Disease-Classification/data/processed/audio/cycles/158/2p3_Tc_001.wav,test
158,2p3,Tc,COPD,3,train,/Users/vs/Sem 5/Respiratory-Disease-Classification/data/processed/audio/cycles/158/2p3_Tc_002.wav,test
158,2p3,Tc,COPD,3,train,/Users/vs/Sem 5/Respiratory-Disease-Classification/data/processed/audio/cycles/158/2p3_Tc_003.wav,test
158,2p3,Tc,COPD,3,train,/Users/vs/Sem 5/Respiratory-Disease-Classification/data/processed/audio/cycles/158/2p3_Tc_004.wav,test
158,2p3,Tc,COPD,3,train,/Users/vs/Sem 5/Respiratory-Disease-Classification/data/processed/audio/cycles/158/2p3_Tc_005.wav,test
158,2p3,Tc,COPD,3,train,/Users/vs/Sem 5/Respiratory-Disease-Classification/data/processed/audio/cycles/158/2p3_Tc_006.wav,test
158,2p3,Tc,COPD,3,train,/Users/vs/Sem 5/Respiratory-Disease-Classification/data/processed/audio/cycles/158/2p3_Tc_007.wav,test
158,2p3,Tc,COPD,3,train,/Users/vs/Sem 5/Respiratory-Disease-Classification/data/processed/audio/cycles/158/2p3_Tc_008.wav,test
158,2p3,Tc,COPD,3,train,/Users/vs/Sem 5/Respiratory-Disease-Classification/data/processed/audio/cycles/158/2p3_Tc_009.wav,test
158,2p3,Tc,COPD,3,train,/Users/vs/Sem 5/Respiratory-Disease-Classification/data/processed/audio/cycles/158/2p3_Tc_010.wav,test
158,2p3,Tc,COPD,3,train,/Users/vs/Sem 5/Respiratory-Disease-Classification/data/processed/audio/cycles/158/2p3_Tc_011.wav,test
158,2p3,Tc,COPD,3,train,/Users/vs/Sem 5/Respiratory-Disease-Classification/data/processed/audio/cycles/158/2p3_Tc_012.wav,test
159,1b1,Al,Healthy,4,train,/Users/vs/Sem 5/Respiratory-Disease-Classification/data/processed/audio/cycles/159/1b1_Al_001.wav,test
159,1b1,Al,Healthy,4,train,/Users/vs/Sem 5/Respiratory-Disease-Classification/data/processed/audio/cycles/159/1b1_Al_002.wav,test
159,1b1,Al,Healthy,4,train,/Users/vs/Sem 5/Respiratory-Disease-Classification/data/processed/audio/cycles/159/1b1_Al_003.wav,test
159,1b1,Al,Healthy,4,train,/Users/vs/Sem 5/Respiratory-Disease-Classification/data/processed/audio/cycles/159/1b1_Al_004.wav,test
159,1b1,Al,Healthy,4,train,/Users/vs/Sem 5/Respiratory-Disease-Classification/data/processed/audio/cycles/159/1b1_Al_005.wav,test
159,1b1,Al,Healthy,4,train,/Users/vs/Sem 5/Respiratory-Disease-Classification/data/processed/audio/cycles/159/1b1_Al_006.wav,test
159,1b1,Al,Healthy,4,train,/Users/vs/Sem 5/Respiratory-Disease-Classification/data/processed/audio/cycles/159/1b1_Al_007.wav,test
159,1b1,Al,Healthy,4,train,/Users/vs/Sem 5/Respiratory-Disease-Classification/data/processed/audio/cycles/159/1b1_Al_008.wav,test
159,1b1,Al,Healthy,4,train,/Users/vs/Sem 5/Respiratory-Disease-Classification/data/processed/audio/cycles/159/1b1_Al_009.wav,test
159,1b1,Al,Healthy,4,train,/Users/vs/Sem 5/Respiratory-Disease-Classification/data/processed/audio/cycles/159/1b1_Al_010.wav,test
159,1b1,Al,Healthy,4,train,/Users/vs/Sem 5/Respiratory-Disease-Classification/data/processed/audio/cycles/159/1b1_Al_011.wav,test
159,1b1,Al,Healthy,4,train,/Users/vs/Sem 5/Respiratory-Disease-Classification/data/processed/audio/cycles/159/1b1_Al_012.wav,test
159,1b1,Ar,Healthy,4,train,/Users/vs/Sem 5/Respiratory-Disease-Classification/data/processed/audio/cycles/159/1b1_Ar_001.wav,test
159,1b1,Ar,Healthy,4,train,/Users/vs/Sem 5/Respiratory-Disease-Classification/data/processed/audio/cycles/159/1b1_Ar_002.wav,test
159,1b1,Ar,Healthy,4,train,/Users/vs/Sem 5/Respiratory-Disease-Classification/data/processed/audio/cycles/159/1b1_Ar_003.wav,test
159,1b1,Ar,Healthy,4,train,/Users/vs/Sem 5/Respiratory-Disease-Classification/data/processed/audio/cycles/159/1b1_Ar_004.wav,test
159,1b1,Ar,Healthy,4,train,/Users/vs/Sem 5/Respiratory-Disease-Classification/data/processed/audio/cycles/159/1b1_Ar_005.wav,test
159,1b1,Ar,Healthy,4,train,/Users/vs/Sem 5/Respiratory-Disease-Classification/data/processed/audio/cycles/159/1b1_Ar_006.wav,test
159,1b1,Ar,Healthy,4,train,/Users/vs/Sem 5/Respiratory-Disease-Classification/data/processed/audio/cycles/159/1b1_Ar_007.wav,test
159,1b1,Ar,Healthy,4,train,/Users/vs/Sem 5/Respiratory-Disease-Classification/data/processed/audio/cycles/159/1b1_Ar_008.wav,test
159,1b1,Ar,Healthy,4,train,/Users/vs/Sem 5/Respiratory-Disease-Classification/data/processed/audio/cycles/159/1b1_Ar_009.wav,test
159,1b1,Ll,Healthy,4,train,/Users/vs/Sem 5/Respiratory-Disease-Classification/data/processed/audio/cycles/159/1b1_Ll_001.wav,test
159,1b1,Ll,Healthy,4,train,/Users/vs/Sem 5/Respiratory-Disease-Classification/data/processed/audio/cycles/159/1b1_Ll_002.wav,test
159,1b1,Ll,Healthy,4,train,/Users/vs/Sem 5/Respiratory-Disease-Classification/data/processed/audio/cycles/159/1b1_Ll_003.wav,test
159,1b1,Ll,Healthy,4,train,/Users/vs/Sem 5/Respiratory-Disease-Classification/data/processed/audio/cycles/159/1b1_Ll_004.wav,test
159,1b1,Ll,Healthy,4,train,/Users/vs/Sem 5/Respiratory-Disease-Classification/data/processed/audio/cycles/159/1b1_Ll_005.wav,test
159,1b1,Ll,Healthy,4,train,/Users/vs/Sem 5/Respiratory-Disease-Classification/data/processed/audio/cycles/159/1b1_Ll_006.wav,test
159,1b1,Ll,Healthy,4,train,/Users/vs/Sem 5/Respiratory-Disease-Classification/data/processed/audio/cycles/159/1b1_Ll_007.wav,test
159,1b1,Ll,Healthy,4,train,/Users/vs/Sem 5/Respiratory-Disease-Classification/data/processed/audio/cycles/159/1b1_Ll_008.wav,test
159,1b1,Ll,Healthy,4,train,/Users/vs/Sem 5/Respiratory-Disease-Classification/data/processed/audio/cycles/159/1b1_Ll_009.wav,test
159,1b1,Ll,Healthy,4,train,/Users/vs/Sem 5/Respiratory-Disease-Classification/data/processed/audio/cycles/159/1b1_Ll_010.wav,test
159,1b1,Ll,Healthy,4,train,/Users/vs/Sem 5/Respiratory-Disease-Classification/data/processed/audio/cycles/159/1b1_Ll_011.wav,test
159,1b1,Ll,Healthy,4,train,/Users/vs/Sem 5/Respiratory-Disease-Classification/data/processed/audio/cycles/159/1b1_Ll_012.wav,test
159,1b1,Pr,Healthy,4,train,/Users/vs/Sem 5/Respiratory-Disease-Classification/data/processed/audio/cycles/159/1b1_Pr_001.wav,test
159,1b1,Pr,Healthy,4,train,/Users/vs/Sem 5/Respiratory-Disease-Classification/data/processed/audio/cycles/159/1b1_Pr_002.wav,test
159,1b1,Pr,Healthy,4,train,/Users/vs/Sem 5/Respiratory-Disease-Classification/data/processed/audio/cycles/159/1b1_Pr_003.wav,test
159,1b1,Pr,Healthy,4,train,/Users/vs/Sem 5/Respiratory-Disease-Classification/data/processed/audio/cycles/159/1b1_Pr_004.wav,test
159,1b1,Pr,Healthy,4,train,/Users/vs/Sem 5/Respiratory-Disease-Classification/data/processed/audio/cycles/159/1b1_Pr_005.wav,test
159,1b1,Pr,Healthy,4,train,/Users/vs/Sem 5/Respiratory-Disease-Classification/data/processed/audio/cycles/159/1b1_Pr_006.wav,test
159,1b1,Pr,Healthy,4,train,/Users/vs/Sem 5/Respiratory-Disease-Classification/data/processed/audio/cycles/159/1b1_Pr_007.wav,test
159,1b1,Pr,Healthy,4,train,/Users/vs/Sem 5/Respiratory-Disease-Classification/data/processed/audio/cycles/159/1b1_Pr_008.wav,test
159,1b1,Pr,Healthy,4,train,/Users/vs/Sem 5/Respiratory-Disease-Classification/data/processed/audio/cycles/159/1b1_Pr_009.wav,test
160,1b2,Al,COPD,3,test,/Users/vs/Sem 5/Respiratory-Disease-Classification/data/processed/audio/cycles/160/1b2_Al_001.wav,train
160,1b2,Al,COPD,3,test,/Users/vs/Sem 5/Respiratory-Disease-Classification/data/processed/audio/cycles/160/1b2_Al_002.wav,train
160,1b2,Ar,COPD,3,test,/Users/vs/Sem 5/Respiratory-Disease-Classification/data/processed/audio/cycles/160/1b2_Ar_001.wav,train
160,1b2,Ar,COPD,3,test,/Users/vs/Sem 5/Respiratory-Disease-Classification/data/processed/audio/cycles/160/1b2_Ar_002.wav,train
160,1b2,Lr,COPD,3,test,/Users/vs/Sem 5/Respiratory-Disease-Classification/data/processed/audio/cycles/160/1b2_Lr_001.wav,train
160,1b2,Lr,COPD,3,test,/Users/vs/Sem 5/Respiratory-Disease-Classification/data/processed/audio/cycles/160/1b2_Lr_002.wav,train
160,1b2,Pl,COPD,3,test,/Users/vs/Sem 5/Respiratory-Disease-Classification/data/processed/audio/cycles/160/1b2_Pl_001.wav,train
160,1b2,Pl,COPD,3,test,/Users/vs/Sem 5/Respiratory-Disease-Classification/data/processed/audio/cycles/160/1b2_Pl_002.wav,train
160,1b2,Pr,COPD,3,test,/Users/vs/Sem 5/Respiratory-Disease-Classification/data/processed/audio/cycles/160/1b2_Pr_001.wav,train
160,1b2,Pr,COPD,3,test,/Users/vs/Sem 5/Respiratory-Disease-Classification/data/processed/audio/cycles/160/1b2_Pr_002.wav,train
160,1b2,Tc,COPD,3,test,/Users/vs/Sem 5/Respiratory-Disease-Classification/data/processed/audio/cycles/160/1b2_Tc_001.wav,train
160,1b2,Tc,COPD,3,test,/Users/vs/Sem 5/Respiratory-Disease-Classification/data/processed/audio/cycles/160/1b2_Tc_002.wav,train
160,1b3,Al,COPD,3,test,/Users/vs/Sem 5/Respiratory-Disease-Classification/data/processed/audio/cycles/160/1b3_Al_001.wav,train
160,1b3,Al,COPD,3,test,/Users/vs/Sem 5/Respiratory-Disease-Classification/data/processed/audio/cycles/160/1b3_Al_002.wav,train
160,1b3,Al,COPD,3,test,/Users/vs/Sem 5/Respiratory-Disease-Classification/data/processed/audio/cycles/160/1b3_Al_003.wav,train
160,1b3,Al,COPD,3,test,/Users/vs/Sem 5/Respiratory-Disease-Classification/data/processed/audio/cycles/160/1b3_Al_004.wav,train
160,1b3,Al,COPD,3,test,/Users/vs/Sem 5/Respiratory-Disease-Classification/data/processed/audio/cycles/160/1b3_Al_005.wav,train
160,1b3,Ar,COPD,3,test,/Users/vs/Sem 5/Respiratory-Disease-Classification/data/processed/audio/cycles/160/1b3_Ar_001.wav,train
160,1b3,Ar,COPD,3,test,/Users/vs/Sem 5/Respiratory-Disease-Classification/data/processed/audio/cycles/160/1b3_Ar_002.wav,train
160,1b3,Ar,COPD,3,test,/Users/vs/Sem 5/Respiratory-Disease-Classification/data/processed/audio/cycles/160/1b3_Ar_003.wav,train
160,1b3,Ar,COPD,3,test,/Users/vs/Sem 5/Respiratory-Disease-Classification/data/processed/audio/cycles/160/1b3_Ar_004.wav,train
160,1b3,Ar,COPD,3,test,/Users/vs/Sem 5/Respiratory-Disease-Classification/data/processed/audio/cycles/160/1b3_Ar_005.wav,train
160,1b3,Lr,COPD,3,test,/Users/vs/Sem 5/Respiratory-Disease-Classification/data/processed/audio/cycles/160/1b3_Lr_001.wav,train
160,1b3,Lr,COPD,3,test,/Users/vs/Sem 5/Respiratory-Disease-Classification/data/processed/audio/cycles/160/1b3_Lr_002.wav,train
160,1b3,Lr,COPD,3,test,/Users/vs/Sem 5/Respiratory-Disease-Classification/data/processed/audio/cycles/160/1b3_Lr_003.wav,train
160,1b3,Lr,COPD,3,test,/Users/vs/Sem 5/Respiratory-Disease-Classification/data/processed/audio/cycles/160/1b3_Lr_004.wav,train
160,1b3,Lr,COPD,3,test,/Users/vs/Sem 5/Respiratory-Disease-Classification/data/processed/audio/cycles/160/1b3_Lr_005.wav,train
160,1b3,Pl,COPD,3,test,/Users/vs/Sem 5/Respiratory-Disease-Classification/data/processed/audio/cycles/160/1b3_Pl_001.wav,train
160,1b3,Pl,COPD,3,test,/Users/vs/Sem 5/Respiratory-Disease-Classification/data/processed/audio/cycles/160/1b3_Pl_002.wav,train
160,1b3,Pl,COPD,3,test,/Users/vs/Sem 5/Respiratory-Disease-Classification/data/processed/audio/cycles/160/1b3_Pl_003.wav,train
160,1b3,Pl,COPD,3,test,/Users/vs/Sem 5/Respiratory-Disease-Classification/data/processed/audio/cycles/160/1b3_Pl_004.wav,train
160,1b3,Pl,COPD,3,test,/Users/vs/Sem 5/Respiratory-Disease-Classification/data/processed/audio/cycles/160/1b3_Pl_005.wav,train
160,1b3,Pr,COPD,3,test,/Users/vs/Sem 5/Respiratory-Disease-Classification/data/processed/audio/cycles/160/1b3_Pr_001.wav,train
160,1b3,Pr,COPD,3,test,/Users/vs/Sem 5/Respiratory-Disease-Classification/data/processed/audio/cycles/160/1b3_Pr_002.wav,train
160,1b3,Pr,COPD,3,test,/Users/vs/Sem 5/Respiratory-Disease-Classification/data/processed/audio/cycles/160/1b3_Pr_003.wav,train
160,1b3,Pr,COPD,3,test,/Users/vs/Sem 5/Respiratory-Disease-Classification/data/processed/audio/cycles/160/1b3_Pr_004.wav,train
160,1b3,Pr,COPD,3,test,/Users/vs/Sem 5/Respiratory-Disease-Classification/data/processed/audio/cycles/160/1b3_Pr_005.wav,train
160,1b3,Tc,COPD,3,test,/Users/vs/Sem 5/Respiratory-Disease-Classification/data/processed/audio/cycles/160/1b3_Tc_001.wav,train
160,1b3,Tc,COPD,3,test,/Users/vs/Sem 5/Respiratory-Disease-Classification/data/processed/audio/cycles/160/1b3_Tc_002.wav,train
160,1b3,Tc,COPD,3,test,/Users/vs/Sem 5/Respiratory-Disease-Classification/data/processed/audio/cycles/160/1b3_Tc_003.wav,train
160,1b3,Tc,COPD,3,test,/Users/vs/Sem 5/Respiratory-Disease-Classification/data/processed/audio/cycles/160/1b3_Tc_004.wav,train
160,1b3,Tc,COPD,3,test,/Users/vs/Sem 5/Respiratory-Disease-Classification/data/processed/audio/cycles/160/1b3_Tc_005.wav,train
160,1b4,Al,COPD,3,test,/Users/vs/Sem 5/Respiratory-Disease-Classification/data/processed/audio/cycles/160/1b4_Al_001.wav,train
160,1b4,Al,COPD,3,test,/Users/vs/Sem 5/Respiratory-Disease-Classification/data/processed/audio/cycles/160/1b4_Al_002.wav,train
160,1b4,Al,COPD,3,test,/Users/vs/Sem 5/Respiratory-Disease-Classification/data/processed/audio/cycles/160/1b4_Al_003.wav,train
160,1b4,Al,COPD,3,test,/Users/vs/Sem 5/Respiratory-Disease-Classification/data/processed/audio/cycles/160/1b4_Al_004.wav,train
160,1b4,Ar,COPD,3,test,/Users/vs/Sem 5/Respiratory-Disease-Classification/data/processed/audio/cycles/160/1b4_Ar_001.wav,train
160,1b4,Ar,COPD,3,test,/Users/vs/Sem 5/Respiratory-Disease-Classification/data/processed/audio/cycles/160/1b4_Ar_002.wav,train
160,1b4,Ar,COPD,3,test,/Users/vs/Sem 5/Respiratory-Disease-Classification/data/processed/audio/cycles/160/1b4_Ar_003.wav,train
160,1b4,Ar,COPD,3,test,/Users/vs/Sem 5/Respiratory-Disease-Classification/data/processed/audio/cycles/160/1b4_Ar_004.wav,train
160,1b4,Lr,COPD,3,test,/Users/vs/Sem 5/Respiratory-Disease-Classification/data/processed/audio/cycles/160/1b4_Lr_001.wav,train
160,1b4,Lr,COPD,3,test,/Users/vs/Sem 5/Respiratory-Disease-Classification/data/processed/audio/cycles/160/1b4_Lr_002.wav,train
160,1b4,Lr,COPD,3,test,/Users/vs/Sem 5/Respiratory-Disease-Classification/data/processed/audio/cycles/160/1b4_Lr_003.wav,train
160,1b4,Lr,COPD,3,test,/Users/vs/Sem 5/Respiratory-Disease-Classification/data/processed/audio/cycles/160/1b4_Lr_004.wav,train
160,1b4,Pl,COPD,3,test,/Users/vs/Sem 5/Respiratory-Disease-Classification/data/processed/audio/cycles/160/1b4_Pl_001.wav,train
160,1b4,Pl,COPD,3,test,/Users/vs/Sem 5/Respiratory-Disease-Classification/data/processed/audio/cycles/160/1b4_Pl_002.wav,train
160,1b4,Pl,COPD,3,test,/Users/vs/Sem 5/Respiratory-Disease-Classification/data/processed/audio/cycles/160/1b4_Pl_003.wav,train
160,1b4,Pl,COPD,3,test,/Users/vs/Sem 5/Respiratory-Disease-Classification/data/processed/audio/cycles/160/1b4_Pl_004.wav,train
160,1b4,Pr,COPD,3,test,/Users/vs/Sem 5/Respiratory-Disease-Classification/data/processed/audio/cycles/160/1b4_Pr_001.wav,train
160,1b4,Pr,COPD,3,test,/Users/vs/Sem 5/Respiratory-Disease-Classification/data/processed/audio/cycles/160/1b4_Pr_002.wav,train
160,1b4,Pr,COPD,3,test,/Users/vs/Sem 5/Respiratory-Disease-Classification/data/processed/audio/cycles/160/1b4_Pr_003.wav,train
160,1b4,Pr,COPD,3,test,/Users/vs/Sem 5/Respiratory-Disease-Classification/data/processed/audio/cycles/160/1b4_Pr_004.wav,train
160,1b4,Tc,COPD,3,test,/Users/vs/Sem 5/Respiratory-Disease-Classification/data/processed/audio/cycles/160/1b4_Tc_001.wav,train
160,1b4,Tc,COPD,3,test,/Users/vs/Sem 5/Respiratory-Disease-Classification/data/processed/audio/cycles/160/1b4_Tc_002.wav,train
160,1b4,Tc,COPD,3,test,/Users/vs/Sem 5/Respiratory-Disease-Classification/data/processed/audio/cycles/160/1b4_Tc_003.wav,train
160,1b4,Tc,COPD,3,test,/Users/vs/Sem 5/Respiratory-Disease-Classification/data/processed/audio/cycles/160/1b4_Tc_004.wav,train
160,2b3,Lr,COPD,3,test,/Users/vs/Sem 5/Respiratory-Disease-Classification/data/processed/audio/cycles/160/2b3_Lr_001.wav,train
160,2b3,Lr,COPD,3,test,/Users/vs/Sem 5/Respiratory-Disease-Classification/data/processed/audio/cycles/160/2b3_Lr_002.wav,train
160,2b3,Lr,COPD,3,test,/Users/vs/Sem 5/Respiratory-Disease-Classification/data/processed/audio/cycles/160/2b3_Lr_003.wav,train
160,2b3,Lr,COPD,3,test,/Users/vs/Sem 5/Respiratory-Disease-Classification/data/processed/audio/cycles/160/2b3_Lr_004.wav,train
160,2b3,Lr,COPD,3,test,/Users/vs/Sem 5/Respiratory-Disease-Classification/data/processed/audio/cycles/160/2b3_Lr_005.wav,train
160,2b3,Lr,COPD,3,test,/Users/vs/Sem 5/Respiratory-Disease-Classification/data/processed/audio/cycles/160/2b3_Lr_006.wav,train
160,2b3,Lr,COPD,3,test,/Users/vs/Sem 5/Respiratory-Disease-Classification/data/processed/audio/cycles/160/2b3_Lr_007.wav,train
160,2b4,Ar,COPD,3,test,/Users/vs/Sem 5/Respiratory-Disease-Classification/data/processed/audio/cycles/160/2b4_Ar_001.wav,train
160,2b4,Ar,COPD,3,test,/Users/vs/Sem 5/Respiratory-Disease-Classification/data/processed/audio/cycles/160/2b4_Ar_002.wav,train
160,2b4,Ar,COPD,3,test,/Users/vs/Sem 5/Respiratory-Disease-Classification/data/processed/audio/cycles/160/2b4_Ar_003.wav,train
160,2b4,Ar,COPD,3,test,/Users/vs/Sem 5/Respiratory-Disease-Classification/data/processed/audio/cycles/160/2b4_Ar_004.wav,train
160,2b4,Ar,COPD,3,test,/Users/vs/Sem 5/Respiratory-Disease-Classification/data/processed/audio/cycles/160/2b4_Ar_005.wav,train
160,2b4,Ar,COPD,3,test,/Users/vs/Sem 5/Respiratory-Disease-Classification/data/processed/audio/cycles/160/2b4_Ar_006.wav,train
160,2b4,Ar,COPD,3,test,/Users/vs/Sem 5/Respiratory-Disease-Classification/data/processed/audio/cycles/160/2b4_Ar_007.wav,train
160,2b4,Pl,COPD,3,test,/Users/vs/Sem 5/Respiratory-Disease-Classification/data/processed/audio/cycles/160/2b4_Pl_001.wav,train
160,2b4,Pl,COPD,3,test,/Users/vs/Sem 5/Respiratory-Disease-Classification/data/processed/audio/cycles/160/2b4_Pl_002.wav,train
160,2b4,Pl,COPD,3,test,/Users/vs/Sem 5/Respiratory-Disease-Classification/data/processed/audio/cycles/160/2b4_Pl_003.wav,train
160,2b4,Pl,COPD,3,test,/Users/vs/Sem 5/Respiratory-Disease-Classification/data/processed/audio/cycles/160/2b4_Pl_004.wav,train
160,2b4,Pl,COPD,3,test,/Users/vs/Sem 5/Respiratory-Disease-Classification/data/processed/audio/cycles/160/2b4_Pl_005.wav,train
160,2b4,Pl,COPD,3,test,/Users/vs/Sem 5/Respiratory-Disease-Classification/data/processed/audio/cycles/160/2b4_Pl_006.wav,train
160,2b4,Pl,COPD,3,test,/Users/vs/Sem 5/Respiratory-Disease-Classification/data/processed/audio/cycles/160/2b4_Pl_007.wav,train
160,2b4,Pr,COPD,3,test,/Users/vs/Sem 5/Respiratory-Disease-Classification/data/processed/audio/cycles/160/2b4_Pr_001.wav,train
160,2b4,Pr,COPD,3,test,/Users/vs/Sem 5/Respiratory-Disease-Classification/data/processed/audio/cycles/160/2b4_Pr_002.wav,train
160,2b4,Pr,COPD,3,test,/Users/vs/Sem 5/Respiratory-Disease-Classification/data/processed/audio/cycles/160/2b4_Pr_003.wav,train
160,2b4,Pr,COPD,3,test,/Users/vs/Sem 5/Respiratory-Disease-Classification/data/processed/audio/cycles/160/2b4_Pr_004.wav,train
160,2b4,Pr,COPD,3,test,/Users/vs/Sem 5/Respiratory-Disease-Classification/data/processed/audio/cycles/160/2b4_Pr_005.wav,train
160,2b4,Pr,COPD,3,test,/Users/vs/Sem 5/Respiratory-Disease-Classification/data/processed/audio/cycles/160/2b4_Pr_006.wav,train
160,2b4,Pr,COPD,3,test,/Users/vs/Sem 5/Respiratory-Disease-Classification/data/processed/audio/cycles/160/2b4_Pr_007.wav,train
160,2b4,Tc,COPD,3,test,/Users/vs/Sem 5/Respiratory-Disease-Classification/data/processed/audio/cycles/160/2b4_Tc_001.wav,train
160,2b4,Tc,COPD,3,test,/Users/vs/Sem 5/Respiratory-Disease-Classification/data/processed/audio/cycles/160/2b4_Tc_002.wav,train
160,2b4,Tc,COPD,3,test,/Users/vs/Sem 5/Respiratory-Disease-Classification/data/processed/audio/cycles/160/2b4_Tc_003.wav,train
160,2b4,Tc,COPD,3,test,/Users/vs/Sem 5/Respiratory-Disease-Classification/data/processed/audio/cycles/160/2b4_Tc_004.wav,train
160,2b4,Tc,COPD,3,test,/Users/vs/Sem 5/Respiratory-Disease-Classification/data/processed/audio/cycles/160/2b4_Tc_005.wav,train
160,2b4,Tc,COPD,3,test,/Users/vs/Sem 5/Respiratory-Disease-Classification/data/processed/audio/cycles/160/2b4_Tc_006.wav,train
160,2b4,Tc,COPD,3,test,/Users/vs/Sem 5/Respiratory-Disease-Classification/data/processed/audio/cycles/160/2b4_Tc_007.wav,train
161,1b1,Al,Bronchiolitis,2,train,/Users/vs/Sem 5/Respiratory-Disease-Classification/data/processed/audio/cycles/161/1b1_Al_001.wav,test
161,1b1,Al,Bronchiolitis,2,train,/Users/vs/Sem 5/Respiratory-Disease-Classification/data/processed/audio/cycles/161/1b1_Al_002.wav,test
161,1b1,Al,Bronchiolitis,2,train,/Users/vs/Sem 5/Respiratory-Disease-Classification/data/processed/audio/cycles/161/1b1_Al_003.wav,test
161,1b1,Al,Bronchiolitis,2,train,/Users/vs/Sem 5/Respiratory-Disease-Classification/data/processed/audio/cycles/161/1b1_Al_004.wav,test
161,1b1,Al,Bronchiolitis,2,train,/Users/vs/Sem 5/Respiratory-Disease-Classification/data/processed/audio/cycles/161/1b1_Al_005.wav,test
161,1b1,Al,Bronchiolitis,2,train,/Users/vs/Sem 5/Respiratory-Disease-Classification/data/processed/audio/cycles/161/1b1_Al_006.wav,test
161,1b1,Al,Bronchiolitis,2,train,/Users/vs/Sem 5/Respiratory-Disease-Classification/data/processed/audio/cycles/161/1b1_Al_007.wav,test
161,1b1,Al,Bronchiolitis,2,train,/Users/vs/Sem 5/Respiratory-Disease-Classification/data/processed/audio/cycles/161/1b1_Al_008.wav,test
161,1b1,Al,Bronchiolitis,2,train,/Users/vs/Sem 5/Respiratory-Disease-Classification/data/processed/audio/cycles/161/1b1_Al_009.wav,test
161,1b1,Pl,Bronchiolitis,2,train,/Users/vs/Sem 5/Respiratory-Disease-Classification/data/processed/audio/cycles/161/1b1_Pl_001.wav,test
161,1b1,Pl,Bronchiolitis,2,train,/Users/vs/Sem 5/Respiratory-Disease-Classification/data/processed/audio/cycles/161/1b1_Pl_002.wav,test
161,1b1,Pl,Bronchiolitis,2,train,/Users/vs/Sem 5/Respiratory-Disease-Classification/data/processed/audio/cycles/161/1b1_Pl_003.wav,test
161,1b1,Pl,Bronchiolitis,2,train,/Users/vs/Sem 5/Respiratory-Disease-Classification/data/processed/audio/cycles/161/1b1_Pl_004.wav,test
161,1b1,Pl,Bronchiolitis,2,train,/Users/vs/Sem 5/Respiratory-Disease-Classification/data/processed/audio/cycles/161/1b1_Pl_005.wav,test
161,1b1,Pl,Bronchiolitis,2,train,/Users/vs/Sem 5/Respiratory-Disease-Classification/data/processed/audio/cycles/161/1b1_Pl_006.wav,test
161,1b1,Pl,Bronchiolitis,2,train,/Users/vs/Sem 5/Respiratory-Disease-Classification/data/processed/audio/cycles/161/1b1_Pl_007.wav,test
161,1b1,Pl,Bronchiolitis,2,train,/Users/vs/Sem 5/Respiratory-Disease-Classification/data/processed/audio/cycles/161/1b1_Pl_008.wav,test
161,1b1,Pl,Bronchiolitis,2,train,/Users/vs/Sem 5/Respiratory-Disease-Classification/data/processed/audio/cycles/161/1b1_Pl_009.wav,test
161,1b1,Pl,Bronchiolitis,2,train,/Users/vs/Sem 5/Respiratory-Disease-Classification/data/processed/audio/cycles/161/1b1_Pl_010.wav,test
162,1b2,Al,COPD,3,train,/Users/vs/Sem 5/Respiratory-Disease-Classification/data/processed/audio/cycles/162/1b2_Al_001.wav,train
162,1b2,Al,COPD,3,train,/Users/vs/Sem 5/Respiratory-Disease-Classification/data/processed/audio/cycles/162/1b2_Al_002.wav,train
162,1b2,Al,COPD,3,train,/Users/vs/Sem 5/Respiratory-Disease-Classification/data/processed/audio/cycles/162/1b2_Al_003.wav,train
162,1b2,Ar,COPD,3,train,/Users/vs/Sem 5/Respiratory-Disease-Classification/data/processed/audio/cycles/162/1b2_Ar_001.wav,train
162,1b2,Ar,COPD,3,train,/Users/vs/Sem 5/Respiratory-Disease-Classification/data/processed/audio/cycles/162/1b2_Ar_002.wav,train
162,1b2,Ar,COPD,3,train,/Users/vs/Sem 5/Respiratory-Disease-Classification/data/processed/audio/cycles/162/1b2_Ar_003.wav,train
162,1b2,Ll,COPD,3,train,/Users/vs/Sem 5/Respiratory-Disease-Classification/data/processed/audio/cycles/162/1b2_Ll_001.wav,train
162,1b2,Ll,COPD,3,train,/Users/vs/Sem 5/Respiratory-Disease-Classification/data/processed/audio/cycles/162/1b2_Ll_002.wav,train
162,1b2,Ll,COPD,3,train,/Users/vs/Sem 5/Respiratory-Disease-Classification/data/processed/audio/cycles/162/1b2_Ll_003.wav,train
162,1b2,Lr,COPD,3,train,/Users/vs/Sem 5/Respiratory-Disease-Classification/data/processed/audio/cycles/162/1b2_Lr_001.wav,train
162,1b2,Lr,COPD,3,train,/Users/vs/Sem 5/Respiratory-Disease-Classification/data/processed/audio/cycles/162/1b2_Lr_002.wav,train
162,1b2,Lr,COPD,3,train,/Users/vs/Sem 5/Respiratory-Disease-Classification/data/processed/audio/cycles/162/1b2_Lr_003.wav,train
162,1b2,Pl,COPD,3,train,/Users/vs/Sem 5/Respiratory-Disease-Classification/data/processed/audio/cycles/162/1b2_Pl_001.wav,train
162,1b2,Pl,COPD,3,train,/Users/vs/Sem 5/Respiratory-Disease-Classification/data/processed/audio/cycles/162/1b2_Pl_002.wav,train
162,1b2,Pl,COPD,3,train,/Users/vs/Sem 5/Respiratory-Disease-Classification/data/processed/audio/cycles/162/1b2_Pl_003.wav,train
162,1b2,Pr,COPD,3,train,/Users/vs/Sem 5/Respiratory-Disease-Classification/data/processed/audio/cycles/162/1b2_Pr_001.wav,train
162,1b2,Pr,COPD,3,train,/Users/vs/Sem 5/Respiratory-Disease-Classification/data/processed/audio/cycles/162/1b2_Pr_002.wav,train
162,1b2,Pr,COPD,3,train,/Users/vs/Sem 5/Respiratory-Disease-Classification/data/processed/audio/cycles/162/1b2_Pr_003.wav,train
162,1b2,Tc,COPD,3,train,/Users/vs/Sem 5/Respiratory-Disease-Classification/data/processed/audio/cycles/162/1b2_Tc_001.wav,train
162,1b2,Tc,COPD,3,train,/Users/vs/Sem 5/Respiratory-Disease-Classification/data/processed/audio/cycles/162/1b2_Tc_002.wav,train
162,1b2,Tc,COPD,3,train,/Users/vs/Sem 5/Respiratory-Disease-Classification/data/processed/audio/cycles/162/1b2_Tc_003.wav,train
162,2b2,Al,COPD,3,train,/Users/vs/Sem 5/Respiratory-Disease-Classification/data/processed/audio/cycles/162/2b2_Al_001.wav,train
162,2b2,Al,COPD,3,train,/Users/vs/Sem 5/Respiratory-Disease-Classification/data/processed/audio/cycles/162/2b2_Al_002.wav,train
162,2b2,Al,COPD,3,train,/Users/vs/Sem 5/Respiratory-Disease-Classification/data/processed/audio/cycles/162/2b2_Al_003.wav,train
162,2b2,Al,COPD,3,train,/Users/vs/Sem 5/Respiratory-Disease-Classification/data/processed/audio/cycles/162/2b2_Al_004.wav,train
162,2b2,Ar,COPD,3,train,/Users/vs/Sem 5/Respiratory-Disease-Classification/data/processed/audio/cycles/162/2b2_Ar_001.wav,train
162,2b2,Ar,COPD,3,train,/Users/vs/Sem 5/Respiratory-Disease-Classification/data/processed/audio/cycles/162/2b2_Ar_002.wav,train
162,2b2,Ar,COPD,3,train,/Users/vs/Sem 5/Respiratory-Disease-Classification/data/processed/audio/cycles/162/2b2_Ar_003.wav,train
162,2b2,Ar,COPD,3,train,/Users/vs/Sem 5/Respiratory-Disease-Classification/data/processed/audio/cycles/162/2b2_Ar_004.wav,train
162,2b2,Pl,COPD,3,train,/Users/vs/Sem 5/Respiratory-Disease-Classification/data/processed/audio/cycles/162/2b2_Pl_001.wav,train
162,2b2,Pl,COPD,3,train,/Users/vs/Sem 5/Respiratory-Disease-Classification/data/processed/audio/cycles/162/2b2_Pl_002.wav,train
162,2b2,Pl,COPD,3,train,/Users/vs/Sem 5/Respiratory-Disease-Classification/data/processed/audio/cycles/162/2b2_Pl_003.wav,train
162,2b2,Pl,COPD,3,train,/Users/vs/Sem 5/Respiratory-Disease-Classification/data/processed/audio/cycles/162/2b2_Pl_004.wav,train
162,2b2,Pr,COPD,3,train,/Users/vs/Sem 5/Respiratory-Disease-Classification/data/processed/audio/cycles/162/2b2_Pr_001.wav,train
162,2b2,Pr,COPD,3,train,/Users/vs/Sem 5/Respiratory-Disease-Classification/data/processed/audio/cycles/162/2b2_Pr_002.wav,train
162,2b2,Pr,COPD,3,train,/Users/vs/Sem 5/Respiratory-Disease-Classification/data/processed/audio/cycles/162/2b2_Pr_003.wav,train
162,2b2,Pr,COPD,3,train,/Users/vs/Sem 5/Respiratory-Disease-Classification/data/processed/audio/cycles/162/2b2_Pr_004.wav,train
162,2b2,Tc,COPD,3,train,/Users/vs/Sem 5/Respiratory-Disease-Classification/data/processed/audio/cycles/162/2b2_Tc_001.wav,train
162,2b2,Tc,COPD,3,train,/Users/vs/Sem 5/Respiratory-Disease-Classification/data/processed/audio/cycles/162/2b2_Tc_002.wav,train
162,2b2,Tc,COPD,3,train,/Users/vs/Sem 5/Respiratory-Disease-Classification/data/processed/audio/cycles/162/2b2_Tc_003.wav,train
162,2b2,Tc,COPD,3,train,/Users/vs/Sem 5/Respiratory-Disease-Classification/data/processed/audio/cycles/162/2b2_Tc_004.wav,train
162,2b3,Al,COPD,3,train,/Users/vs/Sem 5/Respiratory-Disease-Classification/data/processed/audio/cycles/162/2b3_Al_001.wav,train
162,2b3,Al,COPD,3,train,/Users/vs/Sem 5/Respiratory-Disease-Classification/data/processed/audio/cycles/162/2b3_Al_002.wav,train
162,2b3,Al,COPD,3,train,/Users/vs/Sem 5/Respiratory-Disease-Classification/data/processed/audio/cycles/162/2b3_Al_003.wav,train
162,2b3,Al,COPD,3,train,/Users/vs/Sem 5/Respiratory-Disease-Classification/data/processed/audio/cycles/162/2b3_Al_004.wav,train
162,2b3,Ar,COPD,3,train,/Users/vs/Sem 5/Respiratory-Disease-Classification/data/processed/audio/cycles/162/2b3_Ar_001.wav,train
162,2b3,Ar,COPD,3,train,/Users/vs/Sem 5/Respiratory-Disease-Classification/data/processed/audio/cycles/162/2b3_Ar_002.wav,train
162,2b3,Ar,COPD,3,train,/Users/vs/Sem 5/Respiratory-Disease-Classification/data/processed/audio/cycles/162/2b3_Ar_003.wav,train
162,2b3,Ar,COPD,3,train,/Users/vs/Sem 5/Respiratory-Disease-Classification/data/processed/audio/cycles/162/2b3_Ar_004.wav,train
162,2b3,Lr,COPD,3,train,/Users/vs/Sem 5/Respiratory-Disease-Classification/data/processed/audio/cycles/162/2b3_Lr_001.wav,train
162,2b3,Lr,COPD,3,train,/Users/vs/Sem 5/Respiratory-Disease-Classification/data/processed/audio/cycles/162/2b3_Lr_002.wav,train
162,2b3,Lr,COPD,3,train,/Users/vs/Sem 5/Respiratory-Disease-Classification/data/processed/audio/cycles/162/2b3_Lr_003.wav,train
162,2b3,Lr,COPD,3,train,/Users/vs/Sem 5/Respiratory-Disease-Classification/data/processed/audio/cycles/162/2b3_Lr_004.wav,train
162,2b3,Pl,COPD,3,train,/Users/vs/Sem 5/Respiratory-Disease-Classification/data/processed/audio/cycles/162/2b3_Pl_001.wav,train
162,2b3,Pl,COPD,3,train,/Users/vs/Sem 5/Respiratory-Disease-Classification/data/processed/audio/cycles/162/2b3_Pl_002.wav,train
162,2b3,Pl,COPD,3,train,/Users/vs/Sem 5/Respiratory-Disease-Classification/data/processed/audio/cycles/162/2b3_Pl_003.wav,train
162,2b3,Pl,COPD,3,train,/Users/vs/Sem 5/Respiratory-Disease-Classification/data/processed/audio/cycles/162/2b3_Pl_004.wav,train
162,2b3,Pr,COPD,3,train,/Users/vs/Sem 5/Respiratory-Disease-Classification/data/processed/audio/cycles/162/2b3_Pr_001.wav,train
162,2b3,Pr,COPD,3,train,/Users/vs/Sem 5/Respiratory-Disease-Classification/data/processed/audio/cycles/162/2b3_Pr_002.wav,train
162,2b3,Pr,COPD,3,train,/Users/vs/Sem 5/Respiratory-Disease-Classification/data/processed/audio/cycles/162/2b3_Pr_003.wav,train
162,2b3,Pr,COPD,3,train,/Users/vs/Sem 5/Respiratory-Disease-Classification/data/processed/audio/cycles/162/2b3_Pr_004.wav,train
162,2b3,Tc,COPD,3,train,/Users/vs/Sem 5/Respiratory-Disease-Classification/data/processed/audio/cycles/162/2b3_Tc_001.wav,train
162,2b3,Tc,COPD,3,train,/Users/vs/Sem 5/Respiratory-Disease-Classification/data/processed/audio/cycles/162/2b3_Tc_002.wav,train
162,2b3,Tc,COPD,3,train,/Users/vs/Sem 5/Respiratory-Disease-Classification/data/processed/audio/cycles/162/2b3_Tc_003.wav,train
162,2b3,Tc,COPD,3,train,/Users/vs/Sem 5/Respiratory-Disease-Classification/data/processed/audio/cycles/162/2b3_Tc_004.wav,train
162,2b4,Al,COPD,3,train,/Users/vs/Sem 5/Respiratory-Disease-Classification/data/processed/audio/cycles/162/2b4_Al_001.wav,train
162,2b4,Al,COPD,3,train,/Users/vs/Sem 5/Respiratory-Disease-Classification/data/processed/audio/cycles/162/2b4_Al_002.wav,train
162,2b4,Al,COPD,3,train,/Users/vs/Sem 5/Respiratory-Disease-Classification/data/processed/audio/cycles/162/2b4_Al_003.wav,train
162,2b4,Al,COPD,3,train,/Users/vs/Sem 5/Respiratory-Disease-Classification/data/processed/audio/cycles/162/2b4_Al_004.wav,train
162,2b4,Ar,COPD,3,train,/Users/vs/Sem 5/Respiratory-Disease-Classification/data/processed/audio/cycles/162/2b4_Ar_001.wav,train
162,2b4,Ar,COPD,3,train,/Users/vs/Sem 5/Respiratory-Disease-Classification/data/processed/audio/cycles/162/2b4_Ar_002.wav,train
162,2b4,Ar,COPD,3,train,/Users/vs/Sem 5/Respiratory-Disease-Classification/data/processed/audio/cycles/162/2b4_Ar_003.wav,train
162,2b4,Ar,COPD,3,train,/Users/vs/Sem 5/Respiratory-Disease-Classification/data/processed/audio/cycles/162/2b4_Ar_004.wav,train
162,2b4,Lr,COPD,3,train,/Users/vs/Sem 5/Respiratory-Disease-Classification/data/processed/audio/cycles/162/2b4_Lr_001.wav,train
162,2b4,Lr,COPD,3,train,/Users/vs/Sem 5/Respiratory-Disease-Classification/data/processed/audio/cycles/162/2b4_Lr_002.wav,train
162,2b4,Lr,COPD,3,train,/Users/vs/Sem 5/Respiratory-Disease-Classification/data/processed/audio/cycles/162/2b4_Lr_003.wav,train
162,2b4,Lr,COPD,3,train,/Users/vs/Sem 5/Respiratory-Disease-Classification/data/processed/audio/cycles/162/2b4_Lr_004.wav,train
162,2b4,Pl,COPD,3,train,/Users/vs/Sem 5/Respiratory-Disease-Classification/data/processed/audio/cycles/162/2b4_Pl_001.wav,train
162,2b4,Pl,COPD,3,train,/Users/vs/Sem 5/Respiratory-Disease-Classification/data/processed/audio/cycles/162/2b4_Pl_002.wav,train
162,2b4,Pl,COPD,3,train,/Users/vs/Sem 5/Respiratory-Disease-Classification/data/processed/audio/cycles/162/2b4_Pl_003.wav,train
162,2b4,Pl,COPD,3,train,/Users/vs/Sem 5/Respiratory-Disease-Classification/data/processed/audio/cycles/162/2b4_Pl_004.wav,train
162,2b4,Pr,COPD,3,train,/Users/vs/Sem 5/Respiratory-Disease-Classification/data/processed/audio/cycles/162/2b4_Pr_001.wav,train
162,2b4,Pr,COPD,3,train,/Users/vs/Sem 5/Respiratory-Disease-Classification/data/processed/audio/cycles/162/2b4_Pr_002.wav,train
162,2b4,Pr,COPD,3,train,/Users/vs/Sem 5/Respiratory-Disease-Classification/data/processed/audio/cycles/162/2b4_Pr_003.wav,train
162,2b4,Pr,COPD,3,train,/Users/vs/Sem 5/Respiratory-Disease-Classification/data/processed/audio/cycles/162/2b4_Pr_004.wav,train
162,2b4,Tc,COPD,3,train,/Users/vs/Sem 5/Respiratory-Disease-Classification/data/processed/audio/cycles/162/2b4_Tc_001.wav,train
162,2b4,Tc,COPD,3,train,/Users/vs/Sem 5/Respiratory-Disease-Classification/data/processed/audio/cycles/162/2b4_Tc_002.wav,train
162,2b4,Tc,COPD,3,train,/Users/vs/Sem 5/Respiratory-Disease-Classification/data/processed/audio/cycles/162/2b4_Tc_003.wav,train
162,2b4,Tc,COPD,3,train,/Users/vs/Sem 5/Respiratory-Disease-Classification/data/processed/audio/cycles/162/2b4_Tc_004.wav,train
163,2b2,Al,COPD,3,train,/Users/vs/Sem 5/Respiratory-Disease-Classification/data/processed/audio/cycles/163/2b2_Al_001.wav,train
163,2b2,Al,COPD,3,train,/Users/vs/Sem 5/Respiratory-Disease-Classification/data/processed/audio/cycles/163/2b2_Al_002.wav,train
163,2b2,Al,COPD,3,train,/Users/vs/Sem 5/Respiratory-Disease-Classification/data/processed/audio/cycles/163/2b2_Al_003.wav,train
163,2b2,Al,COPD,3,train,/Users/vs/Sem 5/Respiratory-Disease-Classification/data/processed/audio/cycles/163/2b2_Al_004.wav,train
163,2b2,Al,COPD,3,train,/Users/vs/Sem 5/Respiratory-Disease-Classification/data/processed/audio/cycles/163/2b2_Al_005.wav,train
163,2b2,Ar,COPD,3,train,/Users/vs/Sem 5/Respiratory-Disease-Classification/data/processed/audio/cycles/163/2b2_Ar_001.wav,train
163,2b2,Ar,COPD,3,train,/Users/vs/Sem 5/Respiratory-Disease-Classification/data/processed/audio/cycles/163/2b2_Ar_002.wav,train
163,2b2,Ar,COPD,3,train,/Users/vs/Sem 5/Respiratory-Disease-Classification/data/processed/audio/cycles/163/2b2_Ar_003.wav,train
163,2b2,Ar,COPD,3,train,/Users/vs/Sem 5/Respiratory-Disease-Classification/data/processed/audio/cycles/163/2b2_Ar_004.wav,train
163,2b2,Ar,COPD,3,train,/Users/vs/Sem 5/Respiratory-Disease-Classification/data/processed/audio/cycles/163/2b2_Ar_005.wav,train
163,2b2,Ll,COPD,3,train,/Users/vs/Sem 5/Respiratory-Disease-Classification/data/processed/audio/cycles/163/2b2_Ll_001.wav,train
163,2b2,Ll,COPD,3,train,/Users/vs/Sem 5/Respiratory-Disease-Classification/data/processed/audio/cycles/163/2b2_Ll_002.wav,train
163,2b2,Ll,COPD,3,train,/Users/vs/Sem 5/Respiratory-Disease-Classification/data/processed/audio/cycles/163/2b2_Ll_003.wav,train
163,2b2,Ll,COPD,3,train,/Users/vs/Sem 5/Respiratory-Disease-Classification/data/processed/audio/cycles/163/2b2_Ll_004.wav,train
163,2b2,Ll,COPD,3,train,/Users/vs/Sem 5/Respiratory-Disease-Classification/data/processed/audio/cycles/163/2b2_Ll_005.wav,train
163,2b2,Lr,COPD,3,train,/Users/vs/Sem 5/Respiratory-Disease-Classification/data/processed/audio/cycles/163/2b2_Lr_001.wav,train
163,2b2,Lr,COPD,3,train,/Users/vs/Sem 5/Respiratory-Disease-Classification/data/processed/audio/cycles/163/2b2_Lr_002.wav,train
163,2b2,Lr,COPD,3,train,/Users/vs/Sem 5/Respiratory-Disease-Classification/data/processed/audio/cycles/163/2b2_Lr_003.wav,train
163,2b2,Lr,COPD,3,train,/Users/vs/Sem 5/Respiratory-Disease-Classification/data/processed/audio/cycles/163/2b2_Lr_004.wav,train
163,2b2,Lr,COPD,3,train,/Users/vs/Sem 5/Respiratory-Disease-Classification/data/processed/audio/cycles/163/2b2_Lr_005.wav,train
163,2b2,Pl,COPD,3,train,/Users/vs/Sem 5/Respiratory-Disease-Classification/data/processed/audio/cycles/163/2b2_Pl_001.wav,train
163,2b2,Pl,COPD,3,train,/Users/vs/Sem 5/Respiratory-Disease-Classification/data/processed/audio/cycles/163/2b2_Pl_002.wav,train
163,2b2,Pl,COPD,3,train,/Users/vs/Sem 5/Respiratory-Disease-Classification/data/processed/audio/cycles/163/2b2_Pl_003.wav,train
163,2b2,Pl,COPD,3,train,/Users/vs/Sem 5/Respiratory-Disease-Classification/data/processed/audio/cycles/163/2b2_Pl_004.wav,train
163,2b2,Pl,COPD,3,train,/Users/vs/Sem 5/Respiratory-Disease-Classification/data/processed/audio/cycles/163/2b2_Pl_005.wav,train
163,2b2,Pr,COPD,3,train,/Users/vs/Sem 5/Respiratory-Disease-Classification/data/processed/audio/cycles/163/2b2_Pr_001.wav,train
163,2b2,Pr,COPD,3,train,/Users/vs/Sem 5/Respiratory-Disease-Classification/data/processed/audio/cycles/163/2b2_Pr_002.wav,train
163,2b2,Pr,COPD,3,train,/Users/vs/Sem 5/Respiratory-Disease-Classification/data/processed/audio/cycles/163/2b2_Pr_003.wav,train
163,2b2,Pr,COPD,3,train,/Users/vs/Sem 5/Respiratory-Disease-Classification/data/processed/audio/cycles/163/2b2_Pr_004.wav,train
163,2b2,Pr,COPD,3,train,/Users/vs/Sem 5/Respiratory-Disease-Classification/data/processed/audio/cycles/163/2b2_Pr_005.wav,train
163,2b2,Tc,COPD,3,train,/Users/vs/Sem 5/Respiratory-Disease-Classification/data/processed/audio/cycles/163/2b2_Tc_001.wav,train
163,2b2,Tc,COPD,3,train,/Users/vs/Sem 5/Respiratory-Disease-Classification/data/processed/audio/cycles/163/2b2_Tc_002.wav,train
163,2b2,Tc,COPD,3,train,/Users/vs/Sem 5/Respiratory-Disease-Classification/data/processed/audio/cycles/163/2b2_Tc_003.wav,train
163,2b2,Tc,COPD,3,train,/Users/vs/Sem 5/Respiratory-Disease-Classification/data/processed/audio/cycles/163/2b2_Tc_004.wav,train
163,2b2,Tc,COPD,3,train,/Users/vs/Sem 5/Respiratory-Disease-Classification/data/processed/audio/cycles/163/2b2_Tc_005.wav,train
163,8b3,Al,COPD,3,train,/Users/vs/Sem 5/Respiratory-Disease-Classification/data/processed/audio/cycles/163/8b3_Al_001.wav,train
163,8b3,Al,COPD,3,train,/Users/vs/Sem 5/Respiratory-Disease-Classification/data/processed/audio/cycles/163/8b3_Al_002.wav,train
163,8b3,Al,COPD,3,train,/Users/vs/Sem 5/Respiratory-Disease-Classification/data/processed/audio/cycles/163/8b3_Al_003.wav,train
163,8b3,Al,COPD,3,train,/Users/vs/Sem 5/Respiratory-Disease-Classification/data/processed/audio/cycles/163/8b3_Al_004.wav,train
163,8b3,Al,COPD,3,train,/Users/vs/Sem 5/Respiratory-Disease-Classification/data/processed/audio/cycles/163/8b3_Al_005.wav,train
163,8b3,Al,COPD,3,train,/Users/vs/Sem 5/Respiratory-Disease-Classification/data/processed/audio/cycles/163/8b3_Al_006.wav,train
163,8b3,Ar,COPD,3,train,/Users/vs/Sem 5/Respiratory-Disease-Classification/data/processed/audio/cycles/163/8b3_Ar_001.wav,train
163,8b3,Ar,COPD,3,train,/Users/vs/Sem 5/Respiratory-Disease-Classification/data/processed/audio/cycles/163/8b3_Ar_002.wav,train
163,8b3,Ar,COPD,3,train,/Users/vs/Sem 5/Respiratory-Disease-Classification/data/processed/audio/cycles/163/8b3_Ar_003.wav,train
163,8b3,Ar,COPD,3,train,/Users/vs/Sem 5/Respiratory-Disease-Classification/data/processed/audio/cycles/163/8b3_Ar_004.wav,train
163,8b3,Ar,COPD,3,train,/Users/vs/Sem 5/Respiratory-Disease-Classification/data/processed/audio/cycles/163/8b3_Ar_005.wav,train
163,8b3,Ar,COPD,3,train,/Users/vs/Sem 5/Respiratory-Disease-Classification/data/processed/audio/cycles/163/8b3_Ar_006.wav,train
163,8b3,Ll,COPD,3,train,/Users/vs/Sem 5/Respiratory-Disease-Classification/data/processed/audio/cycles/163/8b3_Ll_001.wav,train
163,8b3,Ll,COPD,3,train,/Users/vs/Sem 5/Respiratory-Disease-Classification/data/processed/audio/cycles/163/8b3_Ll_002.wav,train
163,8b3,Ll,COPD,3,train,/Users/vs/Sem 5/Respiratory-Disease-Classification/data/processed/audio/cycles/163/8b3_Ll_003.wav,train
163,8b3,Ll,COPD,3,train,/Users/vs/Sem 5/Respiratory-Disease-Classification/data/processed/audio/cycles/163/8b3_Ll_004.wav,train
163,8b3,Ll,COPD,3,train,/Users/vs/Sem 5/Respiratory-Disease-Classification/data/processed/audio/cycles/163/8b3_Ll_005.wav,train
163,8b3,Ll,COPD,3,train,/Users/vs/Sem 5/Respiratory-Disease-Classification/data/processed/audio/cycles/163/8b3_Ll_006.wav,train
163,8b3,Lr,COPD,3,train,/Users/vs/Sem 5/Respiratory-Disease-Classification/data/processed/audio/cycles/163/8b3_Lr_001.wav,train
163,8b3,Lr,COPD,3,train,/Users/vs/Sem 5/Respiratory-Disease-Classification/data/processed/audio/cycles/163/8b3_Lr_002.wav,train
163,8b3,Lr,COPD,3,train,/Users/vs/Sem 5/Respiratory-Disease-Classification/data/processed/audio/cycles/163/8b3_Lr_003.wav,train
163,8b3,Lr,COPD,3,train,/Users/vs/Sem 5/Respiratory-Disease-Classification/data/processed/audio/cycles/163/8b3_Lr_004.wav,train
163,8b3,Lr,COPD,3,train,/Users/vs/Sem 5/Respiratory-Disease-Classification/data/processed/audio/cycles/163/8b3_Lr_005.wav,train
163,8b3,Lr,COPD,3,train,/Users/vs/Sem 5/Respiratory-Disease-Classification/data/processed/audio/cycles/163/8b3_Lr_006.wav,train
163,8b3,Pl,COPD,3,train,/Users/vs/Sem 5/Respiratory-Disease-Classification/data/processed/audio/cycles/163/8b3_Pl_001.wav,train
163,8b3,Pl,COPD,3,train,/Users/vs/Sem 5/Respiratory-Disease-Classification/data/processed/audio/cycles/163/8b3_Pl_002.wav,train
163,8b3,Pl,COPD,3,train,/Users/vs/Sem 5/Respiratory-Disease-Classification/data/processed/audio/cycles/163/8b3_Pl_003.wav,train
163,8b3,Pl,COPD,3,train,/Users/vs/Sem 5/Respiratory-Disease-Classification/data/processed/audio/cycles/163/8b3_Pl_004.wav,train
163,8b3,Pl,COPD,3,train,/Users/vs/Sem 5/Respiratory-Disease-Classification/data/processed/audio/cycles/163/8b3_Pl_005.wav,train
163,8b3,Pl,COPD,3,train,/Users/vs/Sem 5/Respiratory-Disease-Classification/data/processed/audio/cycles/163/8b3_Pl_006.wav,train
163,8b3,Pr,COPD,3,train,/Users/vs/Sem 5/Respiratory-Disease-Classification/data/processed/audio/cycles/163/8b3_Pr_001.wav,train
163,8b3,Pr,COPD,3,train,/Users/vs/Sem 5/Respiratory-Disease-Classification/data/processed/audio/cycles/163/8b3_Pr_002.wav,train
163,8b3,Pr,COPD,3,train,/Users/vs/Sem 5/Respiratory-Disease-Classification/data/processed/audio/cycles/163/8b3_Pr_003.wav,train
163,8b3,Pr,COPD,3,train,/Users/vs/Sem 5/Respiratory-Disease-Classification/data/processed/audio/cycles/163/8b3_Pr_004.wav,train
163,8b3,Pr,COPD,3,train,/Users/vs/Sem 5/Respiratory-Disease-Classification/data/processed/audio/cycles/163/8b3_Pr_005.wav,train
163,8b3,Pr,COPD,3,train,/Users/vs/Sem 5/Respiratory-Disease-Classification/data/processed/audio/cycles/163/8b3_Pr_006.wav,train
164,1b1,Ll,URTI,7,train,/Users/vs/Sem 5/Respiratory-Disease-Classification/data/processed/audio/cycles/164/1b1_Ll_001.wav,train
164,1b1,Ll,URTI,7,train,/Users/vs/Sem 5/Respiratory-Disease-Classification/data/processed/audio/cycles/164/1b1_Ll_002.wav,train
164,1b1,Ll,URTI,7,train,/Users/vs/Sem 5/Respiratory-Disease-Classification/data/processed/audio/cycles/164/1b1_Ll_003.wav,train
164,1b1,Ll,URTI,7,train,/Users/vs/Sem 5/Respiratory-Disease-Classification/data/processed/audio/cycles/164/1b1_Ll_004.wav,train
164,1b1,Ll,URTI,7,train,/Users/vs/Sem 5/Respiratory-Disease-Classification/data/processed/audio/cycles/164/1b1_Ll_005.wav,train
164,1b1,Ll,URTI,7,train,/Users/vs/Sem 5/Respiratory-Disease-Classification/data/processed/audio/cycles/164/1b1_Ll_006.wav,train
164,1b1,Ll,URTI,7,train,/Users/vs/Sem 5/Respiratory-Disease-Classification/data/processed/audio/cycles/164/1b1_Ll_007.wav,train
164,1b1,Ll,URTI,7,train,/Users/vs/Sem 5/Respiratory-Disease-Classification/data/processed/audio/cycles/164/1b1_Ll_008.wav,train
164,1b1,Ll,URTI,7,train,/Users/vs/Sem 5/Respiratory-Disease-Classification/data/processed/audio/cycles/164/1b1_Ll_009.wav,train
164,1b1,Ll,URTI,7,train,/Users/vs/Sem 5/Respiratory-Disease-Classification/data/processed/audio/cycles/164/1b1_Ll_010.wav,train
165,1b1,Ar,URTI,7,test,/Users/vs/Sem 5/Respiratory-Disease-Classification/data/processed/audio/cycles/165/1b1_Ar_001.wav,validation
165,1b1,Ar,URTI,7,test,/Users/vs/Sem 5/Respiratory-Disease-Classification/data/processed/audio/cycles/165/1b1_Ar_002.wav,validation
165,1b1,Ar,URTI,7,test,/Users/vs/Sem 5/Respiratory-Disease-Classification/data/processed/audio/cycles/165/1b1_Ar_003.wav,validation
165,1b1,Ar,URTI,7,test,/Users/vs/Sem 5/Respiratory-Disease-Classification/data/processed/audio/cycles/165/1b1_Ar_004.wav,validation
165,1b1,Ar,URTI,7,test,/Users/vs/Sem 5/Respiratory-Disease-Classification/data/processed/audio/cycles/165/1b1_Ar_005.wav,validation
165,1b1,Ar,URTI,7,test,/Users/vs/Sem 5/Respiratory-Disease-Classification/data/processed/audio/cycles/165/1b1_Ar_006.wav,validation
165,1b1,Ar,URTI,7,test,/Users/vs/Sem 5/Respiratory-Disease-Classification/data/processed/audio/cycles/165/1b1_Ar_007.wav,validation
165,1b1,Pl,URTI,7,test,/Users/vs/Sem 5/Respiratory-Disease-Classification/data/processed/audio/cycles/165/1b1_Pl_001.wav,validation
165,1b1,Pl,URTI,7,test,/Users/vs/Sem 5/Respiratory-Disease-Classification/data/processed/audio/cycles/165/1b1_Pl_002.wav,validation
165,1b1,Pl,URTI,7,test,/Users/vs/Sem 5/Respiratory-Disease-Classification/data/processed/audio/cycles/165/1b1_Pl_003.wav,validation
165,1b1,Pl,URTI,7,test,/Users/vs/Sem 5/Respiratory-Disease-Classification/data/processed/audio/cycles/165/1b1_Pl_004.wav,validation
165,1b1,Pl,URTI,7,test,/Users/vs/Sem 5/Respiratory-Disease-Classification/data/processed/audio/cycles/165/1b1_Pl_005.wav,validation
165,1b1,Pl,URTI,7,test,/Users/vs/Sem 5/Respiratory-Disease-Classification/data/processed/audio/cycles/165/1b1_Pl_006.wav,validation
165,1b1,Pl,URTI,7,test,/Users/vs/Sem 5/Respiratory-Disease-Classification/data/processed/audio/cycles/165/1b1_Pl_007.wav,validation
165,1b1,Pl,URTI,7,test,/Users/vs/Sem 5/Respiratory-Disease-Classification/data/processed/audio/cycles/165/1b1_Pl_008.wav,validation
165,1b1,Pr,URTI,7,test,/Users/vs/Sem 5/Respiratory-Disease-Classification/data/processed/audio/cycles/165/1b1_Pr_001.wav,validation
165,1b1,Pr,URTI,7,test,/Users/vs/Sem 5/Respiratory-Disease-Classification/data/processed/audio/cycles/165/1b1_Pr_002.wav,validation
165,1b1,Pr,URTI,7,test,/Users/vs/Sem 5/Respiratory-Disease-Classification/data/processed/audio/cycles/165/1b1_Pr_003.wav,validation
165,1b1,Pr,URTI,7,test,/Users/vs/Sem 5/Respiratory-Disease-Classification/data/processed/audio/cycles/165/1b1_Pr_004.wav,validation
165,1b1,Pr,URTI,7,test,/Users/vs/Sem 5/Respiratory-Disease-Classification/data/processed/audio/cycles/165/1b1_Pr_005.wav,validation
165,1b1,Pr,URTI,7,test,/Users/vs/Sem 5/Respiratory-Disease-Classification/data/processed/audio/cycles/165/1b1_Pr_006.wav,validation
165,1b1,Pr,URTI,7,test,/Users/vs/Sem 5/Respiratory-Disease-Classification/data/processed/audio/cycles/165/1b1_Pr_007.wav,validation
165,1b1,Pr,URTI,7,test,/Users/vs/Sem 5/Respiratory-Disease-Classification/data/processed/audio/cycles/165/1b1_Pr_008.wav,validation
166,1p1,Al,COPD,3,train,/Users/vs/Sem 5/Respiratory-Disease-Classification/data/processed/audio/cycles/166/1p1_Al_001.wav,validation
166,1p1,Al,COPD,3,train,/Users/vs/Sem 5/Respiratory-Disease-Classification/data/processed/audio/cycles/166/1p1_Al_002.wav,validation
166,1p1,Al,COPD,3,train,/Users/vs/Sem 5/Respiratory-Disease-Classification/data/processed/audio/cycles/166/1p1_Al_003.wav,validation
166,1p1,Al,COPD,3,train,/Users/vs/Sem 5/Respiratory-Disease-Classification/data/processed/audio/cycles/166/1p1_Al_004.wav,validation
166,1p1,Al,COPD,3,train,/Users/vs/Sem 5/Respiratory-Disease-Classification/data/processed/audio/cycles/166/1p1_Al_005.wav,validation
166,1p1,Al,COPD,3,train,/Users/vs/Sem 5/Respiratory-Disease-Classification/data/processed/audio/cycles/166/1p1_Al_006.wav,validation
166,1p1,Al,COPD,3,train,/Users/vs/Sem 5/Respiratory-Disease-Classification/data/processed/audio/cycles/166/1p1_Al_007.wav,validation
166,1p1,Al,COPD,3,train,/Users/vs/Sem 5/Respiratory-Disease-Classification/data/processed/audio/cycles/166/1p1_Al_008.wav,validation
166,1p1,Al,COPD,3,train,/Users/vs/Sem 5/Respiratory-Disease-Classification/data/processed/audio/cycles/166/1p1_Al_009.wav,validation
166,1p1,Al,COPD,3,train,/Users/vs/Sem 5/Respiratory-Disease-Classification/data/processed/audio/cycles/166/1p1_Al_010.wav,validation
166,1p1,Al,COPD,3,train,/Users/vs/Sem 5/Respiratory-Disease-Classification/data/processed/audio/cycles/166/1p1_Al_011.wav,validation
166,1p1,Al,COPD,3,train,/Users/vs/Sem 5/Respiratory-Disease-Classification/data/processed/audio/cycles/166/1p1_Al_012.wav,validation
166,1p1,Al,COPD,3,train,/Users/vs/Sem 5/Respiratory-Disease-Classification/data/processed/audio/cycles/166/1p1_Al_013.wav,validation
166,1p1,Al,COPD,3,train,/Users/vs/Sem 5/Respiratory-Disease-Classification/data/processed/audio/cycles/166/1p1_Al_014.wav,validation
166,1p1,Al,COPD,3,train,/Users/vs/Sem 5/Respiratory-Disease-Classification/data/processed/audio/cycles/166/1p1_Al_015.wav,validation
166,1p1,Al,COPD,3,train,/Users/vs/Sem 5/Respiratory-Disease-Classification/data/processed/audio/cycles/166/1p1_Al_016.wav,validation
166,1p1,Al,COPD,3,train,/Users/vs/Sem 5/Respiratory-Disease-Classification/data/processed/audio/cycles/166/1p1_Al_017.wav,validation
166,1p1,Ar,COPD,3,train,/Users/vs/Sem 5/Respiratory-Disease-Classification/data/processed/audio/cycles/166/1p1_Ar_001.wav,validation
166,1p1,Ar,COPD,3,train,/Users/vs/Sem 5/Respiratory-Disease-Classification/data/processed/audio/cycles/166/1p1_Ar_002.wav,validation
166,1p1,Ar,COPD,3,train,/Users/vs/Sem 5/Respiratory-Disease-Classification/data/processed/audio/cycles/166/1p1_Ar_003.wav,validation
166,1p1,Ar,COPD,3,train,/Users/vs/Sem 5/Respiratory-Disease-Classification/data/processed/audio/cycles/166/1p1_Ar_004.wav,validation
166,1p1,Ar,COPD,3,train,/Users/vs/Sem 5/Respiratory-Disease-Classification/data/processed/audio/cycles/166/1p1_Ar_005.wav,validation
166,1p1,Ar,COPD,3,train,/Users/vs/Sem 5/Respiratory-Disease-Classification/data/processed/audio/cycles/166/1p1_Ar_006.wav,validation
166,1p1,Ar,COPD,3,train,/Users/vs/Sem 5/Respiratory-Disease-Classification/data/processed/audio/cycles/166/1p1_Ar_007.wav,validation
166,1p1,Ar,COPD,3,train,/Users/vs/Sem 5/Respiratory-Disease-Classification/data/processed/audio/cycles/166/1p1_Ar_008.wav,validation
166,1p1,Ar,COPD,3,train,/Users/vs/Sem 5/Respiratory-Disease-Classification/data/processed/audio/cycles/166/1p1_Ar_009.wav,validation
166,1p1,Ar,COPD,3,train,/Users/vs/Sem 5/Respiratory-Disease-Classification/data/processed/audio/cycles/166/1p1_Ar_010.wav,validation
166,1p1,Ar,COPD,3,train,/Users/vs/Sem 5/Respiratory-Disease-Classification/data/processed/audio/cycles/166/1p1_Ar_011.wav,validation
166,1p1,Ar,COPD,3,train,/Users/vs/Sem 5/Respiratory-Disease-Classification/data/processed/audio/cycles/166/1p1_Ar_012.wav,validation
166,1p1,Ar,COPD,3,train,/Users/vs/Sem 5/Respiratory-Disease-Classification/data/processed/audio/cycles/166/1p1_Ar_013.wav,validation
166,1p1,Ar,COPD,3,train,/Users/vs/Sem 5/Respiratory-Disease-Classification/data/processed/audio/cycles/166/1p1_Ar_014.wav,validation
166,1p1,Ar,COPD,3,train,/Users/vs/Sem 5/Respiratory-Disease-Classification/data/processed/audio/cycles/166/1p1_Ar_015.wav,validation
166,1p1,Ar,COPD,3,train,/Users/vs/Sem 5/Respiratory-Disease-Classification/data/processed/audio/cycles/166/1p1_Ar_016.wav,validation
166,1p1,Ar,COPD,3,train,/Users/vs/Sem 5/Respiratory-Disease-Classification/data/processed/audio/cycles/166/1p1_Ar_017.wav,validation
166,1p1,Ar,COPD,3,train,/Users/vs/Sem 5/Respiratory-Disease-Classification/data/processed/audio/cycles/166/1p1_Ar_018.wav,validation
166,1p1,Ar,COPD,3,train,/Users/vs/Sem 5/Respiratory-Disease-Classification/data/processed/audio/cycles/166/1p1_Ar_019.wav,validation
166,1p1,Ar,COPD,3,train,/Users/vs/Sem 5/Respiratory-Disease-Classification/data/processed/audio/cycles/166/1p1_Ar_020.wav,validation
166,1p1,Ar,COPD,3,train,/Users/vs/Sem 5/Respiratory-Disease-Classification/data/processed/audio/cycles/166/1p1_Ar_021.wav,validation
166,1p1,Ar,COPD,3,train,/Users/vs/Sem 5/Respiratory-Disease-Classification/data/processed/audio/cycles/166/1p1_Ar_022.wav,validation
166,1p1,Ar,COPD,3,train,/Users/vs/Sem 5/Respiratory-Disease-Classification/data/processed/audio/cycles/166/1p1_Ar_023.wav,validation
166,1p1,Ar,COPD,3,train,/Users/vs/Sem 5/Respiratory-Disease-Classification/data/processed/audio/cycles/166/1p1_Ar_024.wav,validation
166,1p1,Ar,COPD,3,train,/Users/vs/Sem 5/Respiratory-Disease-Classification/data/processed/audio/cycles/166/1p1_Ar_025.wav,validation
166,1p1,Ll,COPD,3,train,/Users/vs/Sem 5/Respiratory-Disease-Classification/data/processed/audio/cycles/166/1p1_Ll_001.wav,validation
166,1p1,Ll,COPD,3,train,/Users/vs/Sem 5/Respiratory-Disease-Classification/data/processed/audio/cycles/166/1p1_Ll_002.wav,validation
166,1p1,Ll,COPD,3,train,/Users/vs/Sem 5/Respiratory-Disease-Classification/data/processed/audio/cycles/166/1p1_Ll_003.wav,validation
166,1p1,Ll,COPD,3,train,/Users/vs/Sem 5/Respiratory-Disease-Classification/data/processed/audio/cycles/166/1p1_Ll_004.wav,validation
166,1p1,Ll,COPD,3,train,/Users/vs/Sem 5/Respiratory-Disease-Classification/data/processed/audio/cycles/166/1p1_Ll_005.wav,validation
166,1p1,Ll,COPD,3,train,/Users/vs/Sem 5/Respiratory-Disease-Classification/data/processed/audio/cycles/166/1p1_Ll_006.wav,validation
166,1p1,Ll,COPD,3,train,/Users/vs/Sem 5/Respiratory-Disease-Classification/data/processed/audio/cycles/166/1p1_Ll_007.wav,validation
166,1p1,Ll,COPD,3,train,/Users/vs/Sem 5/Respiratory-Disease-Classification/data/processed/audio/cycles/166/1p1_Ll_008.wav,validation
166,1p1,Ll,COPD,3,train,/Users/vs/Sem 5/Respiratory-Disease-Classification/data/processed/audio/cycles/166/1p1_Ll_009.wav,validation
166,1p1,Ll,COPD,3,train,/Users/vs/Sem 5/Respiratory-Disease-Classification/data/processed/audio/cycles/166/1p1_Ll_010.wav,validation
166,1p1,Ll,COPD,3,train,/Users/vs/Sem 5/Respiratory-Disease-Classification/data/processed/audio/cycles/166/1p1_Ll_011.wav,validation
166,1p1,Ll,COPD,3,train,/Users/vs/Sem 5/Respiratory-Disease-Classification/data/processed/audio/cycles/166/1p1_Ll_012.wav,validation
166,1p1,Ll,COPD,3,train,/Users/vs/Sem 5/Respiratory-Disease-Classification/data/processed/audio/cycles/166/1p1_Ll_013.wav,validation
166,1p1,Ll,COPD,3,train,/Users/vs/Sem 5/Respiratory-Disease-Classification/data/processed/audio/cycles/166/1p1_Ll_014.wav,validation
166,1p1,Ll,COPD,3,train,/Users/vs/Sem 5/Respiratory-Disease-Classification/data/processed/audio/cycles/166/1p1_Ll_015.wav,validation
166,1p1,Ll,COPD,3,train,/Users/vs/Sem 5/Respiratory-Disease-Classification/data/processed/audio/cycles/166/1p1_Ll_016.wav,validation
166,1p1,Ll,COPD,3,train,/Users/vs/Sem 5/Respiratory-Disease-Classification/data/processed/audio/cycles/166/1p1_Ll_017.wav,validation
166,1p1,Ll,COPD,3,train,/Users/vs/Sem 5/Respiratory-Disease-Classification/data/processed/audio/cycles/166/1p1_Ll_018.wav,validation
166,1p1,Ll,COPD,3,train,/Users/vs/Sem 5/Respiratory-Disease-Classification/data/processed/audio/cycles/166/1p1_Ll_019.wav,validation
166,1p1,Ll,COPD,3,train,/Users/vs/Sem 5/Respiratory-Disease-Classification/data/processed/audio/cycles/166/1p1_Ll_020.wav,validation
166,1p1,Ll,COPD,3,train,/Users/vs/Sem 5/Respiratory-Disease-Classification/data/processed/audio/cycles/166/1p1_Ll_021.wav,validation
166,1p1,Ll,COPD,3,train,/Users/vs/Sem 5/Respiratory-Disease-Classification/data/processed/audio/cycles/166/1p1_Ll_022.wav,validation
166,1p1,Ll,COPD,3,train,/Users/vs/Sem 5/Respiratory-Disease-Classification/data/processed/audio/cycles/166/1p1_Ll_023.wav,validation
166,1p1,Ll,COPD,3,train,/Users/vs/Sem 5/Respiratory-Disease-Classification/data/processed/audio/cycles/166/1p1_Ll_024.wav,validation
166,1p1,Ll,COPD,3,train,/Users/vs/Sem 5/Respiratory-Disease-Classification/data/processed/audio/cycles/166/1p1_Ll_025.wav,validation
166,1p1,Pl,COPD,3,train,/Users/vs/Sem 5/Respiratory-Disease-Classification/data/processed/audio/cycles/166/1p1_Pl_001.wav,validation
166,1p1,Pl,COPD,3,train,/Users/vs/Sem 5/Respiratory-Disease-Classification/data/processed/audio/cycles/166/1p1_Pl_002.wav,validation
166,1p1,Pl,COPD,3,train,/Users/vs/Sem 5/Respiratory-Disease-Classification/data/processed/audio/cycles/166/1p1_Pl_003.wav,validation
166,1p1,Pl,COPD,3,train,/Users/vs/Sem 5/Respiratory-Disease-Classification/data/processed/audio/cycles/166/1p1_Pl_004.wav,validation
166,1p1,Pl,COPD,3,train,/Users/vs/Sem 5/Respiratory-Disease-Classification/data/processed/audio/cycles/166/1p1_Pl_005.wav,validation
166,1p1,Pl,COPD,3,train,/Users/vs/Sem 5/Respiratory-Disease-Classification/data/processed/audio/cycles/166/1p1_Pl_006.wav,validation
166,1p1,Pl,COPD,3,train,/Users/vs/Sem 5/Respiratory-Disease-Classification/data/processed/audio/cycles/166/1p1_Pl_007.wav,validation
166,1p1,Pl,COPD,3,train,/Users/vs/Sem 5/Respiratory-Disease-Classification/data/processed/audio/cycles/166/1p1_Pl_008.wav,validation
166,1p1,Pl,COPD,3,train,/Users/vs/Sem 5/Respiratory-Disease-Classification/data/processed/audio/cycles/166/1p1_Pl_009.wav,validation
166,1p1,Pl,COPD,3,train,/Users/vs/Sem 5/Respiratory-Disease-Classification/data/processed/audio/cycles/166/1p1_Pl_010.wav,validation
166,1p1,Pl,COPD,3,train,/Users/vs/Sem 5/Respiratory-Disease-Classification/data/processed/audio/cycles/166/1p1_Pl_011.wav,validation
166,1p1,Pl,COPD,3,train,/Users/vs/Sem 5/Respiratory-Disease-Classification/data/processed/audio/cycles/166/1p1_Pl_012.wav,validation
166,1p1,Pl,COPD,3,train,/Users/vs/Sem 5/Respiratory-Disease-Classification/data/processed/audio/cycles/166/1p1_Pl_013.wav,validation
166,1p1,Pl,COPD,3,train,/Users/vs/Sem 5/Respiratory-Disease-Classification/data/processed/audio/cycles/166/1p1_Pl_014.wav,validation
166,1p1,Pl,COPD,3,train,/Users/vs/Sem 5/Respiratory-Disease-Classification/data/processed/audio/cycles/166/1p1_Pl_015.wav,validation
166,1p1,Pl,COPD,3,train,/Users/vs/Sem 5/Respiratory-Disease-Classification/data/processed/audio/cycles/166/1p1_Pl_016.wav,validation
166,1p1,Pl,COPD,3,train,/Users/vs/Sem 5/Respiratory-Disease-Classification/data/processed/audio/cycles/166/1p1_Pl_017.wav,validation
166,1p1,Pl,COPD,3,train,/Users/vs/Sem 5/Respiratory-Disease-Classification/data/processed/audio/cycles/166/1p1_Pl_018.wav,validation
166,1p1,Pl,COPD,3,train,/Users/vs/Sem 5/Respiratory-Disease-Classification/data/processed/audio/cycles/166/1p1_Pl_019.wav,validation
166,1p1,Pl,COPD,3,train,/Users/vs/Sem 5/Respiratory-Disease-Classification/data/processed/audio/cycles/166/1p1_Pl_020.wav,validation
166,1p1,Pl,COPD,3,train,/Users/vs/Sem 5/Respiratory-Disease-Classification/data/processed/audio/cycles/166/1p1_Pl_021.wav,validation
166,1p1,Pl,COPD,3,train,/Users/vs/Sem 5/Respiratory-Disease-Classification/data/processed/audio/cycles/166/1p1_Pl_022.wav,validation
166,1p1,Pl,COPD,3,train,/Users/vs/Sem 5/Respiratory-Disease-Classification/data/processed/audio/cycles/166/1p1_Pl_023.wav,validation
166,1p1,Pl,COPD,3,train,/Users/vs/Sem 5/Respiratory-Disease-Classification/data/processed/audio/cycles/166/1p1_Pl_024.wav,validation
166,1p1,Pr,COPD,3,train,/Users/vs/Sem 5/Respiratory-Disease-Classification/data/processed/audio/cycles/166/1p1_Pr_001.wav,validation
166,1p1,Pr,COPD,3,train,/Users/vs/Sem 5/Respiratory-Disease-Classification/data/processed/audio/cycles/166/1p1_Pr_002.wav,validation
166,1p1,Pr,COPD,3,train,/Users/vs/Sem 5/Respiratory-Disease-Classification/data/processed/audio/cycles/166/1p1_Pr_003.wav,validation
166,1p1,Pr,COPD,3,train,/Users/vs/Sem 5/Respiratory-Disease-Classification/data/processed/audio/cycles/166/1p1_Pr_004.wav,validation
166,1p1,Pr,COPD,3,train,/Users/vs/Sem 5/Respiratory-Disease-Classification/data/processed/audio/cycles/166/1p1_Pr_005.wav,validation
166,1p1,Pr,COPD,3,train,/Users/vs/Sem 5/Respiratory-Disease-Classification/data/processed/audio/cycles/166/1p1_Pr_006.wav,validation
166,1p1,Pr,COPD,3,train,/Users/vs/Sem 5/Respiratory-Disease-Classification/data/processed/audio/cycles/166/1p1_Pr_007.wav,validation
166,1p1,Pr,COPD,3,train,/Users/vs/Sem 5/Respiratory-Disease-Classification/data/processed/audio/cycles/166/1p1_Pr_008.wav,validation
166,1p1,Pr,COPD,3,train,/Users/vs/Sem 5/Respiratory-Disease-Classification/data/processed/audio/cycles/166/1p1_Pr_009.wav,validation
166,1p1,Pr,COPD,3,train,/Users/vs/Sem 5/Respiratory-Disease-Classification/data/processed/audio/cycles/166/1p1_Pr_010.wav,validation
166,1p1,Pr,COPD,3,train,/Users/vs/Sem 5/Respiratory-Disease-Classification/data/processed/audio/cycles/166/1p1_Pr_011.wav,validation
166,1p1,Pr,COPD,3,train,/Users/vs/Sem 5/Respiratory-Disease-Classification/data/processed/audio/cycles/166/1p1_Pr_012.wav,validation
166,1p1,Pr,COPD,3,train,/Users/vs/Sem 5/Respiratory-Disease-Classification/data/processed/audio/cycles/166/1p1_Pr_013.wav,validation
166,1p1,Pr,COPD,3,train,/Users/vs/Sem 5/Respiratory-Disease-Classification/data/processed/audio/cycles/166/1p1_Pr_014.wav,validation
166,1p1,Pr,COPD,3,train,/Users/vs/Sem 5/Respiratory-Disease-Classification/data/processed/audio/cycles/166/1p1_Pr_015.wav,validation
166,1p1,Pr,COPD,3,train,/Users/vs/Sem 5/Respiratory-Disease-Classification/data/processed/audio/cycles/166/1p1_Pr_016.wav,validation
166,1p1,Pr,COPD,3,train,/Users/vs/Sem 5/Respiratory-Disease-Classification/data/processed/audio/cycles/166/1p1_Pr_017.wav,validation
166,1p1,Pr,COPD,3,train,/Users/vs/Sem 5/Respiratory-Disease-Classification/data/processed/audio/cycles/166/1p1_Pr_018.wav,validation
166,1p1,Pr,COPD,3,train,/Users/vs/Sem 5/Respiratory-Disease-Classification/data/processed/audio/cycles/166/1p1_Pr_019.wav,validation
166,1p1,Pr,COPD,3,train,/Users/vs/Sem 5/Respiratory-Disease-Classification/data/processed/audio/cycles/166/1p1_Pr_020.wav,validation
166,1p1,Pr,COPD,3,train,/Users/vs/Sem 5/Respiratory-Disease-Classification/data/processed/audio/cycles/166/1p1_Pr_021.wav,validation
166,1p1,Pr,COPD,3,train,/Users/vs/Sem 5/Respiratory-Disease-Classification/data/processed/audio/cycles/166/1p1_Pr_022.wav,validation
166,1p1,Pr,COPD,3,train,/Users/vs/Sem 5/Respiratory-Disease-Classification/data/processed/audio/cycles/166/1p1_Pr_023.wav,validation
166,1p1,Pr,COPD,3,train,/Users/vs/Sem 5/Respiratory-Disease-Classification/data/processed/audio/cycles/166/1p1_Pr_024.wav,validation
167,1b1,Al,Bronchiolitis,2,train,/Users/vs/Sem 5/Respiratory-Disease-Classification/data/processed/audio/cycles/167/1b1_Al_001.wav,train
167,1b1,Al,Bronchiolitis,2,train,/Users/vs/Sem 5/Respiratory-Disease-Classification/data/processed/audio/cycles/167/1b1_Al_002.wav,train
167,1b1,Al,Bronchiolitis,2,train,/Users/vs/Sem 5/Respiratory-Disease-Classification/data/processed/audio/cycles/167/1b1_Al_003.wav,train
167,1b1,Al,Bronchiolitis,2,train,/Users/vs/Sem 5/Respiratory-Disease-Classification/data/processed/audio/cycles/167/1b1_Al_004.wav,train
167,1b1,Al,Bronchiolitis,2,train,/Users/vs/Sem 5/Respiratory-Disease-Classification/data/processed/audio/cycles/167/1b1_Al_005.wav,train
167,1b1,Al,Bronchiolitis,2,train,/Users/vs/Sem 5/Respiratory-Disease-Classification/data/processed/audio/cycles/167/1b1_Al_006.wav,train
167,1b1,Al,Bronchiolitis,2,train,/Users/vs/Sem 5/Respiratory-Disease-Classification/data/processed/audio/cycles/167/1b1_Al_007.wav,train
167,1b1,Al,Bronchiolitis,2,train,/Users/vs/Sem 5/Respiratory-Disease-Classification/data/processed/audio/cycles/167/1b1_Al_008.wav,train
167,1b1,Al,Bronchiolitis,2,train,/Users/vs/Sem 5/Respiratory-Disease-Classification/data/processed/audio/cycles/167/1b1_Al_009.wav,train
167,1b1,Al,Bronchiolitis,2,train,/Users/vs/Sem 5/Respiratory-Disease-Classification/data/processed/audio/cycles/167/1b1_Al_010.wav,train
167,1b1,Al,Bronchiolitis,2,train,/Users/vs/Sem 5/Respiratory-Disease-Classification/data/processed/audio/cycles/167/1b1_Al_011.wav,train
167,1b1,Al,Bronchiolitis,2,train,/Users/vs/Sem 5/Respiratory-Disease-Classification/data/processed/audio/cycles/167/1b1_Al_012.wav,train
167,1b1,Al,Bronchiolitis,2,train,/Users/vs/Sem 5/Respiratory-Disease-Classification/data/processed/audio/cycles/167/1b1_Al_013.wav,train
167,1b1,Pr,Bronchiolitis,2,train,/Users/vs/Sem 5/Respiratory-Disease-Classification/data/processed/audio/cycles/167/1b1_Pr_001.wav,train
167,1b1,Pr,Bronchiolitis,2,train,/Users/vs/Sem 5/Respiratory-Disease-Classification/data/processed/audio/cycles/167/1b1_Pr_002.wav,train
167,1b1,Pr,Bronchiolitis,2,train,/Users/vs/Sem 5/Respiratory-Disease-Classification/data/processed/audio/cycles/167/1b1_Pr_003.wav,train
167,1b1,Pr,Bronchiolitis,2,train,/Users/vs/Sem 5/Respiratory-Disease-Classification/data/processed/audio/cycles/167/1b1_Pr_004.wav,train
167,1b1,Pr,Bronchiolitis,2,train,/Users/vs/Sem 5/Respiratory-Disease-Classification/data/processed/audio/cycles/167/1b1_Pr_005.wav,train
167,1b1,Pr,Bronchiolitis,2,train,/Users/vs/Sem 5/Respiratory-Disease-Classification/data/processed/audio/cycles/167/1b1_Pr_006.wav,train
167,1b1,Pr,Bronchiolitis,2,train,/Users/vs/Sem 5/Respiratory-Disease-Classification/data/processed/audio/cycles/167/1b1_Pr_007.wav,train
167,1b1,Pr,Bronchiolitis,2,train,/Users/vs/Sem 5/Respiratory-Disease-Classification/data/processed/audio/cycles/167/1b1_Pr_008.wav,train
167,1b1,Pr,Bronchiolitis,2,train,/Users/vs/Sem 5/Respiratory-Disease-Classification/data/processed/audio/cycles/167/1b1_Pr_009.wav,train
167,1b1,Pr,Bronchiolitis,2,train,/Users/vs/Sem 5/Respiratory-Disease-Classification/data/processed/audio/cycles/167/1b1_Pr_010.wav,train
167,1b1,Pr,Bronchiolitis,2,train,/Users/vs/Sem 5/Respiratory-Disease-Classification/data/processed/audio/cycles/167/1b1_Pr_011.wav,train
167,1b1,Pr,Bronchiolitis,2,train,/Users/vs/Sem 5/Respiratory-Disease-Classification/data/processed/audio/cycles/167/1b1_Pr_012.wav,train
167,1b1,Pr,Bronchiolitis,2,train,/Users/vs/Sem 5/Respiratory-Disease-Classification/data/processed/audio/cycles/167/1b1_Pr_013.wav,train
167,1b1,Pr,Bronchiolitis,2,train,/Users/vs/Sem 5/Respiratory-Disease-Classification/data/processed/audio/cycles/167/1b1_Pr_014.wav,train
167,1b1,Pr,Bronchiolitis,2,train,/Users/vs/Sem 5/Respiratory-Disease-Classification/data/processed/audio/cycles/167/1b1_Pr_015.wav,train
168,1b1,Al,Bronchiectasis,1,train,/Users/vs/Sem 5/Respiratory-Disease-Classification/data/processed/audio/cycles/168/1b1_Al_001.wav,train
168,1b1,Al,Bronchiectasis,1,train,/Users/vs/Sem 5/Respiratory-Disease-Classification/data/processed/audio/cycles/168/1b1_Al_002.wav,train
168,1b1,Al,Bronchiectasis,1,train,/Users/vs/Sem 5/Respiratory-Disease-Classification/data/processed/audio/cycles/168/1b1_Al_003.wav,train
168,1b1,Al,Bronchiectasis,1,train,/Users/vs/Sem 5/Respiratory-Disease-Classification/data/processed/audio/cycles/168/1b1_Al_004.wav,train
168,1b1,Al,Bronchiectasis,1,train,/Users/vs/Sem 5/Respiratory-Disease-Classification/data/processed/audio/cycles/168/1b1_Al_005.wav,train
168,1b1,Al,Bronchiectasis,1,train,/Users/vs/Sem 5/Respiratory-Disease-Classification/data/processed/audio/cycles/168/1b1_Al_006.wav,train
168,1b1,Al,Bronchiectasis,1,train,/Users/vs/Sem 5/Respiratory-Disease-Classification/data/processed/audio/cycles/168/1b1_Al_007.wav,train
169,1b1,Lr,Bronchiectasis,1,test,/Users/vs/Sem 5/Respiratory-Disease-Classification/data/processed/audio/cycles/169/1b1_Lr_001.wav,test
169,1b1,Lr,Bronchiectasis,1,test,/Users/vs/Sem 5/Respiratory-Disease-Classification/data/processed/audio/cycles/169/1b1_Lr_002.wav,test
169,1b1,Lr,Bronchiectasis,1,test,/Users/vs/Sem 5/Respiratory-Disease-Classification/data/processed/audio/cycles/169/1b1_Lr_003.wav,test
169,1b1,Lr,Bronchiectasis,1,test,/Users/vs/Sem 5/Respiratory-Disease-Classification/data/processed/audio/cycles/169/1b1_Lr_004.wav,test
169,1b1,Lr,Bronchiectasis,1,test,/Users/vs/Sem 5/Respiratory-Disease-Classification/data/processed/audio/cycles/169/1b1_Lr_005.wav,test
169,1b1,Lr,Bronchiectasis,1,test,/Users/vs/Sem 5/Respiratory-Disease-Classification/data/processed/audio/cycles/169/1b1_Lr_006.wav,test
169,1b1,Lr,Bronchiectasis,1,test,/Users/vs/Sem 5/Respiratory-Disease-Classification/data/processed/audio/cycles/169/1b1_Lr_007.wav,test
169,1b2,Ll,Bronchiectasis,1,test,/Users/vs/Sem 5/Respiratory-Disease-Classification/data/processed/audio/cycles/169/1b2_Ll_001.wav,test
169,1b2,Ll,Bronchiectasis,1,test,/Users/vs/Sem 5/Respiratory-Disease-Classification/data/processed/audio/cycles/169/1b2_Ll_002.wav,test
169,1b2,Ll,Bronchiectasis,1,test,/Users/vs/Sem 5/Respiratory-Disease-Classification/data/processed/audio/cycles/169/1b2_Ll_003.wav,test
169,1b2,Ll,Bronchiectasis,1,test,/Users/vs/Sem 5/Respiratory-Disease-Classification/data/processed/audio/cycles/169/1b2_Ll_004.wav,test
169,1b2,Ll,Bronchiectasis,1,test,/Users/vs/Sem 5/Respiratory-Disease-Classification/data/processed/audio/cycles/169/1b2_Ll_005.wav,test
169,1b2,Ll,Bronchiectasis,1,test,/Users/vs/Sem 5/Respiratory-Disease-Classification/data/processed/audio/cycles/169/1b2_Ll_006.wav,test
169,1b2,Ll,Bronchiectasis,1,test,/Users/vs/Sem 5/Respiratory-Disease-Classification/data/processed/audio/cycles/169/1b2_Ll_007.wav,test
170,1b2,Al,COPD,3,test,/Users/vs/Sem 5/Respiratory-Disease-Classification/data/processed/audio/cycles/170/1b2_Al_001.wav,train
170,1b2,Al,COPD,3,test,/Users/vs/Sem 5/Respiratory-Disease-Classification/data/processed/audio/cycles/170/1b2_Al_002.wav,train
170,1b2,Al,COPD,3,test,/Users/vs/Sem 5/Respiratory-Disease-Classification/data/processed/audio/cycles/170/1b2_Al_003.wav,train
170,1b2,Al,COPD,3,test,/Users/vs/Sem 5/Respiratory-Disease-Classification/data/processed/audio/cycles/170/1b2_Al_004.wav,train
170,1b2,Al,COPD,3,test,/Users/vs/Sem 5/Respiratory-Disease-Classification/data/processed/audio/cycles/170/1b2_Al_005.wav,train
170,1b2,Ar,COPD,3,test,/Users/vs/Sem 5/Respiratory-Disease-Classification/data/processed/audio/cycles/170/1b2_Ar_001.wav,train
170,1b2,Ar,COPD,3,test,/Users/vs/Sem 5/Respiratory-Disease-Classification/data/processed/audio/cycles/170/1b2_Ar_002.wav,train
170,1b2,Ar,COPD,3,test,/Users/vs/Sem 5/Respiratory-Disease-Classification/data/processed/audio/cycles/170/1b2_Ar_003.wav,train
170,1b2,Ar,COPD,3,test,/Users/vs/Sem 5/Respiratory-Disease-Classification/data/processed/audio/cycles/170/1b2_Ar_004.wav,train
170,1b2,Ar,COPD,3,test,/Users/vs/Sem 5/Respiratory-Disease-Classification/data/processed/audio/cycles/170/1b2_Ar_005.wav,train
170,1b2,Lr,COPD,3,test,/Users/vs/Sem 5/Respiratory-Disease-Classification/data/processed/audio/cycles/170/1b2_Lr_001.wav,train
170,1b2,Lr,COPD,3,test,/Users/vs/Sem 5/Respiratory-Disease-Classification/data/processed/audio/cycles/170/1b2_Lr_002.wav,train
170,1b2,Lr,COPD,3,test,/Users/vs/Sem 5/Respiratory-Disease-Classification/data/processed/audio/cycles/170/1b2_Lr_003.wav,train
170,1b2,Lr,COPD,3,test,/Users/vs/Sem 5/Respiratory-Disease-Classification/data/processed/audio/cycles/170/1b2_Lr_004.wav,train
170,1b2,Lr,COPD,3,test,/Users/vs/Sem 5/Respiratory-Disease-Classification/data/processed/audio/cycles/170/1b2_Lr_005.wav,train
170,1b2,Pl,COPD,3,test,/Users/vs/Sem 5/Respiratory-Disease-Classification/data/processed/audio/cycles/170/1b2_Pl_001.wav,train
170,1b2,Pl,COPD,3,test,/Users/vs/Sem 5/Respiratory-Disease-Classification/data/processed/audio/cycles/170/1b2_Pl_002.wav,train
170,1b2,Pl,COPD,3,test,/Users/vs/Sem 5/Respiratory-Disease-Classification/data/processed/audio/cycles/170/1b2_Pl_003.wav,train
170,1b2,Pl,COPD,3,test,/Users/vs/Sem 5/Respiratory-Disease-Classification/data/processed/audio/cycles/170/1b2_Pl_004.wav,train
170,1b2,Pl,COPD,3,test,/Users/vs/Sem 5/Respiratory-Disease-Classification/data/processed/audio/cycles/170/1b2_Pl_005.wav,train
170,1b2,Pr,COPD,3,test,/Users/vs/Sem 5/Respiratory-Disease-Classification/data/processed/audio/cycles/170/1b2_Pr_001.wav,train
170,1b2,Pr,COPD,3,test,/Users/vs/Sem 5/Respiratory-Disease-Classification/data/processed/audio/cycles/170/1b2_Pr_002.wav,train
170,1b2,Pr,COPD,3,test,/Users/vs/Sem 5/Respiratory-Disease-Classification/data/processed/audio/cycles/170/1b2_Pr_003.wav,train
170,1b2,Pr,COPD,3,test,/Users/vs/Sem 5/Respiratory-Disease-Classification/data/processed/audio/cycles/170/1b2_Pr_004.wav,train
170,1b2,Pr,COPD,3,test,/Users/vs/Sem 5/Respiratory-Disease-Classification/data/processed/audio/cycles/170/1b2_Pr_005.wav,train
170,1b2,Tc,COPD,3,test,/Users/vs/Sem 5/Respiratory-Disease-Classification/data/processed/audio/cycles/170/1b2_Tc_001.wav,train
170,1b2,Tc,COPD,3,test,/Users/vs/Sem 5/Respiratory-Disease-Classification/data/processed/audio/cycles/170/1b2_Tc_002.wav,train
170,1b2,Tc,COPD,3,test,/Users/vs/Sem 5/Respiratory-Disease-Classification/data/processed/audio/cycles/170/1b2_Tc_003.wav,train
170,1b2,Tc,COPD,3,test,/Users/vs/Sem 5/Respiratory-Disease-Classification/data/processed/audio/cycles/170/1b2_Tc_004.wav,train
170,1b2,Tc,COPD,3,test,/Users/vs/Sem 5/Respiratory-Disease-Classification/data/processed/audio/cycles/170/1b2_Tc_005.wav,train
170,1b3,Al,COPD,3,test,/Users/vs/Sem 5/Respiratory-Disease-Classification/data/processed/audio/cycles/170/1b3_Al_001.wav,train
170,1b3,Al,COPD,3,test,/Users/vs/Sem 5/Respiratory-Disease-Classification/data/processed/audio/cycles/170/1b3_Al_002.wav,train
170,1b3,Al,COPD,3,test,/Users/vs/Sem 5/Respiratory-Disease-Classification/data/processed/audio/cycles/170/1b3_Al_003.wav,train
170,1b3,Al,COPD,3,test,/Users/vs/Sem 5/Respiratory-Disease-Classification/data/processed/audio/cycles/170/1b3_Al_004.wav,train
170,1b3,Al,COPD,3,test,/Users/vs/Sem 5/Respiratory-Disease-Classification/data/processed/audio/cycles/170/1b3_Al_005.wav,train
170,1b3,Al,COPD,3,test,/Users/vs/Sem 5/Respiratory-Disease-Classification/data/processed/audio/cycles/170/1b3_Al_006.wav,train
170,1b3,Ar,COPD,3,test,/Users/vs/Sem 5/Respiratory-Disease-Classification/data/processed/audio/cycles/170/1b3_Ar_001.wav,train
170,1b3,Ar,COPD,3,test,/Users/vs/Sem 5/Respiratory-Disease-Classification/data/processed/audio/cycles/170/1b3_Ar_002.wav,train
170,1b3,Ar,COPD,3,test,/Users/vs/Sem 5/Respiratory-Disease-Classification/data/processed/audio/cycles/170/1b3_Ar_003.wav,train
170,1b3,Ar,COPD,3,test,/Users/vs/Sem 5/Respiratory-Disease-Classification/data/processed/audio/cycles/170/1b3_Ar_004.wav,train
170,1b3,Ar,COPD,3,test,/Users/vs/Sem 5/Respiratory-Disease-Classification/data/processed/audio/cycles/170/1b3_Ar_005.wav,train
170,1b3,Ar,COPD,3,test,/Users/vs/Sem 5/Respiratory-Disease-Classification/data/processed/audio/cycles/170/1b3_Ar_006.wav,train
170,1b3,Ll,COPD,3,test,/Users/vs/Sem 5/Respiratory-Disease-Classification/data/processed/audio/cycles/170/1b3_Ll_001.wav,train
170,1b3,Ll,COPD,3,test,/Users/vs/Sem 5/Respiratory-Disease-Classification/data/processed/audio/cycles/170/1b3_Ll_002.wav,train
170,1b3,Ll,COPD,3,test,/Users/vs/Sem 5/Respiratory-Disease-Classification/data/processed/audio/cycles/170/1b3_Ll_003.wav,train
170,1b3,Ll,COPD,3,test,/Users/vs/Sem 5/Respiratory-Disease-Classification/data/processed/audio/cycles/170/1b3_Ll_004.wav,train
170,1b3,Ll,COPD,3,test,/Users/vs/Sem 5/Respiratory-Disease-Classification/data/processed/audio/cycles/170/1b3_Ll_005.wav,train
170,1b3,Ll,COPD,3,test,/Users/vs/Sem 5/Respiratory-Disease-Classification/data/processed/audio/cycles/170/1b3_Ll_006.wav,train
170,1b3,Lr,COPD,3,test,/Users/vs/Sem 5/Respiratory-Disease-Classification/data/processed/audio/cycles/170/1b3_Lr_001.wav,train
170,1b3,Lr,COPD,3,test,/Users/vs/Sem 5/Respiratory-Disease-Classification/data/processed/audio/cycles/170/1b3_Lr_002.wav,train
170,1b3,Lr,COPD,3,test,/Users/vs/Sem 5/Respiratory-Disease-Classification/data/processed/audio/cycles/170/1b3_Lr_003.wav,train
170,1b3,Lr,COPD,3,test,/Users/vs/Sem 5/Respiratory-Disease-Classification/data/processed/audio/cycles/170/1b3_Lr_004.wav,train
170,1b3,Lr,COPD,3,test,/Users/vs/Sem 5/Respiratory-Disease-Classification/data/processed/audio/cycles/170/1b3_Lr_005.wav,train
170,1b3,Lr,COPD,3,test,/Users/vs/Sem 5/Respiratory-Disease-Classification/data/processed/audio/cycles/170/1b3_Lr_006.wav,train
170,1b3,Pl,COPD,3,test,/Users/vs/Sem 5/Respiratory-Disease-Classification/data/processed/audio/cycles/170/1b3_Pl_001.wav,train
170,1b3,Pl,COPD,3,test,/Users/vs/Sem 5/Respiratory-Disease-Classification/data/processed/audio/cycles/170/1b3_Pl_002.wav,train
170,1b3,Pl,COPD,3,test,/Users/vs/Sem 5/Respiratory-Disease-Classification/data/processed/audio/cycles/170/1b3_Pl_003.wav,train
170,1b3,Pl,COPD,3,test,/Users/vs/Sem 5/Respiratory-Disease-Classification/data/processed/audio/cycles/170/1b3_Pl_004.wav,train
170,1b3,Pl,COPD,3,test,/Users/vs/Sem 5/Respiratory-Disease-Classification/data/processed/audio/cycles/170/1b3_Pl_005.wav,train
170,1b3,Pl,COPD,3,test,/Users/vs/Sem 5/Respiratory-Disease-Classification/data/processed/audio/cycles/170/1b3_Pl_006.wav,train
170,1b3,Pr,COPD,3,test,/Users/vs/Sem 5/Respiratory-Disease-Classification/data/processed/audio/cycles/170/1b3_Pr_001.wav,train
170,1b3,Pr,COPD,3,test,/Users/vs/Sem 5/Respiratory-Disease-Classification/data/processed/audio/cycles/170/1b3_Pr_002.wav,train
170,1b3,Pr,COPD,3,test,/Users/vs/Sem 5/Respiratory-Disease-Classification/data/processed/audio/cycles/170/1b3_Pr_003.wav,train
170,1b3,Pr,COPD,3,test,/Users/vs/Sem 5/Respiratory-Disease-Classification/data/processed/audio/cycles/170/1b3_Pr_004.wav,train
170,1b3,Pr,COPD,3,test,/Users/vs/Sem 5/Respiratory-Disease-Classification/data/processed/audio/cycles/170/1b3_Pr_005.wav,train
170,1b3,Pr,COPD,3,test,/Users/vs/Sem 5/Respiratory-Disease-Classification/data/processed/audio/cycles/170/1b3_Pr_006.wav,train
170,1b3,Tc,COPD,3,test,/Users/vs/Sem 5/Respiratory-Disease-Classification/data/processed/audio/cycles/170/1b3_Tc_001.wav,train
170,1b3,Tc,COPD,3,test,/Users/vs/Sem 5/Respiratory-Disease-Classification/data/processed/audio/cycles/170/1b3_Tc_002.wav,train
170,1b3,Tc,COPD,3,test,/Users/vs/Sem 5/Respiratory-Disease-Classification/data/processed/audio/cycles/170/1b3_Tc_003.wav,train
170,1b3,Tc,COPD,3,test,/Users/vs/Sem 5/Respiratory-Disease-Classification/data/processed/audio/cycles/170/1b3_Tc_004.wav,train
170,1b3,Tc,COPD,3,test,/Users/vs/Sem 5/Respiratory-Disease-Classification/data/processed/audio/cycles/170/1b3_Tc_005.wav,train
170,1b3,Tc,COPD,3,test,/Users/vs/Sem 5/Respiratory-Disease-Classification/data/processed/audio/cycles/170/1b3_Tc_006.wav,train
170,1b4,Al,COPD,3,test,/Users/vs/Sem 5/Respiratory-Disease-Classification/data/processed/audio/cycles/170/1b4_Al_001.wav,train
170,1b4,Al,COPD,3,test,/Users/vs/Sem 5/Respiratory-Disease-Classification/data/processed/audio/cycles/170/1b4_Al_002.wav,train
170,1b4,Al,COPD,3,test,/Users/vs/Sem 5/Respiratory-Disease-Classification/data/processed/audio/cycles/170/1b4_Al_003.wav,train
170,1b4,Al,COPD,3,test,/Users/vs/Sem 5/Respiratory-Disease-Classification/data/processed/audio/cycles/170/1b4_Al_004.wav,train
170,1b4,Al,COPD,3,test,/Users/vs/Sem 5/Respiratory-Disease-Classification/data/processed/audio/cycles/170/1b4_Al_005.wav,train
170,1b4,Al,COPD,3,test,/Users/vs/Sem 5/Respiratory-Disease-Classification/data/processed/audio/cycles/170/1b4_Al_006.wav,train
170,1b4,Ar,COPD,3,test,/Users/vs/Sem 5/Respiratory-Disease-Classification/data/processed/audio/cycles/170/1b4_Ar_001.wav,train
170,1b4,Ar,COPD,3,test,/Users/vs/Sem 5/Respiratory-Disease-Classification/data/processed/audio/cycles/170/1b4_Ar_002.wav,train
170,1b4,Ar,COPD,3,test,/Users/vs/Sem 5/Respiratory-Disease-Classification/data/processed/audio/cycles/170/1b4_Ar_003.wav,train
170,1b4,Ar,COPD,3,test,/Users/vs/Sem 5/Respiratory-Disease-Classification/data/processed/audio/cycles/170/1b4_Ar_004.wav,train
170,1b4,Ar,COPD,3,test,/Users/vs/Sem 5/Respiratory-Disease-Classification/data/processed/audio/cycles/170/1b4_Ar_005.wav,train
170,1b4,Ar,COPD,3,test,/Users/vs/Sem 5/Respiratory-Disease-Classification/data/processed/audio/cycles/170/1b4_Ar_006.wav,train
170,1b4,Lr,COPD,3,test,/Users/vs/Sem 5/Respiratory-Disease-Classification/data/processed/audio/cycles/170/1b4_Lr_001.wav,train
170,1b4,Lr,COPD,3,test,/Users/vs/Sem 5/Respiratory-Disease-Classification/data/processed/audio/cycles/170/1b4_Lr_002.wav,train
170,1b4,Lr,COPD,3,test,/Users/vs/Sem 5/Respiratory-Disease-Classification/data/processed/audio/cycles/170/1b4_Lr_003.wav,train
170,1b4,Lr,COPD,3,test,/Users/vs/Sem 5/Respiratory-Disease-Classification/data/processed/audio/cycles/170/1b4_Lr_004.wav,train
170,1b4,Lr,COPD,3,test,/Users/vs/Sem 5/Respiratory-Disease-Classification/data/processed/audio/cycles/170/1b4_Lr_005.wav,train
170,1b4,Lr,COPD,3,test,/Users/vs/Sem 5/Respiratory-Disease-Classification/data/processed/audio/cycles/170/1b4_Lr_006.wav,train
170,1b4,Pl,COPD,3,test,/Users/vs/Sem 5/Respiratory-Disease-Classification/data/processed/audio/cycles/170/1b4_Pl_001.wav,train
170,1b4,Pl,COPD,3,test,/Users/vs/Sem 5/Respiratory-Disease-Classification/data/processed/audio/cycles/170/1b4_Pl_002.wav,train
170,1b4,Pl,COPD,3,test,/Users/vs/Sem 5/Respiratory-Disease-Classification/data/processed/audio/cycles/170/1b4_Pl_003.wav,train
170,1b4,Pl,COPD,3,test,/Users/vs/Sem 5/Respiratory-Disease-Classification/data/processed/audio/cycles/170/1b4_Pl_004.wav,train
170,1b4,Pl,COPD,3,test,/Users/vs/Sem 5/Respiratory-Disease-Classification/data/processed/audio/cycles/170/1b4_Pl_005.wav,train
170,1b4,Pl,COPD,3,test,/Users/vs/Sem 5/Respiratory-Disease-Classification/data/processed/audio/cycles/170/1b4_Pl_006.wav,train
170,1b4,Pr,COPD,3,test,/Users/vs/Sem 5/Respiratory-Disease-Classification/data/processed/audio/cycles/170/1b4_Pr_001.wav,train
170,1b4,Pr,COPD,3,test,/Users/vs/Sem 5/Respiratory-Disease-Classification/data/processed/audio/cycles/170/1b4_Pr_002.wav,train
170,1b4,Pr,COPD,3,test,/Users/vs/Sem 5/Respiratory-Disease-Classification/data/processed/audio/cycles/170/1b4_Pr_003.wav,train
170,1b4,Pr,COPD,3,test,/Users/vs/Sem 5/Respiratory-Disease-Classification/data/processed/audio/cycles/170/1b4_Pr_004.wav,train
170,1b4,Pr,COPD,3,test,/Users/vs/Sem 5/Respiratory-Disease-Classification/data/processed/audio/cycles/170/1b4_Pr_005.wav,train
170,1b4,Pr,COPD,3,test,/Users/vs/Sem 5/Respiratory-Disease-Classification/data/processed/audio/cycles/170/1b4_Pr_006.wav,train
170,1b4,Tc,COPD,3,test,/Users/vs/Sem 5/Respiratory-Disease-Classification/data/processed/audio/cycles/170/1b4_Tc_001.wav,train
170,1b4,Tc,COPD,3,test,/Users/vs/Sem 5/Respiratory-Disease-Classification/data/processed/audio/cycles/170/1b4_Tc_002.wav,train
170,1b4,Tc,COPD,3,test,/Users/vs/Sem 5/Respiratory-Disease-Classification/data/processed/audio/cycles/170/1b4_Tc_003.wav,train
170,1b4,Tc,COPD,3,test,/Users/vs/Sem 5/Respiratory-Disease-Classification/data/processed/audio/cycles/170/1b4_Tc_004.wav,train
170,1b4,Tc,COPD,3,test,/Users/vs/Sem 5/Respiratory-Disease-Classification/data/processed/audio/cycles/170/1b4_Tc_005.wav,train
170,1b4,Tc,COPD,3,test,/Users/vs/Sem 5/Respiratory-Disease-Classification/data/processed/audio/cycles/170/1b4_Tc_006.wav,train
170,2b2,Al,COPD,3,test,/Users/vs/Sem 5/Respiratory-Disease-Classification/data/processed/audio/cycles/170/2b2_Al_001.wav,train
170,2b2,Al,COPD,3,test,/Users/vs/Sem 5/Respiratory-Disease-Classification/data/processed/audio/cycles/170/2b2_Al_002.wav,train
170,2b2,Al,COPD,3,test,/Users/vs/Sem 5/Respiratory-Disease-Classification/data/processed/audio/cycles/170/2b2_Al_003.wav,train
170,2b2,Al,COPD,3,test,/Users/vs/Sem 5/Respiratory-Disease-Classification/data/processed/audio/cycles/170/2b2_Al_004.wav,train
170,2b2,Al,COPD,3,test,/Users/vs/Sem 5/Respiratory-Disease-Classification/data/processed/audio/cycles/170/2b2_Al_005.wav,train
170,2b2,Al,COPD,3,test,/Users/vs/Sem 5/Respiratory-Disease-Classification/data/processed/audio/cycles/170/2b2_Al_006.wav,train
170,2b2,Al,COPD,3,test,/Users/vs/Sem 5/Respiratory-Disease-Classification/data/processed/audio/cycles/170/2b2_Al_007.wav,train
170,2b2,Ar,COPD,3,test,/Users/vs/Sem 5/Respiratory-Disease-Classification/data/processed/audio/cycles/170/2b2_Ar_001.wav,train
170,2b2,Ar,COPD,3,test,/Users/vs/Sem 5/Respiratory-Disease-Classification/data/processed/audio/cycles/170/2b2_Ar_002.wav,train
170,2b2,Ar,COPD,3,test,/Users/vs/Sem 5/Respiratory-Disease-Classification/data/processed/audio/cycles/170/2b2_Ar_003.wav,train
170,2b2,Ar,COPD,3,test,/Users/vs/Sem 5/Respiratory-Disease-Classification/data/processed/audio/cycles/170/2b2_Ar_004.wav,train
170,2b2,Ar,COPD,3,test,/Users/vs/Sem 5/Respiratory-Disease-Classification/data/processed/audio/cycles/170/2b2_Ar_005.wav,train
170,2b2,Ar,COPD,3,test,/Users/vs/Sem 5/Respiratory-Disease-Classification/data/processed/audio/cycles/170/2b2_Ar_006.wav,train
170,2b2,Ar,COPD,3,test,/Users/vs/Sem 5/Respiratory-Disease-Classification/data/processed/audio/cycles/170/2b2_Ar_007.wav,train
170,2b2,Lr,COPD,3,test,/Users/vs/Sem 5/Respiratory-Disease-Classification/data/processed/audio/cycles/170/2b2_Lr_001.wav,train
170,2b2,Lr,COPD,3,test,/Users/vs/Sem 5/Respiratory-Disease-Classification/data/processed/audio/cycles/170/2b2_Lr_002.wav,train
170,2b2,Lr,COPD,3,test,/Users/vs/Sem 5/Respiratory-Disease-Classification/data/processed/audio/cycles/170/2b2_Lr_003.wav,train
170,2b2,Lr,COPD,3,test,/Users/vs/Sem 5/Respiratory-Disease-Classification/data/processed/audio/cycles/170/2b2_Lr_004.wav,train
170,2b2,Lr,COPD,3,test,/Users/vs/Sem 5/Respiratory-Disease-Classification/data/processed/audio/cycles/170/2b2_Lr_005.wav,train
170,2b2,Lr,COPD,3,test,/Users/vs/Sem 5/Respiratory-Disease-Classification/data/processed/audio/cycles/170/2b2_Lr_006.wav,train
170,2b2,Lr,COPD,3,test,/Users/vs/Sem 5/Respiratory-Disease-Classification/data/processed/audio/cycles/170/2b2_Lr_007.wav,train
170,2b2,Pl,COPD,3,test,/Users/vs/Sem 5/Respiratory-Disease-Classification/data/processed/audio/cycles/170/2b2_Pl_001.wav,train
170,2b2,Pl,COPD,3,test,/Users/vs/Sem 5/Respiratory-Disease-Classification/data/processed/audio/cycles/170/2b2_Pl_002.wav,train
170,2b2,Pl,COPD,3,test,/Users/vs/Sem 5/Respiratory-Disease-Classification/data/processed/audio/cycles/170/2b2_Pl_003.wav,train
170,2b2,Pl,COPD,3,test,/Users/vs/Sem 5/Respiratory-Disease-Classification/data/processed/audio/cycles/170/2b2_Pl_004.wav,train
170,2b2,Pl,COPD,3,test,/Users/vs/Sem 5/Respiratory-Disease-Classification/data/processed/audio/cycles/170/2b2_Pl_005.wav,train
170,2b2,Pl,COPD,3,test,/Users/vs/Sem 5/Respiratory-Disease-Classification/data/processed/audio/cycles/170/2b2_Pl_006.wav,train
170,2b2,Pl,COPD,3,test,/Users/vs/Sem 5/Respiratory-Disease-Classification/data/processed/audio/cycles/170/2b2_Pl_007.wav,train
170,2b2,Pr,COPD,3,test,/Users/vs/Sem 5/Respiratory-Disease-Classification/data/processed/audio/cycles/170/2b2_Pr_001.wav,train
170,2b2,Pr,COPD,3,test,/Users/vs/Sem 5/Respiratory-Disease-Classification/data/processed/audio/cycles/170/2b2_Pr_002.wav,train
170,2b2,Pr,COPD,3,test,/Users/vs/Sem 5/Respiratory-Disease-Classification/data/processed/audio/cycles/170/2b2_Pr_003.wav,train
170,2b2,Pr,COPD,3,test,/Users/vs/Sem 5/Respiratory-Disease-Classification/data/processed/audio/cycles/170/2b2_Pr_004.wav,train
170,2b2,Pr,COPD,3,test,/Users/vs/Sem 5/Respiratory-Disease-Classification/data/processed/audio/cycles/170/2b2_Pr_005.wav,train
170,2b2,Pr,COPD,3,test,/Users/vs/Sem 5/Respiratory-Disease-Classification/data/processed/audio/cycles/170/2b2_Pr_006.wav,train
170,2b2,Pr,COPD,3,test,/Users/vs/Sem 5/Respiratory-Disease-Classification/data/processed/audio/cycles/170/2b2_Pr_007.wav,train
170,2b2,Tc,COPD,3,test,/Users/vs/Sem 5/Respiratory-Disease-Classification/data/processed/audio/cycles/170/2b2_Tc_001.wav,train
170,2b2,Tc,COPD,3,test,/Users/vs/Sem 5/Respiratory-Disease-Classification/data/processed/audio/cycles/170/2b2_Tc_002.wav,train
170,2b2,Tc,COPD,3,test,/Users/vs/Sem 5/Respiratory-Disease-Classification/data/processed/audio/cycles/170/2b2_Tc_003.wav,train
170,2b2,Tc,COPD,3,test,/Users/vs/Sem 5/Respiratory-Disease-Classification/data/processed/audio/cycles/170/2b2_Tc_004.wav,train
170,2b2,Tc,COPD,3,test,/Users/vs/Sem 5/Respiratory-Disease-Classification/data/processed/audio/cycles/170/2b2_Tc_005.wav,train
170,2b2,Tc,COPD,3,test,/Users/vs/Sem 5/Respiratory-Disease-Classification/data/processed/audio/cycles/170/2b2_Tc_006.wav,train
170,2b2,Tc,COPD,3,test,/Users/vs/Sem 5/Respiratory-Disease-Classification/data/processed/audio/cycles/170/2b2_Tc_007.wav,train
171,1b1,Al,Healthy,4,test,/Users/vs/Sem 5/Respiratory-Disease-Classification/data/processed/audio/cycles/171/1b1_Al_001.wav,train
171,1b1,Al,Healthy,4,test,/Users/vs/Sem 5/Respiratory-Disease-Classification/data/processed/audio/cycles/171/1b1_Al_002.wav,train
171,1b1,Al,Healthy,4,test,/Users/vs/Sem 5/Respiratory-Disease-Classification/data/processed/audio/cycles/171/1b1_Al_003.wav,train
171,1b1,Al,Healthy,4,test,/Users/vs/Sem 5/Respiratory-Disease-Classification/data/processed/audio/cycles/171/1b1_Al_004.wav,train
171,1b1,Al,Healthy,4,test,/Users/vs/Sem 5/Respiratory-Disease-Classification/data/processed/audio/cycles/171/1b1_Al_005.wav,train
171,1b1,Al,Healthy,4,test,/Users/vs/Sem 5/Respiratory-Disease-Classification/data/processed/audio/cycles/171/1b1_Al_006.wav,train
171,1b1,Al,Healthy,4,test,/Users/vs/Sem 5/Respiratory-Disease-Classification/data/processed/audio/cycles/171/1b1_Al_007.wav,train
171,1b1,Al,Healthy,4,test,/Users/vs/Sem 5/Respiratory-Disease-Classification/data/processed/audio/cycles/171/1b1_Al_008.wav,train
171,1b1,Al,Healthy,4,test,/Users/vs/Sem 5/Respiratory-Disease-Classification/data/processed/audio/cycles/171/1b1_Al_009.wav,train
172,1b3,Al,COPD,3,train,/Users/vs/Sem 5/Respiratory-Disease-Classification/data/processed/audio/cycles/172/1b3_Al_001.wav,test
172,1b3,Al,COPD,3,train,/Users/vs/Sem 5/Respiratory-Disease-Classification/data/processed/audio/cycles/172/1b3_Al_002.wav,test
172,1b3,Al,COPD,3,train,/Users/vs/Sem 5/Respiratory-Disease-Classification/data/processed/audio/cycles/172/1b3_Al_003.wav,test
172,1b3,Al,COPD,3,train,/Users/vs/Sem 5/Respiratory-Disease-Classification/data/processed/audio/cycles/172/1b3_Al_004.wav,test
172,1b3,Al,COPD,3,train,/Users/vs/Sem 5/Respiratory-Disease-Classification/data/processed/audio/cycles/172/1b3_Al_005.wav,test
172,1b3,Al,COPD,3,train,/Users/vs/Sem 5/Respiratory-Disease-Classification/data/processed/audio/cycles/172/1b3_Al_006.wav,test
172,1b3,Al,COPD,3,train,/Users/vs/Sem 5/Respiratory-Disease-Classification/data/processed/audio/cycles/172/1b3_Al_007.wav,test
172,1b3,Ar,COPD,3,train,/Users/vs/Sem 5/Respiratory-Disease-Classification/data/processed/audio/cycles/172/1b3_Ar_001.wav,test
172,1b3,Ar,COPD,3,train,/Users/vs/Sem 5/Respiratory-Disease-Classification/data/processed/audio/cycles/172/1b3_Ar_002.wav,test
172,1b3,Ar,COPD,3,train,/Users/vs/Sem 5/Respiratory-Disease-Classification/data/processed/audio/cycles/172/1b3_Ar_003.wav,test
172,1b3,Ar,COPD,3,train,/Users/vs/Sem 5/Respiratory-Disease-Classification/data/processed/audio/cycles/172/1b3_Ar_004.wav,test
172,1b3,Ar,COPD,3,train,/Users/vs/Sem 5/Respiratory-Disease-Classification/data/processed/audio/cycles/172/1b3_Ar_005.wav,test
172,1b3,Ar,COPD,3,train,/Users/vs/Sem 5/Respiratory-Disease-Classification/data/processed/audio/cycles/172/1b3_Ar_006.wav,test
172,1b3,Ar,COPD,3,train,/Users/vs/Sem 5/Respiratory-Disease-Classification/data/processed/audio/cycles/172/1b3_Ar_007.wav,test
172,1b3,Ll,COPD,3,train,/Users/vs/Sem 5/Respiratory-Disease-Classification/data/processed/audio/cycles/172/1b3_Ll_001.wav,test
172,1b3,Ll,COPD,3,train,/Users/vs/Sem 5/Respiratory-Disease-Classification/data/processed/audio/cycles/172/1b3_Ll_002.wav,test
172,1b3,Ll,COPD,3,train,/Users/vs/Sem 5/Respiratory-Disease-Classification/data/processed/audio/cycles/172/1b3_Ll_003.wav,test
172,1b3,Ll,COPD,3,train,/Users/vs/Sem 5/Respiratory-Disease-Classification/data/processed/audio/cycles/172/1b3_Ll_004.wav,test
172,1b3,Ll,COPD,3,train,/Users/vs/Sem 5/Respiratory-Disease-Classification/data/processed/audio/cycles/172/1b3_Ll_005.wav,test
172,1b3,Ll,COPD,3,train,/Users/vs/Sem 5/Respiratory-Disease-Classification/data/processed/audio/cycles/172/1b3_Ll_006.wav,test
172,1b3,Ll,COPD,3,train,/Users/vs/Sem 5/Respiratory-Disease-Classification/data/processed/audio/cycles/172/1b3_Ll_007.wav,test
172,1b3,Lr,COPD,3,train,/Users/vs/Sem 5/Respiratory-Disease-Classification/data/processed/audio/cycles/172/1b3_Lr_001.wav,test
172,1b3,Lr,COPD,3,train,/Users/vs/Sem 5/Respiratory-Disease-Classification/data/processed/audio/cycles/172/1b3_Lr_002.wav,test
172,1b3,Lr,COPD,3,train,/Users/vs/Sem 5/Respiratory-Disease-Classification/data/processed/audio/cycles/172/1b3_Lr_003.wav,test
172,1b3,Lr,COPD,3,train,/Users/vs/Sem 5/Respiratory-Disease-Classification/data/processed/audio/cycles/172/1b3_Lr_004.wav,test
172,1b3,Lr,COPD,3,train,/Users/vs/Sem 5/Respiratory-Disease-Classification/data/processed/audio/cycles/172/1b3_Lr_005.wav,test
172,1b3,Lr,COPD,3,train,/Users/vs/Sem 5/Respiratory-Disease-Classification/data/processed/audio/cycles/172/1b3_Lr_006.wav,test
172,1b3,Lr,COPD,3,train,/Users/vs/Sem 5/Respiratory-Disease-Classification/data/processed/audio/cycles/172/1b3_Lr_007.wav,test
172,1b3,Pl,COPD,3,train,/Users/vs/Sem 5/Respiratory-Disease-Classification/data/processed/audio/cycles/172/1b3_Pl_001.wav,test
172,1b3,Pl,COPD,3,train,/Users/vs/Sem 5/Respiratory-Disease-Classification/data/processed/audio/cycles/172/1b3_Pl_002.wav,test
172,1b3,Pl,COPD,3,train,/Users/vs/Sem 5/Respiratory-Disease-Classification/data/processed/audio/cycles/172/1b3_Pl_003.wav,test
172,1b3,Pl,COPD,3,train,/Users/vs/Sem 5/Respiratory-Disease-Classification/data/processed/audio/cycles/172/1b3_Pl_004.wav,test
172,1b3,Pl,COPD,3,train,/Users/vs/Sem 5/Respiratory-Disease-Classification/data/processed/audio/cycles/172/1b3_Pl_005.wav,test
172,1b3,Pl,COPD,3,train,/Users/vs/Sem 5/Respiratory-Disease-Classification/data/processed/audio/cycles/172/1b3_Pl_006.wav,test
172,1b3,Pl,COPD,3,train,/Users/vs/Sem 5/Respiratory-Disease-Classification/data/processed/audio/cycles/172/1b3_Pl_007.wav,test
172,1b3,Pr,COPD,3,train,/Users/vs/Sem 5/Respiratory-Disease-Classification/data/processed/audio/cycles/172/1b3_Pr_001.wav,test
172,1b3,Pr,COPD,3,train,/Users/vs/Sem 5/Respiratory-Disease-Classification/data/processed/audio/cycles/172/1b3_Pr_002.wav,test
172,1b3,Pr,COPD,3,train,/Users/vs/Sem 5/Respiratory-Disease-Classification/data/processed/audio/cycles/172/1b3_Pr_003.wav,test
172,1b3,Pr,COPD,3,train,/Users/vs/Sem 5/Respiratory-Disease-Classification/data/processed/audio/cycles/172/1b3_Pr_004.wav,test
172,1b3,Pr,COPD,3,train,/Users/vs/Sem 5/Respiratory-Disease-Classification/data/processed/audio/cycles/172/1b3_Pr_005.wav,test
172,1b3,Pr,COPD,3,train,/Users/vs/Sem 5/Respiratory-Disease-Classification/data/processed/audio/cycles/172/1b3_Pr_006.wav,test
172,1b3,Pr,COPD,3,train,/Users/vs/Sem 5/Respiratory-Disease-Classification/data/processed/audio/cycles/172/1b3_Pr_007.wav,test
172,1b3,Tc,COPD,3,train,/Users/vs/Sem 5/Respiratory-Disease-Classification/data/processed/audio/cycles/172/1b3_Tc_001.wav,test
172,1b3,Tc,COPD,3,train,/Users/vs/Sem 5/Respiratory-Disease-Classification/data/processed/audio/cycles/172/1b3_Tc_002.wav,test
172,1b3,Tc,COPD,3,train,/Users/vs/Sem 5/Respiratory-Disease-Classification/data/processed/audio/cycles/172/1b3_Tc_003.wav,test
172,1b3,Tc,COPD,3,train,/Users/vs/Sem 5/Respiratory-Disease-Classification/data/processed/audio/cycles/172/1b3_Tc_004.wav,test
172,1b3,Tc,COPD,3,train,/Users/vs/Sem 5/Respiratory-Disease-Classification/data/processed/audio/cycles/172/1b3_Tc_005.wav,test
172,1b3,Tc,COPD,3,train,/Users/vs/Sem 5/Respiratory-Disease-Classification/data/processed/audio/cycles/172/1b3_Tc_006.wav,test
172,1b3,Tc,COPD,3,train,/Users/vs/Sem 5/Respiratory-Disease-Classification/data/processed/audio/cycles/172/1b3_Tc_007.wav,test
172,1b4,Al,COPD,3,train,/Users/vs/Sem 5/Respiratory-Disease-Classification/data/processed/audio/cycles/172/1b4_Al_001.wav,test
172,1b4,Al,COPD,3,train,/Users/vs/Sem 5/Respiratory-Disease-Classification/data/processed/audio/cycles/172/1b4_Al_002.wav,test
172,1b4,Al,COPD,3,train,/Users/vs/Sem 5/Respiratory-Disease-Classification/data/processed/audio/cycles/172/1b4_Al_003.wav,test
172,1b4,Al,COPD,3,train,/Users/vs/Sem 5/Respiratory-Disease-Classification/data/processed/audio/cycles/172/1b4_Al_004.wav,test
172,1b4,Al,COPD,3,train,/Users/vs/Sem 5/Respiratory-Disease-Classification/data/processed/audio/cycles/172/1b4_Al_005.wav,test
172,1b4,Al,COPD,3,train,/Users/vs/Sem 5/Respiratory-Disease-Classification/data/processed/audio/cycles/172/1b4_Al_006.wav,test
172,1b4,Ar,COPD,3,train,/Users/vs/Sem 5/Respiratory-Disease-Classification/data/processed/audio/cycles/172/1b4_Ar_001.wav,test
172,1b4,Ar,COPD,3,train,/Users/vs/Sem 5/Respiratory-Disease-Classification/data/processed/audio/cycles/172/1b4_Ar_002.wav,test
172,1b4,Ar,COPD,3,train,/Users/vs/Sem 5/Respiratory-Disease-Classification/data/processed/audio/cycles/172/1b4_Ar_003.wav,test
172,1b4,Ar,COPD,3,train,/Users/vs/Sem 5/Respiratory-Disease-Classification/data/processed/audio/cycles/172/1b4_Ar_004.wav,test
172,1b4,Ar,COPD,3,train,/Users/vs/Sem 5/Respiratory-Disease-Classification/data/processed/audio/cycles/172/1b4_Ar_005.wav,test
172,1b4,Ar,COPD,3,train,/Users/vs/Sem 5/Respiratory-Disease-Classification/data/processed/audio/cycles/172/1b4_Ar_006.wav,test
172,1b4,Ll,COPD,3,train,/Users/vs/Sem 5/Respiratory-Disease-Classification/data/processed/audio/cycles/172/1b4_Ll_001.wav,test
172,1b4,Ll,COPD,3,train,/Users/vs/Sem 5/Respiratory-Disease-Classification/data/processed/audio/cycles/172/1b4_Ll_002.wav,test
172,1b4,Ll,COPD,3,train,/Users/vs/Sem 5/Respiratory-Disease-Classification/data/processed/audio/cycles/172/1b4_Ll_003.wav,test
172,1b4,Ll,COPD,3,train,/Users/vs/Sem 5/Respiratory-Disease-Classification/data/processed/audio/cycles/172/1b4_Ll_004.wav,test
172,1b4,Ll,COPD,3,train,/Users/vs/Sem 5/Respiratory-Disease-Classification/data/processed/audio/cycles/172/1b4_Ll_005.wav,test
172,1b4,Ll,COPD,3,train,/Users/vs/Sem 5/Respiratory-Disease-Classification/data/processed/audio/cycles/172/1b4_Ll_006.wav,test
172,1b4,Lr,COPD,3,train,/Users/vs/Sem 5/Respiratory-Disease-Classification/data/processed/audio/cycles/172/1b4_Lr_001.wav,test
172,1b4,Lr,COPD,3,train,/Users/vs/Sem 5/Respiratory-Disease-Classification/data/processed/audio/cycles/172/1b4_Lr_002.wav,test
172,1b4,Lr,COPD,3,train,/Users/vs/Sem 5/Respiratory-Disease-Classification/data/processed/audio/cycles/172/1b4_Lr_003.wav,test
172,1b4,Lr,COPD,3,train,/Users/vs/Sem 5/Respiratory-Disease-Classification/data/processed/audio/cycles/172/1b4_Lr_004.wav,test
172,1b4,Lr,COPD,3,train,/Users/vs/Sem 5/Respiratory-Disease-Classification/data/processed/audio/cycles/172/1b4_Lr_005.wav,test
172,1b4,Lr,COPD,3,train,/Users/vs/Sem 5/Respiratory-Disease-Classification/data/processed/audio/cycles/172/1b4_Lr_006.wav,test
172,1b4,Pl,COPD,3,train,/Users/vs/Sem 5/Respiratory-Disease-Classification/data/processed/audio/cycles/172/1b4_Pl_001.wav,test
172,1b4,Pl,COPD,3,train,/Users/vs/Sem 5/Respiratory-Disease-Classification/data/processed/audio/cycles/172/1b4_Pl_002.wav,test
172,1b4,Pl,COPD,3,train,/Users/vs/Sem 5/Respiratory-Disease-Classification/data/processed/audio/cycles/172/1b4_Pl_003.wav,test
172,1b4,Pl,COPD,3,train,/Users/vs/Sem 5/Respiratory-Disease-Classification/data/processed/audio/cycles/172/1b4_Pl_004.wav,test
172,1b4,Pl,COPD,3,train,/Users/vs/Sem 5/Respiratory-Disease-Classification/data/processed/audio/cycles/172/1b4_Pl_005.wav,test
172,1b4,Pl,COPD,3,train,/Users/vs/Sem 5/Respiratory-Disease-Classification/data/processed/audio/cycles/172/1b4_Pl_006.wav,test
172,1b4,Pr,COPD,3,train,/Users/vs/Sem 5/Respiratory-Disease-Classification/data/processed/audio/cycles/172/1b4_Pr_001.wav,test
172,1b4,Pr,COPD,3,train,/Users/vs/Sem 5/Respiratory-Disease-Classification/data/processed/audio/cycles/172/1b4_Pr_002.wav,test
172,1b4,Pr,COPD,3,train,/Users/vs/Sem 5/Respiratory-Disease-Classification/data/processed/audio/cycles/172/1b4_Pr_003.wav,test
172,1b4,Pr,COPD,3,train,/Users/vs/Sem 5/Respiratory-Disease-Classification/data/processed/audio/cycles/172/1b4_Pr_004.wav,test
172,1b4,Pr,COPD,3,train,/Users/vs/Sem 5/Respiratory-Disease-Classification/data/processed/audio/cycles/172/1b4_Pr_005.wav,test
172,1b4,Pr,COPD,3,train,/Users/vs/Sem 5/Respiratory-Disease-Classification/data/processed/audio/cycles/172/1b4_Pr_006.wav,test
172,1b4,Tc,COPD,3,train,/Users/vs/Sem 5/Respiratory-Disease-Classification/data/processed/audio/cycles/172/1b4_Tc_001.wav,test
172,1b4,Tc,COPD,3,train,/Users/vs/Sem 5/Respiratory-Disease-Classification/data/processed/audio/cycles/172/1b4_Tc_002.wav,test
172,1b4,Tc,COPD,3,train,/Users/vs/Sem 5/Respiratory-Disease-Classification/data/processed/audio/cycles/172/1b4_Tc_003.wav,test
172,1b4,Tc,COPD,3,train,/Users/vs/Sem 5/Respiratory-Disease-Classification/data/processed/audio/cycles/172/1b4_Tc_004.wav,test
172,1b4,Tc,COPD,3,train,/Users/vs/Sem 5/Respiratory-Disease-Classification/data/processed/audio/cycles/172/1b4_Tc_005.wav,test
172,1b4,Tc,COPD,3,train,/Users/vs/Sem 5/Respiratory-Disease-Classification/data/processed/audio/cycles/172/1b4_Tc_006.wav,test
172,1b5,Al,COPD,3,train,/Users/vs/Sem 5/Respiratory-Disease-Classification/data/processed/audio/cycles/172/1b5_Al_001.wav,test
172,1b5,Al,COPD,3,train,/Users/vs/Sem 5/Respiratory-Disease-Classification/data/processed/audio/cycles/172/1b5_Al_002.wav,test
172,1b5,Al,COPD,3,train,/Users/vs/Sem 5/Respiratory-Disease-Classification/data/processed/audio/cycles/172/1b5_Al_003.wav,test
172,1b5,Al,COPD,3,train,/Users/vs/Sem 5/Respiratory-Disease-Classification/data/processed/audio/cycles/172/1b5_Al_004.wav,test
172,1b5,Al,COPD,3,train,/Users/vs/Sem 5/Respiratory-Disease-Classification/data/processed/audio/cycles/172/1b5_Al_005.wav,test
172,1b5,Al,COPD,3,train,/Users/vs/Sem 5/Respiratory-Disease-Classification/data/processed/audio/cycles/172/1b5_Al_006.wav,test
172,1b5,Al,COPD,3,train,/Users/vs/Sem 5/Respiratory-Disease-Classification/data/processed/audio/cycles/172/1b5_Al_007.wav,test
172,1b5,Ar,COPD,3,train,/Users/vs/Sem 5/Respiratory-Disease-Classification/data/processed/audio/cycles/172/1b5_Ar_001.wav,test
172,1b5,Ar,COPD,3,train,/Users/vs/Sem 5/Respiratory-Disease-Classification/data/processed/audio/cycles/172/1b5_Ar_002.wav,test
172,1b5,Ar,COPD,3,train,/Users/vs/Sem 5/Respiratory-Disease-Classification/data/processed/audio/cycles/172/1b5_Ar_003.wav,test
172,1b5,Ar,COPD,3,train,/Users/vs/Sem 5/Respiratory-Disease-Classification/data/processed/audio/cycles/172/1b5_Ar_004.wav,test
172,1b5,Ar,COPD,3,train,/Users/vs/Sem 5/Respiratory-Disease-Classification/data/processed/audio/cycles/172/1b5_Ar_005.wav,test
172,1b5,Ar,COPD,3,train,/Users/vs/Sem 5/Respiratory-Disease-Classification/data/processed/audio/cycles/172/1b5_Ar_006.wav,test
172,1b5,Ar,COPD,3,train,/Users/vs/Sem 5/Respiratory-Disease-Classification/data/processed/audio/cycles/172/1b5_Ar_007.wav,test
172,1b5,Ll,COPD,3,train,/Users/vs/Sem 5/Respiratory-Disease-Classification/data/processed/audio/cycles/172/1b5_Ll_001.wav,test
172,1b5,Ll,COPD,3,train,/Users/vs/Sem 5/Respiratory-Disease-Classification/data/processed/audio/cycles/172/1b5_Ll_002.wav,test
172,1b5,Ll,COPD,3,train,/Users/vs/Sem 5/Respiratory-Disease-Classification/data/processed/audio/cycles/172/1b5_Ll_003.wav,test
172,1b5,Ll,COPD,3,train,/Users/vs/Sem 5/Respiratory-Disease-Classification/data/processed/audio/cycles/172/1b5_Ll_004.wav,test
172,1b5,Ll,COPD,3,train,/Users/vs/Sem 5/Respiratory-Disease-Classification/data/processed/audio/cycles/172/1b5_Ll_005.wav,test
172,1b5,Ll,COPD,3,train,/Users/vs/Sem 5/Respiratory-Disease-Classification/data/processed/audio/cycles/172/1b5_Ll_006.wav,test
172,1b5,Ll,COPD,3,train,/Users/vs/Sem 5/Respiratory-Disease-Classification/data/processed/audio/cycles/172/1b5_Ll_007.wav,test
172,1b5,Lr,COPD,3,train,/Users/vs/Sem 5/Respiratory-Disease-Classification/data/processed/audio/cycles/172/1b5_Lr_001.wav,test
172,1b5,Lr,COPD,3,train,/Users/vs/Sem 5/Respiratory-Disease-Classification/data/processed/audio/cycles/172/1b5_Lr_002.wav,test
172,1b5,Lr,COPD,3,train,/Users/vs/Sem 5/Respiratory-Disease-Classification/data/processed/audio/cycles/172/1b5_Lr_003.wav,test
172,1b5,Lr,COPD,3,train,/Users/vs/Sem 5/Respiratory-Disease-Classification/data/processed/audio/cycles/172/1b5_Lr_004.wav,test
172,1b5,Lr,COPD,3,train,/Users/vs/Sem 5/Respiratory-Disease-Classification/data/processed/audio/cycles/172/1b5_Lr_005.wav,test
172,1b5,Lr,COPD,3,train,/Users/vs/Sem 5/Respiratory-Disease-Classification/data/processed/audio/cycles/172/1b5_Lr_006.wav,test
172,1b5,Lr,COPD,3,train,/Users/vs/Sem 5/Respiratory-Disease-Classification/data/processed/audio/cycles/172/1b5_Lr_007.wav,test
172,1b5,Pl,COPD,3,train,/Users/vs/Sem 5/Respiratory-Disease-Classification/data/processed/audio/cycles/172/1b5_Pl_001.wav,test
172,1b5,Pl,COPD,3,train,/Users/vs/Sem 5/Respiratory-Disease-Classification/data/processed/audio/cycles/172/1b5_Pl_002.wav,test
172,1b5,Pl,COPD,3,train,/Users/vs/Sem 5/Respiratory-Disease-Classification/data/processed/audio/cycles/172/1b5_Pl_003.wav,test
172,1b5,Pl,COPD,3,train,/Users/vs/Sem 5/Respiratory-Disease-Classification/data/processed/audio/cycles/172/1b5_Pl_004.wav,test
172,1b5,Pl,COPD,3,train,/Users/vs/Sem 5/Respiratory-Disease-Classification/data/processed/audio/cycles/172/1b5_Pl_005.wav,test
172,1b5,Pl,COPD,3,train,/Users/vs/Sem 5/Respiratory-Disease-Classification/data/processed/audio/cycles/172/1b5_Pl_006.wav,test
172,1b5,Pl,COPD,3,train,/Users/vs/Sem 5/Respiratory-Disease-Classification/data/processed/audio/cycles/172/1b5_Pl_007.wav,test
172,1b5,Pr,COPD,3,train,/Users/vs/Sem 5/Respiratory-Disease-Classification/data/processed/audio/cycles/172/1b5_Pr_001.wav,test
172,1b5,Pr,COPD,3,train,/Users/vs/Sem 5/Respiratory-Disease-Classification/data/processed/audio/cycles/172/1b5_Pr_002.wav,test
172,1b5,Pr,COPD,3,train,/Users/vs/Sem 5/Respiratory-Disease-Classification/data/processed/audio/cycles/172/1b5_Pr_003.wav,test
172,1b5,Pr,COPD,3,train,/Users/vs/Sem 5/Respiratory-Disease-Classification/data/processed/audio/cycles/172/1b5_Pr_004.wav,test
172,1b5,Pr,COPD,3,train,/Users/vs/Sem 5/Respiratory-Disease-Classification/data/processed/audio/cycles/172/1b5_Pr_005.wav,test
172,1b5,Pr,COPD,3,train,/Users/vs/Sem 5/Respiratory-Disease-Classification/data/processed/audio/cycles/172/1b5_Pr_006.wav,test
172,1b5,Pr,COPD,3,train,/Users/vs/Sem 5/Respiratory-Disease-Classification/data/processed/audio/cycles/172/1b5_Pr_007.wav,test
172,1b5,Tc,COPD,3,train,/Users/vs/Sem 5/Respiratory-Disease-Classification/data/processed/audio/cycles/172/1b5_Tc_001.wav,test
172,1b5,Tc,COPD,3,train,/Users/vs/Sem 5/Respiratory-Disease-Classification/data/processed/audio/cycles/172/1b5_Tc_002.wav,test
172,1b5,Tc,COPD,3,train,/Users/vs/Sem 5/Respiratory-Disease-Classification/data/processed/audio/cycles/172/1b5_Tc_003.wav,test
172,1b5,Tc,COPD,3,train,/Users/vs/Sem 5/Respiratory-Disease-Classification/data/processed/audio/cycles/172/1b5_Tc_004.wav,test
172,1b5,Tc,COPD,3,train,/Users/vs/Sem 5/Respiratory-Disease-Classification/data/processed/audio/cycles/172/1b5_Tc_005.wav,test
172,1b5,Tc,COPD,3,train,/Users/vs/Sem 5/Respiratory-Disease-Classification/data/processed/audio/cycles/172/1b5_Tc_006.wav,test
172,1b5,Tc,COPD,3,train,/Users/vs/Sem 5/Respiratory-Disease-Classification/data/processed/audio/cycles/172/1b5_Tc_007.wav,test
172,2b5,Al,COPD,3,train,/Users/vs/Sem 5/Respiratory-Disease-Classification/data/processed/audio/cycles/172/2b5_Al_001.wav,test
172,2b5,Al,COPD,3,train,/Users/vs/Sem 5/Respiratory-Disease-Classification/data/processed/audio/cycles/172/2b5_Al_002.wav,test
172,2b5,Al,COPD,3,train,/Users/vs/Sem 5/Respiratory-Disease-Classification/data/processed/audio/cycles/172/2b5_Al_003.wav,test
172,2b5,Al,COPD,3,train,/Users/vs/Sem 5/Respiratory-Disease-Classification/data/processed/audio/cycles/172/2b5_Al_004.wav,test
172,2b5,Al,COPD,3,train,/Users/vs/Sem 5/Respiratory-Disease-Classification/data/processed/audio/cycles/172/2b5_Al_005.wav,test
172,2b5,Al,COPD,3,train,/Users/vs/Sem 5/Respiratory-Disease-Classification/data/processed/audio/cycles/172/2b5_Al_006.wav,test
172,2b5,Ar,COPD,3,train,/Users/vs/Sem 5/Respiratory-Disease-Classification/data/processed/audio/cycles/172/2b5_Ar_001.wav,test
172,2b5,Ar,COPD,3,train,/Users/vs/Sem 5/Respiratory-Disease-Classification/data/processed/audio/cycles/172/2b5_Ar_002.wav,test
172,2b5,Ar,COPD,3,train,/Users/vs/Sem 5/Respiratory-Disease-Classification/data/processed/audio/cycles/172/2b5_Ar_003.wav,test
172,2b5,Ar,COPD,3,train,/Users/vs/Sem 5/Respiratory-Disease-Classification/data/processed/audio/cycles/172/2b5_Ar_004.wav,test
172,2b5,Ar,COPD,3,train,/Users/vs/Sem 5/Respiratory-Disease-Classification/data/processed/audio/cycles/172/2b5_Ar_005.wav,test
172,2b5,Ar,COPD,3,train,/Users/vs/Sem 5/Respiratory-Disease-Classification/data/processed/audio/cycles/172/2b5_Ar_006.wav,test
172,2b5,Lr,COPD,3,train,/Users/vs/Sem 5/Respiratory-Disease-Classification/data/processed/audio/cycles/172/2b5_Lr_001.wav,test
172,2b5,Lr,COPD,3,train,/Users/vs/Sem 5/Respiratory-Disease-Classification/data/processed/audio/cycles/172/2b5_Lr_002.wav,test
172,2b5,Lr,COPD,3,train,/Users/vs/Sem 5/Respiratory-Disease-Classification/data/processed/audio/cycles/172/2b5_Lr_003.wav,test
172,2b5,Lr,COPD,3,train,/Users/vs/Sem 5/Respiratory-Disease-Classification/data/processed/audio/cycles/172/2b5_Lr_004.wav,test
172,2b5,Lr,COPD,3,train,/Users/vs/Sem 5/Respiratory-Disease-Classification/data/processed/audio/cycles/172/2b5_Lr_005.wav,test
172,2b5,Lr,COPD,3,train,/Users/vs/Sem 5/Respiratory-Disease-Classification/data/processed/audio/cycles/172/2b5_Lr_006.wav,test
172,2b5,Pl,COPD,3,train,/Users/vs/Sem 5/Respiratory-Disease-Classification/data/processed/audio/cycles/172/2b5_Pl_001.wav,test
172,2b5,Pl,COPD,3,train,/Users/vs/Sem 5/Respiratory-Disease-Classification/data/processed/audio/cycles/172/2b5_Pl_002.wav,test
172,2b5,Pl,COPD,3,train,/Users/vs/Sem 5/Respiratory-Disease-Classification/data/processed/audio/cycles/172/2b5_Pl_003.wav,test
172,2b5,Pl,COPD,3,train,/Users/vs/Sem 5/Respiratory-Disease-Classification/data/processed/audio/cycles/172/2b5_Pl_004.wav,test
172,2b5,Pl,COPD,3,train,/Users/vs/Sem 5/Respiratory-Disease-Classification/data/processed/audio/cycles/172/2b5_Pl_005.wav,test
172,2b5,Pl,COPD,3,train,/Users/vs/Sem 5/Respiratory-Disease-Classification/data/processed/audio/cycles/172/2b5_Pl_006.wav,test
172,2b5,Pr,COPD,3,train,/Users/vs/Sem 5/Respiratory-Disease-Classification/data/processed/audio/cycles/172/2b5_Pr_001.wav,test
172,2b5,Pr,COPD,3,train,/Users/vs/Sem 5/Respiratory-Disease-Classification/data/processed/audio/cycles/172/2b5_Pr_002.wav,test
172,2b5,Pr,COPD,3,train,/Users/vs/Sem 5/Respiratory-Disease-Classification/data/processed/audio/cycles/172/2b5_Pr_003.wav,test
172,2b5,Pr,COPD,3,train,/Users/vs/Sem 5/Respiratory-Disease-Classification/data/processed/audio/cycles/172/2b5_Pr_004.wav,test
172,2b5,Pr,COPD,3,train,/Users/vs/Sem 5/Respiratory-Disease-Classification/data/processed/audio/cycles/172/2b5_Pr_005.wav,test
172,2b5,Pr,COPD,3,train,/Users/vs/Sem 5/Respiratory-Disease-Classification/data/processed/audio/cycles/172/2b5_Pr_006.wav,test
172,2b5,Tc,COPD,3,train,/Users/vs/Sem 5/Respiratory-Disease-Classification/data/processed/audio/cycles/172/2b5_Tc_001.wav,test
172,2b5,Tc,COPD,3,train,/Users/vs/Sem 5/Respiratory-Disease-Classification/data/processed/audio/cycles/172/2b5_Tc_002.wav,test
172,2b5,Tc,COPD,3,train,/Users/vs/Sem 5/Respiratory-Disease-Classification/data/processed/audio/cycles/172/2b5_Tc_003.wav,test
172,2b5,Tc,COPD,3,train,/Users/vs/Sem 5/Respiratory-Disease-Classification/data/processed/audio/cycles/172/2b5_Tc_004.wav,test
172,2b5,Tc,COPD,3,train,/Users/vs/Sem 5/Respiratory-Disease-Classification/data/processed/audio/cycles/172/2b5_Tc_005.wav,test
172,2b5,Tc,COPD,3,train,/Users/vs/Sem 5/Respiratory-Disease-Classification/data/processed/audio/cycles/172/2b5_Tc_006.wav,test
173,1b1,Al,Bronchiolitis,2,test,/Users/vs/Sem 5/Respiratory-Disease-Classification/data/processed/audio/cycles/173/1b1_Al_001.wav,train
173,1b1,Al,Bronchiolitis,2,test,/Users/vs/Sem 5/Respiratory-Disease-Classification/data/processed/audio/cycles/173/1b1_Al_002.wav,train
173,1b1,Al,Bronchiolitis,2,test,/Users/vs/Sem 5/Respiratory-Disease-Classification/data/processed/audio/cycles/173/1b1_Al_003.wav,train
173,1b1,Al,Bronchiolitis,2,test,/Users/vs/Sem 5/Respiratory-Disease-Classification/data/processed/audio/cycles/173/1b1_Al_004.wav,train
173,1b1,Al,Bronchiolitis,2,test,/Users/vs/Sem 5/Respiratory-Disease-Classification/data/processed/audio/cycles/173/1b1_Al_005.wav,train
173,1b1,Al,Bronchiolitis,2,test,/Users/vs/Sem 5/Respiratory-Disease-Classification/data/processed/audio/cycles/173/1b1_Al_006.wav,train
173,1b1,Al,Bronchiolitis,2,test,/Users/vs/Sem 5/Respiratory-Disease-Classification/data/processed/audio/cycles/173/1b1_Al_007.wav,train
173,1b1,Al,Bronchiolitis,2,test,/Users/vs/Sem 5/Respiratory-Disease-Classification/data/processed/audio/cycles/173/1b1_Al_008.wav,train
173,1b1,Al,Bronchiolitis,2,test,/Users/vs/Sem 5/Respiratory-Disease-Classification/data/processed/audio/cycles/173/1b1_Al_009.wav,train
173,1b1,Al,Bronchiolitis,2,test,/Users/vs/Sem 5/Respiratory-Disease-Classification/data/processed/audio/cycles/173/1b1_Al_010.wav,train
173,1b1,Al,Bronchiolitis,2,test,/Users/vs/Sem 5/Respiratory-Disease-Classification/data/processed/audio/cycles/173/1b1_Al_011.wav,train
173,1b1,Al,Bronchiolitis,2,test,/Users/vs/Sem 5/Respiratory-Disease-Classification/data/processed/audio/cycles/173/1b1_Al_012.wav,train
173,1b1,Al,Bronchiolitis,2,test,/Users/vs/Sem 5/Respiratory-Disease-Classification/data/processed/audio/cycles/173/1b1_Al_013.wav,train
174,1p2,Ar,COPD,3,test,/Users/vs/Sem 5/Respiratory-Disease-Classification/data/processed/audio/cycles/174/1p2_Ar_001.wav,train
174,1p2,Ar,COPD,3,test,/Users/vs/Sem 5/Respiratory-Disease-Classification/data/processed/audio/cycles/174/1p2_Ar_002.wav,train
174,1p2,Ar,COPD,3,test,/Users/vs/Sem 5/Respiratory-Disease-Classification/data/processed/audio/cycles/174/1p2_Ar_003.wav,train
174,1p2,Ar,COPD,3,test,/Users/vs/Sem 5/Respiratory-Disease-Classification/data/processed/audio/cycles/174/1p2_Ar_004.wav,train
174,1p2,Ar,COPD,3,test,/Users/vs/Sem 5/Respiratory-Disease-Classification/data/processed/audio/cycles/174/1p2_Ar_005.wav,train
174,1p2,Ll,COPD,3,test,/Users/vs/Sem 5/Respiratory-Disease-Classification/data/processed/audio/cycles/174/1p2_Ll_001.wav,train
174,1p2,Ll,COPD,3,test,/Users/vs/Sem 5/Respiratory-Disease-Classification/data/processed/audio/cycles/174/1p2_Ll_002.wav,train
174,1p2,Ll,COPD,3,test,/Users/vs/Sem 5/Respiratory-Disease-Classification/data/processed/audio/cycles/174/1p2_Ll_003.wav,train
174,1p2,Ll,COPD,3,test,/Users/vs/Sem 5/Respiratory-Disease-Classification/data/processed/audio/cycles/174/1p2_Ll_004.wav,train
174,1p2,Ll,COPD,3,test,/Users/vs/Sem 5/Respiratory-Disease-Classification/data/processed/audio/cycles/174/1p2_Ll_005.wav,train
174,1p2,Lr,COPD,3,test,/Users/vs/Sem 5/Respiratory-Disease-Classification/data/processed/audio/cycles/174/1p2_Lr_001.wav,train
174,1p2,Lr,COPD,3,test,/Users/vs/Sem 5/Respiratory-Disease-Classification/data/processed/audio/cycles/174/1p2_Lr_002.wav,train
174,1p2,Lr,COPD,3,test,/Users/vs/Sem 5/Respiratory-Disease-Classification/data/processed/audio/cycles/174/1p2_Lr_003.wav,train
174,1p2,Lr,COPD,3,test,/Users/vs/Sem 5/Respiratory-Disease-Classification/data/processed/audio/cycles/174/1p2_Lr_004.wav,train
174,1p2,Lr,COPD,3,test,/Users/vs/Sem 5/Respiratory-Disease-Classification/data/processed/audio/cycles/174/1p2_Lr_005.wav,train
174,1p2,Pl,COPD,3,test,/Users/vs/Sem 5/Respiratory-Disease-Classification/data/processed/audio/cycles/174/1p2_Pl_001.wav,train
174,1p2,Pl,COPD,3,test,/Users/vs/Sem 5/Respiratory-Disease-Classification/data/processed/audio/cycles/174/1p2_Pl_002.wav,train
174,1p2,Pl,COPD,3,test,/Users/vs/Sem 5/Respiratory-Disease-Classification/data/processed/audio/cycles/174/1p2_Pl_003.wav,train
174,1p2,Pl,COPD,3,test,/Users/vs/Sem 5/Respiratory-Disease-Classification/data/processed/audio/cycles/174/1p2_Pl_004.wav,train
174,1p2,Pl,COPD,3,test,/Users/vs/Sem 5/Respiratory-Disease-Classification/data/processed/audio/cycles/174/1p2_Pl_005.wav,train
174,1p2,Pr,COPD,3,test,/Users/vs/Sem 5/Respiratory-Disease-Classification/data/processed/audio/cycles/174/1p2_Pr_001.wav,train
174,1p2,Pr,COPD,3,test,/Users/vs/Sem 5/Respiratory-Disease-Classification/data/processed/audio/cycles/174/1p2_Pr_002.wav,train
174,1p2,Pr,COPD,3,test,/Users/vs/Sem 5/Respiratory-Disease-Classification/data/processed/audio/cycles/174/1p2_Pr_003.wav,train
174,1p2,Pr,COPD,3,test,/Users/vs/Sem 5/Respiratory-Disease-Classification/data/processed/audio/cycles/174/1p2_Pr_004.wav,train
174,1p2,Pr,COPD,3,test,/Users/vs/Sem 5/Respiratory-Disease-Classification/data/processed/audio/cycles/174/1p2_Pr_005.wav,train
174,1p2,Tc,COPD,3,test,/Users/vs/Sem 5/Respiratory-Disease-Classification/data/processed/audio/cycles/174/1p2_Tc_001.wav,train
174,1p2,Tc,COPD,3,test,/Users/vs/Sem 5/Respiratory-Disease-Classification/data/processed/audio/cycles/174/1p2_Tc_002.wav,train
174,1p2,Tc,COPD,3,test,/Users/vs/Sem 5/Respiratory-Disease-Classification/data/processed/audio/cycles/174/1p2_Tc_003.wav,train
174,1p2,Tc,COPD,3,test,/Users/vs/Sem 5/Respiratory-Disease-Classification/data/processed/audio/cycles/174/1p2_Tc_004.wav,train
174,1p2,Tc,COPD,3,test,/Users/vs/Sem 5/Respiratory-Disease-Classification/data/processed/audio/cycles/174/1p2_Tc_005.wav,train
174,1p3,Ar,COPD,3,test,/Users/vs/Sem 5/Respiratory-Disease-Classification/data/processed/audio/cycles/174/1p3_Ar_001.wav,train
174,1p3,Ar,COPD,3,test,/Users/vs/Sem 5/Respiratory-Disease-Classification/data/processed/audio/cycles/174/1p3_Ar_002.wav,train
174,1p3,Ar,COPD,3,test,/Users/vs/Sem 5/Respiratory-Disease-Classification/data/processed/audio/cycles/174/1p3_Ar_003.wav,train
174,1p3,Ar,COPD,3,test,/Users/vs/Sem 5/Respiratory-Disease-Classification/data/processed/audio/cycles/174/1p3_Ar_004.wav,train
174,1p3,Ar,COPD,3,test,/Users/vs/Sem 5/Respiratory-Disease-Classification/data/processed/audio/cycles/174/1p3_Ar_005.wav,train
174,1p3,Ll,COPD,3,test,/Users/vs/Sem 5/Respiratory-Disease-Classification/data/processed/audio/cycles/174/1p3_Ll_001.wav,train
174,1p3,Ll,COPD,3,test,/Users/vs/Sem 5/Respiratory-Disease-Classification/data/processed/audio/cycles/174/1p3_Ll_002.wav,train
174,1p3,Ll,COPD,3,test,/Users/vs/Sem 5/Respiratory-Disease-Classification/data/processed/audio/cycles/174/1p3_Ll_003.wav,train
174,1p3,Ll,COPD,3,test,/Users/vs/Sem 5/Respiratory-Disease-Classification/data/processed/audio/cycles/174/1p3_Ll_004.wav,train
174,1p3,Ll,COPD,3,test,/Users/vs/Sem 5/Respiratory-Disease-Classification/data/processed/audio/cycles/174/1p3_Ll_005.wav,train
174,1p3,Lr,COPD,3,test,/Users/vs/Sem 5/Respiratory-Disease-Classification/data/processed/audio/cycles/174/1p3_Lr_001.wav,train
174,1p3,Lr,COPD,3,test,/Users/vs/Sem 5/Respiratory-Disease-Classification/data/processed/audio/cycles/174/1p3_Lr_002.wav,train
174,1p3,Lr,COPD,3,test,/Users/vs/Sem 5/Respiratory-Disease-Classification/data/processed/audio/cycles/174/1p3_Lr_003.wav,train
174,1p3,Lr,COPD,3,test,/Users/vs/Sem 5/Respiratory-Disease-Classification/data/processed/audio/cycles/174/1p3_Lr_004.wav,train
174,1p3,Lr,COPD,3,test,/Users/vs/Sem 5/Respiratory-Disease-Classification/data/processed/audio/cycles/174/1p3_Lr_005.wav,train
174,1p3,Pl,COPD,3,test,/Users/vs/Sem 5/Respiratory-Disease-Classification/data/processed/audio/cycles/174/1p3_Pl_001.wav,train
174,1p3,Pl,COPD,3,test,/Users/vs/Sem 5/Respiratory-Disease-Classification/data/processed/audio/cycles/174/1p3_Pl_002.wav,train
174,1p3,Pl,COPD,3,test,/Users/vs/Sem 5/Respiratory-Disease-Classification/data/processed/audio/cycles/174/1p3_Pl_003.wav,train
174,1p3,Pl,COPD,3,test,/Users/vs/Sem 5/Respiratory-Disease-Classification/data/processed/audio/cycles/174/1p3_Pl_004.wav,train
174,1p3,Pl,COPD,3,test,/Users/vs/Sem 5/Respiratory-Disease-Classification/data/processed/audio/cycles/174/1p3_Pl_005.wav,train
174,1p3,Pr,COPD,3,test,/Users/vs/Sem 5/Respiratory-Disease-Classification/data/processed/audio/cycles/174/1p3_Pr_001.wav,train
174,1p3,Pr,COPD,3,test,/Users/vs/Sem 5/Respiratory-Disease-Classification/data/processed/audio/cycles/174/1p3_Pr_002.wav,train
174,1p3,Pr,COPD,3,test,/Users/vs/Sem 5/Respiratory-Disease-Classification/data/processed/audio/cycles/174/1p3_Pr_003.wav,train
174,1p3,Pr,COPD,3,test,/Users/vs/Sem 5/Respiratory-Disease-Classification/data/processed/audio/cycles/174/1p3_Pr_004.wav,train
174,1p3,Pr,COPD,3,test,/Users/vs/Sem 5/Respiratory-Disease-Classification/data/processed/audio/cycles/174/1p3_Pr_005.wav,train
174,1p3,Tc,COPD,3,test,/Users/vs/Sem 5/Respiratory-Disease-Classification/data/processed/audio/cycles/174/1p3_Tc_001.wav,train
174,1p3,Tc,COPD,3,test,/Users/vs/Sem 5/Respiratory-Disease-Classification/data/processed/audio/cycles/174/1p3_Tc_002.wav,train
174,1p3,Tc,COPD,3,test,/Users/vs/Sem 5/Respiratory-Disease-Classification/data/processed/audio/cycles/174/1p3_Tc_003.wav,train
174,1p3,Tc,COPD,3,test,/Users/vs/Sem 5/Respiratory-Disease-Classification/data/processed/audio/cycles/174/1p3_Tc_004.wav,train
174,1p3,Tc,COPD,3,test,/Users/vs/Sem 5/Respiratory-Disease-Classification/data/processed/audio/cycles/174/1p3_Tc_005.wav,train
174,1p4,Ar,COPD,3,test,/Users/vs/Sem 5/Respiratory-Disease-Classification/data/processed/audio/cycles/174/1p4_Ar_001.wav,train
174,1p4,Ar,COPD,3,test,/Users/vs/Sem 5/Respiratory-Disease-Classification/data/processed/audio/cycles/174/1p4_Ar_002.wav,train
174,1p4,Ar,COPD,3,test,/Users/vs/Sem 5/Respiratory-Disease-Classification/data/processed/audio/cycles/174/1p4_Ar_003.wav,train
174,1p4,Ar,COPD,3,test,/Users/vs/Sem 5/Respiratory-Disease-Classification/data/processed/audio/cycles/174/1p4_Ar_004.wav,train
174,1p4,Ar,COPD,3,test,/Users/vs/Sem 5/Respiratory-Disease-Classification/data/processed/audio/cycles/174/1p4_Ar_005.wav,train
174,1p4,Ll,COPD,3,test,/Users/vs/Sem 5/Respiratory-Disease-Classification/data/processed/audio/cycles/174/1p4_Ll_001.wav,train
174,1p4,Ll,COPD,3,test,/Users/vs/Sem 5/Respiratory-Disease-Classification/data/processed/audio/cycles/174/1p4_Ll_002.wav,train
174,1p4,Ll,COPD,3,test,/Users/vs/Sem 5/Respiratory-Disease-Classification/data/processed/audio/cycles/174/1p4_Ll_003.wav,train
174,1p4,Ll,COPD,3,test,/Users/vs/Sem 5/Respiratory-Disease-Classification/data/processed/audio/cycles/174/1p4_Ll_004.wav,train
174,1p4,Ll,COPD,3,test,/Users/vs/Sem 5/Respiratory-Disease-Classification/data/processed/audio/cycles/174/1p4_Ll_005.wav,train
174,1p4,Lr,COPD,3,test,/Users/vs/Sem 5/Respiratory-Disease-Classification/data/processed/audio/cycles/174/1p4_Lr_001.wav,train
174,1p4,Lr,COPD,3,test,/Users/vs/Sem 5/Respiratory-Disease-Classification/data/processed/audio/cycles/174/1p4_Lr_002.wav,train
174,1p4,Lr,COPD,3,test,/Users/vs/Sem 5/Respiratory-Disease-Classification/data/processed/audio/cycles/174/1p4_Lr_003.wav,train
174,1p4,Lr,COPD,3,test,/Users/vs/Sem 5/Respiratory-Disease-Classification/data/processed/audio/cycles/174/1p4_Lr_004.wav,train
174,1p4,Lr,COPD,3,test,/Users/vs/Sem 5/Respiratory-Disease-Classification/data/processed/audio/cycles/174/1p4_Lr_005.wav,train
174,1p4,Pl,COPD,3,test,/Users/vs/Sem 5/Respiratory-Disease-Classification/data/processed/audio/cycles/174/1p4_Pl_001.wav,train
174,1p4,Pl,COPD,3,test,/Users/vs/Sem 5/Respiratory-Disease-Classification/data/processed/audio/cycles/174/1p4_Pl_002.wav,train
174,1p4,Pl,COPD,3,test,/Users/vs/Sem 5/Respiratory-Disease-Classification/data/processed/audio/cycles/174/1p4_Pl_003.wav,train
174,1p4,Pl,COPD,3,test,/Users/vs/Sem 5/Respiratory-Disease-Classification/data/processed/audio/cycles/174/1p4_Pl_004.wav,train
174,1p4,Pl,COPD,3,test,/Users/vs/Sem 5/Respiratory-Disease-Classification/data/processed/audio/cycles/174/1p4_Pl_005.wav,train
174,1p4,Pr,COPD,3,test,/Users/vs/Sem 5/Respiratory-Disease-Classification/data/processed/audio/cycles/174/1p4_Pr_001.wav,train
174,1p4,Pr,COPD,3,test,/Users/vs/Sem 5/Respiratory-Disease-Classification/data/processed/audio/cycles/174/1p4_Pr_002.wav,train
174,1p4,Pr,COPD,3,test,/Users/vs/Sem 5/Respiratory-Disease-Classification/data/processed/audio/cycles/174/1p4_Pr_003.wav,train
174,1p4,Pr,COPD,3,test,/Users/vs/Sem 5/Respiratory-Disease-Classification/data/processed/audio/cycles/174/1p4_Pr_004.wav,train
174,1p4,Pr,COPD,3,test,/Users/vs/Sem 5/Respiratory-Disease-Classification/data/processed/audio/cycles/174/1p4_Pr_005.wav,train
174,1p4,Tc,COPD,3,test,/Users/vs/Sem 5/Respiratory-Disease-Classification/data/processed/audio/cycles/174/1p4_Tc_001.wav,train
174,1p4,Tc,COPD,3,test,/Users/vs/Sem 5/Respiratory-Disease-Classification/data/processed/audio/cycles/174/1p4_Tc_002.wav,train
174,1p4,Tc,COPD,3,test,/Users/vs/Sem 5/Respiratory-Disease-Classification/data/processed/audio/cycles/174/1p4_Tc_003.wav,train
174,1p4,Tc,COPD,3,test,/Users/vs/Sem 5/Respiratory-Disease-Classification/data/processed/audio/cycles/174/1p4_Tc_004.wav,train
174,1p4,Tc,COPD,3,test,/Users/vs/Sem 5/Respiratory-Disease-Classification/data/processed/audio/cycles/174/1p4_Tc_005.wav,train
174,2p3,Al,COPD,3,test,/Users/vs/Sem 5/Respiratory-Disease-Classification/data/processed/audio/cycles/174/2p3_Al_001.wav,train
174,2p3,Al,COPD,3,test,/Users/vs/Sem 5/Respiratory-Disease-Classification/data/processed/audio/cycles/174/2p3_Al_002.wav,train
174,2p3,Al,COPD,3,test,/Users/vs/Sem 5/Respiratory-Disease-Classification/data/processed/audio/cycles/174/2p3_Al_003.wav,train
174,2p3,Al,COPD,3,test,/Users/vs/Sem 5/Respiratory-Disease-Classification/data/processed/audio/cycles/174/2p3_Al_004.wav,train
174,2p3,Ar,COPD,3,test,/Users/vs/Sem 5/Respiratory-Disease-Classification/data/processed/audio/cycles/174/2p3_Ar_001.wav,train
174,2p3,Ar,COPD,3,test,/Users/vs/Sem 5/Respiratory-Disease-Classification/data/processed/audio/cycles/174/2p3_Ar_002.wav,train
174,2p3,Ar,COPD,3,test,/Users/vs/Sem 5/Respiratory-Disease-Classification/data/processed/audio/cycles/174/2p3_Ar_003.wav,train
174,2p3,Ar,COPD,3,test,/Users/vs/Sem 5/Respiratory-Disease-Classification/data/processed/audio/cycles/174/2p3_Ar_004.wav,train
174,2p3,Pl,COPD,3,test,/Users/vs/Sem 5/Respiratory-Disease-Classification/data/processed/audio/cycles/174/2p3_Pl_001.wav,train
174,2p3,Pl,COPD,3,test,/Users/vs/Sem 5/Respiratory-Disease-Classification/data/processed/audio/cycles/174/2p3_Pl_002.wav,train
174,2p3,Pl,COPD,3,test,/Users/vs/Sem 5/Respiratory-Disease-Classification/data/processed/audio/cycles/174/2p3_Pl_003.wav,train
174,2p3,Pl,COPD,3,test,/Users/vs/Sem 5/Respiratory-Disease-Classification/data/processed/audio/cycles/174/2p3_Pl_004.wav,train
174,2p3,Pr,COPD,3,test,/Users/vs/Sem 5/Respiratory-Disease-Classification/data/processed/audio/cycles/174/2p3_Pr_001.wav,train
174,2p3,Pr,COPD,3,test,/Users/vs/Sem 5/Respiratory-Disease-Classification/data/processed/audio/cycles/174/2p3_Pr_002.wav,train
174,2p3,Pr,COPD,3,test,/Users/vs/Sem 5/Respiratory-Disease-Classification/data/processed/audio/cycles/174/2p3_Pr_003.wav,train
174,2p3,Pr,COPD,3,test,/Users/vs/Sem 5/Respiratory-Disease-Classification/data/processed/audio/cycles/174/2p3_Pr_004.wav,train
174,2p3,Tc,COPD,3,test,/Users/vs/Sem 5/Respiratory-Disease-Classification/data/processed/audio/cycles/174/2p3_Tc_001.wav,train
174,2p3,Tc,COPD,3,test,/Users/vs/Sem 5/Respiratory-Disease-Classification/data/processed/audio/cycles/174/2p3_Tc_002.wav,train
174,2p3,Tc,COPD,3,test,/Users/vs/Sem 5/Respiratory-Disease-Classification/data/processed/audio/cycles/174/2p3_Tc_003.wav,train
174,2p3,Tc,COPD,3,test,/Users/vs/Sem 5/Respiratory-Disease-Classification/data/processed/audio/cycles/174/2p3_Tc_004.wav,train
175,1b1,Al,COPD,3,test,/Users/vs/Sem 5/Respiratory-Disease-Classification/data/processed/audio/cycles/175/1b1_Al_001.wav,test
175,1b1,Al,COPD,3,test,/Users/vs/Sem 5/Respiratory-Disease-Classification/data/processed/audio/cycles/175/1b1_Al_002.wav,test
175,1b1,Al,COPD,3,test,/Users/vs/Sem 5/Respiratory-Disease-Classification/data/processed/audio/cycles/175/1b1_Al_003.wav,test
175,1b1,Al,COPD,3,test,/Users/vs/Sem 5/Respiratory-Disease-Classification/data/processed/audio/cycles/175/1b1_Al_004.wav,test
175,1b1,Ar,COPD,3,test,/Users/vs/Sem 5/Respiratory-Disease-Classification/data/processed/audio/cycles/175/1b1_Ar_001.wav,test
175,1b1,Ar,COPD,3,test,/Users/vs/Sem 5/Respiratory-Disease-Classification/data/processed/audio/cycles/175/1b1_Ar_002.wav,test
175,1b1,Ar,COPD,3,test,/Users/vs/Sem 5/Respiratory-Disease-Classification/data/processed/audio/cycles/175/1b1_Ar_003.wav,test
175,1b1,Ll,COPD,3,test,/Users/vs/Sem 5/Respiratory-Disease-Classification/data/processed/audio/cycles/175/1b1_Ll_001.wav,test
175,1b1,Ll,COPD,3,test,/Users/vs/Sem 5/Respiratory-Disease-Classification/data/processed/audio/cycles/175/1b1_Ll_002.wav,test
175,1b1,Ll,COPD,3,test,/Users/vs/Sem 5/Respiratory-Disease-Classification/data/processed/audio/cycles/175/1b1_Ll_003.wav,test
175,1b1,Ll,COPD,3,test,/Users/vs/Sem 5/Respiratory-Disease-Classification/data/processed/audio/cycles/175/1b1_Ll_004.wav,test
175,1b1,Lr,COPD,3,test,/Users/vs/Sem 5/Respiratory-Disease-Classification/data/processed/audio/cycles/175/1b1_Lr_001.wav,test
175,1b1,Lr,COPD,3,test,/Users/vs/Sem 5/Respiratory-Disease-Classification/data/processed/audio/cycles/175/1b1_Lr_002.wav,test
175,1b1,Lr,COPD,3,test,/Users/vs/Sem 5/Respiratory-Disease-Classification/data/processed/audio/cycles/175/1b1_Lr_003.wav,test
175,1b1,Lr,COPD,3,test,/Users/vs/Sem 5/Respiratory-Disease-Classification/data/processed/audio/cycles/175/1b1_Lr_004.wav,test
175,1b1,Pl,COPD,3,test,/Users/vs/Sem 5/Respiratory-Disease-Classification/data/processed/audio/cycles/175/1b1_Pl_001.wav,test
175,1b1,Pl,COPD,3,test,/Users/vs/Sem 5/Respiratory-Disease-Classification/data/processed/audio/cycles/175/1b1_Pl_002.wav,test
175,1b1,Pl,COPD,3,test,/Users/vs/Sem 5/Respiratory-Disease-Classification/data/processed/audio/cycles/175/1b1_Pl_003.wav,test
175,1b1,Pl,COPD,3,test,/Users/vs/Sem 5/Respiratory-Disease-Classification/data/processed/audio/cycles/175/1b1_Pl_004.wav,test
175,1b1,Pr,COPD,3,test,/Users/vs/Sem 5/Respiratory-Disease-Classification/data/processed/audio/cycles/175/1b1_Pr_001.wav,test
175,1b1,Pr,COPD,3,test,/Users/vs/Sem 5/Respiratory-Disease-Classification/data/processed/audio/cycles/175/1b1_Pr_002.wav,test
175,1b1,Pr,COPD,3,test,/Users/vs/Sem 5/Respiratory-Disease-Classification/data/processed/audio/cycles/175/1b1_Pr_003.wav,test
175,1b1,Pr,COPD,3,test,/Users/vs/Sem 5/Respiratory-Disease-Classification/data/processed/audio/cycles/175/1b1_Pr_004.wav,test
176,1b3,Al,COPD,3,test,/Users/vs/Sem 5/Respiratory-Disease-Classification/data/processed/audio/cycles/176/1b3_Al_001.wav,train
176,1b3,Al,COPD,3,test,/Users/vs/Sem 5/Respiratory-Disease-Classification/data/processed/audio/cycles/176/1b3_Al_002.wav,train
176,1b3,Al,COPD,3,test,/Users/vs/Sem 5/Respiratory-Disease-Classification/data/processed/audio/cycles/176/1b3_Al_003.wav,train
176,1b3,Al,COPD,3,test,/Users/vs/Sem 5/Respiratory-Disease-Classification/data/processed/audio/cycles/176/1b3_Al_004.wav,train
176,1b3,Al,COPD,3,test,/Users/vs/Sem 5/Respiratory-Disease-Classification/data/processed/audio/cycles/176/1b3_Al_005.wav,train
176,1b3,Al,COPD,3,test,/Users/vs/Sem 5/Respiratory-Disease-Classification/data/processed/audio/cycles/176/1b3_Al_006.wav,train
176,1b3,Ar,COPD,3,test,/Users/vs/Sem 5/Respiratory-Disease-Classification/data/processed/audio/cycles/176/1b3_Ar_001.wav,train
176,1b3,Ar,COPD,3,test,/Users/vs/Sem 5/Respiratory-Disease-Classification/data/processed/audio/cycles/176/1b3_Ar_002.wav,train
176,1b3,Ar,COPD,3,test,/Users/vs/Sem 5/Respiratory-Disease-Classification/data/processed/audio/cycles/176/1b3_Ar_003.wav,train
176,1b3,Ar,COPD,3,test,/Users/vs/Sem 5/Respiratory-Disease-Classification/data/processed/audio/cycles/176/1b3_Ar_004.wav,train
176,1b3,Ar,COPD,3,test,/Users/vs/Sem 5/Respiratory-Disease-Classification/data/processed/audio/cycles/176/1b3_Ar_005.wav,train
176,1b3,Ar,COPD,3,test,/Users/vs/Sem 5/Respiratory-Disease-Classification/data/processed/audio/cycles/176/1b3_Ar_006.wav,train
176,1b3,Ll,COPD,3,test,/Users/vs/Sem 5/Respiratory-Disease-Classification/data/processed/audio/cycles/176/1b3_Ll_001.wav,train
176,1b3,Ll,COPD,3,test,/Users/vs/Sem 5/Respiratory-Disease-Classification/data/processed/audio/cycles/176/1b3_Ll_002.wav,train
176,1b3,Ll,COPD,3,test,/Users/vs/Sem 5/Respiratory-Disease-Classification/data/processed/audio/cycles/176/1b3_Ll_003.wav,train
176,1b3,Ll,COPD,3,test,/Users/vs/Sem 5/Respiratory-Disease-Classification/data/processed/audio/cycles/176/1b3_Ll_004.wav,train
176,1b3,Ll,COPD,3,test,/Users/vs/Sem 5/Respiratory-Disease-Classification/data/processed/audio/cycles/176/1b3_Ll_005.wav,train
176,1b3,Ll,COPD,3,test,/Users/vs/Sem 5/Respiratory-Disease-Classification/data/processed/audio/cycles/176/1b3_Ll_006.wav,train
176,1b3,Lr,COPD,3,test,/Users/vs/Sem 5/Respiratory-Disease-Classification/data/processed/audio/cycles/176/1b3_Lr_001.wav,train
176,1b3,Lr,COPD,3,test,/Users/vs/Sem 5/Respiratory-Disease-Classification/data/processed/audio/cycles/176/1b3_Lr_002.wav,train
176,1b3,Lr,COPD,3,test,/Users/vs/Sem 5/Respiratory-Disease-Classification/data/processed/audio/cycles/176/1b3_Lr_003.wav,train
176,1b3,Lr,COPD,3,test,/Users/vs/Sem 5/Respiratory-Disease-Classification/data/processed/audio/cycles/176/1b3_Lr_004.wav,train
176,1b3,Lr,COPD,3,test,/Users/vs/Sem 5/Respiratory-Disease-Classification/data/processed/audio/cycles/176/1b3_Lr_005.wav,train
176,1b3,Lr,COPD,3,test,/Users/vs/Sem 5/Respiratory-Disease-Classification/data/processed/audio/cycles/176/1b3_Lr_006.wav,train
176,1b3,Pl,COPD,3,test,/Users/vs/Sem 5/Respiratory-Disease-Classification/data/processed/audio/cycles/176/1b3_Pl_001.wav,train
176,1b3,Pl,COPD,3,test,/Users/vs/Sem 5/Respiratory-Disease-Classification/data/processed/audio/cycles/176/1b3_Pl_002.wav,train
176,1b3,Pl,COPD,3,test,/Users/vs/Sem 5/Respiratory-Disease-Classification/data/processed/audio/cycles/176/1b3_Pl_003.wav,train
176,1b3,Pl,COPD,3,test,/Users/vs/Sem 5/Respiratory-Disease-Classification/data/processed/audio/cycles/176/1b3_Pl_004.wav,train
176,1b3,Pl,COPD,3,test,/Users/vs/Sem 5/Respiratory-Disease-Classification/data/processed/audio/cycles/176/1b3_Pl_005.wav,train
176,1b3,Pl,COPD,3,test,/Users/vs/Sem 5/Respiratory-Disease-Classification/data/processed/audio/cycles/176/1b3_Pl_006.wav,train
176,1b3,Pr,COPD,3,test,/Users/vs/Sem 5/Respiratory-Disease-Classification/data/processed/audio/cycles/176/1b3_Pr_001.wav,train
176,1b3,Pr,COPD,3,test,/Users/vs/Sem 5/Respiratory-Disease-Classification/data/processed/audio/cycles/176/1b3_Pr_002.wav,train
176,1b3,Pr,COPD,3,test,/Users/vs/Sem 5/Respiratory-Disease-Classification/data/processed/audio/cycles/176/1b3_Pr_003.wav,train
176,1b3,Pr,COPD,3,test,/Users/vs/Sem 5/Respiratory-Disease-Classification/data/processed/audio/cycles/176/1b3_Pr_004.wav,train
176,1b3,Pr,COPD,3,test,/Users/vs/Sem 5/Respiratory-Disease-Classification/data/processed/audio/cycles/176/1b3_Pr_005.wav,train
176,1b3,Pr,COPD,3,test,/Users/vs/Sem 5/Respiratory-Disease-Classification/data/processed/audio/cycles/176/1b3_Pr_006.wav,train
176,1b3,Tc,COPD,3,test,/Users/vs/Sem 5/Respiratory-Disease-Classification/data/processed/audio/cycles/176/1b3_Tc_001.wav,train
176,1b3,Tc,COPD,3,test,/Users/vs/Sem 5/Respiratory-Disease-Classification/data/processed/audio/cycles/176/1b3_Tc_002.wav,train
176,1b3,Tc,COPD,3,test,/Users/vs/Sem 5/Respiratory-Disease-Classification/data/processed/audio/cycles/176/1b3_Tc_003.wav,train
176,1b3,Tc,COPD,3,test,/Users/vs/Sem 5/Respiratory-Disease-Classification/data/processed/audio/cycles/176/1b3_Tc_004.wav,train
176,1b3,Tc,COPD,3,test,/Users/vs/Sem 5/Respiratory-Disease-Classification/data/processed/audio/cycles/176/1b3_Tc_005.wav,train
176,1b3,Tc,COPD,3,test,/Users/vs/Sem 5/Respiratory-Disease-Classification/data/processed/audio/cycles/176/1b3_Tc_006.wav,train
176,1b4,Al,COPD,3,test,/Users/vs/Sem 5/Respiratory-Disease-Classification/data/processed/audio/cycles/176/1b4_Al_001.wav,train
176,1b4,Al,COPD,3,test,/Users/vs/Sem 5/Respiratory-Disease-Classification/data/processed/audio/cycles/176/1b4_Al_002.wav,train
176,1b4,Al,COPD,3,test,/Users/vs/Sem 5/Respiratory-Disease-Classification/data/processed/audio/cycles/176/1b4_Al_003.wav,train
176,1b4,Al,COPD,3,test,/Users/vs/Sem 5/Respiratory-Disease-Classification/data/processed/audio/cycles/176/1b4_Al_004.wav,train
176,1b4,Al,COPD,3,test,/Users/vs/Sem 5/Respiratory-Disease-Classification/data/processed/audio/cycles/176/1b4_Al_005.wav,train
176,1b4,Al,COPD,3,test,/Users/vs/Sem 5/Respiratory-Disease-Classification/data/processed/audio/cycles/176/1b4_Al_006.wav,train
176,1b4,Ar,COPD,3,test,/Users/vs/Sem 5/Respiratory-Disease-Classification/data/processed/audio/cycles/176/1b4_Ar_001.wav,train
176,1b4,Ar,COPD,3,test,/Users/vs/Sem 5/Respiratory-Disease-Classification/data/processed/audio/cycles/176/1b4_Ar_002.wav,train
176,1b4,Ar,COPD,3,test,/Users/vs/Sem 5/Respiratory-Disease-Classification/data/processed/audio/cycles/176/1b4_Ar_003.wav,train
176,1b4,Ar,COPD,3,test,/Users/vs/Sem 5/Respiratory-Disease-Classification/data/processed/audio/cycles/176/1b4_Ar_004.wav,train
176,1b4,Ar,COPD,3,test,/Users/vs/Sem 5/Respiratory-Disease-Classification/data/processed/audio/cycles/176/1b4_Ar_005.wav,train
176,1b4,Ar,COPD,3,test,/Users/vs/Sem 5/Respiratory-Disease-Classification/data/processed/audio/cycles/176/1b4_Ar_006.wav,train
176,1b4,Ll,COPD,3,test,/Users/vs/Sem 5/Respiratory-Disease-Classification/data/processed/audio/cycles/176/1b4_Ll_001.wav,train
176,1b4,Ll,COPD,3,test,/Users/vs/Sem 5/Respiratory-Disease-Classification/data/processed/audio/cycles/176/1b4_Ll_002.wav,train
176,1b4,Ll,COPD,3,test,/Users/vs/Sem 5/Respiratory-Disease-Classification/data/processed/audio/cycles/176/1b4_Ll_003.wav,train
176,1b4,Ll,COPD,3,test,/Users/vs/Sem 5/Respiratory-Disease-Classification/data/processed/audio/cycles/176/1b4_Ll_004.wav,train
176,1b4,Ll,COPD,3,test,/Users/vs/Sem 5/Respiratory-Disease-Classification/data/processed/audio/cycles/176/1b4_Ll_005.wav,train
176,1b4,Ll,COPD,3,test,/Users/vs/Sem 5/Respiratory-Disease-Classification/data/processed/audio/cycles/176/1b4_Ll_006.wav,train
176,1b4,Lr,COPD,3,test,/Users/vs/Sem 5/Respiratory-Disease-Classification/data/processed/audio/cycles/176/1b4_Lr_001.wav,train
176,1b4,Lr,COPD,3,test,/Users/vs/Sem 5/Respiratory-Disease-Classification/data/processed/audio/cycles/176/1b4_Lr_002.wav,train
176,1b4,Lr,COPD,3,test,/Users/vs/Sem 5/Respiratory-Disease-Classification/data/processed/audio/cycles/176/1b4_Lr_003.wav,train
176,1b4,Lr,COPD,3,test,/Users/vs/Sem 5/Respiratory-Disease-Classification/data/processed/audio/cycles/176/1b4_Lr_004.wav,train
176,1b4,Lr,COPD,3,test,/Users/vs/Sem 5/Respiratory-Disease-Classification/data/processed/audio/cycles/176/1b4_Lr_005.wav,train
176,1b4,Lr,COPD,3,test,/Users/vs/Sem 5/Respiratory-Disease-Classification/data/processed/audio/cycles/176/1b4_Lr_006.wav,train
176,1b4,Pl,COPD,3,test,/Users/vs/Sem 5/Respiratory-Disease-Classification/data/processed/audio/cycles/176/1b4_Pl_001.wav,train
176,1b4,Pl,COPD,3,test,/Users/vs/Sem 5/Respiratory-Disease-Classification/data/processed/audio/cycles/176/1b4_Pl_002.wav,train
176,1b4,Pl,COPD,3,test,/Users/vs/Sem 5/Respiratory-Disease-Classification/data/processed/audio/cycles/176/1b4_Pl_003.wav,train
176,1b4,Pl,COPD,3,test,/Users/vs/Sem 5/Respiratory-Disease-Classification/data/processed/audio/cycles/176/1b4_Pl_004.wav,train
176,1b4,Pl,COPD,3,test,/Users/vs/Sem 5/Respiratory-Disease-Classification/data/processed/audio/cycles/176/1b4_Pl_005.wav,train
176,1b4,Pl,COPD,3,test,/Users/vs/Sem 5/Respiratory-Disease-Classification/data/processed/audio/cycles/176/1b4_Pl_006.wav,train
176,1b4,Pr,COPD,3,test,/Users/vs/Sem 5/Respiratory-Disease-Classification/data/processed/audio/cycles/176/1b4_Pr_001.wav,train
176,1b4,Pr,COPD,3,test,/Users/vs/Sem 5/Respiratory-Disease-Classification/data/processed/audio/cycles/176/1b4_Pr_002.wav,train
176,1b4,Pr,COPD,3,test,/Users/vs/Sem 5/Respiratory-Disease-Classification/data/processed/audio/cycles/176/1b4_Pr_003.wav,train
176,1b4,Pr,COPD,3,test,/Users/vs/Sem 5/Respiratory-Disease-Classification/data/processed/audio/cycles/176/1b4_Pr_004.wav,train
176,1b4,Pr,COPD,3,test,/Users/vs/Sem 5/Respiratory-Disease-Classification/data/processed/audio/cycles/176/1b4_Pr_005.wav,train
176,1b4,Pr,COPD,3,test,/Users/vs/Sem 5/Respiratory-Disease-Classification/data/processed/audio/cycles/176/1b4_Pr_006.wav,train
176,1b4,Tc,COPD,3,test,/Users/vs/Sem 5/Respiratory-Disease-Classification/data/processed/audio/cycles/176/1b4_Tc_001.wav,train
176,1b4,Tc,COPD,3,test,/Users/vs/Sem 5/Respiratory-Disease-Classification/data/processed/audio/cycles/176/1b4_Tc_002.wav,train
176,1b4,Tc,COPD,3,test,/Users/vs/Sem 5/Respiratory-Disease-Classification/data/processed/audio/cycles/176/1b4_Tc_003.wav,train
176,1b4,Tc,COPD,3,test,/Users/vs/Sem 5/Respiratory-Disease-Classification/data/processed/audio/cycles/176/1b4_Tc_004.wav,train
176,1b4,Tc,COPD,3,test,/Users/vs/Sem 5/Respiratory-Disease-Classification/data/processed/audio/cycles/176/1b4_Tc_005.wav,train
176,1b4,Tc,COPD,3,test,/Users/vs/Sem 5/Respiratory-Disease-Classification/data/processed/audio/cycles/176/1b4_Tc_006.wav,train
176,2b3,Al,COPD,3,test,/Users/vs/Sem 5/Respiratory-Disease-Classification/data/processed/audio/cycles/176/2b3_Al_001.wav,train
176,2b3,Al,COPD,3,test,/Users/vs/Sem 5/Respiratory-Disease-Classification/data/processed/audio/cycles/176/2b3_Al_002.wav,train
176,2b3,Al,COPD,3,test,/Users/vs/Sem 5/Respiratory-Disease-Classification/data/processed/audio/cycles/176/2b3_Al_003.wav,train
176,2b3,Al,COPD,3,test,/Users/vs/Sem 5/Respiratory-Disease-Classification/data/processed/audio/cycles/176/2b3_Al_004.wav,train
176,2b3,Al,COPD,3,test,/Users/vs/Sem 5/Respiratory-Disease-Classification/data/processed/audio/cycles/176/2b3_Al_005.wav,train
176,2b3,Al,COPD,3,test,/Users/vs/Sem 5/Respiratory-Disease-Classification/data/processed/audio/cycles/176/2b3_Al_006.wav,train
176,2b3,Al,COPD,3,test,/Users/vs/Sem 5/Respiratory-Disease-Classification/data/processed/audio/cycles/176/2b3_Al_007.wav,train
176,2b3,Ar,COPD,3,test,/Users/vs/Sem 5/Respiratory-Disease-Classification/data/processed/audio/cycles/176/2b3_Ar_001.wav,train
176,2b3,Ar,COPD,3,test,/Users/vs/Sem 5/Respiratory-Disease-Classification/data/processed/audio/cycles/176/2b3_Ar_002.wav,train
176,2b3,Ar,COPD,3,test,/Users/vs/Sem 5/Respiratory-Disease-Classification/data/processed/audio/cycles/176/2b3_Ar_003.wav,train
176,2b3,Ar,COPD,3,test,/Users/vs/Sem 5/Respiratory-Disease-Classification/data/processed/audio/cycles/176/2b3_Ar_004.wav,train
176,2b3,Ar,COPD,3,test,/Users/vs/Sem 5/Respiratory-Disease-Classification/data/processed/audio/cycles/176/2b3_Ar_005.wav,train
176,2b3,Ar,COPD,3,test,/Users/vs/Sem 5/Respiratory-Disease-Classification/data/processed/audio/cycles/176/2b3_Ar_006.wav,train
176,2b3,Ar,COPD,3,test,/Users/vs/Sem 5/Respiratory-Disease-Classification/data/processed/audio/cycles/176/2b3_Ar_007.wav,train
176,2b3,Ll,COPD,3,test,/Users/vs/Sem 5/Respiratory-Disease-Classification/data/processed/audio/cycles/176/2b3_Ll_001.wav,train
176,2b3,Ll,COPD,3,test,/Users/vs/Sem 5/Respiratory-Disease-Classification/data/processed/audio/cycles/176/2b3_Ll_002.wav,train
176,2b3,Ll,COPD,3,test,/Users/vs/Sem 5/Respiratory-Disease-Classification/data/processed/audio/cycles/176/2b3_Ll_003.wav,train
176,2b3,Ll,COPD,3,test,/Users/vs/Sem 5/Respiratory-Disease-Classification/data/processed/audio/cycles/176/2b3_Ll_004.wav,train
176,2b3,Ll,COPD,3,test,/Users/vs/Sem 5/Respiratory-Disease-Classification/data/processed/audio/cycles/176/2b3_Ll_005.wav,train
176,2b3,Ll,COPD,3,test,/Users/vs/Sem 5/Respiratory-Disease-Classification/data/processed/audio/cycles/176/2b3_Ll_006.wav,train
176,2b3,Ll,COPD,3,test,/Users/vs/Sem 5/Respiratory-Disease-Classification/data/processed/audio/cycles/176/2b3_Ll_007.wav,train
176,2b3,Lr,COPD,3,test,/Users/vs/Sem 5/Respiratory-Disease-Classification/data/processed/audio/cycles/176/2b3_Lr_001.wav,train
176,2b3,Lr,COPD,3,test,/Users/vs/Sem 5/Respiratory-Disease-Classification/data/processed/audio/cycles/176/2b3_Lr_002.wav,train
176,2b3,Lr,COPD,3,test,/Users/vs/Sem 5/Respiratory-Disease-Classification/data/processed/audio/cycles/176/2b3_Lr_003.wav,train
176,2b3,Lr,COPD,3,test,/Users/vs/Sem 5/Respiratory-Disease-Classification/data/processed/audio/cycles/176/2b3_Lr_004.wav,train
176,2b3,Lr,COPD,3,test,/Users/vs/Sem 5/Respiratory-Disease-Classification/data/processed/audio/cycles/176/2b3_Lr_005.wav,train
176,2b3,Lr,COPD,3,test,/Users/vs/Sem 5/Respiratory-Disease-Classification/data/processed/audio/cycles/176/2b3_Lr_006.wav,train
176,2b3,Lr,COPD,3,test,/Users/vs/Sem 5/Respiratory-Disease-Classification/data/processed/audio/cycles/176/2b3_Lr_007.wav,train
176,2b3,Pl,COPD,3,test,/Users/vs/Sem 5/Respiratory-Disease-Classification/data/processed/audio/cycles/176/2b3_Pl_001.wav,train
176,2b3,Pl,COPD,3,test,/Users/vs/Sem 5/Respiratory-Disease-Classification/data/processed/audio/cycles/176/2b3_Pl_002.wav,train
176,2b3,Pl,COPD,3,test,/Users/vs/Sem 5/Respiratory-Disease-Classification/data/processed/audio/cycles/176/2b3_Pl_003.wav,train
176,2b3,Pl,COPD,3,test,/Users/vs/Sem 5/Respiratory-Disease-Classification/data/processed/audio/cycles/176/2b3_Pl_004.wav,train
176,2b3,Pl,COPD,3,test,/Users/vs/Sem 5/Respiratory-Disease-Classification/data/processed/audio/cycles/176/2b3_Pl_005.wav,train
176,2b3,Pl,COPD,3,test,/Users/vs/Sem 5/Respiratory-Disease-Classification/data/processed/audio/cycles/176/2b3_Pl_006.wav,train
176,2b3,Pl,COPD,3,test,/Users/vs/Sem 5/Respiratory-Disease-Classification/data/processed/audio/cycles/176/2b3_Pl_007.wav,train
176,2b3,Pr,COPD,3,test,/Users/vs/Sem 5/Respiratory-Disease-Classification/data/processed/audio/cycles/176/2b3_Pr_001.wav,train
176,2b3,Pr,COPD,3,test,/Users/vs/Sem 5/Respiratory-Disease-Classification/data/processed/audio/cycles/176/2b3_Pr_002.wav,train
176,2b3,Pr,COPD,3,test,/Users/vs/Sem 5/Respiratory-Disease-Classification/data/processed/audio/cycles/176/2b3_Pr_003.wav,train
176,2b3,Pr,COPD,3,test,/Users/vs/Sem 5/Respiratory-Disease-Classification/data/processed/audio/cycles/176/2b3_Pr_004.wav,train
176,2b3,Pr,COPD,3,test,/Users/vs/Sem 5/Respiratory-Disease-Classification/data/processed/audio/cycles/176/2b3_Pr_005.wav,train
176,2b3,Pr,COPD,3,test,/Users/vs/Sem 5/Respiratory-Disease-Classification/data/processed/audio/cycles/176/2b3_Pr_006.wav,train
176,2b3,Pr,COPD,3,test,/Users/vs/Sem 5/Respiratory-Disease-Classification/data/processed/audio/cycles/176/2b3_Pr_007.wav,train
176,2b3,Tc,COPD,3,test,/Users/vs/Sem 5/Respiratory-Disease-Classification/data/processed/audio/cycles/176/2b3_Tc_001.wav,train
176,2b3,Tc,COPD,3,test,/Users/vs/Sem 5/Respiratory-Disease-Classification/data/processed/audio/cycles/176/2b3_Tc_002.wav,train
176,2b3,Tc,COPD,3,test,/Users/vs/Sem 5/Respiratory-Disease-Classification/data/processed/audio/cycles/176/2b3_Tc_003.wav,train
176,2b3,Tc,COPD,3,test,/Users/vs/Sem 5/Respiratory-Disease-Classification/data/processed/audio/cycles/176/2b3_Tc_004.wav,train
176,2b3,Tc,COPD,3,test,/Users/vs/Sem 5/Respiratory-Disease-Classification/data/processed/audio/cycles/176/2b3_Tc_005.wav,train
176,2b3,Tc,COPD,3,test,/Users/vs/Sem 5/Respiratory-Disease-Classification/data/processed/audio/cycles/176/2b3_Tc_006.wav,train
176,2b3,Tc,COPD,3,test,/Users/vs/Sem 5/Respiratory-Disease-Classification/data/processed/audio/cycles/176/2b3_Tc_007.wav,train
177,1b2,Al,COPD,3,test,/Users/vs/Sem 5/Respiratory-Disease-Classification/data/processed/audio/cycles/177/1b2_Al_001.wav,test
177,1b2,Al,COPD,3,test,/Users/vs/Sem 5/Respiratory-Disease-Classification/data/processed/audio/cycles/177/1b2_Al_002.wav,test
177,1b2,Al,COPD,3,test,/Users/vs/Sem 5/Respiratory-Disease-Classification/data/processed/audio/cycles/177/1b2_Al_003.wav,test
177,1b2,Al,COPD,3,test,/Users/vs/Sem 5/Respiratory-Disease-Classification/data/processed/audio/cycles/177/1b2_Al_004.wav,test
177,1b2,Ar,COPD,3,test,/Users/vs/Sem 5/Respiratory-Disease-Classification/data/processed/audio/cycles/177/1b2_Ar_001.wav,test
177,1b2,Ar,COPD,3,test,/Users/vs/Sem 5/Respiratory-Disease-Classification/data/processed/audio/cycles/177/1b2_Ar_002.wav,test
177,1b2,Ar,COPD,3,test,/Users/vs/Sem 5/Respiratory-Disease-Classification/data/processed/audio/cycles/177/1b2_Ar_003.wav,test
177,1b2,Ar,COPD,3,test,/Users/vs/Sem 5/Respiratory-Disease-Classification/data/processed/audio/cycles/177/1b2_Ar_004.wav,test
177,1b2,Lr,COPD,3,test,/Users/vs/Sem 5/Respiratory-Disease-Classification/data/processed/audio/cycles/177/1b2_Lr_001.wav,test
177,1b2,Lr,COPD,3,test,/Users/vs/Sem 5/Respiratory-Disease-Classification/data/processed/audio/cycles/177/1b2_Lr_002.wav,test
177,1b2,Lr,COPD,3,test,/Users/vs/Sem 5/Respiratory-Disease-Classification/data/processed/audio/cycles/177/1b2_Lr_003.wav,test
177,1b2,Lr,COPD,3,test,/Users/vs/Sem 5/Respiratory-Disease-Classification/data/processed/audio/cycles/177/1b2_Lr_004.wav,test
177,1b2,Pl,COPD,3,test,/Users/vs/Sem 5/Respiratory-Disease-Classification/data/processed/audio/cycles/177/1b2_Pl_001.wav,test
177,1b2,Pl,COPD,3,test,/Users/vs/Sem 5/Respiratory-Disease-Classification/data/processed/audio/cycles/177/1b2_Pl_002.wav,test
177,1b2,Pl,COPD,3,test,/Users/vs/Sem 5/Respiratory-Disease-Classification/data/processed/audio/cycles/177/1b2_Pl_003.wav,test
177,1b2,Pl,COPD,3,test,/Users/vs/Sem 5/Respiratory-Disease-Classification/data/processed/audio/cycles/177/1b2_Pl_004.wav,test
177,1b2,Pr,COPD,3,test,/Users/vs/Sem 5/Respiratory-Disease-Classification/data/processed/audio/cycles/177/1b2_Pr_001.wav,test
177,1b2,Pr,COPD,3,test,/Users/vs/Sem 5/Respiratory-Disease-Classification/data/processed/audio/cycles/177/1b2_Pr_002.wav,test
177,1b2,Pr,COPD,3,test,/Users/vs/Sem 5/Respiratory-Disease-Classification/data/processed/audio/cycles/177/1b2_Pr_003.wav,test
177,1b2,Pr,COPD,3,test,/Users/vs/Sem 5/Respiratory-Disease-Classification/data/processed/audio/cycles/177/1b2_Pr_004.wav,test
177,1b2,Tc,COPD,3,test,/Users/vs/Sem 5/Respiratory-Disease-Classification/data/processed/audio/cycles/177/1b2_Tc_001.wav,test
177,1b2,Tc,COPD,3,test,/Users/vs/Sem 5/Respiratory-Disease-Classification/data/processed/audio/cycles/177/1b2_Tc_002.wav,test
177,1b2,Tc,COPD,3,test,/Users/vs/Sem 5/Respiratory-Disease-Classification/data/processed/audio/cycles/177/1b2_Tc_003.wav,test
177,1b2,Tc,COPD,3,test,/Users/vs/Sem 5/Respiratory-Disease-Classification/data/processed/audio/cycles/177/1b2_Tc_004.wav,test
177,1b4,Al,COPD,3,test,/Users/vs/Sem 5/Respiratory-Disease-Classification/data/processed/audio/cycles/177/1b4_Al_001.wav,test
177,1b4,Al,COPD,3,test,/Users/vs/Sem 5/Respiratory-Disease-Classification/data/processed/audio/cycles/177/1b4_Al_002.wav,test
177,1b4,Al,COPD,3,test,/Users/vs/Sem 5/Respiratory-Disease-Classification/data/processed/audio/cycles/177/1b4_Al_003.wav,test
177,1b4,Al,COPD,3,test,/Users/vs/Sem 5/Respiratory-Disease-Classification/data/processed/audio/cycles/177/1b4_Al_004.wav,test
177,1b4,Al,COPD,3,test,/Users/vs/Sem 5/Respiratory-Disease-Classification/data/processed/audio/cycles/177/1b4_Al_005.wav,test
177,1b4,Ar,COPD,3,test,/Users/vs/Sem 5/Respiratory-Disease-Classification/data/processed/audio/cycles/177/1b4_Ar_001.wav,test
177,1b4,Ar,COPD,3,test,/Users/vs/Sem 5/Respiratory-Disease-Classification/data/processed/audio/cycles/177/1b4_Ar_002.wav,test
177,1b4,Ar,COPD,3,test,/Users/vs/Sem 5/Respiratory-Disease-Classification/data/processed/audio/cycles/177/1b4_Ar_003.wav,test
177,1b4,Ar,COPD,3,test,/Users/vs/Sem 5/Respiratory-Disease-Classification/data/processed/audio/cycles/177/1b4_Ar_004.wav,test
177,1b4,Ar,COPD,3,test,/Users/vs/Sem 5/Respiratory-Disease-Classification/data/processed/audio/cycles/177/1b4_Ar_005.wav,test
177,1b4,Lr,COPD,3,test,/Users/vs/Sem 5/Respiratory-Disease-Classification/data/processed/audio/cycles/177/1b4_Lr_001.wav,test
177,1b4,Lr,COPD,3,test,/Users/vs/Sem 5/Respiratory-Disease-Classification/data/processed/audio/cycles/177/1b4_Lr_002.wav,test
177,1b4,Lr,COPD,3,test,/Users/vs/Sem 5/Respiratory-Disease-Classification/data/processed/audio/cycles/177/1b4_Lr_003.wav,test
177,1b4,Lr,COPD,3,test,/Users/vs/Sem 5/Respiratory-Disease-Classification/data/processed/audio/cycles/177/1b4_Lr_004.wav,test
177,1b4,Lr,COPD,3,test,/Users/vs/Sem 5/Respiratory-Disease-Classification/data/processed/audio/cycles/177/1b4_Lr_005.wav,test
177,1b4,Pl,COPD,3,test,/Users/vs/Sem 5/Respiratory-Disease-Classification/data/processed/audio/cycles/177/1b4_Pl_001.wav,test
177,1b4,Pl,COPD,3,test,/Users/vs/Sem 5/Respiratory-Disease-Classification/data/processed/audio/cycles/177/1b4_Pl_002.wav,test
177,1b4,Pl,COPD,3,test,/Users/vs/Sem 5/Respiratory-Disease-Classification/data/processed/audio/cycles/177/1b4_Pl_003.wav,test
177,1b4,Pl,COPD,3,test,/Users/vs/Sem 5/Respiratory-Disease-Classification/data/processed/audio/cycles/177/1b4_Pl_004.wav,test
177,1b4,Pl,COPD,3,test,/Users/vs/Sem 5/Respiratory-Disease-Classification/data/processed/audio/cycles/177/1b4_Pl_005.wav,test
177,1b4,Pr,COPD,3,test,/Users/vs/Sem 5/Respiratory-Disease-Classification/data/processed/audio/cycles/177/1b4_Pr_001.wav,test
177,1b4,Pr,COPD,3,test,/Users/vs/Sem 5/Respiratory-Disease-Classification/data/processed/audio/cycles/177/1b4_Pr_002.wav,test
177,1b4,Pr,COPD,3,test,/Users/vs/Sem 5/Respiratory-Disease-Classification/data/processed/audio/cycles/177/1b4_Pr_003.wav,test
177,1b4,Pr,COPD,3,test,/Users/vs/Sem 5/Respiratory-Disease-Classification/data/processed/audio/cycles/177/1b4_Pr_004.wav,test
177,1b4,Pr,COPD,3,test,/Users/vs/Sem 5/Respiratory-Disease-Classification/data/processed/audio/cycles/177/1b4_Pr_005.wav,test
177,1b4,Tc,COPD,3,test,/Users/vs/Sem 5/Respiratory-Disease-Classification/data/processed/audio/cycles/177/1b4_Tc_001.wav,test
177,1b4,Tc,COPD,3,test,/Users/vs/Sem 5/Respiratory-Disease-Classification/data/processed/audio/cycles/177/1b4_Tc_002.wav,test
177,1b4,Tc,COPD,3,test,/Users/vs/Sem 5/Respiratory-Disease-Classification/data/processed/audio/cycles/177/1b4_Tc_003.wav,test
177,1b4,Tc,COPD,3,test,/Users/vs/Sem 5/Respiratory-Disease-Classification/data/processed/audio/cycles/177/1b4_Tc_004.wav,test
177,1b4,Tc,COPD,3,test,/Users/vs/Sem 5/Respiratory-Disease-Classification/data/processed/audio/cycles/177/1b4_Tc_005.wav,test
177,2b4,Al,COPD,3,test,/Users/vs/Sem 5/Respiratory-Disease-Classification/data/processed/audio/cycles/177/2b4_Al_001.wav,test
177,2b4,Al,COPD,3,test,/Users/vs/Sem 5/Respiratory-Disease-Classification/data/processed/audio/cycles/177/2b4_Al_002.wav,test
177,2b4,Al,COPD,3,test,/Users/vs/Sem 5/Respiratory-Disease-Classification/data/processed/audio/cycles/177/2b4_Al_003.wav,test
177,2b4,Al,COPD,3,test,/Users/vs/Sem 5/Respiratory-Disease-Classification/data/processed/audio/cycles/177/2b4_Al_004.wav,test
177,2b4,Al,COPD,3,test,/Users/vs/Sem 5/Respiratory-Disease-Classification/data/processed/audio/cycles/177/2b4_Al_005.wav,test
177,2b4,Lr,COPD,3,test,/Users/vs/Sem 5/Respiratory-Disease-Classification/data/processed/audio/cycles/177/2b4_Lr_001.wav,test
177,2b4,Lr,COPD,3,test,/Users/vs/Sem 5/Respiratory-Disease-Classification/data/processed/audio/cycles/177/2b4_Lr_002.wav,test
177,2b4,Lr,COPD,3,test,/Users/vs/Sem 5/Respiratory-Disease-Classification/data/processed/audio/cycles/177/2b4_Lr_003.wav,test
177,2b4,Lr,COPD,3,test,/Users/vs/Sem 5/Respiratory-Disease-Classification/data/processed/audio/cycles/177/2b4_Lr_004.wav,test
177,2b4,Lr,COPD,3,test,/Users/vs/Sem 5/Respiratory-Disease-Classification/data/processed/audio/cycles/177/2b4_Lr_005.wav,test
177,2b4,Pl,COPD,3,test,/Users/vs/Sem 5/Respiratory-Disease-Classification/data/processed/audio/cycles/177/2b4_Pl_001.wav,test
177,2b4,Pl,COPD,3,test,/Users/vs/Sem 5/Respiratory-Disease-Classification/data/processed/audio/cycles/177/2b4_Pl_002.wav,test
177,2b4,Pl,COPD,3,test,/Users/vs/Sem 5/Respiratory-Disease-Classification/data/processed/audio/cycles/177/2b4_Pl_003.wav,test
177,2b4,Pl,COPD,3,test,/Users/vs/Sem 5/Respiratory-Disease-Classification/data/processed/audio/cycles/177/2b4_Pl_004.wav,test
177,2b4,Pl,COPD,3,test,/Users/vs/Sem 5/Respiratory-Disease-Classification/data/processed/audio/cycles/177/2b4_Pl_005.wav,test
177,2b4,Pr,COPD,3,test,/Users/vs/Sem 5/Respiratory-Disease-Classification/data/processed/audio/cycles/177/2b4_Pr_001.wav,test
177,2b4,Pr,COPD,3,test,/Users/vs/Sem 5/Respiratory-Disease-Classification/data/processed/audio/cycles/177/2b4_Pr_002.wav,test
177,2b4,Pr,COPD,3,test,/Users/vs/Sem 5/Respiratory-Disease-Classification/data/processed/audio/cycles/177/2b4_Pr_003.wav,test
177,2b4,Pr,COPD,3,test,/Users/vs/Sem 5/Respiratory-Disease-Classification/data/processed/audio/cycles/177/2b4_Pr_004.wav,test
177,2b4,Pr,COPD,3,test,/Users/vs/Sem 5/Respiratory-Disease-Classification/data/processed/audio/cycles/177/2b4_Pr_005.wav,test
177,2b4,Tc,COPD,3,test,/Users/vs/Sem 5/Respiratory-Disease-Classification/data/processed/audio/cycles/177/2b4_Tc_001.wav,test
177,2b4,Tc,COPD,3,test,/Users/vs/Sem 5/Respiratory-Disease-Classification/data/processed/audio/cycles/177/2b4_Tc_002.wav,test
177,2b4,Tc,COPD,3,test,/Users/vs/Sem 5/Respiratory-Disease-Classification/data/processed/audio/cycles/177/2b4_Tc_003.wav,test
177,2b4,Tc,COPD,3,test,/Users/vs/Sem 5/Respiratory-Disease-Classification/data/processed/audio/cycles/177/2b4_Tc_004.wav,test
177,2b4,Tc,COPD,3,test,/Users/vs/Sem 5/Respiratory-Disease-Classification/data/processed/audio/cycles/177/2b4_Tc_005.wav,test
178,1b2,Al,COPD,3,test,/Users/vs/Sem 5/Respiratory-Disease-Classification/data/processed/audio/cycles/178/1b2_Al_001.wav,train
178,1b2,Al,COPD,3,test,/Users/vs/Sem 5/Respiratory-Disease-Classification/data/processed/audio/cycles/178/1b2_Al_002.wav,train
178,1b2,Al,COPD,3,test,/Users/vs/Sem 5/Respiratory-Disease-Classification/data/processed/audio/cycles/178/1b2_Al_003.wav,train
178,1b2,Al,COPD,3,test,/Users/vs/Sem 5/Respiratory-Disease-Classification/data/processed/audio/cycles/178/1b2_Al_004.wav,train
178,1b2,Al,COPD,3,test,/Users/vs/Sem 5/Respiratory-Disease-Classification/data/processed/audio/cycles/178/1b2_Al_005.wav,train
178,1b2,Al,COPD,3,test,/Users/vs/Sem 5/Respiratory-Disease-Classification/data/processed/audio/cycles/178/1b2_Al_006.wav,train
178,1b2,Al,COPD,3,test,/Users/vs/Sem 5/Respiratory-Disease-Classification/data/processed/audio/cycles/178/1b2_Al_007.wav,train
178,1b2,Al,COPD,3,test,/Users/vs/Sem 5/Respiratory-Disease-Classification/data/processed/audio/cycles/178/1b2_Al_008.wav,train
178,1b2,Al,COPD,3,test,/Users/vs/Sem 5/Respiratory-Disease-Classification/data/processed/audio/cycles/178/1b2_Al_009.wav,train
178,1b2,Al,COPD,3,test,/Users/vs/Sem 5/Respiratory-Disease-Classification/data/processed/audio/cycles/178/1b2_Al_010.wav,train
178,1b2,Al,COPD,3,test,/Users/vs/Sem 5/Respiratory-Disease-Classification/data/processed/audio/cycles/178/1b2_Al_011.wav,train
178,1b2,Al,COPD,3,test,/Users/vs/Sem 5/Respiratory-Disease-Classification/data/processed/audio/cycles/178/1b2_Al_012.wav,train
178,1b2,Ar,COPD,3,test,/Users/vs/Sem 5/Respiratory-Disease-Classification/data/processed/audio/cycles/178/1b2_Ar_001.wav,train
178,1b2,Ar,COPD,3,test,/Users/vs/Sem 5/Respiratory-Disease-Classification/data/processed/audio/cycles/178/1b2_Ar_002.wav,train
178,1b2,Ar,COPD,3,test,/Users/vs/Sem 5/Respiratory-Disease-Classification/data/processed/audio/cycles/178/1b2_Ar_003.wav,train
178,1b2,Ar,COPD,3,test,/Users/vs/Sem 5/Respiratory-Disease-Classification/data/processed/audio/cycles/178/1b2_Ar_004.wav,train
178,1b2,Ar,COPD,3,test,/Users/vs/Sem 5/Respiratory-Disease-Classification/data/processed/audio/cycles/178/1b2_Ar_005.wav,train
178,1b2,Ar,COPD,3,test,/Users/vs/Sem 5/Respiratory-Disease-Classification/data/processed/audio/cycles/178/1b2_Ar_006.wav,train
178,1b2,Ar,COPD,3,test,/Users/vs/Sem 5/Respiratory-Disease-Classification/data/processed/audio/cycles/178/1b2_Ar_007.wav,train
178,1b2,Ar,COPD,3,test,/Users/vs/Sem 5/Respiratory-Disease-Classification/data/processed/audio/cycles/178/1b2_Ar_008.wav,train
178,1b2,Ar,COPD,3,test,/Users/vs/Sem 5/Respiratory-Disease-Classification/data/processed/audio/cycles/178/1b2_Ar_009.wav,train
178,1b2,Ar,COPD,3,test,/Users/vs/Sem 5/Respiratory-Disease-Classification/data/processed/audio/cycles/178/1b2_Ar_010.wav,train
178,1b2,Ar,COPD,3,test,/Users/vs/Sem 5/Respiratory-Disease-Classification/data/processed/audio/cycles/178/1b2_Ar_011.wav,train
178,1b2,Ar,COPD,3,test,/Users/vs/Sem 5/Respiratory-Disease-Classification/data/processed/audio/cycles/178/1b2_Ar_012.wav,train
178,1b2,Lr,COPD,3,test,/Users/vs/Sem 5/Respiratory-Disease-Classification/data/processed/audio/cycles/178/1b2_Lr_001.wav,train
178,1b2,Lr,COPD,3,test,/Users/vs/Sem 5/Respiratory-Disease-Classification/data/processed/audio/cycles/178/1b2_Lr_002.wav,train
178,1b2,Lr,COPD,3,test,/Users/vs/Sem 5/Respiratory-Disease-Classification/data/processed/audio/cycles/178/1b2_Lr_003.wav,train
178,1b2,Lr,COPD,3,test,/Users/vs/Sem 5/Respiratory-Disease-Classification/data/processed/audio/cycles/178/1b2_Lr_004.wav,train
178,1b2,Lr,COPD,3,test,/Users/vs/Sem 5/Respiratory-Disease-Classification/data/processed/audio/cycles/178/1b2_Lr_005.wav,train
178,1b2,Lr,COPD,3,test,/Users/vs/Sem 5/Respiratory-Disease-Classification/data/processed/audio/cycles/178/1b2_Lr_006.wav,train
178,1b2,Lr,COPD,3,test,/Users/vs/Sem 5/Respiratory-Disease-Classification/data/processed/audio/cycles/178/1b2_Lr_007.wav,train
178,1b2,Lr,COPD,3,test,/Users/vs/Sem 5/Respiratory-Disease-Classification/data/processed/audio/cycles/178/1b2_Lr_008.wav,train
178,1b2,Lr,COPD,3,test,/Users/vs/Sem 5/Respiratory-Disease-Classification/data/processed/audio/cycles/178/1b2_Lr_009.wav,train
178,1b2,Lr,COPD,3,test,/Users/vs/Sem 5/Respiratory-Disease-Classification/data/processed/audio/cycles/178/1b2_Lr_010.wav,train
178,1b2,Lr,COPD,3,test,/Users/vs/Sem 5/Respiratory-Disease-Classification/data/processed/audio/cycles/178/1b2_Lr_011.wav,train
178,1b2,Lr,COPD,3,test,/Users/vs/Sem 5/Respiratory-Disease-Classification/data/processed/audio/cycles/178/1b2_Lr_012.wav,train
178,1b2,Pl,COPD,3,test,/Users/vs/Sem 5/Respiratory-Disease-Classification/data/processed/audio/cycles/178/1b2_Pl_001.wav,train
178,1b2,Pl,COPD,3,test,/Users/vs/Sem 5/Respiratory-Disease-Classification/data/processed/audio/cycles/178/1b2_Pl_002.wav,train
178,1b2,Pl,COPD,3,test,/Users/vs/Sem 5/Respiratory-Disease-Classification/data/processed/audio/cycles/178/1b2_Pl_003.wav,train
178,1b2,Pl,COPD,3,test,/Users/vs/Sem 5/Respiratory-Disease-Classification/data/processed/audio/cycles/178/1b2_Pl_004.wav,train
178,1b2,Pl,COPD,3,test,/Users/vs/Sem 5/Respiratory-Disease-Classification/data/processed/audio/cycles/178/1b2_Pl_005.wav,train
178,1b2,Pl,COPD,3,test,/Users/vs/Sem 5/Respiratory-Disease-Classification/data/processed/audio/cycles/178/1b2_Pl_006.wav,train
178,1b2,Pl,COPD,3,test,/Users/vs/Sem 5/Respiratory-Disease-Classification/data/processed/audio/cycles/178/1b2_Pl_007.wav,train
178,1b2,Pl,COPD,3,test,/Users/vs/Sem 5/Respiratory-Disease-Classification/data/processed/audio/cycles/178/1b2_Pl_008.wav,train
178,1b2,Pl,COPD,3,test,/Users/vs/Sem 5/Respiratory-Disease-Classification/data/processed/audio/cycles/178/1b2_Pl_009.wav,train
178,1b2,Pl,COPD,3,test,/Users/vs/Sem 5/Respiratory-Disease-Classification/data/processed/audio/cycles/178/1b2_Pl_010.wav,train
178,1b2,Pl,COPD,3,test,/Users/vs/Sem 5/Respiratory-Disease-Classification/data/processed/audio/cycles/178/1b2_Pl_011.wav,train
178,1b2,Pl,COPD,3,test,/Users/vs/Sem 5/Respiratory-Disease-Classification/data/processed/audio/cycles/178/1b2_Pl_012.wav,train
178,1b2,Pr,COPD,3,test,/Users/vs/Sem 5/Respiratory-Disease-Classification/data/processed/audio/cycles/178/1b2_Pr_001.wav,train
178,1b2,Pr,COPD,3,test,/Users/vs/Sem 5/Respiratory-Disease-Classification/data/processed/audio/cycles/178/1b2_Pr_002.wav,train
178,1b2,Pr,COPD,3,test,/Users/vs/Sem 5/Respiratory-Disease-Classification/data/processed/audio/cycles/178/1b2_Pr_003.wav,train
178,1b2,Pr,COPD,3,test,/Users/vs/Sem 5/Respiratory-Disease-Classification/data/processed/audio/cycles/178/1b2_Pr_004.wav,train
178,1b2,Pr,COPD,3,test,/Users/vs/Sem 5/Respiratory-Disease-Classification/data/processed/audio/cycles/178/1b2_Pr_005.wav,train
178,1b2,Pr,COPD,3,test,/Users/vs/Sem 5/Respiratory-Disease-Classification/data/processed/audio/cycles/178/1b2_Pr_006.wav,train
178,1b2,Pr,COPD,3,test,/Users/vs/Sem 5/Respiratory-Disease-Classification/data/processed/audio/cycles/178/1b2_Pr_007.wav,train
178,1b2,Pr,COPD,3,test,/Users/vs/Sem 5/Respiratory-Disease-Classification/data/processed/audio/cycles/178/1b2_Pr_008.wav,train
178,1b2,Pr,COPD,3,test,/Users/vs/Sem 5/Respiratory-Disease-Classification/data/processed/audio/cycles/178/1b2_Pr_009.wav,train
178,1b2,Pr,COPD,3,test,/Users/vs/Sem 5/Respiratory-Disease-Classification/data/processed/audio/cycles/178/1b2_Pr_010.wav,train
178,1b2,Pr,COPD,3,test,/Users/vs/Sem 5/Respiratory-Disease-Classification/data/processed/audio/cycles/178/1b2_Pr_011.wav,train
178,1b2,Pr,COPD,3,test,/Users/vs/Sem 5/Respiratory-Disease-Classification/data/processed/audio/cycles/178/1b2_Pr_012.wav,train
178,1b2,Tc,COPD,3,test,/Users/vs/Sem 5/Respiratory-Disease-Classification/data/processed/audio/cycles/178/1b2_Tc_001.wav,train
178,1b2,Tc,COPD,3,test,/Users/vs/Sem 5/Respiratory-Disease-Classification/data/processed/audio/cycles/178/1b2_Tc_002.wav,train
178,1b2,Tc,COPD,3,test,/Users/vs/Sem 5/Respiratory-Disease-Classification/data/processed/audio/cycles/178/1b2_Tc_003.wav,train
178,1b2,Tc,COPD,3,test,/Users/vs/Sem 5/Respiratory-Disease-Classification/data/processed/audio/cycles/178/1b2_Tc_004.wav,train
178,1b2,Tc,COPD,3,test,/Users/vs/Sem 5/Respiratory-Disease-Classification/data/processed/audio/cycles/178/1b2_Tc_005.wav,train
178,1b2,Tc,COPD,3,test,/Users/vs/Sem 5/Respiratory-Disease-Classification/data/processed/audio/cycles/178/1b2_Tc_006.wav,train
178,1b2,Tc,COPD,3,test,/Users/vs/Sem 5/Respiratory-Disease-Classification/data/processed/audio/cycles/178/1b2_Tc_007.wav,train
178,1b2,Tc,COPD,3,test,/Users/vs/Sem 5/Respiratory-Disease-Classification/data/processed/audio/cycles/178/1b2_Tc_008.wav,train
178,1b2,Tc,COPD,3,test,/Users/vs/Sem 5/Respiratory-Disease-Classification/data/processed/audio/cycles/178/1b2_Tc_009.wav,train
178,1b2,Tc,COPD,3,test,/Users/vs/Sem 5/Respiratory-Disease-Classification/data/processed/audio/cycles/178/1b2_Tc_010.wav,train
178,1b2,Tc,COPD,3,test,/Users/vs/Sem 5/Respiratory-Disease-Classification/data/processed/audio/cycles/178/1b2_Tc_011.wav,train
178,1b2,Tc,COPD,3,test,/Users/vs/Sem 5/Respiratory-Disease-Classification/data/processed/audio/cycles/178/1b2_Tc_012.wav,train
178,1b3,Al,COPD,3,test,/Users/vs/Sem 5/Respiratory-Disease-Classification/data/processed/audio/cycles/178/1b3_Al_001.wav,train
178,1b3,Al,COPD,3,test,/Users/vs/Sem 5/Respiratory-Disease-Classification/data/processed/audio/cycles/178/1b3_Al_002.wav,train
178,1b3,Al,COPD,3,test,/Users/vs/Sem 5/Respiratory-Disease-Classification/data/processed/audio/cycles/178/1b3_Al_003.wav,train
178,1b3,Al,COPD,3,test,/Users/vs/Sem 5/Respiratory-Disease-Classification/data/processed/audio/cycles/178/1b3_Al_004.wav,train
178,1b3,Al,COPD,3,test,/Users/vs/Sem 5/Respiratory-Disease-Classification/data/processed/audio/cycles/178/1b3_Al_005.wav,train
178,1b3,Ar,COPD,3,test,/Users/vs/Sem 5/Respiratory-Disease-Classification/data/processed/audio/cycles/178/1b3_Ar_001.wav,train
178,1b3,Ar,COPD,3,test,/Users/vs/Sem 5/Respiratory-Disease-Classification/data/processed/audio/cycles/178/1b3_Ar_002.wav,train
178,1b3,Ar,COPD,3,test,/Users/vs/Sem 5/Respiratory-Disease-Classification/data/processed/audio/cycles/178/1b3_Ar_003.wav,train
178,1b3,Ar,COPD,3,test,/Users/vs/Sem 5/Respiratory-Disease-Classification/data/processed/audio/cycles/178/1b3_Ar_004.wav,train
178,1b3,Ar,COPD,3,test,/Users/vs/Sem 5/Respiratory-Disease-Classification/data/processed/audio/cycles/178/1b3_Ar_005.wav,train
178,1b3,Lr,COPD,3,test,/Users/vs/Sem 5/Respiratory-Disease-Classification/data/processed/audio/cycles/178/1b3_Lr_001.wav,train
178,1b3,Lr,COPD,3,test,/Users/vs/Sem 5/Respiratory-Disease-Classification/data/processed/audio/cycles/178/1b3_Lr_002.wav,train
178,1b3,Lr,COPD,3,test,/Users/vs/Sem 5/Respiratory-Disease-Classification/data/processed/audio/cycles/178/1b3_Lr_003.wav,train
178,1b3,Lr,COPD,3,test,/Users/vs/Sem 5/Respiratory-Disease-Classification/data/processed/audio/cycles/178/1b3_Lr_004.wav,train
178,1b3,Lr,COPD,3,test,/Users/vs/Sem 5/Respiratory-Disease-Classification/data/processed/audio/cycles/178/1b3_Lr_005.wav,train
178,1b3,Pl,COPD,3,test,/Users/vs/Sem 5/Respiratory-Disease-Classification/data/processed/audio/cycles/178/1b3_Pl_001.wav,train
178,1b3,Pl,COPD,3,test,/Users/vs/Sem 5/Respiratory-Disease-Classification/data/processed/audio/cycles/178/1b3_Pl_002.wav,train
178,1b3,Pl,COPD,3,test,/Users/vs/Sem 5/Respiratory-Disease-Classification/data/processed/audio/cycles/178/1b3_Pl_003.wav,train
178,1b3,Pl,COPD,3,test,/Users/vs/Sem 5/Respiratory-Disease-Classification/data/processed/audio/cycles/178/1b3_Pl_004.wav,train
178,1b3,Pl,COPD,3,test,/Users/vs/Sem 5/Respiratory-Disease-Classification/data/processed/audio/cycles/178/1b3_Pl_005.wav,train
178,1b3,Pr,COPD,3,test,/Users/vs/Sem 5/Respiratory-Disease-Classification/data/processed/audio/cycles/178/1b3_Pr_001.wav,train
178,1b3,Pr,COPD,3,test,/Users/vs/Sem 5/Respiratory-Disease-Classification/data/processed/audio/cycles/178/1b3_Pr_002.wav,train
178,1b3,Pr,COPD,3,test,/Users/vs/Sem 5/Respiratory-Disease-Classification/data/processed/audio/cycles/178/1b3_Pr_003.wav,train
178,1b3,Pr,COPD,3,test,/Users/vs/Sem 5/Respiratory-Disease-Classification/data/processed/audio/cycles/178/1b3_Pr_004.wav,train
178,1b3,Pr,COPD,3,test,/Users/vs/Sem 5/Respiratory-Disease-Classification/data/processed/audio/cycles/178/1b3_Pr_005.wav,train
178,1b3,Tc,COPD,3,test,/Users/vs/Sem 5/Respiratory-Disease-Classification/data/processed/audio/cycles/178/1b3_Tc_001.wav,train
178,1b3,Tc,COPD,3,test,/Users/vs/Sem 5/Respiratory-Disease-Classification/data/processed/audio/cycles/178/1b3_Tc_002.wav,train
178,1b3,Tc,COPD,3,test,/Users/vs/Sem 5/Respiratory-Disease-Classification/data/processed/audio/cycles/178/1b3_Tc_003.wav,train
178,1b3,Tc,COPD,3,test,/Users/vs/Sem 5/Respiratory-Disease-Classification/data/processed/audio/cycles/178/1b3_Tc_004.wav,train
178,1b3,Tc,COPD,3,test,/Users/vs/Sem 5/Respiratory-Disease-Classification/data/processed/audio/cycles/178/1b3_Tc_005.wav,train
178,1b6,Al,COPD,3,test,/Users/vs/Sem 5/Respiratory-Disease-Classification/data/processed/audio/cycles/178/1b6_Al_001.wav,train
178,1b6,Al,COPD,3,test,/Users/vs/Sem 5/Respiratory-Disease-Classification/data/processed/audio/cycles/178/1b6_Al_002.wav,train
178,1b6,Al,COPD,3,test,/Users/vs/Sem 5/Respiratory-Disease-Classification/data/processed/audio/cycles/178/1b6_Al_003.wav,train
178,1b6,Al,COPD,3,test,/Users/vs/Sem 5/Respiratory-Disease-Classification/data/processed/audio/cycles/178/1b6_Al_004.wav,train
178,1b6,Al,COPD,3,test,/Users/vs/Sem 5/Respiratory-Disease-Classification/data/processed/audio/cycles/178/1b6_Al_005.wav,train
178,1b6,Al,COPD,3,test,/Users/vs/Sem 5/Respiratory-Disease-Classification/data/processed/audio/cycles/178/1b6_Al_006.wav,train
178,1b6,Al,COPD,3,test,/Users/vs/Sem 5/Respiratory-Disease-Classification/data/processed/audio/cycles/178/1b6_Al_007.wav,train
178,1b6,Al,COPD,3,test,/Users/vs/Sem 5/Respiratory-Disease-Classification/data/processed/audio/cycles/178/1b6_Al_008.wav,train
178,1b6,Ar,COPD,3,test,/Users/vs/Sem 5/Respiratory-Disease-Classification/data/processed/audio/cycles/178/1b6_Ar_001.wav,train
178,1b6,Ar,COPD,3,test,/Users/vs/Sem 5/Respiratory-Disease-Classification/data/processed/audio/cycles/178/1b6_Ar_002.wav,train
178,1b6,Ar,COPD,3,test,/Users/vs/Sem 5/Respiratory-Disease-Classification/data/processed/audio/cycles/178/1b6_Ar_003.wav,train
178,1b6,Ar,COPD,3,test,/Users/vs/Sem 5/Respiratory-Disease-Classification/data/processed/audio/cycles/178/1b6_Ar_004.wav,train
178,1b6,Ar,COPD,3,test,/Users/vs/Sem 5/Respiratory-Disease-Classification/data/processed/audio/cycles/178/1b6_Ar_005.wav,train
178,1b6,Ar,COPD,3,test,/Users/vs/Sem 5/Respiratory-Disease-Classification/data/processed/audio/cycles/178/1b6_Ar_006.wav,train
178,1b6,Ar,COPD,3,test,/Users/vs/Sem 5/Respiratory-Disease-Classification/data/processed/audio/cycles/178/1b6_Ar_007.wav,train
178,1b6,Ar,COPD,3,test,/Users/vs/Sem 5/Respiratory-Disease-Classification/data/processed/audio/cycles/178/1b6_Ar_008.wav,train
178,1b6,Ll,COPD,3,test,/Users/vs/Sem 5/Respiratory-Disease-Classification/data/processed/audio/cycles/178/1b6_Ll_001.wav,train
178,1b6,Ll,COPD,3,test,/Users/vs/Sem 5/Respiratory-Disease-Classification/data/processed/audio/cycles/178/1b6_Ll_002.wav,train
178,1b6,Ll,COPD,3,test,/Users/vs/Sem 5/Respiratory-Disease-Classification/data/processed/audio/cycles/178/1b6_Ll_003.wav,train
178,1b6,Ll,COPD,3,test,/Users/vs/Sem 5/Respiratory-Disease-Classification/data/processed/audio/cycles/178/1b6_Ll_004.wav,train
178,1b6,Ll,COPD,3,test,/Users/vs/Sem 5/Respiratory-Disease-Classification/data/processed/audio/cycles/178/1b6_Ll_005.wav,train
178,1b6,Ll,COPD,3,test,/Users/vs/Sem 5/Respiratory-Disease-Classification/data/processed/audio/cycles/178/1b6_Ll_006.wav,train
178,1b6,Ll,COPD,3,test,/Users/vs/Sem 5/Respiratory-Disease-Classification/data/processed/audio/cycles/178/1b6_Ll_007.wav,train
178,1b6,Ll,COPD,3,test,/Users/vs/Sem 5/Respiratory-Disease-Classification/data/processed/audio/cycles/178/1b6_Ll_008.wav,train
178,1b6,Lr,COPD,3,test,/Users/vs/Sem 5/Respiratory-Disease-Classification/data/processed/audio/cycles/178/1b6_Lr_001.wav,train
178,1b6,Lr,COPD,3,test,/Users/vs/Sem 5/Respiratory-Disease-Classification/data/processed/audio/cycles/178/1b6_Lr_002.wav,train
178,1b6,Lr,COPD,3,test,/Users/vs/Sem 5/Respiratory-Disease-Classification/data/processed/audio/cycles/178/1b6_Lr_003.wav,train
178,1b6,Lr,COPD,3,test,/Users/vs/Sem 5/Respiratory-Disease-Classification/data/processed/audio/cycles/178/1b6_Lr_004.wav,train
178,1b6,Lr,COPD,3,test,/Users/vs/Sem 5/Respiratory-Disease-Classification/data/processed/audio/cycles/178/1b6_Lr_005.wav,train
178,1b6,Lr,COPD,3,test,/Users/vs/Sem 5/Respiratory-Disease-Classification/data/processed/audio/cycles/178/1b6_Lr_006.wav,train
178,1b6,Lr,COPD,3,test,/Users/vs/Sem 5/Respiratory-Disease-Classification/data/processed/audio/cycles/178/1b6_Lr_007.wav,train
178,1b6,Lr,COPD,3,test,/Users/vs/Sem 5/Respiratory-Disease-Classification/data/processed/audio/cycles/178/1b6_Lr_008.wav,train
178,1b6,Pl,COPD,3,test,/Users/vs/Sem 5/Respiratory-Disease-Classification/data/processed/audio/cycles/178/1b6_Pl_001.wav,train
178,1b6,Pl,COPD,3,test,/Users/vs/Sem 5/Respiratory-Disease-Classification/data/processed/audio/cycles/178/1b6_Pl_002.wav,train
178,1b6,Pl,COPD,3,test,/Users/vs/Sem 5/Respiratory-Disease-Classification/data/processed/audio/cycles/178/1b6_Pl_003.wav,train
178,1b6,Pl,COPD,3,test,/Users/vs/Sem 5/Respiratory-Disease-Classification/data/processed/audio/cycles/178/1b6_Pl_004.wav,train
178,1b6,Pl,COPD,3,test,/Users/vs/Sem 5/Respiratory-Disease-Classification/data/processed/audio/cycles/178/1b6_Pl_005.wav,train
178,1b6,Pl,COPD,3,test,/Users/vs/Sem 5/Respiratory-Disease-Classification/data/processed/audio/cycles/178/1b6_Pl_006.wav,train
178,1b6,Pl,COPD,3,test,/Users/vs/Sem 5/Respiratory-Disease-Classification/data/processed/audio/cycles/178/1b6_Pl_007.wav,train
178,1b6,Pl,COPD,3,test,/Users/vs/Sem 5/Respiratory-Disease-Classification/data/processed/audio/cycles/178/1b6_Pl_008.wav,train
178,1b6,Pr,COPD,3,test,/Users/vs/Sem 5/Respiratory-Disease-Classification/data/processed/audio/cycles/178/1b6_Pr_001.wav,train
178,1b6,Pr,COPD,3,test,/Users/vs/Sem 5/Respiratory-Disease-Classification/data/processed/audio/cycles/178/1b6_Pr_002.wav,train
178,1b6,Pr,COPD,3,test,/Users/vs/Sem 5/Respiratory-Disease-Classification/data/processed/audio/cycles/178/1b6_Pr_003.wav,train
178,1b6,Pr,COPD,3,test,/Users/vs/Sem 5/Respiratory-Disease-Classification/data/processed/audio/cycles/178/1b6_Pr_004.wav,train
178,1b6,Pr,COPD,3,test,/Users/vs/Sem 5/Respiratory-Disease-Classification/data/processed/audio/cycles/178/1b6_Pr_005.wav,train
178,1b6,Pr,COPD,3,test,/Users/vs/Sem 5/Respiratory-Disease-Classification/data/processed/audio/cycles/178/1b6_Pr_006.wav,train
178,1b6,Pr,COPD,3,test,/Users/vs/Sem 5/Respiratory-Disease-Classification/data/processed/audio/cycles/178/1b6_Pr_007.wav,train
178,1b6,Pr,COPD,3,test,/Users/vs/Sem 5/Respiratory-Disease-Classification/data/processed/audio/cycles/178/1b6_Pr_008.wav,train
178,1b6,Tc,COPD,3,test,/Users/vs/Sem 5/Respiratory-Disease-Classification/data/processed/audio/cycles/178/1b6_Tc_001.wav,train
178,1b6,Tc,COPD,3,test,/Users/vs/Sem 5/Respiratory-Disease-Classification/data/processed/audio/cycles/178/1b6_Tc_002.wav,train
178,1b6,Tc,COPD,3,test,/Users/vs/Sem 5/Respiratory-Disease-Classification/data/processed/audio/cycles/178/1b6_Tc_003.wav,train
178,1b6,Tc,COPD,3,test,/Users/vs/Sem 5/Respiratory-Disease-Classification/data/processed/audio/cycles/178/1b6_Tc_004.wav,train
178,1b6,Tc,COPD,3,test,/Users/vs/Sem 5/Respiratory-Disease-Classification/data/processed/audio/cycles/178/1b6_Tc_005.wav,train
178,1b6,Tc,COPD,3,test,/Users/vs/Sem 5/Respiratory-Disease-Classification/data/processed/audio/cycles/178/1b6_Tc_006.wav,train
178,1b6,Tc,COPD,3,test,/Users/vs/Sem 5/Respiratory-Disease-Classification/data/processed/audio/cycles/178/1b6_Tc_007.wav,train
178,1b6,Tc,COPD,3,test,/Users/vs/Sem 5/Respiratory-Disease-Classification/data/processed/audio/cycles/178/1b6_Tc_008.wav,train
178,2b2,Al,COPD,3,test,/Users/vs/Sem 5/Respiratory-Disease-Classification/data/processed/audio/cycles/178/2b2_Al_001.wav,train
178,2b2,Al,COPD,3,test,/Users/vs/Sem 5/Respiratory-Disease-Classification/data/processed/audio/cycles/178/2b2_Al_002.wav,train
178,2b2,Al,COPD,3,test,/Users/vs/Sem 5/Respiratory-Disease-Classification/data/processed/audio/cycles/178/2b2_Al_003.wav,train
178,2b2,Al,COPD,3,test,/Users/vs/Sem 5/Respiratory-Disease-Classification/data/processed/audio/cycles/178/2b2_Al_004.wav,train
178,2b2,Al,COPD,3,test,/Users/vs/Sem 5/Respiratory-Disease-Classification/data/processed/audio/cycles/178/2b2_Al_005.wav,train
178,2b2,Al,COPD,3,test,/Users/vs/Sem 5/Respiratory-Disease-Classification/data/processed/audio/cycles/178/2b2_Al_006.wav,train
178,2b2,Al,COPD,3,test,/Users/vs/Sem 5/Respiratory-Disease-Classification/data/processed/audio/cycles/178/2b2_Al_007.wav,train
178,2b2,Al,COPD,3,test,/Users/vs/Sem 5/Respiratory-Disease-Classification/data/processed/audio/cycles/178/2b2_Al_008.wav,train
178,2b2,Al,COPD,3,test,/Users/vs/Sem 5/Respiratory-Disease-Classification/data/processed/audio/cycles/178/2b2_Al_009.wav,train
178,2b2,Al,COPD,3,test,/Users/vs/Sem 5/Respiratory-Disease-Classification/data/processed/audio/cycles/178/2b2_Al_010.wav,train
178,2b2,Ar,COPD,3,test,/Users/vs/Sem 5/Respiratory-Disease-Classification/data/processed/audio/cycles/178/2b2_Ar_001.wav,train
178,2b2,Ar,COPD,3,test,/Users/vs/Sem 5/Respiratory-Disease-Classification/data/processed/audio/cycles/178/2b2_Ar_002.wav,train
178,2b2,Ar,COPD,3,test,/Users/vs/Sem 5/Respiratory-Disease-Classification/data/processed/audio/cycles/178/2b2_Ar_003.wav,train
178,2b2,Ar,COPD,3,test,/Users/vs/Sem 5/Respiratory-Disease-Classification/data/processed/audio/cycles/178/2b2_Ar_004.wav,train
178,2b2,Ar,COPD,3,test,/Users/vs/Sem 5/Respiratory-Disease-Classification/data/processed/audio/cycles/178/2b2_Ar_005.wav,train
178,2b2,Ar,COPD,3,test,/Users/vs/Sem 5/Respiratory-Disease-Classification/data/processed/audio/cycles/178/2b2_Ar_006.wav,train
178,2b2,Ar,COPD,3,test,/Users/vs/Sem 5/Respiratory-Disease-Classification/data/processed/audio/cycles/178/2b2_Ar_007.wav,train
178,2b2,Ar,COPD,3,test,/Users/vs/Sem 5/Respiratory-Disease-Classification/data/processed/audio/cycles/178/2b2_Ar_008.wav,train
178,2b2,Ar,COPD,3,test,/Users/vs/Sem 5/Respiratory-Disease-Classification/data/processed/audio/cycles/178/2b2_Ar_009.wav,train
178,2b2,Ar,COPD,3,test,/Users/vs/Sem 5/Respiratory-Disease-Classification/data/processed/audio/cycles/178/2b2_Ar_010.wav,train
178,2b2,Lr,COPD,3,test,/Users/vs/Sem 5/Respiratory-Disease-Classification/data/processed/audio/cycles/178/2b2_Lr_001.wav,train
178,2b2,Lr,COPD,3,test,/Users/vs/Sem 5/Respiratory-Disease-Classification/data/processed/audio/cycles/178/2b2_Lr_002.wav,train
178,2b2,Lr,COPD,3,test,/Users/vs/Sem 5/Respiratory-Disease-Classification/data/processed/audio/cycles/178/2b2_Lr_003.wav,train
178,2b2,Lr,COPD,3,test,/Users/vs/Sem 5/Respiratory-Disease-Classification/data/processed/audio/cycles/178/2b2_Lr_004.wav,train
178,2b2,Lr,COPD,3,test,/Users/vs/Sem 5/Respiratory-Disease-Classification/data/processed/audio/cycles/178/2b2_Lr_005.wav,train
178,2b2,Lr,COPD,3,test,/Users/vs/Sem 5/Respiratory-Disease-Classification/data/processed/audio/cycles/178/2b2_Lr_006.wav,train
178,2b2,Lr,COPD,3,test,/Users/vs/Sem 5/Respiratory-Disease-Classification/data/processed/audio/cycles/178/2b2_Lr_007.wav,train
178,2b2,Lr,COPD,3,test,/Users/vs/Sem 5/Respiratory-Disease-Classification/data/processed/audio/cycles/178/2b2_Lr_008.wav,train
178,2b2,Lr,COPD,3,test,/Users/vs/Sem 5/Respiratory-Disease-Classification/data/processed/audio/cycles/178/2b2_Lr_009.wav,train
178,2b2,Lr,COPD,3,test,/Users/vs/Sem 5/Respiratory-Disease-Classification/data/processed/audio/cycles/178/2b2_Lr_010.wav,train
178,2b2,Pr,COPD,3,test,/Users/vs/Sem 5/Respiratory-Disease-Classification/data/processed/audio/cycles/178/2b2_Pr_001.wav,train
178,2b2,Pr,COPD,3,test,/Users/vs/Sem 5/Respiratory-Disease-Classification/data/processed/audio/cycles/178/2b2_Pr_002.wav,train
178,2b2,Pr,COPD,3,test,/Users/vs/Sem 5/Respiratory-Disease-Classification/data/processed/audio/cycles/178/2b2_Pr_003.wav,train
178,2b2,Pr,COPD,3,test,/Users/vs/Sem 5/Respiratory-Disease-Classification/data/processed/audio/cycles/178/2b2_Pr_004.wav,train
178,2b2,Pr,COPD,3,test,/Users/vs/Sem 5/Respiratory-Disease-Classification/data/processed/audio/cycles/178/2b2_Pr_005.wav,train
178,2b2,Pr,COPD,3,test,/Users/vs/Sem 5/Respiratory-Disease-Classification/data/processed/audio/cycles/178/2b2_Pr_006.wav,train
178,2b2,Pr,COPD,3,test,/Users/vs/Sem 5/Respiratory-Disease-Classification/data/processed/audio/cycles/178/2b2_Pr_007.wav,train
178,2b2,Pr,COPD,3,test,/Users/vs/Sem 5/Respiratory-Disease-Classification/data/processed/audio/cycles/178/2b2_Pr_008.wav,train
178,2b2,Pr,COPD,3,test,/Users/vs/Sem 5/Respiratory-Disease-Classification/data/processed/audio/cycles/178/2b2_Pr_009.wav,train
178,2b2,Pr,COPD,3,test,/Users/vs/Sem 5/Respiratory-Disease-Classification/data/processed/audio/cycles/178/2b2_Pr_010.wav,train
178,2b2,Tc,COPD,3,test,/Users/vs/Sem 5/Respiratory-Disease-Classification/data/processed/audio/cycles/178/2b2_Tc_001.wav,train
178,2b2,Tc,COPD,3,test,/Users/vs/Sem 5/Respiratory-Disease-Classification/data/processed/audio/cycles/178/2b2_Tc_002.wav,train
178,2b2,Tc,COPD,3,test,/Users/vs/Sem 5/Respiratory-Disease-Classification/data/processed/audio/cycles/178/2b2_Tc_003.wav,train
178,2b2,Tc,COPD,3,test,/Users/vs/Sem 5/Respiratory-Disease-Classification/data/processed/audio/cycles/178/2b2_Tc_004.wav,train
178,2b2,Tc,COPD,3,test,/Users/vs/Sem 5/Respiratory-Disease-Classification/data/processed/audio/cycles/178/2b2_Tc_005.wav,train
178,2b2,Tc,COPD,3,test,/Users/vs/Sem 5/Respiratory-Disease-Classification/data/processed/audio/cycles/178/2b2_Tc_006.wav,train
178,2b2,Tc,COPD,3,test,/Users/vs/Sem 5/Respiratory-Disease-Classification/data/processed/audio/cycles/178/2b2_Tc_007.wav,train
178,2b2,Tc,COPD,3,test,/Users/vs/Sem 5/Respiratory-Disease-Classification/data/processed/audio/cycles/178/2b2_Tc_008.wav,train
178,2b2,Tc,COPD,3,test,/Users/vs/Sem 5/Respiratory-Disease-Classification/data/processed/audio/cycles/178/2b2_Tc_009.wav,train
178,2b2,Tc,COPD,3,test,/Users/vs/Sem 5/Respiratory-Disease-Classification/data/processed/audio/cycles/178/2b2_Tc_010.wav,train
179,1b1,Al,Healthy,4,train,/Users/vs/Sem 5/Respiratory-Disease-Classification/data/processed/audio/cycles/179/1b1_Al_001.wav,test
179,1b1,Al,Healthy,4,train,/Users/vs/Sem 5/Respiratory-Disease-Classification/data/processed/audio/cycles/179/1b1_Al_002.wav,test
179,1b1,Al,Healthy,4,train,/Users/vs/Sem 5/Respiratory-Disease-Classification/data/processed/audio/cycles/179/1b1_Al_003.wav,test
179,1b1,Al,Healthy,4,train,/Users/vs/Sem 5/Respiratory-Disease-Classification/data/processed/audio/cycles/179/1b1_Al_004.wav,test
179,1b1,Al,Healthy,4,train,/Users/vs/Sem 5/Respiratory-Disease-Classification/data/processed/audio/cycles/179/1b1_Al_005.wav,test
179,1b1,Al,Healthy,4,train,/Users/vs/Sem 5/Respiratory-Disease-Classification/data/processed/audio/cycles/179/1b1_Al_006.wav,test
179,1b1,Al,Healthy,4,train,/Users/vs/Sem 5/Respiratory-Disease-Classification/data/processed/audio/cycles/179/1b1_Al_007.wav,test
179,1b1,Al,Healthy,4,train,/Users/vs/Sem 5/Respiratory-Disease-Classification/data/processed/audio/cycles/179/1b1_Al_008.wav,test
179,1b1,Tc,Healthy,4,train,/Users/vs/Sem 5/Respiratory-Disease-Classification/data/processed/audio/cycles/179/1b1_Tc_001.wav,test
179,1b1,Tc,Healthy,4,train,/Users/vs/Sem 5/Respiratory-Disease-Classification/data/processed/audio/cycles/179/1b1_Tc_002.wav,test
179,1b1,Tc,Healthy,4,train,/Users/vs/Sem 5/Respiratory-Disease-Classification/data/processed/audio/cycles/179/1b1_Tc_003.wav,test
179,1b1,Tc,Healthy,4,train,/Users/vs/Sem 5/Respiratory-Disease-Classification/data/processed/audio/cycles/179/1b1_Tc_004.wav,test
179,1b1,Tc,Healthy,4,train,/Users/vs/Sem 5/Respiratory-Disease-Classification/data/processed/audio/cycles/179/1b1_Tc_005.wav,test
179,1b1,Tc,Healthy,4,train,/Users/vs/Sem 5/Respiratory-Disease-Classification/data/processed/audio/cycles/179/1b1_Tc_006.wav,test
179,1b1,Tc,Healthy,4,train,/Users/vs/Sem 5/Respiratory-Disease-Classification/data/processed/audio/cycles/179/1b1_Tc_007.wav,test
180,1b4,Al,COPD,3,train,/Users/vs/Sem 5/Respiratory-Disease-Classification/data/processed/audio/cycles/180/1b4_Al_001.wav,train
180,1b4,Al,COPD,3,train,/Users/vs/Sem 5/Respiratory-Disease-Classification/data/processed/audio/cycles/180/1b4_Al_002.wav,train
180,1b4,Al,COPD,3,train,/Users/vs/Sem 5/Respiratory-Disease-Classification/data/processed/audio/cycles/180/1b4_Al_003.wav,train
180,1b4,Al,COPD,3,train,/Users/vs/Sem 5/Respiratory-Disease-Classification/data/processed/audio/cycles/180/1b4_Al_004.wav,train
180,1b4,Al,COPD,3,train,/Users/vs/Sem 5/Respiratory-Disease-Classification/data/processed/audio/cycles/180/1b4_Al_005.wav,train
180,1b4,Al,COPD,3,train,/Users/vs/Sem 5/Respiratory-Disease-Classification/data/processed/audio/cycles/180/1b4_Al_006.wav,train
180,1b4,Ar,COPD,3,train,/Users/vs/Sem 5/Respiratory-Disease-Classification/data/processed/audio/cycles/180/1b4_Ar_001.wav,train
180,1b4,Ar,COPD,3,train,/Users/vs/Sem 5/Respiratory-Disease-Classification/data/processed/audio/cycles/180/1b4_Ar_002.wav,train
180,1b4,Ar,COPD,3,train,/Users/vs/Sem 5/Respiratory-Disease-Classification/data/processed/audio/cycles/180/1b4_Ar_003.wav,train
180,1b4,Ar,COPD,3,train,/Users/vs/Sem 5/Respiratory-Disease-Classification/data/processed/audio/cycles/180/1b4_Ar_004.wav,train
180,1b4,Ar,COPD,3,train,/Users/vs/Sem 5/Respiratory-Disease-Classification/data/processed/audio/cycles/180/1b4_Ar_005.wav,train
180,1b4,Ar,COPD,3,train,/Users/vs/Sem 5/Respiratory-Disease-Classification/data/processed/audio/cycles/180/1b4_Ar_006.wav,train
180,1b4,Lr,COPD,3,train,/Users/vs/Sem 5/Respiratory-Disease-Classification/data/processed/audio/cycles/180/1b4_Lr_001.wav,train
180,1b4,Lr,COPD,3,train,/Users/vs/Sem 5/Respiratory-Disease-Classification/data/processed/audio/cycles/180/1b4_Lr_002.wav,train
180,1b4,Lr,COPD,3,train,/Users/vs/Sem 5/Respiratory-Disease-Classification/data/processed/audio/cycles/180/1b4_Lr_003.wav,train
180,1b4,Lr,COPD,3,train,/Users/vs/Sem 5/Respiratory-Disease-Classification/data/processed/audio/cycles/180/1b4_Lr_004.wav,train
180,1b4,Lr,COPD,3,train,/Users/vs/Sem 5/Respiratory-Disease-Classification/data/processed/audio/cycles/180/1b4_Lr_005.wav,train
180,1b4,Lr,COPD,3,train,/Users/vs/Sem 5/Respiratory-Disease-Classification/data/processed/audio/cycles/180/1b4_Lr_006.wav,train
180,1b4,Pl,COPD,3,train,/Users/vs/Sem 5/Respiratory-Disease-Classification/data/processed/audio/cycles/180/1b4_Pl_001.wav,train
180,1b4,Pl,COPD,3,train,/Users/vs/Sem 5/Respiratory-Disease-Classification/data/processed/audio/cycles/180/1b4_Pl_002.wav,train
180,1b4,Pl,COPD,3,train,/Users/vs/Sem 5/Respiratory-Disease-Classification/data/processed/audio/cycles/180/1b4_Pl_003.wav,train
180,1b4,Pl,COPD,3,train,/Users/vs/Sem 5/Respiratory-Disease-Classification/data/processed/audio/cycles/180/1b4_Pl_004.wav,train
180,1b4,Pl,COPD,3,train,/Users/vs/Sem 5/Respiratory-Disease-Classification/data/processed/audio/cycles/180/1b4_Pl_005.wav,train
180,1b4,Pl,COPD,3,train,/Users/vs/Sem 5/Respiratory-Disease-Classification/data/processed/audio/cycles/180/1b4_Pl_006.wav,train
180,1b4,Pr,COPD,3,train,/Users/vs/Sem 5/Respiratory-Disease-Classification/data/processed/audio/cycles/180/1b4_Pr_001.wav,train
180,1b4,Pr,COPD,3,train,/Users/vs/Sem 5/Respiratory-Disease-Classification/data/processed/audio/cycles/180/1b4_Pr_002.wav,train
180,1b4,Pr,COPD,3,train,/Users/vs/Sem 5/Respiratory-Disease-Classification/data/processed/audio/cycles/180/1b4_Pr_003.wav,train
180,1b4,Pr,COPD,3,train,/Users/vs/Sem 5/Respiratory-Disease-Classification/data/processed/audio/cycles/180/1b4_Pr_004.wav,train
180,1b4,Pr,COPD,3,train,/Users/vs/Sem 5/Respiratory-Disease-Classification/data/processed/audio/cycles/180/1b4_Pr_005.wav,train
180,1b4,Pr,COPD,3,train,/Users/vs/Sem 5/Respiratory-Disease-Classification/data/processed/audio/cycles/180/1b4_Pr_006.wav,train
181,1b1,Ar,COPD,3,train,/Users/vs/Sem 5/Respiratory-Disease-Classification/data/processed/audio/cycles/181/1b1_Ar_001.wav,train
181,1b1,Ar,COPD,3,train,/Users/vs/Sem 5/Respiratory-Disease-Classification/data/processed/audio/cycles/181/1b1_Ar_002.wav,train
181,1b1,Ar,COPD,3,train,/Users/vs/Sem 5/Respiratory-Disease-Classification/data/processed/audio/cycles/181/1b1_Ar_003.wav,train
181,1b1,Ar,COPD,3,train,/Users/vs/Sem 5/Respiratory-Disease-Classification/data/processed/audio/cycles/181/1b1_Ar_004.wav,train
181,1b1,Tc,COPD,3,train,/Users/vs/Sem 5/Respiratory-Disease-Classification/data/processed/audio/cycles/181/1b1_Tc_001.wav,train
181,1b1,Tc,COPD,3,train,/Users/vs/Sem 5/Respiratory-Disease-Classification/data/processed/audio/cycles/181/1b1_Tc_002.wav,train
181,1b1,Tc,COPD,3,train,/Users/vs/Sem 5/Respiratory-Disease-Classification/data/processed/audio/cycles/181/1b1_Tc_003.wav,train
181,1b1,Tc,COPD,3,train,/Users/vs/Sem 5/Respiratory-Disease-Classification/data/processed/audio/cycles/181/1b1_Tc_004.wav,train
181,1b2,Ar,COPD,3,train,/Users/vs/Sem 5/Respiratory-Disease-Classification/data/processed/audio/cycles/181/1b2_Ar_001.wav,train
181,1b2,Ar,COPD,3,train,/Users/vs/Sem 5/Respiratory-Disease-Classification/data/processed/audio/cycles/181/1b2_Ar_002.wav,train
181,1b2,Ar,COPD,3,train,/Users/vs/Sem 5/Respiratory-Disease-Classification/data/processed/audio/cycles/181/1b2_Ar_003.wav,train
181,1b2,Ar,COPD,3,train,/Users/vs/Sem 5/Respiratory-Disease-Classification/data/processed/audio/cycles/181/1b2_Ar_004.wav,train
181,1b3,Tc,COPD,3,train,/Users/vs/Sem 5/Respiratory-Disease-Classification/data/processed/audio/cycles/181/1b3_Tc_001.wav,train
181,1b3,Tc,COPD,3,train,/Users/vs/Sem 5/Respiratory-Disease-Classification/data/processed/audio/cycles/181/1b3_Tc_002.wav,train
181,1b3,Tc,COPD,3,train,/Users/vs/Sem 5/Respiratory-Disease-Classification/data/processed/audio/cycles/181/1b3_Tc_003.wav,train
181,1b3,Tc,COPD,3,train,/Users/vs/Sem 5/Respiratory-Disease-Classification/data/processed/audio/cycles/181/1b3_Tc_004.wav,train
181,1b3,Tc,COPD,3,train,/Users/vs/Sem 5/Respiratory-Disease-Classification/data/processed/audio/cycles/181/1b3_Tc_005.wav,train
182,1b1,Tc,Healthy,4,test,/Users/vs/Sem 5/Respiratory-Disease-Classification/data/processed/audio/cycles/182/1b1_Tc_001.wav,train
182,1b1,Tc,Healthy,4,test,/Users/vs/Sem 5/Respiratory-Disease-Classification/data/processed/audio/cycles/182/1b1_Tc_002.wav,train
182,1b1,Tc,Healthy,4,test,/Users/vs/Sem 5/Respiratory-Disease-Classification/data/processed/audio/cycles/182/1b1_Tc_003.wav,train
182,1b1,Tc,Healthy,4,test,/Users/vs/Sem 5/Respiratory-Disease-Classification/data/processed/audio/cycles/182/1b1_Tc_004.wav,train
182,1b1,Tc,Healthy,4,test,/Users/vs/Sem 5/Respiratory-Disease-Classification/data/processed/audio/cycles/182/1b1_Tc_005.wav,train
182,1b1,Tc,Healthy,4,test,/Users/vs/Sem 5/Respiratory-Disease-Classification/data/processed/audio/cycles/182/1b1_Tc_006.wav,train
182,1b1,Tc,Healthy,4,test,/Users/vs/Sem 5/Respiratory-Disease-Classification/data/processed/audio/cycles/182/1b1_Tc_007.wav,train
183,1b1,Pl,Healthy,4,train,/Users/vs/Sem 5/Respiratory-Disease-Classification/data/processed/audio/cycles/183/1b1_Pl_001.wav,validation
183,1b1,Pl,Healthy,4,train,/Users/vs/Sem 5/Respiratory-Disease-Classification/data/processed/audio/cycles/183/1b1_Pl_002.wav,validation
183,1b1,Pl,Healthy,4,train,/Users/vs/Sem 5/Respiratory-Disease-Classification/data/processed/audio/cycles/183/1b1_Pl_003.wav,validation
183,1b1,Pl,Healthy,4,train,/Users/vs/Sem 5/Respiratory-Disease-Classification/data/processed/audio/cycles/183/1b1_Pl_004.wav,validation
183,1b1,Tc,Healthy,4,train,/Users/vs/Sem 5/Respiratory-Disease-Classification/data/processed/audio/cycles/183/1b1_Tc_001.wav,validation
183,1b1,Tc,Healthy,4,train,/Users/vs/Sem 5/Respiratory-Disease-Classification/data/processed/audio/cycles/183/1b1_Tc_002.wav,validation
183,1b1,Tc,Healthy,4,train,/Users/vs/Sem 5/Respiratory-Disease-Classification/data/processed/audio/cycles/183/1b1_Tc_003.wav,validation
183,1b1,Tc,Healthy,4,train,/Users/vs/Sem 5/Respiratory-Disease-Classification/data/processed/audio/cycles/183/1b1_Tc_004.wav,validation
184,1b1,Ar,Healthy,4,train,/Users/vs/Sem 5/Respiratory-Disease-Classification/data/processed/audio/cycles/184/1b1_Ar_001.wav,train
184,1b1,Ar,Healthy,4,train,/Users/vs/Sem 5/Respiratory-Disease-Classification/data/processed/audio/cycles/184/1b1_Ar_002.wav,train
184,1b1,Ar,Healthy,4,train,/Users/vs/Sem 5/Respiratory-Disease-Classification/data/processed/audio/cycles/184/1b1_Ar_003.wav,train
184,1b1,Ar,Healthy,4,train,/Users/vs/Sem 5/Respiratory-Disease-Classification/data/processed/audio/cycles/184/1b1_Ar_004.wav,train
184,1b1,Ar,Healthy,4,train,/Users/vs/Sem 5/Respiratory-Disease-Classification/data/processed/audio/cycles/184/1b1_Ar_005.wav,train
184,1b1,Ar,Healthy,4,train,/Users/vs/Sem 5/Respiratory-Disease-Classification/data/processed/audio/cycles/184/1b1_Ar_006.wav,train
184,1b1,Ar,Healthy,4,train,/Users/vs/Sem 5/Respiratory-Disease-Classification/data/processed/audio/cycles/184/1b1_Ar_007.wav,train
184,1b1,Ar,Healthy,4,train,/Users/vs/Sem 5/Respiratory-Disease-Classification/data/processed/audio/cycles/184/1b1_Ar_008.wav,train
185,1b1,Al,COPD,3,test,/Users/vs/Sem 5/Respiratory-Disease-Classification/data/processed/audio/cycles/185/1b1_Al_001.wav,test
185,1b1,Al,COPD,3,test,/Users/vs/Sem 5/Respiratory-Disease-Classification/data/processed/audio/cycles/185/1b1_Al_002.wav,test
185,1b1,Al,COPD,3,test,/Users/vs/Sem 5/Respiratory-Disease-Classification/data/processed/audio/cycles/185/1b1_Al_003.wav,test
185,1b1,Al,COPD,3,test,/Users/vs/Sem 5/Respiratory-Disease-Classification/data/processed/audio/cycles/185/1b1_Al_004.wav,test
185,1b1,Al,COPD,3,test,/Users/vs/Sem 5/Respiratory-Disease-Classification/data/processed/audio/cycles/185/1b1_Al_005.wav,test
185,1b1,Al,COPD,3,test,/Users/vs/Sem 5/Respiratory-Disease-Classification/data/processed/audio/cycles/185/1b1_Al_006.wav,test
185,1b1,Al,COPD,3,test,/Users/vs/Sem 5/Respiratory-Disease-Classification/data/processed/audio/cycles/185/1b1_Al_007.wav,test
185,1b1,Ar,COPD,3,test,/Users/vs/Sem 5/Respiratory-Disease-Classification/data/processed/audio/cycles/185/1b1_Ar_001.wav,test
185,1b1,Ar,COPD,3,test,/Users/vs/Sem 5/Respiratory-Disease-Classification/data/processed/audio/cycles/185/1b1_Ar_002.wav,test
185,1b1,Ar,COPD,3,test,/Users/vs/Sem 5/Respiratory-Disease-Classification/data/processed/audio/cycles/185/1b1_Ar_003.wav,test
185,1b1,Ar,COPD,3,test,/Users/vs/Sem 5/Respiratory-Disease-Classification/data/processed/audio/cycles/185/1b1_Ar_004.wav,test
185,1b1,Ar,COPD,3,test,/Users/vs/Sem 5/Respiratory-Disease-Classification/data/processed/audio/cycles/185/1b1_Ar_005.wav,test
185,1b1,Ar,COPD,3,test,/Users/vs/Sem 5/Respiratory-Disease-Classification/data/processed/audio/cycles/185/1b1_Ar_006.wav,test
185,1b1,Ar,COPD,3,test,/Users/vs/Sem 5/Respiratory-Disease-Classification/data/processed/audio/cycles/185/1b1_Ar_007.wav,test
185,1b1,Ar,COPD,3,test,/Users/vs/Sem 5/Respiratory-Disease-Classification/data/processed/audio/cycles/185/1b1_Ar_008.wav,test
185,1b1,Ar,COPD,3,test,/Users/vs/Sem 5/Respiratory-Disease-Classification/data/processed/audio/cycles/185/1b1_Ar_009.wav,test
185,1b1,Ar,COPD,3,test,/Users/vs/Sem 5/Respiratory-Disease-Classification/data/processed/audio/cycles/185/1b1_Ar_010.wav,test
185,1b1,Ar,COPD,3,test,/Users/vs/Sem 5/Respiratory-Disease-Classification/data/processed/audio/cycles/185/1b1_Ar_011.wav,test
185,1b1,Ll,COPD,3,test,/Users/vs/Sem 5/Respiratory-Disease-Classification/data/processed/audio/cycles/185/1b1_Ll_001.wav,test
185,1b1,Ll,COPD,3,test,/Users/vs/Sem 5/Respiratory-Disease-Classification/data/processed/audio/cycles/185/1b1_Ll_002.wav,test
185,1b1,Ll,COPD,3,test,/Users/vs/Sem 5/Respiratory-Disease-Classification/data/processed/audio/cycles/185/1b1_Ll_003.wav,test
185,1b1,Ll,COPD,3,test,/Users/vs/Sem 5/Respiratory-Disease-Classification/data/processed/audio/cycles/185/1b1_Ll_004.wav,test
185,1b1,Ll,COPD,3,test,/Users/vs/Sem 5/Respiratory-Disease-Classification/data/processed/audio/cycles/185/1b1_Ll_005.wav,test
185,1b1,Ll,COPD,3,test,/Users/vs/Sem 5/Respiratory-Disease-Classification/data/processed/audio/cycles/185/1b1_Ll_006.wav,test
185,1b1,Ll,COPD,3,test,/Users/vs/Sem 5/Respiratory-Disease-Classification/data/processed/audio/cycles/185/1b1_Ll_007.wav,test
185,1b1,Ll,COPD,3,test,/Users/vs/Sem 5/Respiratory-Disease-Classification/data/processed/audio/cycles/185/1b1_Ll_008.wav,test
185,1b1,Ll,COPD,3,test,/Users/vs/Sem 5/Respiratory-Disease-Classification/data/processed/audio/cycles/185/1b1_Ll_009.wav,test
185,1b1,Ll,COPD,3,test,/Users/vs/Sem 5/Respiratory-Disease-Classification/data/processed/audio/cycles/185/1b1_Ll_010.wav,test
185,1b1,Lr,COPD,3,test,/Users/vs/Sem 5/Respiratory-Disease-Classification/data/processed/audio/cycles/185/1b1_Lr_001.wav,test
185,1b1,Lr,COPD,3,test,/Users/vs/Sem 5/Respiratory-Disease-Classification/data/processed/audio/cycles/185/1b1_Lr_002.wav,test
185,1b1,Lr,COPD,3,test,/Users/vs/Sem 5/Respiratory-Disease-Classification/data/processed/audio/cycles/185/1b1_Lr_003.wav,test
185,1b1,Lr,COPD,3,test,/Users/vs/Sem 5/Respiratory-Disease-Classification/data/processed/audio/cycles/185/1b1_Lr_004.wav,test
185,1b1,Lr,COPD,3,test,/Users/vs/Sem 5/Respiratory-Disease-Classification/data/processed/audio/cycles/185/1b1_Lr_005.wav,test
185,1b1,Lr,COPD,3,test,/Users/vs/Sem 5/Respiratory-Disease-Classification/data/processed/audio/cycles/185/1b1_Lr_006.wav,test
185,1b1,Lr,COPD,3,test,/Users/vs/Sem 5/Respiratory-Disease-Classification/data/processed/audio/cycles/185/1b1_Lr_007.wav,test
185,1b1,Pl,COPD,3,test,/Users/vs/Sem 5/Respiratory-Disease-Classification/data/processed/audio/cycles/185/1b1_Pl_001.wav,test
185,1b1,Pl,COPD,3,test,/Users/vs/Sem 5/Respiratory-Disease-Classification/data/processed/audio/cycles/185/1b1_Pl_002.wav,test
185,1b1,Pl,COPD,3,test,/Users/vs/Sem 5/Respiratory-Disease-Classification/data/processed/audio/cycles/185/1b1_Pl_003.wav,test
185,1b1,Pl,COPD,3,test,/Users/vs/Sem 5/Respiratory-Disease-Classification/data/processed/audio/cycles/185/1b1_Pl_004.wav,test
185,1b1,Pl,COPD,3,test,/Users/vs/Sem 5/Respiratory-Disease-Classification/data/processed/audio/cycles/185/1b1_Pl_005.wav,test
185,1b1,Pl,COPD,3,test,/Users/vs/Sem 5/Respiratory-Disease-Classification/data/processed/audio/cycles/185/1b1_Pl_006.wav,test
185,1b1,Pl,COPD,3,test,/Users/vs/Sem 5/Respiratory-Disease-Classification/data/processed/audio/cycles/185/1b1_Pl_007.wav,test
185,1b1,Pl,COPD,3,test,/Users/vs/Sem 5/Respiratory-Disease-Classification/data/processed/audio/cycles/185/1b1_Pl_008.wav,test
185,1b1,Pl,COPD,3,test,/Users/vs/Sem 5/Respiratory-Disease-Classification/data/processed/audio/cycles/185/1b1_Pl_009.wav,test
185,1b1,Pr,COPD,3,test,/Users/vs/Sem 5/Respiratory-Disease-Classification/data/processed/audio/cycles/185/1b1_Pr_001.wav,test
185,1b1,Pr,COPD,3,test,/Users/vs/Sem 5/Respiratory-Disease-Classification/data/processed/audio/cycles/185/1b1_Pr_002.wav,test
185,1b1,Pr,COPD,3,test,/Users/vs/Sem 5/Respiratory-Disease-Classification/data/processed/audio/cycles/185/1b1_Pr_003.wav,test
185,1b1,Pr,COPD,3,test,/Users/vs/Sem 5/Respiratory-Disease-Classification/data/processed/audio/cycles/185/1b1_Pr_004.wav,test
185,1b1,Pr,COPD,3,test,/Users/vs/Sem 5/Respiratory-Disease-Classification/data/processed/audio/cycles/185/1b1_Pr_005.wav,test
185,1b1,Pr,COPD,3,test,/Users/vs/Sem 5/Respiratory-Disease-Classification/data/processed/audio/cycles/185/1b1_Pr_006.wav,test
185,1b1,Pr,COPD,3,test,/Users/vs/Sem 5/Respiratory-Disease-Classification/data/processed/audio/cycles/185/1b1_Pr_007.wav,test
185,1b1,Pr,COPD,3,test,/Users/vs/Sem 5/Respiratory-Disease-Classification/data/processed/audio/cycles/185/1b1_Pr_008.wav,test
185,1b1,Pr,COPD,3,test,/Users/vs/Sem 5/Respiratory-Disease-Classification/data/processed/audio/cycles/185/1b1_Pr_009.wav,test
185,1b1,Pr,COPD,3,test,/Users/vs/Sem 5/Respiratory-Disease-Classification/data/processed/audio/cycles/185/1b1_Pr_010.wav,test
185,1b1,Pr,COPD,3,test,/Users/vs/Sem 5/Respiratory-Disease-Classification/data/processed/audio/cycles/185/1b1_Pr_011.wav,test
186,2b2,Al,COPD,3,train,/Users/vs/Sem 5/Respiratory-Disease-Classification/data/processed/audio/cycles/186/2b2_Al_001.wav,train
186,2b2,Al,COPD,3,train,/Users/vs/Sem 5/Respiratory-Disease-Classification/data/processed/audio/cycles/186/2b2_Al_002.wav,train
186,2b2,Al,COPD,3,train,/Users/vs/Sem 5/Respiratory-Disease-Classification/data/processed/audio/cycles/186/2b2_Al_003.wav,train
186,2b2,Al,COPD,3,train,/Users/vs/Sem 5/Respiratory-Disease-Classification/data/processed/audio/cycles/186/2b2_Al_004.wav,train
186,2b2,Al,COPD,3,train,/Users/vs/Sem 5/Respiratory-Disease-Classification/data/processed/audio/cycles/186/2b2_Al_005.wav,train
186,2b2,Ar,COPD,3,train,/Users/vs/Sem 5/Respiratory-Disease-Classification/data/processed/audio/cycles/186/2b2_Ar_001.wav,train
186,2b2,Ar,COPD,3,train,/Users/vs/Sem 5/Respiratory-Disease-Classification/data/processed/audio/cycles/186/2b2_Ar_002.wav,train
186,2b2,Ar,COPD,3,train,/Users/vs/Sem 5/Respiratory-Disease-Classification/data/processed/audio/cycles/186/2b2_Ar_003.wav,train
186,2b2,Ar,COPD,3,train,/Users/vs/Sem 5/Respiratory-Disease-Classification/data/processed/audio/cycles/186/2b2_Ar_004.wav,train
186,2b2,Ar,COPD,3,train,/Users/vs/Sem 5/Respiratory-Disease-Classification/data/processed/audio/cycles/186/2b2_Ar_005.wav,train
186,2b2,Lr,COPD,3,train,/Users/vs/Sem 5/Respiratory-Disease-Classification/data/processed/audio/cycles/186/2b2_Lr_001.wav,train
186,2b2,Lr,COPD,3,train,/Users/vs/Sem 5/Respiratory-Disease-Classification/data/processed/audio/cycles/186/2b2_Lr_002.wav,train
186,2b2,Lr,COPD,3,train,/Users/vs/Sem 5/Respiratory-Disease-Classification/data/processed/audio/cycles/186/2b2_Lr_003.wav,train
186,2b2,Lr,COPD,3,train,/Users/vs/Sem 5/Respiratory-Disease-Classification/data/processed/audio/cycles/186/2b2_Lr_004.wav,train
186,2b2,Lr,COPD,3,train,/Users/vs/Sem 5/Respiratory-Disease-Classification/data/processed/audio/cycles/186/2b2_Lr_005.wav,train
186,2b2,Pl,COPD,3,train,/Users/vs/Sem 5/Respiratory-Disease-Classification/data/processed/audio/cycles/186/2b2_Pl_001.wav,train
186,2b2,Pl,COPD,3,train,/Users/vs/Sem 5/Respiratory-Disease-Classification/data/processed/audio/cycles/186/2b2_Pl_002.wav,train
186,2b2,Pl,COPD,3,train,/Users/vs/Sem 5/Respiratory-Disease-Classification/data/processed/audio/cycles/186/2b2_Pl_003.wav,train
186,2b2,Pl,COPD,3,train,/Users/vs/Sem 5/Respiratory-Disease-Classification/data/processed/audio/cycles/186/2b2_Pl_004.wav,train
186,2b2,Pl,COPD,3,train,/Users/vs/Sem 5/Respiratory-Disease-Classification/data/processed/audio/cycles/186/2b2_Pl_005.wav,train
186,2b2,Pr,COPD,3,train,/Users/vs/Sem 5/Respiratory-Disease-Classification/data/processed/audio/cycles/186/2b2_Pr_001.wav,train
186,2b2,Pr,COPD,3,train,/Users/vs/Sem 5/Respiratory-Disease-Classification/data/processed/audio/cycles/186/2b2_Pr_002.wav,train
186,2b2,Pr,COPD,3,train,/Users/vs/Sem 5/Respiratory-Disease-Classification/data/processed/audio/cycles/186/2b2_Pr_003.wav,train
186,2b2,Pr,COPD,3,train,/Users/vs/Sem 5/Respiratory-Disease-Classification/data/processed/audio/cycles/186/2b2_Pr_004.wav,train
186,2b2,Pr,COPD,3,train,/Users/vs/Sem 5/Respiratory-Disease-Classification/data/processed/audio/cycles/186/2b2_Pr_005.wav,train
186,2b2,Tc,COPD,3,train,/Users/vs/Sem 5/Respiratory-Disease-Classification/data/processed/audio/cycles/186/2b2_Tc_001.wav,train
186,2b2,Tc,COPD,3,train,/Users/vs/Sem 5/Respiratory-Disease-Classification/data/processed/audio/cycles/186/2b2_Tc_002.wav,train
186,2b2,Tc,COPD,3,train,/Users/vs/Sem 5/Respiratory-Disease-Classification/data/processed/audio/cycles/186/2b2_Tc_003.wav,train
186,2b2,Tc,COPD,3,train,/Users/vs/Sem 5/Respiratory-Disease-Classification/data/processed/audio/cycles/186/2b2_Tc_004.wav,train
186,2b2,Tc,COPD,3,train,/Users/vs/Sem 5/Respiratory-Disease-Classification/data/processed/audio/cycles/186/2b2_Tc_005.wav,train
186,2b3,Al,COPD,3,train,/Users/vs/Sem 5/Respiratory-Disease-Classification/data/processed/audio/cycles/186/2b3_Al_001.wav,train
186,2b3,Al,COPD,3,train,/Users/vs/Sem 5/Respiratory-Disease-Classification/data/processed/audio/cycles/186/2b3_Al_002.wav,train
186,2b3,Al,COPD,3,train,/Users/vs/Sem 5/Respiratory-Disease-Classification/data/processed/audio/cycles/186/2b3_Al_003.wav,train
186,2b3,Al,COPD,3,train,/Users/vs/Sem 5/Respiratory-Disease-Classification/data/processed/audio/cycles/186/2b3_Al_004.wav,train
186,2b3,Al,COPD,3,train,/Users/vs/Sem 5/Respiratory-Disease-Classification/data/processed/audio/cycles/186/2b3_Al_005.wav,train
186,2b3,Ar,COPD,3,train,/Users/vs/Sem 5/Respiratory-Disease-Classification/data/processed/audio/cycles/186/2b3_Ar_001.wav,train
186,2b3,Ar,COPD,3,train,/Users/vs/Sem 5/Respiratory-Disease-Classification/data/processed/audio/cycles/186/2b3_Ar_002.wav,train
186,2b3,Ar,COPD,3,train,/Users/vs/Sem 5/Respiratory-Disease-Classification/data/processed/audio/cycles/186/2b3_Ar_003.wav,train
186,2b3,Ar,COPD,3,train,/Users/vs/Sem 5/Respiratory-Disease-Classification/data/processed/audio/cycles/186/2b3_Ar_004.wav,train
186,2b3,Ar,COPD,3,train,/Users/vs/Sem 5/Respiratory-Disease-Classification/data/processed/audio/cycles/186/2b3_Ar_005.wav,train
186,2b3,Lr,COPD,3,train,/Users/vs/Sem 5/Respiratory-Disease-Classification/data/processed/audio/cycles/186/2b3_Lr_001.wav,train
186,2b3,Lr,COPD,3,train,/Users/vs/Sem 5/Respiratory-Disease-Classification/data/processed/audio/cycles/186/2b3_Lr_002.wav,train
186,2b3,Lr,COPD,3,train,/Users/vs/Sem 5/Respiratory-Disease-Classification/data/processed/audio/cycles/186/2b3_Lr_003.wav,train
186,2b3,Lr,COPD,3,train,/Users/vs/Sem 5/Respiratory-Disease-Classification/data/processed/audio/cycles/186/2b3_Lr_004.wav,train
186,2b3,Lr,COPD,3,train,/Users/vs/Sem 5/Respiratory-Disease-Classification/data/processed/audio/cycles/186/2b3_Lr_005.wav,train
186,2b3,Pl,COPD,3,train,/Users/vs/Sem 5/Respiratory-Disease-Classification/data/processed/audio/cycles/186/2b3_Pl_001.wav,train
186,2b3,Pl,COPD,3,train,/Users/vs/Sem 5/Respiratory-Disease-Classification/data/processed/audio/cycles/186/2b3_Pl_002.wav,train
186,2b3,Pl,COPD,3,train,/Users/vs/Sem 5/Respiratory-Disease-Classification/data/processed/audio/cycles/186/2b3_Pl_003.wav,train
186,2b3,Pl,COPD,3,train,/Users/vs/Sem 5/Respiratory-Disease-Classification/data/processed/audio/cycles/186/2b3_Pl_004.wav,train
186,2b3,Pl,COPD,3,train,/Users/vs/Sem 5/Respiratory-Disease-Classification/data/processed/audio/cycles/186/2b3_Pl_005.wav,train
186,2b3,Pr,COPD,3,train,/Users/vs/Sem 5/Respiratory-Disease-Classification/data/processed/audio/cycles/186/2b3_Pr_001.wav,train
186,2b3,Pr,COPD,3,train,/Users/vs/Sem 5/Respiratory-Disease-Classification/data/processed/audio/cycles/186/2b3_Pr_002.wav,train
186,2b3,Pr,COPD,3,train,/Users/vs/Sem 5/Respiratory-Disease-Classification/data/processed/audio/cycles/186/2b3_Pr_003.wav,train
186,2b3,Pr,COPD,3,train,/Users/vs/Sem 5/Respiratory-Disease-Classification/data/processed/audio/cycles/186/2b3_Pr_004.wav,train
186,2b3,Pr,COPD,3,train,/Users/vs/Sem 5/Respiratory-Disease-Classification/data/processed/audio/cycles/186/2b3_Pr_005.wav,train
186,2b3,Tc,COPD,3,train,/Users/vs/Sem 5/Respiratory-Disease-Classification/data/processed/audio/cycles/186/2b3_Tc_001.wav,train
186,2b3,Tc,COPD,3,train,/Users/vs/Sem 5/Respiratory-Disease-Classification/data/processed/audio/cycles/186/2b3_Tc_002.wav,train
186,2b3,Tc,COPD,3,train,/Users/vs/Sem 5/Respiratory-Disease-Classification/data/processed/audio/cycles/186/2b3_Tc_003.wav,train
186,2b3,Tc,COPD,3,train,/Users/vs/Sem 5/Respiratory-Disease-Classification/data/processed/audio/cycles/186/2b3_Tc_004.wav,train
186,2b3,Tc,COPD,3,train,/Users/vs/Sem 5/Respiratory-Disease-Classification/data/processed/audio/cycles/186/2b3_Tc_005.wav,train
186,2b4,Al,COPD,3,train,/Users/vs/Sem 5/Respiratory-Disease-Classification/data/processed/audio/cycles/186/2b4_Al_001.wav,train
186,2b4,Al,COPD,3,train,/Users/vs/Sem 5/Respiratory-Disease-Classification/data/processed/audio/cycles/186/2b4_Al_002.wav,train
186,2b4,Al,COPD,3,train,/Users/vs/Sem 5/Respiratory-Disease-Classification/data/processed/audio/cycles/186/2b4_Al_003.wav,train
186,2b4,Al,COPD,3,train,/Users/vs/Sem 5/Respiratory-Disease-Classification/data/processed/audio/cycles/186/2b4_Al_004.wav,train
186,2b4,Al,COPD,3,train,/Users/vs/Sem 5/Respiratory-Disease-Classification/data/processed/audio/cycles/186/2b4_Al_005.wav,train
186,2b4,Ar,COPD,3,train,/Users/vs/Sem 5/Respiratory-Disease-Classification/data/processed/audio/cycles/186/2b4_Ar_001.wav,train
186,2b4,Ar,COPD,3,train,/Users/vs/Sem 5/Respiratory-Disease-Classification/data/processed/audio/cycles/186/2b4_Ar_002.wav,train
186,2b4,Ar,COPD,3,train,/Users/vs/Sem 5/Respiratory-Disease-Classification/data/processed/audio/cycles/186/2b4_Ar_003.wav,train
186,2b4,Ar,COPD,3,train,/Users/vs/Sem 5/Respiratory-Disease-Classification/data/processed/audio/cycles/186/2b4_Ar_004.wav,train
186,2b4,Ar,COPD,3,train,/Users/vs/Sem 5/Respiratory-Disease-Classification/data/processed/audio/cycles/186/2b4_Ar_005.wav,train
186,2b4,Lr,COPD,3,train,/Users/vs/Sem 5/Respiratory-Disease-Classification/data/processed/audio/cycles/186/2b4_Lr_001.wav,train
186,2b4,Lr,COPD,3,train,/Users/vs/Sem 5/Respiratory-Disease-Classification/data/processed/audio/cycles/186/2b4_Lr_002.wav,train
186,2b4,Lr,COPD,3,train,/Users/vs/Sem 5/Respiratory-Disease-Classification/data/processed/audio/cycles/186/2b4_Lr_003.wav,train
186,2b4,Lr,COPD,3,train,/Users/vs/Sem 5/Respiratory-Disease-Classification/data/processed/audio/cycles/186/2b4_Lr_004.wav,train
186,2b4,Lr,COPD,3,train,/Users/vs/Sem 5/Respiratory-Disease-Classification/data/processed/audio/cycles/186/2b4_Lr_005.wav,train
186,2b4,Pl,COPD,3,train,/Users/vs/Sem 5/Respiratory-Disease-Classification/data/processed/audio/cycles/186/2b4_Pl_001.wav,train
186,2b4,Pl,COPD,3,train,/Users/vs/Sem 5/Respiratory-Disease-Classification/data/processed/audio/cycles/186/2b4_Pl_002.wav,train
186,2b4,Pl,COPD,3,train,/Users/vs/Sem 5/Respiratory-Disease-Classification/data/processed/audio/cycles/186/2b4_Pl_003.wav,train
186,2b4,Pl,COPD,3,train,/Users/vs/Sem 5/Respiratory-Disease-Classification/data/processed/audio/cycles/186/2b4_Pl_004.wav,train
186,2b4,Pl,COPD,3,train,/Users/vs/Sem 5/Respiratory-Disease-Classification/data/processed/audio/cycles/186/2b4_Pl_005.wav,train
186,2b4,Pr,COPD,3,train,/Users/vs/Sem 5/Respiratory-Disease-Classification/data/processed/audio/cycles/186/2b4_Pr_001.wav,train
186,2b4,Pr,COPD,3,train,/Users/vs/Sem 5/Respiratory-Disease-Classification/data/processed/audio/cycles/186/2b4_Pr_002.wav,train
186,2b4,Pr,COPD,3,train,/Users/vs/Sem 5/Respiratory-Disease-Classification/data/processed/audio/cycles/186/2b4_Pr_003.wav,train
186,2b4,Pr,COPD,3,train,/Users/vs/Sem 5/Respiratory-Disease-Classification/data/processed/audio/cycles/186/2b4_Pr_004.wav,train
186,2b4,Pr,COPD,3,train,/Users/vs/Sem 5/Respiratory-Disease-Classification/data/processed/audio/cycles/186/2b4_Pr_005.wav,train
186,2b4,Tc,COPD,3,train,/Users/vs/Sem 5/Respiratory-Disease-Classification/data/processed/audio/cycles/186/2b4_Tc_001.wav,train
186,2b4,Tc,COPD,3,train,/Users/vs/Sem 5/Respiratory-Disease-Classification/data/processed/audio/cycles/186/2b4_Tc_002.wav,train
186,2b4,Tc,COPD,3,train,/Users/vs/Sem 5/Respiratory-Disease-Classification/data/processed/audio/cycles/186/2b4_Tc_003.wav,train
186,2b4,Tc,COPD,3,train,/Users/vs/Sem 5/Respiratory-Disease-Classification/data/processed/audio/cycles/186/2b4_Tc_004.wav,train
186,2b4,Tc,COPD,3,train,/Users/vs/Sem 5/Respiratory-Disease-Classification/data/processed/audio/cycles/186/2b4_Tc_005.wav,train
186,3b3,Al,COPD,3,train,/Users/vs/Sem 5/Respiratory-Disease-Classification/data/processed/audio/cycles/186/3b3_Al_001.wav,train
186,3b3,Al,COPD,3,train,/Users/vs/Sem 5/Respiratory-Disease-Classification/data/processed/audio/cycles/186/3b3_Al_002.wav,train
186,3b3,Al,COPD,3,train,/Users/vs/Sem 5/Respiratory-Disease-Classification/data/processed/audio/cycles/186/3b3_Al_003.wav,train
186,3b3,Al,COPD,3,train,/Users/vs/Sem 5/Respiratory-Disease-Classification/data/processed/audio/cycles/186/3b3_Al_004.wav,train
186,3b3,Al,COPD,3,train,/Users/vs/Sem 5/Respiratory-Disease-Classification/data/processed/audio/cycles/186/3b3_Al_005.wav,train
186,3b3,Al,COPD,3,train,/Users/vs/Sem 5/Respiratory-Disease-Classification/data/processed/audio/cycles/186/3b3_Al_006.wav,train
186,3b3,Ar,COPD,3,train,/Users/vs/Sem 5/Respiratory-Disease-Classification/data/processed/audio/cycles/186/3b3_Ar_001.wav,train
186,3b3,Ar,COPD,3,train,/Users/vs/Sem 5/Respiratory-Disease-Classification/data/processed/audio/cycles/186/3b3_Ar_002.wav,train
186,3b3,Ar,COPD,3,train,/Users/vs/Sem 5/Respiratory-Disease-Classification/data/processed/audio/cycles/186/3b3_Ar_003.wav,train
186,3b3,Ar,COPD,3,train,/Users/vs/Sem 5/Respiratory-Disease-Classification/data/processed/audio/cycles/186/3b3_Ar_004.wav,train
186,3b3,Ar,COPD,3,train,/Users/vs/Sem 5/Respiratory-Disease-Classification/data/processed/audio/cycles/186/3b3_Ar_005.wav,train
186,3b3,Ar,COPD,3,train,/Users/vs/Sem 5/Respiratory-Disease-Classification/data/processed/audio/cycles/186/3b3_Ar_006.wav,train
186,3b3,Lr,COPD,3,train,/Users/vs/Sem 5/Respiratory-Disease-Classification/data/processed/audio/cycles/186/3b3_Lr_001.wav,train
186,3b3,Lr,COPD,3,train,/Users/vs/Sem 5/Respiratory-Disease-Classification/data/processed/audio/cycles/186/3b3_Lr_002.wav,train
186,3b3,Lr,COPD,3,train,/Users/vs/Sem 5/Respiratory-Disease-Classification/data/processed/audio/cycles/186/3b3_Lr_003.wav,train
186,3b3,Lr,COPD,3,train,/Users/vs/Sem 5/Respiratory-Disease-Classification/data/processed/audio/cycles/186/3b3_Lr_004.wav,train
186,3b3,Lr,COPD,3,train,/Users/vs/Sem 5/Respiratory-Disease-Classification/data/processed/audio/cycles/186/3b3_Lr_005.wav,train
186,3b3,Lr,COPD,3,train,/Users/vs/Sem 5/Respiratory-Disease-Classification/data/processed/audio/cycles/186/3b3_Lr_006.wav,train
186,3b3,Pl,COPD,3,train,/Users/vs/Sem 5/Respiratory-Disease-Classification/data/processed/audio/cycles/186/3b3_Pl_001.wav,train
186,3b3,Pl,COPD,3,train,/Users/vs/Sem 5/Respiratory-Disease-Classification/data/processed/audio/cycles/186/3b3_Pl_002.wav,train
186,3b3,Pl,COPD,3,train,/Users/vs/Sem 5/Respiratory-Disease-Classification/data/processed/audio/cycles/186/3b3_Pl_003.wav,train
186,3b3,Pl,COPD,3,train,/Users/vs/Sem 5/Respiratory-Disease-Classification/data/processed/audio/cycles/186/3b3_Pl_004.wav,train
186,3b3,Pl,COPD,3,train,/Users/vs/Sem 5/Respiratory-Disease-Classification/data/processed/audio/cycles/186/3b3_Pl_005.wav,train
186,3b3,Pl,COPD,3,train,/Users/vs/Sem 5/Respiratory-Disease-Classification/data/processed/audio/cycles/186/3b3_Pl_006.wav,train
186,3b3,Pr,COPD,3,train,/Users/vs/Sem 5/Respiratory-Disease-Classification/data/processed/audio/cycles/186/3b3_Pr_001.wav,train
186,3b3,Pr,COPD,3,train,/Users/vs/Sem 5/Respiratory-Disease-Classification/data/processed/audio/cycles/186/3b3_Pr_002.wav,train
186,3b3,Pr,COPD,3,train,/Users/vs/Sem 5/Respiratory-Disease-Classification/data/processed/audio/cycles/186/3b3_Pr_003.wav,train
186,3b3,Pr,COPD,3,train,/Users/vs/Sem 5/Respiratory-Disease-Classification/data/processed/audio/cycles/186/3b3_Pr_004.wav,train
186,3b3,Pr,COPD,3,train,/Users/vs/Sem 5/Respiratory-Disease-Classification/data/processed/audio/cycles/186/3b3_Pr_005.wav,train
186,3b3,Pr,COPD,3,train,/Users/vs/Sem 5/Respiratory-Disease-Classification/data/processed/audio/cycles/186/3b3_Pr_006.wav,train
186,3b3,Tc,COPD,3,train,/Users/vs/Sem 5/Respiratory-Disease-Classification/data/processed/audio/cycles/186/3b3_Tc_001.wav,train
186,3b3,Tc,COPD,3,train,/Users/vs/Sem 5/Respiratory-Disease-Classification/data/processed/audio/cycles/186/3b3_Tc_002.wav,train
186,3b3,Tc,COPD,3,train,/Users/vs/Sem 5/Respiratory-Disease-Classification/data/processed/audio/cycles/186/3b3_Tc_003.wav,train
186,3b3,Tc,COPD,3,train,/Users/vs/Sem 5/Respiratory-Disease-Classification/data/processed/audio/cycles/186/3b3_Tc_004.wav,train
186,3b3,Tc,COPD,3,train,/Users/vs/Sem 5/Respiratory-Disease-Classification/data/processed/audio/cycles/186/3b3_Tc_005.wav,train
186,3b3,Tc,COPD,3,train,/Users/vs/Sem 5/Respiratory-Disease-Classification/data/processed/audio/cycles/186/3b3_Tc_006.wav,train
187,1b1,Ll,Healthy,4,test,/Users/vs/Sem 5/Respiratory-Disease-Classification/data/processed/audio/cycles/187/1b1_Ll_001.wav,train
187,1b1,Ll,Healthy,4,test,/Users/vs/Sem 5/Respiratory-Disease-Classification/data/processed/audio/cycles/187/1b1_Ll_002.wav,train
187,1b1,Ll,Healthy,4,test,/Users/vs/Sem 5/Respiratory-Disease-Classification/data/processed/audio/cycles/187/1b1_Ll_003.wav,train
187,1b1,Ll,Healthy,4,test,/Users/vs/Sem 5/Respiratory-Disease-Classification/data/processed/audio/cycles/187/1b1_Ll_004.wav,train
187,1b1,Ll,Healthy,4,test,/Users/vs/Sem 5/Respiratory-Disease-Classification/data/processed/audio/cycles/187/1b1_Ll_005.wav,train
187,1b1,Ll,Healthy,4,test,/Users/vs/Sem 5/Respiratory-Disease-Classification/data/processed/audio/cycles/187/1b1_Ll_006.wav,train
187,1b1,Ll,Healthy,4,test,/Users/vs/Sem 5/Respiratory-Disease-Classification/data/processed/audio/cycles/187/1b1_Ll_007.wav,train
187,1b1,Ll,Healthy,4,test,/Users/vs/Sem 5/Respiratory-Disease-Classification/data/processed/audio/cycles/187/1b1_Ll_008.wav,train
187,1b1,Ll,Healthy,4,test,/Users/vs/Sem 5/Respiratory-Disease-Classification/data/processed/audio/cycles/187/1b1_Ll_009.wav,train
187,1b1,Ll,Healthy,4,test,/Users/vs/Sem 5/Respiratory-Disease-Classification/data/processed/audio/cycles/187/1b1_Ll_010.wav,train
187,1b1,Ll,Healthy,4,test,/Users/vs/Sem 5/Respiratory-Disease-Classification/data/processed/audio/cycles/187/1b1_Ll_011.wav,train
187,1b1,Ll,Healthy,4,test,/Users/vs/Sem 5/Respiratory-Disease-Classification/data/processed/audio/cycles/187/1b1_Ll_012.wav,train
187,1b1,Ll,Healthy,4,test,/Users/vs/Sem 5/Respiratory-Disease-Classification/data/processed/audio/cycles/187/1b1_Ll_013.wav,train
187,1b1,Ll,Healthy,4,test,/Users/vs/Sem 5/Respiratory-Disease-Classification/data/processed/audio/cycles/187/1b1_Ll_014.wav,train
187,1b1,Ll,Healthy,4,test,/Users/vs/Sem 5/Respiratory-Disease-Classification/data/processed/audio/cycles/187/1b1_Ll_015.wav,train
187,1b1,Ll,Healthy,4,test,/Users/vs/Sem 5/Respiratory-Disease-Classification/data/processed/audio/cycles/187/1b1_Ll_016.wav,train
187,1b1,Ll,Healthy,4,test,/Users/vs/Sem 5/Respiratory-Disease-Classification/data/processed/audio/cycles/187/1b1_Ll_017.wav,train
188,1b1,Al,URTI,7,train,/Users/vs/Sem 5/Respiratory-Disease-Classification/data/processed/audio/cycles/188/1b1_Al_001.wav,train
188,1b1,Al,URTI,7,train,/Users/vs/Sem 5/Respiratory-Disease-Classification/data/processed/audio/cycles/188/1b1_Al_002.wav,train
188,1b1,Al,URTI,7,train,/Users/vs/Sem 5/Respiratory-Disease-Classification/data/processed/audio/cycles/188/1b1_Al_003.wav,train
188,1b1,Al,URTI,7,train,/Users/vs/Sem 5/Respiratory-Disease-Classification/data/processed/audio/cycles/188/1b1_Al_004.wav,train
188,1b1,Al,URTI,7,train,/Users/vs/Sem 5/Respiratory-Disease-Classification/data/processed/audio/cycles/188/1b1_Al_005.wav,train
188,1b1,Al,URTI,7,train,/Users/vs/Sem 5/Respiratory-Disease-Classification/data/processed/audio/cycles/188/1b1_Al_006.wav,train
188,1b1,Al,URTI,7,train,/Users/vs/Sem 5/Respiratory-Disease-Classification/data/processed/audio/cycles/188/1b1_Al_007.wav,train
188,1b1,Al,URTI,7,train,/Users/vs/Sem 5/Respiratory-Disease-Classification/data/processed/audio/cycles/188/1b1_Al_008.wav,train
188,1b1,Al,URTI,7,train,/Users/vs/Sem 5/Respiratory-Disease-Classification/data/processed/audio/cycles/188/1b1_Al_009.wav,train
188,1b1,Al,URTI,7,train,/Users/vs/Sem 5/Respiratory-Disease-Classification/data/processed/audio/cycles/188/1b1_Al_010.wav,train
188,1b1,Al,URTI,7,train,/Users/vs/Sem 5/Respiratory-Disease-Classification/data/processed/audio/cycles/188/1b1_Al_011.wav,train
188,1b1,Al,URTI,7,train,/Users/vs/Sem 5/Respiratory-Disease-Classification/data/processed/audio/cycles/188/1b1_Al_012.wav,train
188,1b1,Al,URTI,7,train,/Users/vs/Sem 5/Respiratory-Disease-Classification/data/processed/audio/cycles/188/1b1_Al_013.wav,train
188,1b1,Al,URTI,7,train,/Users/vs/Sem 5/Respiratory-Disease-Classification/data/processed/audio/cycles/188/1b1_Al_014.wav,train
188,1b1,Al,URTI,7,train,/Users/vs/Sem 5/Respiratory-Disease-Classification/data/processed/audio/cycles/188/1b1_Al_015.wav,train
188,1b1,Ar,URTI,7,train,/Users/vs/Sem 5/Respiratory-Disease-Classification/data/processed/audio/cycles/188/1b1_Ar_001.wav,train
188,1b1,Ar,URTI,7,train,/Users/vs/Sem 5/Respiratory-Disease-Classification/data/processed/audio/cycles/188/1b1_Ar_002.wav,train
188,1b1,Ar,URTI,7,train,/Users/vs/Sem 5/Respiratory-Disease-Classification/data/processed/audio/cycles/188/1b1_Ar_003.wav,train
188,1b1,Ar,URTI,7,train,/Users/vs/Sem 5/Respiratory-Disease-Classification/data/processed/audio/cycles/188/1b1_Ar_004.wav,train
188,1b1,Ar,URTI,7,train,/Users/vs/Sem 5/Respiratory-Disease-Classification/data/processed/audio/cycles/188/1b1_Ar_005.wav,train
188,1b1,Ar,URTI,7,train,/Users/vs/Sem 5/Respiratory-Disease-Classification/data/processed/audio/cycles/188/1b1_Ar_006.wav,train
188,1b1,Ar,URTI,7,train,/Users/vs/Sem 5/Respiratory-Disease-Classification/data/processed/audio/cycles/188/1b1_Ar_007.wav,train
188,1b1,Ar,URTI,7,train,/Users/vs/Sem 5/Respiratory-Disease-Classification/data/processed/audio/cycles/188/1b1_Ar_008.wav,train
188,1b1,Ar,URTI,7,train,/Users/vs/Sem 5/Respiratory-Disease-Classification/data/processed/audio/cycles/188/1b1_Ar_009.wav,train
188,1b1,Ar,URTI,7,train,/Users/vs/Sem 5/Respiratory-Disease-Classification/data/processed/audio/cycles/188/1b1_Ar_010.wav,train
188,1b1,Ar,URTI,7,train,/Users/vs/Sem 5/Respiratory-Disease-Classification/data/processed/audio/cycles/188/1b1_Ar_011.wav,train
188,1b1,Ar,URTI,7,train,/Users/vs/Sem 5/Respiratory-Disease-Classification/data/processed/audio/cycles/188/1b1_Ar_012.wav,train
188,1b1,Ar,URTI,7,train,/Users/vs/Sem 5/Respiratory-Disease-Classification/data/processed/audio/cycles/188/1b1_Ar_013.wav,train
188,1b1,Ar,URTI,7,train,/Users/vs/Sem 5/Respiratory-Disease-Classification/data/processed/audio/cycles/188/1b1_Ar_014.wav,train
188,1b1,Ar,URTI,7,train,/Users/vs/Sem 5/Respiratory-Disease-Classification/data/processed/audio/cycles/188/1b1_Ar_015.wav,train
188,1b1,Ar,URTI,7,train,/Users/vs/Sem 5/Respiratory-Disease-Classification/data/processed/audio/cycles/188/1b1_Ar_016.wav,train
188,1b1,Ar,URTI,7,train,/Users/vs/Sem 5/Respiratory-Disease-Classification/data/processed/audio/cycles/188/1b1_Ar_017.wav,train
188,1b1,Pl,URTI,7,train,/Users/vs/Sem 5/Respiratory-Disease-Classification/data/processed/audio/cycles/188/1b1_Pl_001.wav,train
188,1b1,Pl,URTI,7,train,/Users/vs/Sem 5/Respiratory-Disease-Classification/data/processed/audio/cycles/188/1b1_Pl_002.wav,train
188,1b1,Pl,URTI,7,train,/Users/vs/Sem 5/Respiratory-Disease-Classification/data/processed/audio/cycles/188/1b1_Pl_003.wav,train
188,1b1,Pl,URTI,7,train,/Users/vs/Sem 5/Respiratory-Disease-Classification/data/processed/audio/cycles/188/1b1_Pl_004.wav,train
188,1b1,Pl,URTI,7,train,/Users/vs/Sem 5/Respiratory-Disease-Classification/data/processed/audio/cycles/188/1b1_Pl_005.wav,train
188,1b1,Pl,URTI,7,train,/Users/vs/Sem 5/Respiratory-Disease-Classification/data/processed/audio/cycles/188/1b1_Pl_006.wav,train
188,1b1,Pl,URTI,7,train,/Users/vs/Sem 5/Respiratory-Disease-Classification/data/processed/audio/cycles/188/1b1_Pl_007.wav,train
188,1b1,Pl,URTI,7,train,/Users/vs/Sem 5/Respiratory-Disease-Classification/data/processed/audio/cycles/188/1b1_Pl_008.wav,train
188,1b1,Pl,URTI,7,train,/Users/vs/Sem 5/Respiratory-Disease-Classification/data/processed/audio/cycles/188/1b1_Pl_009.wav,train
188,1b1,Pl,URTI,7,train,/Users/vs/Sem 5/Respiratory-Disease-Classification/data/processed/audio/cycles/188/1b1_Pl_010.wav,train
188,1b1,Pl,URTI,7,train,/Users/vs/Sem 5/Respiratory-Disease-Classification/data/processed/audio/cycles/188/1b1_Pl_011.wav,train
188,1b1,Pl,URTI,7,train,/Users/vs/Sem 5/Respiratory-Disease-Classification/data/processed/audio/cycles/188/1b1_Pl_012.wav,train
188,1b1,Pl,URTI,7,train,/Users/vs/Sem 5/Respiratory-Disease-Classification/data/processed/audio/cycles/188/1b1_Pl_013.wav,train
188,1b1,Pl,URTI,7,train,/Users/vs/Sem 5/Respiratory-Disease-Classification/data/processed/audio/cycles/188/1b1_Pl_014.wav,train
188,1b1,Tc,URTI,7,train,/Users/vs/Sem 5/Respiratory-Disease-Classification/data/processed/audio/cycles/188/1b1_Tc_001.wav,train
188,1b1,Tc,URTI,7,train,/Users/vs/Sem 5/Respiratory-Disease-Classification/data/processed/audio/cycles/188/1b1_Tc_002.wav,train
188,1b1,Tc,URTI,7,train,/Users/vs/Sem 5/Respiratory-Disease-Classification/data/processed/audio/cycles/188/1b1_Tc_003.wav,train
188,1b1,Tc,URTI,7,train,/Users/vs/Sem 5/Respiratory-Disease-Classification/data/processed/audio/cycles/188/1b1_Tc_004.wav,train
188,1b1,Tc,URTI,7,train,/Users/vs/Sem 5/Respiratory-Disease-Classification/data/processed/audio/cycles/188/1b1_Tc_005.wav,train
188,1b1,Tc,URTI,7,train,/Users/vs/Sem 5/Respiratory-Disease-Classification/data/processed/audio/cycles/188/1b1_Tc_006.wav,train
188,1b1,Tc,URTI,7,train,/Users/vs/Sem 5/Respiratory-Disease-Classification/data/processed/audio/cycles/188/1b1_Tc_007.wav,train
188,1b1,Tc,URTI,7,train,/Users/vs/Sem 5/Respiratory-Disease-Classification/data/processed/audio/cycles/188/1b1_Tc_008.wav,train
188,1b1,Tc,URTI,7,train,/Users/vs/Sem 5/Respiratory-Disease-Classification/data/processed/audio/cycles/188/1b1_Tc_009.wav,train
188,1b1,Tc,URTI,7,train,/Users/vs/Sem 5/Respiratory-Disease-Classification/data/processed/audio/cycles/188/1b1_Tc_010.wav,train
188,1b1,Tc,URTI,7,train,/Users/vs/Sem 5/Respiratory-Disease-Classification/data/processed/audio/cycles/188/1b1_Tc_011.wav,train
188,1b1,Tc,URTI,7,train,/Users/vs/Sem 5/Respiratory-Disease-Classification/data/processed/audio/cycles/188/1b1_Tc_012.wav,train
188,1b1,Tc,URTI,7,train,/Users/vs/Sem 5/Respiratory-Disease-Classification/data/processed/audio/cycles/188/1b1_Tc_013.wav,train
188,1b1,Tc,URTI,7,train,/Users/vs/Sem 5/Respiratory-Disease-Classification/data/processed/audio/cycles/188/1b1_Tc_014.wav,train
188,1b1,Tc,URTI,7,train,/Users/vs/Sem 5/Respiratory-Disease-Classification/data/processed/audio/cycles/188/1b1_Tc_015.wav,train
188,1b1,Tc,URTI,7,train,/Users/vs/Sem 5/Respiratory-Disease-Classification/data/processed/audio/cycles/188/1b1_Tc_016.wav,train
189,1b2,Lr,COPD,3,train,/Users/vs/Sem 5/Respiratory-Disease-Classification/data/processed/audio/cycles/189/1b2_Lr_001.wav,validation
189,1b2,Lr,COPD,3,train,/Users/vs/Sem 5/Respiratory-Disease-Classification/data/processed/audio/cycles/189/1b2_Lr_002.wav,validation
189,1b2,Lr,COPD,3,train,/Users/vs/Sem 5/Respiratory-Disease-Classification/data/processed/audio/cycles/189/1b2_Lr_003.wav,validation
189,1b2,Lr,COPD,3,train,/Users/vs/Sem 5/Respiratory-Disease-Classification/data/processed/audio/cycles/189/1b2_Lr_004.wav,validation
189,1b2,Lr,COPD,3,train,/Users/vs/Sem 5/Respiratory-Disease-Classification/data/processed/audio/cycles/189/1b2_Lr_005.wav,validation
190,1b1,Tc,URTI,7,train,/Users/vs/Sem 5/Respiratory-Disease-Classification/data/processed/audio/cycles/190/1b1_Tc_001.wav,validation
190,1b1,Tc,URTI,7,train,/Users/vs/Sem 5/Respiratory-Disease-Classification/data/processed/audio/cycles/190/1b1_Tc_002.wav,validation
190,1b1,Tc,URTI,7,train,/Users/vs/Sem 5/Respiratory-Disease-Classification/data/processed/audio/cycles/190/1b1_Tc_003.wav,validation
190,1b1,Tc,URTI,7,train,/Users/vs/Sem 5/Respiratory-Disease-Classification/data/processed/audio/cycles/190/1b1_Tc_004.wav,validation
191,2b1,Pl,Pneumonia,6,train,/Users/vs/Sem 5/Respiratory-Disease-Classification/data/processed/audio/cycles/191/2b1_Pl_001.wav,train
191,2b1,Pl,Pneumonia,6,train,/Users/vs/Sem 5/Respiratory-Disease-Classification/data/processed/audio/cycles/191/2b1_Pl_002.wav,train
191,2b1,Pl,Pneumonia,6,train,/Users/vs/Sem 5/Respiratory-Disease-Classification/data/processed/audio/cycles/191/2b1_Pl_003.wav,train
191,2b1,Pl,Pneumonia,6,train,/Users/vs/Sem 5/Respiratory-Disease-Classification/data/processed/audio/cycles/191/2b1_Pl_004.wav,train
191,2b1,Pl,Pneumonia,6,train,/Users/vs/Sem 5/Respiratory-Disease-Classification/data/processed/audio/cycles/191/2b1_Pl_005.wav,train
191,2b1,Pl,Pneumonia,6,train,/Users/vs/Sem 5/Respiratory-Disease-Classification/data/processed/audio/cycles/191/2b1_Pl_006.wav,train
191,2b1,Pl,Pneumonia,6,train,/Users/vs/Sem 5/Respiratory-Disease-Classification/data/processed/audio/cycles/191/2b1_Pl_007.wav,train
191,2b1,Pl,Pneumonia,6,train,/Users/vs/Sem 5/Respiratory-Disease-Classification/data/processed/audio/cycles/191/2b1_Pl_008.wav,train
191,2b1,Pr,Pneumonia,6,train,/Users/vs/Sem 5/Respiratory-Disease-Classification/data/processed/audio/cycles/191/2b1_Pr_001.wav,train
191,2b1,Pr,Pneumonia,6,train,/Users/vs/Sem 5/Respiratory-Disease-Classification/data/processed/audio/cycles/191/2b1_Pr_002.wav,train
191,2b1,Pr,Pneumonia,6,train,/Users/vs/Sem 5/Respiratory-Disease-Classification/data/processed/audio/cycles/191/2b1_Pr_003.wav,train
191,2b1,Pr,Pneumonia,6,train,/Users/vs/Sem 5/Respiratory-Disease-Classification/data/processed/audio/cycles/191/2b1_Pr_004.wav,train
191,2b1,Pr,Pneumonia,6,train,/Users/vs/Sem 5/Respiratory-Disease-Classification/data/processed/audio/cycles/191/2b1_Pr_005.wav,train
191,2b1,Pr,Pneumonia,6,train,/Users/vs/Sem 5/Respiratory-Disease-Classification/data/processed/audio/cycles/191/2b1_Pr_006.wav,train
191,2b1,Pr,Pneumonia,6,train,/Users/vs/Sem 5/Respiratory-Disease-Classification/data/processed/audio/cycles/191/2b1_Pr_007.wav,train
191,2b1,Pr,Pneumonia,6,train,/Users/vs/Sem 5/Respiratory-Disease-Classification/data/processed/audio/cycles/191/2b1_Pr_008.wav,train
191,2b2,Tc,Pneumonia,6,train,/Users/vs/Sem 5/Respiratory-Disease-Classification/data/processed/audio/cycles/191/2b2_Tc_001.wav,train
191,2b2,Tc,Pneumonia,6,train,/Users/vs/Sem 5/Respiratory-Disease-Classification/data/processed/audio/cycles/191/2b2_Tc_002.wav,train
191,2b2,Tc,Pneumonia,6,train,/Users/vs/Sem 5/Respiratory-Disease-Classification/data/processed/audio/cycles/191/2b2_Tc_003.wav,train
191,2b2,Tc,Pneumonia,6,train,/Users/vs/Sem 5/Respiratory-Disease-Classification/data/processed/audio/cycles/191/2b2_Tc_004.wav,train
191,2b2,Tc,Pneumonia,6,train,/Users/vs/Sem 5/Respiratory-Disease-Classification/data/processed/audio/cycles/191/2b2_Tc_005.wav,train
191,2b2,Tc,Pneumonia,6,train,/Users/vs/Sem 5/Respiratory-Disease-Classification/data/processed/audio/cycles/191/2b2_Tc_006.wav,train
191,2b2,Tc,Pneumonia,6,train,/Users/vs/Sem 5/Respiratory-Disease-Classification/data/processed/audio/cycles/191/2b2_Tc_007.wav,train
191,2b2,Tc,Pneumonia,6,train,/Users/vs/Sem 5/Respiratory-Disease-Classification/data/processed/audio/cycles/191/2b2_Tc_008.wav,train
192,2b1,Al,COPD,3,train,/Users/vs/Sem 5/Respiratory-Disease-Classification/data/processed/audio/cycles/192/2b1_Al_001.wav,train
192,2b1,Al,COPD,3,train,/Users/vs/Sem 5/Respiratory-Disease-Classification/data/processed/audio/cycles/192/2b1_Al_002.wav,train
192,2b1,Al,COPD,3,train,/Users/vs/Sem 5/Respiratory-Disease-Classification/data/processed/audio/cycles/192/2b1_Al_003.wav,train
192,2b1,Al,COPD,3,train,/Users/vs/Sem 5/Respiratory-Disease-Classification/data/processed/audio/cycles/192/2b1_Al_004.wav,train
192,2b1,Al,COPD,3,train,/Users/vs/Sem 5/Respiratory-Disease-Classification/data/processed/audio/cycles/192/2b1_Al_005.wav,train
192,2b1,Al,COPD,3,train,/Users/vs/Sem 5/Respiratory-Disease-Classification/data/processed/audio/cycles/192/2b1_Al_006.wav,train
192,2b1,Al,COPD,3,train,/Users/vs/Sem 5/Respiratory-Disease-Classification/data/processed/audio/cycles/192/2b1_Al_007.wav,train
192,2b1,Al,COPD,3,train,/Users/vs/Sem 5/Respiratory-Disease-Classification/data/processed/audio/cycles/192/2b1_Al_008.wav,train
192,2b1,Ar,COPD,3,train,/Users/vs/Sem 5/Respiratory-Disease-Classification/data/processed/audio/cycles/192/2b1_Ar_001.wav,train
192,2b1,Ar,COPD,3,train,/Users/vs/Sem 5/Respiratory-Disease-Classification/data/processed/audio/cycles/192/2b1_Ar_002.wav,train
192,2b1,Ar,COPD,3,train,/Users/vs/Sem 5/Respiratory-Disease-Classification/data/processed/audio/cycles/192/2b1_Ar_003.wav,train
192,2b1,Ar,COPD,3,train,/Users/vs/Sem 5/Respiratory-Disease-Classification/data/processed/audio/cycles/192/2b1_Ar_004.wav,train
192,2b1,Ar,COPD,3,train,/Users/vs/Sem 5/Respiratory-Disease-Classification/data/processed/audio/cycles/192/2b1_Ar_005.wav,train
192,2b1,Ar,COPD,3,train,/Users/vs/Sem 5/Respiratory-Disease-Classification/data/processed/audio/cycles/192/2b1_Ar_006.wav,train
192,2b1,Ar,COPD,3,train,/Users/vs/Sem 5/Respiratory-Disease-Classification/data/processed/audio/cycles/192/2b1_Ar_007.wav,train
192,2b1,Ar,COPD,3,train,/Users/vs/Sem 5/Respiratory-Disease-Classification/data/processed/audio/cycles/192/2b1_Ar_008.wav,train
192,2b2,Al,COPD,3,train,/Users/vs/Sem 5/Respiratory-Disease-Classification/data/processed/audio/cycles/192/2b2_Al_001.wav,train
192,2b2,Al,COPD,3,train,/Users/vs/Sem 5/Respiratory-Disease-Classification/data/processed/audio/cycles/192/2b2_Al_002.wav,train
192,2b2,Al,COPD,3,train,/Users/vs/Sem 5/Respiratory-Disease-Classification/data/processed/audio/cycles/192/2b2_Al_003.wav,train
192,2b2,Al,COPD,3,train,/Users/vs/Sem 5/Respiratory-Disease-Classification/data/processed/audio/cycles/192/2b2_Al_004.wav,train
192,2b2,Al,COPD,3,train,/Users/vs/Sem 5/Respiratory-Disease-Classification/data/processed/audio/cycles/192/2b2_Al_005.wav,train
192,2b2,Al,COPD,3,train,/Users/vs/Sem 5/Respiratory-Disease-Classification/data/processed/audio/cycles/192/2b2_Al_006.wav,train
192,2b2,Al,COPD,3,train,/Users/vs/Sem 5/Respiratory-Disease-Classification/data/processed/audio/cycles/192/2b2_Al_007.wav,train
192,2b2,Al,COPD,3,train,/Users/vs/Sem 5/Respiratory-Disease-Classification/data/processed/audio/cycles/192/2b2_Al_008.wav,train
192,2b2,Ar,COPD,3,train,/Users/vs/Sem 5/Respiratory-Disease-Classification/data/processed/audio/cycles/192/2b2_Ar_001.wav,train
192,2b2,Ar,COPD,3,train,/Users/vs/Sem 5/Respiratory-Disease-Classification/data/processed/audio/cycles/192/2b2_Ar_002.wav,train
192,2b2,Ar,COPD,3,train,/Users/vs/Sem 5/Respiratory-Disease-Classification/data/processed/audio/cycles/192/2b2_Ar_003.wav,train
192,2b2,Ar,COPD,3,train,/Users/vs/Sem 5/Respiratory-Disease-Classification/data/processed/audio/cycles/192/2b2_Ar_004.wav,train
192,2b2,Ar,COPD,3,train,/Users/vs/Sem 5/Respiratory-Disease-Classification/data/processed/audio/cycles/192/2b2_Ar_005.wav,train
192,2b2,Ar,COPD,3,train,/Users/vs/Sem 5/Respiratory-Disease-Classification/data/processed/audio/cycles/192/2b2_Ar_006.wav,train
192,2b2,Ar,COPD,3,train,/Users/vs/Sem 5/Respiratory-Disease-Classification/data/processed/audio/cycles/192/2b2_Ar_007.wav,train
192,2b2,Ar,COPD,3,train,/Users/vs/Sem 5/Respiratory-Disease-Classification/data/processed/audio/cycles/192/2b2_Ar_008.wav,train
192,2b3,Al,COPD,3,train,/Users/vs/Sem 5/Respiratory-Disease-Classification/data/processed/audio/cycles/192/2b3_Al_001.wav,train
192,2b3,Al,COPD,3,train,/Users/vs/Sem 5/Respiratory-Disease-Classification/data/processed/audio/cycles/192/2b3_Al_002.wav,train
192,2b3,Al,COPD,3,train,/Users/vs/Sem 5/Respiratory-Disease-Classification/data/processed/audio/cycles/192/2b3_Al_003.wav,train
192,2b3,Al,COPD,3,train,/Users/vs/Sem 5/Respiratory-Disease-Classification/data/processed/audio/cycles/192/2b3_Al_004.wav,train
192,2b3,Al,COPD,3,train,/Users/vs/Sem 5/Respiratory-Disease-Classification/data/processed/audio/cycles/192/2b3_Al_005.wav,train
192,2b3,Al,COPD,3,train,/Users/vs/Sem 5/Respiratory-Disease-Classification/data/processed/audio/cycles/192/2b3_Al_006.wav,train
192,2b3,Al,COPD,3,train,/Users/vs/Sem 5/Respiratory-Disease-Classification/data/processed/audio/cycles/192/2b3_Al_007.wav,train
192,2b3,Ar,COPD,3,train,/Users/vs/Sem 5/Respiratory-Disease-Classification/data/processed/audio/cycles/192/2b3_Ar_001.wav,train
192,2b3,Ar,COPD,3,train,/Users/vs/Sem 5/Respiratory-Disease-Classification/data/processed/audio/cycles/192/2b3_Ar_002.wav,train
192,2b3,Ar,COPD,3,train,/Users/vs/Sem 5/Respiratory-Disease-Classification/data/processed/audio/cycles/192/2b3_Ar_003.wav,train
192,2b3,Ar,COPD,3,train,/Users/vs/Sem 5/Respiratory-Disease-Classification/data/processed/audio/cycles/192/2b3_Ar_004.wav,train
192,2b3,Ar,COPD,3,train,/Users/vs/Sem 5/Respiratory-Disease-Classification/data/processed/audio/cycles/192/2b3_Ar_005.wav,train
192,2b3,Ar,COPD,3,train,/Users/vs/Sem 5/Respiratory-Disease-Classification/data/processed/audio/cycles/192/2b3_Ar_006.wav,train
192,2b3,Ar,COPD,3,train,/Users/vs/Sem 5/Respiratory-Disease-Classification/data/processed/audio/cycles/192/2b3_Ar_007.wav,train
193,1b2,Al,COPD,3,train,/Users/vs/Sem 5/Respiratory-Disease-Classification/data/processed/audio/cycles/193/1b2_Al_001.wav,validation
193,1b2,Al,COPD,3,train,/Users/vs/Sem 5/Respiratory-Disease-Classification/data/processed/audio/cycles/193/1b2_Al_002.wav,validation
193,1b2,Al,COPD,3,train,/Users/vs/Sem 5/Respiratory-Disease-Classification/data/processed/audio/cycles/193/1b2_Al_003.wav,validation
193,1b2,Al,COPD,3,train,/Users/vs/Sem 5/Respiratory-Disease-Classification/data/processed/audio/cycles/193/1b2_Al_004.wav,validation
193,1b2,Al,COPD,3,train,/Users/vs/Sem 5/Respiratory-Disease-Classification/data/processed/audio/cycles/193/1b2_Al_005.wav,validation
193,1b2,Al,COPD,3,train,/Users/vs/Sem 5/Respiratory-Disease-Classification/data/processed/audio/cycles/193/1b2_Al_006.wav,validation
193,1b2,Al,COPD,3,train,/Users/vs/Sem 5/Respiratory-Disease-Classification/data/processed/audio/cycles/193/1b2_Al_007.wav,validation
193,1b2,Al,COPD,3,train,/Users/vs/Sem 5/Respiratory-Disease-Classification/data/processed/audio/cycles/193/1b2_Al_008.wav,validation
193,1b2,Al,COPD,3,train,/Users/vs/Sem 5/Respiratory-Disease-Classification/data/processed/audio/cycles/193/1b2_Al_009.wav,validation
193,1b2,Al,COPD,3,train,/Users/vs/Sem 5/Respiratory-Disease-Classification/data/processed/audio/cycles/193/1b2_Al_010.wav,validation
193,1b2,Al,COPD,3,train,/Users/vs/Sem 5/Respiratory-Disease-Classification/data/processed/audio/cycles/193/1b2_Al_011.wav,validation
193,1b2,Al,COPD,3,train,/Users/vs/Sem 5/Respiratory-Disease-Classification/data/processed/audio/cycles/193/1b2_Al_012.wav,validation
193,1b2,Ar,COPD,3,train,/Users/vs/Sem 5/Respiratory-Disease-Classification/data/processed/audio/cycles/193/1b2_Ar_001.wav,validation
193,1b2,Ar,COPD,3,train,/Users/vs/Sem 5/Respiratory-Disease-Classification/data/processed/audio/cycles/193/1b2_Ar_002.wav,validation
193,1b2,Ar,COPD,3,train,/Users/vs/Sem 5/Respiratory-Disease-Classification/data/processed/audio/cycles/193/1b2_Ar_003.wav,validation
193,1b2,Ar,COPD,3,train,/Users/vs/Sem 5/Respiratory-Disease-Classification/data/processed/audio/cycles/193/1b2_Ar_004.wav,validation
193,1b2,Ar,COPD,3,train,/Users/vs/Sem 5/Respiratory-Disease-Classification/data/processed/audio/cycles/193/1b2_Ar_005.wav,validation
193,1b2,Ar,COPD,3,train,/Users/vs/Sem 5/Respiratory-Disease-Classification/data/processed/audio/cycles/193/1b2_Ar_006.wav,validation
193,1b2,Ar,COPD,3,train,/Users/vs/Sem 5/Respiratory-Disease-Classification/data/processed/audio/cycles/193/1b2_Ar_007.wav,validation
193,1b2,Ar,COPD,3,train,/Users/vs/Sem 5/Respiratory-Disease-Classification/data/processed/audio/cycles/193/1b2_Ar_008.wav,validation
193,1b2,Ar,COPD,3,train,/Users/vs/Sem 5/Respiratory-Disease-Classification/data/processed/audio/cycles/193/1b2_Ar_009.wav,validation
193,1b2,Ar,COPD,3,train,/Users/vs/Sem 5/Respiratory-Disease-Classification/data/processed/audio/cycles/193/1b2_Ar_010.wav,validation
193,1b2,Ar,COPD,3,train,/Users/vs/Sem 5/Respiratory-Disease-Classification/data/processed/audio/cycles/193/1b2_Ar_011.wav,validation
193,1b2,Ar,COPD,3,train,/Users/vs/Sem 5/Respiratory-Disease-Classification/data/processed/audio/cycles/193/1b2_Ar_012.wav,validation
193,1b2,Ll,COPD,3,train,/Users/vs/Sem 5/Respiratory-Disease-Classification/data/processed/audio/cycles/193/1b2_Ll_001.wav,validation
193,1b2,Ll,COPD,3,train,/Users/vs/Sem 5/Respiratory-Disease-Classification/data/processed/audio/cycles/193/1b2_Ll_002.wav,validation
193,1b2,Ll,COPD,3,train,/Users/vs/Sem 5/Respiratory-Disease-Classification/data/processed/audio/cycles/193/1b2_Ll_003.wav,validation
193,1b2,Ll,COPD,3,train,/Users/vs/Sem 5/Respiratory-Disease-Classification/data/processed/audio/cycles/193/1b2_Ll_004.wav,validation
193,1b2,Ll,COPD,3,train,/Users/vs/Sem 5/Respiratory-Disease-Classification/data/processed/audio/cycles/193/1b2_Ll_005.wav,validation
193,1b2,Ll,COPD,3,train,/Users/vs/Sem 5/Respiratory-Disease-Classification/data/processed/audio/cycles/193/1b2_Ll_006.wav,validation
193,1b2,Ll,COPD,3,train,/Users/vs/Sem 5/Respiratory-Disease-Classification/data/processed/audio/cycles/193/1b2_Ll_007.wav,validation
193,1b2,Ll,COPD,3,train,/Users/vs/Sem 5/Respiratory-Disease-Classification/data/processed/audio/cycles/193/1b2_Ll_008.wav,validation
193,1b2,Ll,COPD,3,train,/Users/vs/Sem 5/Respiratory-Disease-Classification/data/processed/audio/cycles/193/1b2_Ll_009.wav,validation
193,1b2,Ll,COPD,3,train,/Users/vs/Sem 5/Respiratory-Disease-Classification/data/processed/audio/cycles/193/1b2_Ll_010.wav,validation
193,1b2,Ll,COPD,3,train,/Users/vs/Sem 5/Respiratory-Disease-Classification/data/processed/audio/cycles/193/1b2_Ll_011.wav,validation
193,1b2,Ll,COPD,3,train,/Users/vs/Sem 5/Respiratory-Disease-Classification/data/processed/audio/cycles/193/1b2_Ll_012.wav,validation
193,1b2,Pl,COPD,3,train,/Users/vs/Sem 5/Respiratory-Disease-Classification/data/processed/audio/cycles/193/1b2_Pl_001.wav,validation
193,1b2,Pl,COPD,3,train,/Users/vs/Sem 5/Respiratory-Disease-Classification/data/processed/audio/cycles/193/1b2_Pl_002.wav,validation
193,1b2,Pl,COPD,3,train,/Users/vs/Sem 5/Respiratory-Disease-Classification/data/processed/audio/cycles/193/1b2_Pl_003.wav,validation
193,1b2,Pl,COPD,3,train,/Users/vs/Sem 5/Respiratory-Disease-Classification/data/processed/audio/cycles/193/1b2_Pl_004.wav,validation
193,1b2,Pl,COPD,3,train,/Users/vs/Sem 5/Respiratory-Disease-Classification/data/processed/audio/cycles/193/1b2_Pl_005.wav,validation
193,1b2,Pl,COPD,3,train,/Users/vs/Sem 5/Respiratory-Disease-Classification/data/processed/audio/cycles/193/1b2_Pl_006.wav,validation
193,1b2,Pl,COPD,3,train,/Users/vs/Sem 5/Respiratory-Disease-Classification/data/processed/audio/cycles/193/1b2_Pl_007.wav,validation
193,1b2,Pl,COPD,3,train,/Users/vs/Sem 5/Respiratory-Disease-Classification/data/processed/audio/cycles/193/1b2_Pl_008.wav,validation
193,1b2,Pl,COPD,3,train,/Users/vs/Sem 5/Respiratory-Disease-Classification/data/processed/audio/cycles/193/1b2_Pl_009.wav,validation
193,1b2,Pl,COPD,3,train,/Users/vs/Sem 5/Respiratory-Disease-Classification/data/processed/audio/cycles/193/1b2_Pl_010.wav,validation
193,1b2,Pl,COPD,3,train,/Users/vs/Sem 5/Respiratory-Disease-Classification/data/processed/audio/cycles/193/1b2_Pl_011.wav,validation
193,1b2,Pl,COPD,3,train,/Users/vs/Sem 5/Respiratory-Disease-Classification/data/processed/audio/cycles/193/1b2_Pl_012.wav,validation
193,1b2,Pr,COPD,3,train,/Users/vs/Sem 5/Respiratory-Disease-Classification/data/processed/audio/cycles/193/1b2_Pr_001.wav,validation
193,1b2,Pr,COPD,3,train,/Users/vs/Sem 5/Respiratory-Disease-Classification/data/processed/audio/cycles/193/1b2_Pr_002.wav,validation
193,1b2,Pr,COPD,3,train,/Users/vs/Sem 5/Respiratory-Disease-Classification/data/processed/audio/cycles/193/1b2_Pr_003.wav,validation
193,1b2,Pr,COPD,3,train,/Users/vs/Sem 5/Respiratory-Disease-Classification/data/processed/audio/cycles/193/1b2_Pr_004.wav,validation
193,1b2,Pr,COPD,3,train,/Users/vs/Sem 5/Respiratory-Disease-Classification/data/processed/audio/cycles/193/1b2_Pr_005.wav,validation
193,1b2,Pr,COPD,3,train,/Users/vs/Sem 5/Respiratory-Disease-Classification/data/processed/audio/cycles/193/1b2_Pr_006.wav,validation
193,1b2,Pr,COPD,3,train,/Users/vs/Sem 5/Respiratory-Disease-Classification/data/processed/audio/cycles/193/1b2_Pr_007.wav,validation
193,1b2,Pr,COPD,3,train,/Users/vs/Sem 5/Respiratory-Disease-Classification/data/processed/audio/cycles/193/1b2_Pr_008.wav,validation
193,1b2,Pr,COPD,3,train,/Users/vs/Sem 5/Respiratory-Disease-Classification/data/processed/audio/cycles/193/1b2_Pr_009.wav,validation
193,1b2,Pr,COPD,3,train,/Users/vs/Sem 5/Respiratory-Disease-Classification/data/processed/audio/cycles/193/1b2_Pr_010.wav,validation
193,1b2,Pr,COPD,3,train,/Users/vs/Sem 5/Respiratory-Disease-Classification/data/processed/audio/cycles/193/1b2_Pr_011.wav,validation
193,1b2,Pr,COPD,3,train,/Users/vs/Sem 5/Respiratory-Disease-Classification/data/processed/audio/cycles/193/1b2_Pr_012.wav,validation
193,1b2,Tc,COPD,3,train,/Users/vs/Sem 5/Respiratory-Disease-Classification/data/processed/audio/cycles/193/1b2_Tc_001.wav,validation
193,1b2,Tc,COPD,3,train,/Users/vs/Sem 5/Respiratory-Disease-Classification/data/processed/audio/cycles/193/1b2_Tc_002.wav,validation
193,1b2,Tc,COPD,3,train,/Users/vs/Sem 5/Respiratory-Disease-Classification/data/processed/audio/cycles/193/1b2_Tc_003.wav,validation
193,1b2,Tc,COPD,3,train,/Users/vs/Sem 5/Respiratory-Disease-Classification/data/processed/audio/cycles/193/1b2_Tc_004.wav,validation
193,1b2,Tc,COPD,3,train,/Users/vs/Sem 5/Respiratory-Disease-Classification/data/processed/audio/cycles/193/1b2_Tc_005.wav,validation
193,1b2,Tc,COPD,3,train,/Users/vs/Sem 5/Respiratory-Disease-Classification/data/processed/audio/cycles/193/1b2_Tc_006.wav,validation
193,1b2,Tc,COPD,3,train,/Users/vs/Sem 5/Respiratory-Disease-Classification/data/processed/audio/cycles/193/1b2_Tc_007.wav,validation
193,1b2,Tc,COPD,3,train,/Users/vs/Sem 5/Respiratory-Disease-Classification/data/processed/audio/cycles/193/1b2_Tc_008.wav,validation
193,1b2,Tc,COPD,3,train,/Users/vs/Sem 5/Respiratory-Disease-Classification/data/processed/audio/cycles/193/1b2_Tc_009.wav,validation
193,1b2,Tc,COPD,3,train,/Users/vs/Sem 5/Respiratory-Disease-Classification/data/processed/audio/cycles/193/1b2_Tc_010.wav,validation
193,1b2,Tc,COPD,3,train,/Users/vs/Sem 5/Respiratory-Disease-Classification/data/processed/audio/cycles/193/1b2_Tc_011.wav,validation
193,1b2,Tc,COPD,3,train,/Users/vs/Sem 5/Respiratory-Disease-Classification/data/processed/audio/cycles/193/1b2_Tc_012.wav,validation
193,1b4,Lr,COPD,3,train,/Users/vs/Sem 5/Respiratory-Disease-Classification/data/processed/audio/cycles/193/1b4_Lr_001.wav,validation
193,1b4,Lr,COPD,3,train,/Users/vs/Sem 5/Respiratory-Disease-Classification/data/processed/audio/cycles/193/1b4_Lr_002.wav,validation
193,1b4,Lr,COPD,3,train,/Users/vs/Sem 5/Respiratory-Disease-Classification/data/processed/audio/cycles/193/1b4_Lr_003.wav,validation
193,1b4,Lr,COPD,3,train,/Users/vs/Sem 5/Respiratory-Disease-Classification/data/processed/audio/cycles/193/1b4_Lr_004.wav,validation
193,1b4,Lr,COPD,3,train,/Users/vs/Sem 5/Respiratory-Disease-Classification/data/processed/audio/cycles/193/1b4_Lr_005.wav,validation
193,1b4,Lr,COPD,3,train,/Users/vs/Sem 5/Respiratory-Disease-Classification/data/processed/audio/cycles/193/1b4_Lr_006.wav,validation
193,1b4,Lr,COPD,3,train,/Users/vs/Sem 5/Respiratory-Disease-Classification/data/processed/audio/cycles/193/1b4_Lr_007.wav,validation
193,1b4,Lr,COPD,3,train,/Users/vs/Sem 5/Respiratory-Disease-Classification/data/processed/audio/cycles/193/1b4_Lr_008.wav,validation
193,1b4,Lr,COPD,3,train,/Users/vs/Sem 5/Respiratory-Disease-Classification/data/processed/audio/cycles/193/1b4_Lr_009.wav,validation
193,1b4,Lr,COPD,3,train,/Users/vs/Sem 5/Respiratory-Disease-Classification/data/processed/audio/cycles/193/1b4_Lr_010.wav,validation
193,7b3,Al,COPD,3,train,/Users/vs/Sem 5/Respiratory-Disease-Classification/data/processed/audio/cycles/193/7b3_Al_001.wav,validation
193,7b3,Al,COPD,3,train,/Users/vs/Sem 5/Respiratory-Disease-Classification/data/processed/audio/cycles/193/7b3_Al_002.wav,validation
193,7b3,Al,COPD,3,train,/Users/vs/Sem 5/Respiratory-Disease-Classification/data/processed/audio/cycles/193/7b3_Al_003.wav,validation
193,7b3,Al,COPD,3,train,/Users/vs/Sem 5/Respiratory-Disease-Classification/data/processed/audio/cycles/193/7b3_Al_004.wav,validation
193,7b3,Al,COPD,3,train,/Users/vs/Sem 5/Respiratory-Disease-Classification/data/processed/audio/cycles/193/7b3_Al_005.wav,validation
193,7b3,Al,COPD,3,train,/Users/vs/Sem 5/Respiratory-Disease-Classification/data/processed/audio/cycles/193/7b3_Al_006.wav,validation
193,7b3,Al,COPD,3,train,/Users/vs/Sem 5/Respiratory-Disease-Classification/data/processed/audio/cycles/193/7b3_Al_007.wav,validation
193,7b3,Al,COPD,3,train,/Users/vs/Sem 5/Respiratory-Disease-Classification/data/processed/audio/cycles/193/7b3_Al_008.wav,validation
193,7b3,Ar,COPD,3,train,/Users/vs/Sem 5/Respiratory-Disease-Classification/data/processed/audio/cycles/193/7b3_Ar_001.wav,validation
193,7b3,Ar,COPD,3,train,/Users/vs/Sem 5/Respiratory-Disease-Classification/data/processed/audio/cycles/193/7b3_Ar_002.wav,validation
193,7b3,Ar,COPD,3,train,/Users/vs/Sem 5/Respiratory-Disease-Classification/data/processed/audio/cycles/193/7b3_Ar_003.wav,validation
193,7b3,Ar,COPD,3,train,/Users/vs/Sem 5/Respiratory-Disease-Classification/data/processed/audio/cycles/193/7b3_Ar_004.wav,validation
193,7b3,Ar,COPD,3,train,/Users/vs/Sem 5/Respiratory-Disease-Classification/data/processed/audio/cycles/193/7b3_Ar_005.wav,validation
193,7b3,Ar,COPD,3,train,/Users/vs/Sem 5/Respiratory-Disease-Classification/data/processed/audio/cycles/193/7b3_Ar_006.wav,validation
193,7b3,Ar,COPD,3,train,/Users/vs/Sem 5/Respiratory-Disease-Classification/data/processed/audio/cycles/193/7b3_Ar_007.wav,validation
193,7b3,Ar,COPD,3,train,/Users/vs/Sem 5/Respiratory-Disease-Classification/data/processed/audio/cycles/193/7b3_Ar_008.wav,validation
193,7b3,Ll,COPD,3,train,/Users/vs/Sem 5/Respiratory-Disease-Classification/data/processed/audio/cycles/193/7b3_Ll_001.wav,validation
193,7b3,Ll,COPD,3,train,/Users/vs/Sem 5/Respiratory-Disease-Classification/data/processed/audio/cycles/193/7b3_Ll_002.wav,validation
193,7b3,Ll,COPD,3,train,/Users/vs/Sem 5/Respiratory-Disease-Classification/data/processed/audio/cycles/193/7b3_Ll_003.wav,validation
193,7b3,Ll,COPD,3,train,/Users/vs/Sem 5/Respiratory-Disease-Classification/data/processed/audio/cycles/193/7b3_Ll_004.wav,validation
193,7b3,Ll,COPD,3,train,/Users/vs/Sem 5/Respiratory-Disease-Classification/data/processed/audio/cycles/193/7b3_Ll_005.wav,validation
193,7b3,Ll,COPD,3,train,/Users/vs/Sem 5/Respiratory-Disease-Classification/data/processed/audio/cycles/193/7b3_Ll_006.wav,validation
193,7b3,Ll,COPD,3,train,/Users/vs/Sem 5/Respiratory-Disease-Classification/data/processed/audio/cycles/193/7b3_Ll_007.wav,validation
193,7b3,Ll,COPD,3,train,/Users/vs/Sem 5/Respiratory-Disease-Classification/data/processed/audio/cycles/193/7b3_Ll_008.wav,validation
193,7b3,Lr,COPD,3,train,/Users/vs/Sem 5/Respiratory-Disease-Classification/data/processed/audio/cycles/193/7b3_Lr_001.wav,validation
193,7b3,Lr,COPD,3,train,/Users/vs/Sem 5/Respiratory-Disease-Classification/data/processed/audio/cycles/193/7b3_Lr_002.wav,validation
193,7b3,Lr,COPD,3,train,/Users/vs/Sem 5/Respiratory-Disease-Classification/data/processed/audio/cycles/193/7b3_Lr_003.wav,validation
193,7b3,Lr,COPD,3,train,/Users/vs/Sem 5/Respiratory-Disease-Classification/data/processed/audio/cycles/193/7b3_Lr_004.wav,validation
193,7b3,Lr,COPD,3,train,/Users/vs/Sem 5/Respiratory-Disease-Classification/data/processed/audio/cycles/193/7b3_Lr_005.wav,validation
193,7b3,Lr,COPD,3,train,/Users/vs/Sem 5/Respiratory-Disease-Classification/data/processed/audio/cycles/193/7b3_Lr_006.wav,validation
193,7b3,Lr,COPD,3,train,/Users/vs/Sem 5/Respiratory-Disease-Classification/data/processed/audio/cycles/193/7b3_Lr_007.wav,validation
193,7b3,Lr,COPD,3,train,/Users/vs/Sem 5/Respiratory-Disease-Classification/data/processed/audio/cycles/193/7b3_Lr_008.wav,validation
193,7b3,Pl,COPD,3,train,/Users/vs/Sem 5/Respiratory-Disease-Classification/data/processed/audio/cycles/193/7b3_Pl_001.wav,validation
193,7b3,Pl,COPD,3,train,/Users/vs/Sem 5/Respiratory-Disease-Classification/data/processed/audio/cycles/193/7b3_Pl_002.wav,validation
193,7b3,Pl,COPD,3,train,/Users/vs/Sem 5/Respiratory-Disease-Classification/data/processed/audio/cycles/193/7b3_Pl_003.wav,validation
193,7b3,Pl,COPD,3,train,/Users/vs/Sem 5/Respiratory-Disease-Classification/data/processed/audio/cycles/193/7b3_Pl_004.wav,validation
193,7b3,Pl,COPD,3,train,/Users/vs/Sem 5/Respiratory-Disease-Classification/data/processed/audio/cycles/193/7b3_Pl_005.wav,validation
193,7b3,Pl,COPD,3,train,/Users/vs/Sem 5/Respiratory-Disease-Classification/data/processed/audio/cycles/193/7b3_Pl_006.wav,validation
193,7b3,Pl,COPD,3,train,/Users/vs/Sem 5/Respiratory-Disease-Classification/data/processed/audio/cycles/193/7b3_Pl_007.wav,validation
193,7b3,Pl,COPD,3,train,/Users/vs/Sem 5/Respiratory-Disease-Classification/data/processed/audio/cycles/193/7b3_Pl_008.wav,validation
193,7b3,Pr,COPD,3,train,/Users/vs/Sem 5/Respiratory-Disease-Classification/data/processed/audio/cycles/193/7b3_Pr_001.wav,validation
193,7b3,Pr,COPD,3,train,/Users/vs/Sem 5/Respiratory-Disease-Classification/data/processed/audio/cycles/193/7b3_Pr_002.wav,validation
193,7b3,Pr,COPD,3,train,/Users/vs/Sem 5/Respiratory-Disease-Classification/data/processed/audio/cycles/193/7b3_Pr_003.wav,validation
193,7b3,Pr,COPD,3,train,/Users/vs/Sem 5/Respiratory-Disease-Classification/data/processed/audio/cycles/193/7b3_Pr_004.wav,validation
193,7b3,Pr,COPD,3,train,/Users/vs/Sem 5/Respiratory-Disease-Classification/data/processed/audio/cycles/193/7b3_Pr_005.wav,validation
193,7b3,Pr,COPD,3,train,/Users/vs/Sem 5/Respiratory-Disease-Classification/data/processed/audio/cycles/193/7b3_Pr_006.wav,validation
193,7b3,Pr,COPD,3,train,/Users/vs/Sem 5/Respiratory-Disease-Classification/data/processed/audio/cycles/193/7b3_Pr_007.wav,validation
193,7b3,Pr,COPD,3,train,/Users/vs/Sem 5/Respiratory-Disease-Classification/data/processed/audio/cycles/193/7b3_Pr_008.wav,validation
193,7b3,Tc,COPD,3,train,/Users/vs/Sem 5/Respiratory-Disease-Classification/data/processed/audio/cycles/193/7b3_Tc_001.wav,validation
193,7b3,Tc,COPD,3,train,/Users/vs/Sem 5/Respiratory-Disease-Classification/data/processed/audio/cycles/193/7b3_Tc_002.wav,validation
193,7b3,Tc,COPD,3,train,/Users/vs/Sem 5/Respiratory-Disease-Classification/data/processed/audio/cycles/193/7b3_Tc_003.wav,validation
193,7b3,Tc,COPD,3,train,/Users/vs/Sem 5/Respiratory-Disease-Classification/data/processed/audio/cycles/193/7b3_Tc_004.wav,validation
193,7b3,Tc,COPD,3,train,/Users/vs/Sem 5/Respiratory-Disease-Classification/data/processed/audio/cycles/193/7b3_Tc_005.wav,validation
193,7b3,Tc,COPD,3,train,/Users/vs/Sem 5/Respiratory-Disease-Classification/data/processed/audio/cycles/193/7b3_Tc_006.wav,validation
193,7b3,Tc,COPD,3,train,/Users/vs/Sem 5/Respiratory-Disease-Classification/data/processed/audio/cycles/193/7b3_Tc_007.wav,validation
193,7b3,Tc,COPD,3,train,/Users/vs/Sem 5/Respiratory-Disease-Classification/data/processed/audio/cycles/193/7b3_Tc_008.wav,validation
194,1b1,Lr,Healthy,4,test,/Users/vs/Sem 5/Respiratory-Disease-Classification/data/processed/audio/cycles/194/1b1_Lr_001.wav,train
194,1b1,Lr,Healthy,4,test,/Users/vs/Sem 5/Respiratory-Disease-Classification/data/processed/audio/cycles/194/1b1_Lr_002.wav,train
194,1b1,Lr,Healthy,4,test,/Users/vs/Sem 5/Respiratory-Disease-Classification/data/processed/audio/cycles/194/1b1_Lr_003.wav,train
194,1b1,Lr,Healthy,4,test,/Users/vs/Sem 5/Respiratory-Disease-Classification/data/processed/audio/cycles/194/1b1_Lr_004.wav,train
194,1b1,Lr,Healthy,4,test,/Users/vs/Sem 5/Respiratory-Disease-Classification/data/processed/audio/cycles/194/1b1_Lr_005.wav,train
194,1b1,Lr,Healthy,4,test,/Users/vs/Sem 5/Respiratory-Disease-Classification/data/processed/audio/cycles/194/1b1_Lr_006.wav,train
194,1b1,Lr,Healthy,4,test,/Users/vs/Sem 5/Respiratory-Disease-Classification/data/processed/audio/cycles/194/1b1_Lr_007.wav,train
194,1b1,Lr,Healthy,4,test,/Users/vs/Sem 5/Respiratory-Disease-Classification/data/processed/audio/cycles/194/1b1_Lr_008.wav,train
194,1b1,Lr,Healthy,4,test,/Users/vs/Sem 5/Respiratory-Disease-Classification/data/processed/audio/cycles/194/1b1_Lr_009.wav,train
194,1b1,Pr,Healthy,4,test,/Users/vs/Sem 5/Respiratory-Disease-Classification/data/processed/audio/cycles/194/1b1_Pr_001.wav,train
194,1b1,Pr,Healthy,4,test,/Users/vs/Sem 5/Respiratory-Disease-Classification/data/processed/audio/cycles/194/1b1_Pr_002.wav,train
194,1b1,Pr,Healthy,4,test,/Users/vs/Sem 5/Respiratory-Disease-Classification/data/processed/audio/cycles/194/1b1_Pr_003.wav,train
194,1b1,Pr,Healthy,4,test,/Users/vs/Sem 5/Respiratory-Disease-Classification/data/processed/audio/cycles/194/1b1_Pr_004.wav,train
194,1b1,Pr,Healthy,4,test,/Users/vs/Sem 5/Respiratory-Disease-Classification/data/processed/audio/cycles/194/1b1_Pr_005.wav,train
194,1b1,Pr,Healthy,4,test,/Users/vs/Sem 5/Respiratory-Disease-Classification/data/processed/audio/cycles/194/1b1_Pr_006.wav,train
194,1b1,Pr,Healthy,4,test,/Users/vs/Sem 5/Respiratory-Disease-Classification/data/processed/audio/cycles/194/1b1_Pr_007.wav,train
194,1b1,Pr,Healthy,4,test,/Users/vs/Sem 5/Respiratory-Disease-Classification/data/processed/audio/cycles/194/1b1_Pr_008.wav,train
194,1b1,Pr,Healthy,4,test,/Users/vs/Sem 5/Respiratory-Disease-Classification/data/processed/audio/cycles/194/1b1_Pr_009.wav,train
195,1b1,Al,COPD,3,test,/Users/vs/Sem 5/Respiratory-Disease-Classification/data/processed/audio/cycles/195/1b1_Al_001.wav,train
195,1b1,Al,COPD,3,test,/Users/vs/Sem 5/Respiratory-Disease-Classification/data/processed/audio/cycles/195/1b1_Al_002.wav,train
195,1b1,Al,COPD,3,test,/Users/vs/Sem 5/Respiratory-Disease-Classification/data/processed/audio/cycles/195/1b1_Al_003.wav,train
195,1b1,Al,COPD,3,test,/Users/vs/Sem 5/Respiratory-Disease-Classification/data/processed/audio/cycles/195/1b1_Al_004.wav,train
195,1b1,Al,COPD,3,test,/Users/vs/Sem 5/Respiratory-Disease-Classification/data/processed/audio/cycles/195/1b1_Al_005.wav,train
195,1b1,Al,COPD,3,test,/Users/vs/Sem 5/Respiratory-Disease-Classification/data/processed/audio/cycles/195/1b1_Al_006.wav,train
195,1b1,Al,COPD,3,test,/Users/vs/Sem 5/Respiratory-Disease-Classification/data/processed/audio/cycles/195/1b1_Al_007.wav,train
195,1b1,Al,COPD,3,test,/Users/vs/Sem 5/Respiratory-Disease-Classification/data/processed/audio/cycles/195/1b1_Al_008.wav,train
195,1b1,Al,COPD,3,test,/Users/vs/Sem 5/Respiratory-Disease-Classification/data/processed/audio/cycles/195/1b1_Al_009.wav,train
195,1b1,Al,COPD,3,test,/Users/vs/Sem 5/Respiratory-Disease-Classification/data/processed/audio/cycles/195/1b1_Al_010.wav,train
195,1b1,Al,COPD,3,test,/Users/vs/Sem 5/Respiratory-Disease-Classification/data/processed/audio/cycles/195/1b1_Al_011.wav,train
195,1b1,Al,COPD,3,test,/Users/vs/Sem 5/Respiratory-Disease-Classification/data/processed/audio/cycles/195/1b1_Al_012.wav,train
195,1b1,Ar,COPD,3,test,/Users/vs/Sem 5/Respiratory-Disease-Classification/data/processed/audio/cycles/195/1b1_Ar_001.wav,train
195,1b1,Ar,COPD,3,test,/Users/vs/Sem 5/Respiratory-Disease-Classification/data/processed/audio/cycles/195/1b1_Ar_002.wav,train
195,1b1,Ar,COPD,3,test,/Users/vs/Sem 5/Respiratory-Disease-Classification/data/processed/audio/cycles/195/1b1_Ar_003.wav,train
195,1b1,Ar,COPD,3,test,/Users/vs/Sem 5/Respiratory-Disease-Classification/data/processed/audio/cycles/195/1b1_Ar_004.wav,train
195,1b1,Ar,COPD,3,test,/Users/vs/Sem 5/Respiratory-Disease-Classification/data/processed/audio/cycles/195/1b1_Ar_005.wav,train
195,1b1,Ar,COPD,3,test,/Users/vs/Sem 5/Respiratory-Disease-Classification/data/processed/audio/cycles/195/1b1_Ar_006.wav,train
195,1b1,Ar,COPD,3,test,/Users/vs/Sem 5/Respiratory-Disease-Classification/data/processed/audio/cycles/195/1b1_Ar_007.wav,train
195,1b1,Ar,COPD,3,test,/Users/vs/Sem 5/Respiratory-Disease-Classification/data/processed/audio/cycles/195/1b1_Ar_008.wav,train
195,1b1,Ar,COPD,3,test,/Users/vs/Sem 5/Respiratory-Disease-Classification/data/processed/audio/cycles/195/1b1_Ar_009.wav,train
195,1b1,Ar,COPD,3,test,/Users/vs/Sem 5/Respiratory-Disease-Classification/data/processed/audio/cycles/195/1b1_Ar_010.wav,train
195,1b1,Ar,COPD,3,test,/Users/vs/Sem 5/Respiratory-Disease-Classification/data/processed/audio/cycles/195/1b1_Ar_011.wav,train
195,1b1,Ar,COPD,3,test,/Users/vs/Sem 5/Respiratory-Disease-Classification/data/processed/audio/cycles/195/1b1_Ar_012.wav,train
195,1b1,Ar,COPD,3,test,/Users/vs/Sem 5/Respiratory-Disease-Classification/data/processed/audio/cycles/195/1b1_Ar_013.wav,train
195,1b1,Ar,COPD,3,test,/Users/vs/Sem 5/Respiratory-Disease-Classification/data/processed/audio/cycles/195/1b1_Ar_014.wav,train
195,1b1,Ar,COPD,3,test,/Users/vs/Sem 5/Respiratory-Disease-Classification/data/processed/audio/cycles/195/1b1_Ar_015.wav,train
195,1b1,Ar,COPD,3,test,/Users/vs/Sem 5/Respiratory-Disease-Classification/data/processed/audio/cycles/195/1b1_Ar_016.wav,train
195,1b1,Ar,COPD,3,test,/Users/vs/Sem 5/Respiratory-Disease-Classification/data/processed/audio/cycles/195/1b1_Ar_017.wav,train
195,1b1,Ll,COPD,3,test,/Users/vs/Sem 5/Respiratory-Disease-Classification/data/processed/audio/cycles/195/1b1_Ll_001.wav,train
195,1b1,Ll,COPD,3,test,/Users/vs/Sem 5/Respiratory-Disease-Classification/data/processed/audio/cycles/195/1b1_Ll_002.wav,train
195,1b1,Ll,COPD,3,test,/Users/vs/Sem 5/Respiratory-Disease-Classification/data/processed/audio/cycles/195/1b1_Ll_003.wav,train
195,1b1,Ll,COPD,3,test,/Users/vs/Sem 5/Respiratory-Disease-Classification/data/processed/audio/cycles/195/1b1_Ll_004.wav,train
195,1b1,Ll,COPD,3,test,/Users/vs/Sem 5/Respiratory-Disease-Classification/data/processed/audio/cycles/195/1b1_Ll_005.wav,train
195,1b1,Ll,COPD,3,test,/Users/vs/Sem 5/Respiratory-Disease-Classification/data/processed/audio/cycles/195/1b1_Ll_006.wav,train
195,1b1,Ll,COPD,3,test,/Users/vs/Sem 5/Respiratory-Disease-Classification/data/processed/audio/cycles/195/1b1_Ll_007.wav,train
195,1b1,Ll,COPD,3,test,/Users/vs/Sem 5/Respiratory-Disease-Classification/data/processed/audio/cycles/195/1b1_Ll_008.wav,train
195,1b1,Ll,COPD,3,test,/Users/vs/Sem 5/Respiratory-Disease-Classification/data/processed/audio/cycles/195/1b1_Ll_009.wav,train
195,1b1,Ll,COPD,3,test,/Users/vs/Sem 5/Respiratory-Disease-Classification/data/processed/audio/cycles/195/1b1_Ll_010.wav,train
195,1b1,Ll,COPD,3,test,/Users/vs/Sem 5/Respiratory-Disease-Classification/data/processed/audio/cycles/195/1b1_Ll_011.wav,train
195,1b1,Lr,COPD,3,test,/Users/vs/Sem 5/Respiratory-Disease-Classification/data/processed/audio/cycles/195/1b1_Lr_001.wav,train
195,1b1,Lr,COPD,3,test,/Users/vs/Sem 5/Respiratory-Disease-Classification/data/processed/audio/cycles/195/1b1_Lr_002.wav,train
195,1b1,Lr,COPD,3,test,/Users/vs/Sem 5/Respiratory-Disease-Classification/data/processed/audio/cycles/195/1b1_Lr_003.wav,train
195,1b1,Lr,COPD,3,test,/Users/vs/Sem 5/Respiratory-Disease-Classification/data/processed/audio/cycles/195/1b1_Lr_004.wav,train
195,1b1,Lr,COPD,3,test,/Users/vs/Sem 5/Respiratory-Disease-Classification/data/processed/audio/cycles/195/1b1_Lr_005.wav,train
195,1b1,Lr,COPD,3,test,/Users/vs/Sem 5/Respiratory-Disease-Classification/data/processed/audio/cycles/195/1b1_Lr_006.wav,train
195,1b1,Lr,COPD,3,test,/Users/vs/Sem 5/Respiratory-Disease-Classification/data/processed/audio/cycles/195/1b1_Lr_007.wav,train
195,1b1,Lr,COPD,3,test,/Users/vs/Sem 5/Respiratory-Disease-Classification/data/processed/audio/cycles/195/1b1_Lr_008.wav,train
195,1b1,Lr,COPD,3,test,/Users/vs/Sem 5/Respiratory-Disease-Classification/data/processed/audio/cycles/195/1b1_Lr_009.wav,train
195,1b1,Pl,COPD,3,test,/Users/vs/Sem 5/Respiratory-Disease-Classification/data/processed/audio/cycles/195/1b1_Pl_001.wav,train
195,1b1,Pl,COPD,3,test,/Users/vs/Sem 5/Respiratory-Disease-Classification/data/processed/audio/cycles/195/1b1_Pl_002.wav,train
195,1b1,Pl,COPD,3,test,/Users/vs/Sem 5/Respiratory-Disease-Classification/data/processed/audio/cycles/195/1b1_Pl_003.wav,train
195,1b1,Pl,COPD,3,test,/Users/vs/Sem 5/Respiratory-Disease-Classification/data/processed/audio/cycles/195/1b1_Pl_004.wav,train
195,1b1,Pl,COPD,3,test,/Users/vs/Sem 5/Respiratory-Disease-Classification/data/processed/audio/cycles/195/1b1_Pl_005.wav,train
195,1b1,Pl,COPD,3,test,/Users/vs/Sem 5/Respiratory-Disease-Classification/data/processed/audio/cycles/195/1b1_Pl_006.wav,train
195,1b1,Pl,COPD,3,test,/Users/vs/Sem 5/Respiratory-Disease-Classification/data/processed/audio/cycles/195/1b1_Pl_007.wav,train
195,1b1,Pl,COPD,3,test,/Users/vs/Sem 5/Respiratory-Disease-Classification/data/processed/audio/cycles/195/1b1_Pl_008.wav,train
195,1b1,Pl,COPD,3,test,/Users/vs/Sem 5/Respiratory-Disease-Classification/data/processed/audio/cycles/195/1b1_Pl_009.wav,train
195,1b1,Pr,COPD,3,test,/Users/vs/Sem 5/Respiratory-Disease-Classification/data/processed/audio/cycles/195/1b1_Pr_001.wav,train
195,1b1,Pr,COPD,3,test,/Users/vs/Sem 5/Respiratory-Disease-Classification/data/processed/audio/cycles/195/1b1_Pr_002.wav,train
195,1b1,Pr,COPD,3,test,/Users/vs/Sem 5/Respiratory-Disease-Classification/data/processed/audio/cycles/195/1b1_Pr_003.wav,train
195,1b1,Pr,COPD,3,test,/Users/vs/Sem 5/Respiratory-Disease-Classification/data/processed/audio/cycles/195/1b1_Pr_004.wav,train
195,1b1,Pr,COPD,3,test,/Users/vs/Sem 5/Respiratory-Disease-Classification/data/processed/audio/cycles/195/1b1_Pr_005.wav,train
195,1b1,Pr,COPD,3,test,/Users/vs/Sem 5/Respiratory-Disease-Classification/data/processed/audio/cycles/195/1b1_Pr_006.wav,train
195,1b1,Pr,COPD,3,test,/Users/vs/Sem 5/Respiratory-Disease-Classification/data/processed/audio/cycles/195/1b1_Pr_007.wav,train
195,1b1,Pr,COPD,3,test,/Users/vs/Sem 5/Respiratory-Disease-Classification/data/processed/audio/cycles/195/1b1_Pr_008.wav,train
195,1b1,Pr,COPD,3,test,/Users/vs/Sem 5/Respiratory-Disease-Classification/data/processed/audio/cycles/195/1b1_Pr_009.wav,train
195,1b1,Pr,COPD,3,test,/Users/vs/Sem 5/Respiratory-Disease-Classification/data/processed/audio/cycles/195/1b1_Pr_010.wav,train
195,1b1,Pr,COPD,3,test,/Users/vs/Sem 5/Respiratory-Disease-Classification/data/processed/audio/cycles/195/1b1_Pr_011.wav,train
195,1b1,Pr,COPD,3,test,/Users/vs/Sem 5/Respiratory-Disease-Classification/data/processed/audio/cycles/195/1b1_Pr_012.wav,train
195,1b1,Pr,COPD,3,test,/Users/vs/Sem 5/Respiratory-Disease-Classification/data/processed/audio/cycles/195/1b1_Pr_013.wav,train
195,1b1,Pr,COPD,3,test,/Users/vs/Sem 5/Respiratory-Disease-Classification/data/processed/audio/cycles/195/1b1_Pr_014.wav,train
195,1b1,Pr,COPD,3,test,/Users/vs/Sem 5/Respiratory-Disease-Classification/data/processed/audio/cycles/195/1b1_Pr_015.wav,train
195,1b1,Pr,COPD,3,test,/Users/vs/Sem 5/Respiratory-Disease-Classification/data/processed/audio/cycles/195/1b1_Pr_016.wav,train
195,1b1,Pr,COPD,3,test,/Users/vs/Sem 5/Respiratory-Disease-Classification/data/processed/audio/cycles/195/1b1_Pr_017.wav,train
196,1b1,Pr,Bronchiectasis,1,train,/Users/vs/Sem 5/Respiratory-Disease-Classification/data/processed/audio/cycles/196/1b1_Pr_001.wav,test
196,1b1,Pr,Bronchiectasis,1,train,/Users/vs/Sem 5/Respiratory-Disease-Classification/data/processed/audio/cycles/196/1b1_Pr_002.wav,test
196,1b1,Pr,Bronchiectasis,1,train,/Users/vs/Sem 5/Respiratory-Disease-Classification/data/processed/audio/cycles/196/1b1_Pr_003.wav,test
196,1b1,Pr,Bronchiectasis,1,train,/Users/vs/Sem 5/Respiratory-Disease-Classification/data/processed/audio/cycles/196/1b1_Pr_004.wav,test
196,1b1,Pr,Bronchiectasis,1,train,/Users/vs/Sem 5/Respiratory-Disease-Classification/data/processed/audio/cycles/196/1b1_Pr_005.wav,test
196,1b1,Pr,Bronchiectasis,1,train,/Users/vs/Sem 5/Respiratory-Disease-Classification/data/processed/audio/cycles/196/1b1_Pr_006.wav,test
197,1b1,Al,URTI,7,train,/Users/vs/Sem 5/Respiratory-Disease-Classification/data/processed/audio/cycles/197/1b1_Al_001.wav,train
197,1b1,Al,URTI,7,train,/Users/vs/Sem 5/Respiratory-Disease-Classification/data/processed/audio/cycles/197/1b1_Al_002.wav,train
197,1b1,Al,URTI,7,train,/Users/vs/Sem 5/Respiratory-Disease-Classification/data/processed/audio/cycles/197/1b1_Al_003.wav,train
197,1b1,Tc,URTI,7,train,/Users/vs/Sem 5/Respiratory-Disease-Classification/data/processed/audio/cycles/197/1b1_Tc_001.wav,train
197,1b1,Tc,URTI,7,train,/Users/vs/Sem 5/Respiratory-Disease-Classification/data/processed/audio/cycles/197/1b1_Tc_002.wav,train
197,1b1,Tc,URTI,7,train,/Users/vs/Sem 5/Respiratory-Disease-Classification/data/processed/audio/cycles/197/1b1_Tc_003.wav,train
197,1b1,Tc,URTI,7,train,/Users/vs/Sem 5/Respiratory-Disease-Classification/data/processed/audio/cycles/197/1b1_Tc_004.wav,train
197,1b1,Tc,URTI,7,train,/Users/vs/Sem 5/Respiratory-Disease-Classification/data/processed/audio/cycles/197/1b1_Tc_005.wav,train
198,1b5,Al,COPD,3,test,/Users/vs/Sem 5/Respiratory-Disease-Classification/data/processed/audio/cycles/198/1b5_Al_001.wav,train
198,1b5,Al,COPD,3,test,/Users/vs/Sem 5/Respiratory-Disease-Classification/data/processed/audio/cycles/198/1b5_Al_002.wav,train
198,1b5,Al,COPD,3,test,/Users/vs/Sem 5/Respiratory-Disease-Classification/data/processed/audio/cycles/198/1b5_Al_003.wav,train
198,1b5,Al,COPD,3,test,/Users/vs/Sem 5/Respiratory-Disease-Classification/data/processed/audio/cycles/198/1b5_Al_004.wav,train
198,1b5,Al,COPD,3,test,/Users/vs/Sem 5/Respiratory-Disease-Classification/data/processed/audio/cycles/198/1b5_Al_005.wav,train
198,1b5,Al,COPD,3,test,/Users/vs/Sem 5/Respiratory-Disease-Classification/data/processed/audio/cycles/198/1b5_Al_006.wav,train
198,1b5,Al,COPD,3,test,/Users/vs/Sem 5/Respiratory-Disease-Classification/data/processed/audio/cycles/198/1b5_Al_007.wav,train
198,1b5,Ar,COPD,3,test,/Users/vs/Sem 5/Respiratory-Disease-Classification/data/processed/audio/cycles/198/1b5_Ar_001.wav,train
198,1b5,Ar,COPD,3,test,/Users/vs/Sem 5/Respiratory-Disease-Classification/data/processed/audio/cycles/198/1b5_Ar_002.wav,train
198,1b5,Ar,COPD,3,test,/Users/vs/Sem 5/Respiratory-Disease-Classification/data/processed/audio/cycles/198/1b5_Ar_003.wav,train
198,1b5,Ar,COPD,3,test,/Users/vs/Sem 5/Respiratory-Disease-Classification/data/processed/audio/cycles/198/1b5_Ar_004.wav,train
198,1b5,Ar,COPD,3,test,/Users/vs/Sem 5/Respiratory-Disease-Classification/data/processed/audio/cycles/198/1b5_Ar_005.wav,train
198,1b5,Ar,COPD,3,test,/Users/vs/Sem 5/Respiratory-Disease-Classification/data/processed/audio/cycles/198/1b5_Ar_006.wav,train
198,1b5,Ar,COPD,3,test,/Users/vs/Sem 5/Respiratory-Disease-Classification/data/processed/audio/cycles/198/1b5_Ar_007.wav,train
198,1b5,Ll,COPD,3,test,/Users/vs/Sem 5/Respiratory-Disease-Classification/data/processed/audio/cycles/198/1b5_Ll_001.wav,train
198,1b5,Ll,COPD,3,test,/Users/vs/Sem 5/Respiratory-Disease-Classification/data/processed/audio/cycles/198/1b5_Ll_002.wav,train
198,1b5,Ll,COPD,3,test,/Users/vs/Sem 5/Respiratory-Disease-Classification/data/processed/audio/cycles/198/1b5_Ll_003.wav,train
198,1b5,Ll,COPD,3,test,/Users/vs/Sem 5/Respiratory-Disease-Classification/data/processed/audio/cycles/198/1b5_Ll_004.wav,train
198,1b5,Ll,COPD,3,test,/Users/vs/Sem 5/Respiratory-Disease-Classification/data/processed/audio/cycles/198/1b5_Ll_005.wav,train
198,1b5,Ll,COPD,3,test,/Users/vs/Sem 5/Respiratory-Disease-Classification/data/processed/audio/cycles/198/1b5_Ll_006.wav,train
198,1b5,Ll,COPD,3,test,/Users/vs/Sem 5/Respiratory-Disease-Classification/data/processed/audio/cycles/198/1b5_Ll_007.wav,train
198,1b5,Lr,COPD,3,test,/Users/vs/Sem 5/Respiratory-Disease-Classification/data/processed/audio/cycles/198/1b5_Lr_001.wav,train
198,1b5,Lr,COPD,3,test,/Users/vs/Sem 5/Respiratory-Disease-Classification/data/processed/audio/cycles/198/1b5_Lr_002.wav,train
198,1b5,Lr,COPD,3,test,/Users/vs/Sem 5/Respiratory-Disease-Classification/data/processed/audio/cycles/198/1b5_Lr_003.wav,train
198,1b5,Lr,COPD,3,test,/Users/vs/Sem 5/Respiratory-Disease-Classification/data/processed/audio/cycles/198/1b5_Lr_004.wav,train
198,1b5,Lr,COPD,3,test,/Users/vs/Sem 5/Respiratory-Disease-Classification/data/processed/audio/cycles/198/1b5_Lr_005.wav,train
198,1b5,Lr,COPD,3,test,/Users/vs/Sem 5/Respiratory-Disease-Classification/data/processed/audio/cycles/198/1b5_Lr_006.wav,train
198,1b5,Lr,COPD,3,test,/Users/vs/Sem 5/Respiratory-Disease-Classification/data/processed/audio/cycles/198/1b5_Lr_007.wav,train
198,1b5,Pl,COPD,3,test,/Users/vs/Sem 5/Respiratory-Disease-Classification/data/processed/audio/cycles/198/1b5_Pl_001.wav,train
198,1b5,Pl,COPD,3,test,/Users/vs/Sem 5/Respiratory-Disease-Classification/data/processed/audio/cycles/198/1b5_Pl_002.wav,train
198,1b5,Pl,COPD,3,test,/Users/vs/Sem 5/Respiratory-Disease-Classification/data/processed/audio/cycles/198/1b5_Pl_003.wav,train
198,1b5,Pl,COPD,3,test,/Users/vs/Sem 5/Respiratory-Disease-Classification/data/processed/audio/cycles/198/1b5_Pl_004.wav,train
198,1b5,Pl,COPD,3,test,/Users/vs/Sem 5/Respiratory-Disease-Classification/data/processed/audio/cycles/198/1b5_Pl_005.wav,train
198,1b5,Pl,COPD,3,test,/Users/vs/Sem 5/Respiratory-Disease-Classification/data/processed/audio/cycles/198/1b5_Pl_006.wav,train
198,1b5,Pl,COPD,3,test,/Users/vs/Sem 5/Respiratory-Disease-Classification/data/processed/audio/cycles/198/1b5_Pl_007.wav,train
198,1b5,Pr,COPD,3,test,/Users/vs/Sem 5/Respiratory-Disease-Classification/data/processed/audio/cycles/198/1b5_Pr_001.wav,train
198,1b5,Pr,COPD,3,test,/Users/vs/Sem 5/Respiratory-Disease-Classification/data/processed/audio/cycles/198/1b5_Pr_002.wav,train
198,1b5,Pr,COPD,3,test,/Users/vs/Sem 5/Respiratory-Disease-Classification/data/processed/audio/cycles/198/1b5_Pr_003.wav,train
198,1b5,Pr,COPD,3,test,/Users/vs/Sem 5/Respiratory-Disease-Classification/data/processed/audio/cycles/198/1b5_Pr_004.wav,train
198,1b5,Pr,COPD,3,test,/Users/vs/Sem 5/Respiratory-Disease-Classification/data/processed/audio/cycles/198/1b5_Pr_005.wav,train
198,1b5,Pr,COPD,3,test,/Users/vs/Sem 5/Respiratory-Disease-Classification/data/processed/audio/cycles/198/1b5_Pr_006.wav,train
198,1b5,Pr,COPD,3,test,/Users/vs/Sem 5/Respiratory-Disease-Classification/data/processed/audio/cycles/198/1b5_Pr_007.wav,train
198,1b5,Tc,COPD,3,test,/Users/vs/Sem 5/Respiratory-Disease-Classification/data/processed/audio/cycles/198/1b5_Tc_001.wav,train
198,1b5,Tc,COPD,3,test,/Users/vs/Sem 5/Respiratory-Disease-Classification/data/processed/audio/cycles/198/1b5_Tc_002.wav,train
198,1b5,Tc,COPD,3,test,/Users/vs/Sem 5/Respiratory-Disease-Classification/data/processed/audio/cycles/198/1b5_Tc_003.wav,train
198,1b5,Tc,COPD,3,test,/Users/vs/Sem 5/Respiratory-Disease-Classification/data/processed/audio/cycles/198/1b5_Tc_004.wav,train
198,1b5,Tc,COPD,3,test,/Users/vs/Sem 5/Respiratory-Disease-Classification/data/processed/audio/cycles/198/1b5_Tc_005.wav,train
198,1b5,Tc,COPD,3,test,/Users/vs/Sem 5/Respiratory-Disease-Classification/data/processed/audio/cycles/198/1b5_Tc_006.wav,train
198,1b5,Tc,COPD,3,test,/Users/vs/Sem 5/Respiratory-Disease-Classification/data/processed/audio/cycles/198/1b5_Tc_007.wav,train
198,6p1,Al,COPD,3,test,/Users/vs/Sem 5/Respiratory-Disease-Classification/data/processed/audio/cycles/198/6p1_Al_001.wav,train
198,6p1,Al,COPD,3,test,/Users/vs/Sem 5/Respiratory-Disease-Classification/data/processed/audio/cycles/198/6p1_Al_002.wav,train
198,6p1,Al,COPD,3,test,/Users/vs/Sem 5/Respiratory-Disease-Classification/data/processed/audio/cycles/198/6p1_Al_003.wav,train
198,6p1,Al,COPD,3,test,/Users/vs/Sem 5/Respiratory-Disease-Classification/data/processed/audio/cycles/198/6p1_Al_004.wav,train
198,6p1,Al,COPD,3,test,/Users/vs/Sem 5/Respiratory-Disease-Classification/data/processed/audio/cycles/198/6p1_Al_005.wav,train
198,6p1,Al,COPD,3,test,/Users/vs/Sem 5/Respiratory-Disease-Classification/data/processed/audio/cycles/198/6p1_Al_006.wav,train
198,6p1,Al,COPD,3,test,/Users/vs/Sem 5/Respiratory-Disease-Classification/data/processed/audio/cycles/198/6p1_Al_007.wav,train
198,6p1,Ar,COPD,3,test,/Users/vs/Sem 5/Respiratory-Disease-Classification/data/processed/audio/cycles/198/6p1_Ar_001.wav,train
198,6p1,Ar,COPD,3,test,/Users/vs/Sem 5/Respiratory-Disease-Classification/data/processed/audio/cycles/198/6p1_Ar_002.wav,train
198,6p1,Ar,COPD,3,test,/Users/vs/Sem 5/Respiratory-Disease-Classification/data/processed/audio/cycles/198/6p1_Ar_003.wav,train
198,6p1,Ar,COPD,3,test,/Users/vs/Sem 5/Respiratory-Disease-Classification/data/processed/audio/cycles/198/6p1_Ar_004.wav,train
198,6p1,Ar,COPD,3,test,/Users/vs/Sem 5/Respiratory-Disease-Classification/data/processed/audio/cycles/198/6p1_Ar_005.wav,train
198,6p1,Ar,COPD,3,test,/Users/vs/Sem 5/Respiratory-Disease-Classification/data/processed/audio/cycles/198/6p1_Ar_006.wav,train
198,6p1,Ll,COPD,3,test,/Users/vs/Sem 5/Respiratory-Disease-Classification/data/processed/audio/cycles/198/6p1_Ll_001.wav,train
198,6p1,Ll,COPD,3,test,/Users/vs/Sem 5/Respiratory-Disease-Classification/data/processed/audio/cycles/198/6p1_Ll_002.wav,train
198,6p1,Ll,COPD,3,test,/Users/vs/Sem 5/Respiratory-Disease-Classification/data/processed/audio/cycles/198/6p1_Ll_003.wav,train
198,6p1,Ll,COPD,3,test,/Users/vs/Sem 5/Respiratory-Disease-Classification/data/processed/audio/cycles/198/6p1_Ll_004.wav,train
198,6p1,Ll,COPD,3,test,/Users/vs/Sem 5/Respiratory-Disease-Classification/data/processed/audio/cycles/198/6p1_Ll_005.wav,train
198,6p1,Ll,COPD,3,test,/Users/vs/Sem 5/Respiratory-Disease-Classification/data/processed/audio/cycles/198/6p1_Ll_006.wav,train
198,6p1,Ll,COPD,3,test,/Users/vs/Sem 5/Respiratory-Disease-Classification/data/processed/audio/cycles/198/6p1_Ll_007.wav,train
198,6p1,Lr,COPD,3,test,/Users/vs/Sem 5/Respiratory-Disease-Classification/data/processed/audio/cycles/198/6p1_Lr_001.wav,train
198,6p1,Lr,COPD,3,test,/Users/vs/Sem 5/Respiratory-Disease-Classification/data/processed/audio/cycles/198/6p1_Lr_002.wav,train
198,6p1,Lr,COPD,3,test,/Users/vs/Sem 5/Respiratory-Disease-Classification/data/processed/audio/cycles/198/6p1_Lr_003.wav,train
198,6p1,Lr,COPD,3,test,/Users/vs/Sem 5/Respiratory-Disease-Classification/data/processed/audio/cycles/198/6p1_Lr_004.wav,train
198,6p1,Lr,COPD,3,test,/Users/vs/Sem 5/Respiratory-Disease-Classification/data/processed/audio/cycles/198/6p1_Lr_005.wav,train
198,6p1,Lr,COPD,3,test,/Users/vs/Sem 5/Respiratory-Disease-Classification/data/processed/audio/cycles/198/6p1_Lr_006.wav,train
198,6p1,Lr,COPD,3,test,/Users/vs/Sem 5/Respiratory-Disease-Classification/data/processed/audio/cycles/198/6p1_Lr_007.wav,train
198,6p1,Pl,COPD,3,test,/Users/vs/Sem 5/Respiratory-Disease-Classification/data/processed/audio/cycles/198/6p1_Pl_001.wav,train
198,6p1,Pl,COPD,3,test,/Users/vs/Sem 5/Respiratory-Disease-Classification/data/processed/audio/cycles/198/6p1_Pl_002.wav,train
198,6p1,Pl,COPD,3,test,/Users/vs/Sem 5/Respiratory-Disease-Classification/data/processed/audio/cycles/198/6p1_Pl_003.wav,train
198,6p1,Pl,COPD,3,test,/Users/vs/Sem 5/Respiratory-Disease-Classification/data/processed/audio/cycles/198/6p1_Pl_004.wav,train
198,6p1,Pl,COPD,3,test,/Users/vs/Sem 5/Respiratory-Disease-Classification/data/processed/audio/cycles/198/6p1_Pl_005.wav,train
198,6p1,Pl,COPD,3,test,/Users/vs/Sem 5/Respiratory-Disease-Classification/data/processed/audio/cycles/198/6p1_Pl_006.wav,train
198,6p1,Pl,COPD,3,test,/Users/vs/Sem 5/Respiratory-Disease-Classification/data/processed/audio/cycles/198/6p1_Pl_007.wav,train
198,6p1,Pr,COPD,3,test,/Users/vs/Sem 5/Respiratory-Disease-Classification/data/processed/audio/cycles/198/6p1_Pr_001.wav,train
198,6p1,Pr,COPD,3,test,/Users/vs/Sem 5/Respiratory-Disease-Classification/data/processed/audio/cycles/198/6p1_Pr_002.wav,train
198,6p1,Pr,COPD,3,test,/Users/vs/Sem 5/Respiratory-Disease-Classification/data/processed/audio/cycles/198/6p1_Pr_003.wav,train
198,6p1,Pr,COPD,3,test,/Users/vs/Sem 5/Respiratory-Disease-Classification/data/processed/audio/cycles/198/6p1_Pr_004.wav,train
198,6p1,Pr,COPD,3,test,/Users/vs/Sem 5/Respiratory-Disease-Classification/data/processed/audio/cycles/198/6p1_Pr_005.wav,train
198,6p1,Pr,COPD,3,test,/Users/vs/Sem 5/Respiratory-Disease-Classification/data/processed/audio/cycles/198/6p1_Pr_006.wav,train
198,6p1,Pr,COPD,3,test,/Users/vs/Sem 5/Respiratory-Disease-Classification/data/processed/audio/cycles/198/6p1_Pr_007.wav,train
198,6p1,Tc,COPD,3,test,/Users/vs/Sem 5/Respiratory-Disease-Classification/data/processed/audio/cycles/198/6p1_Tc_001.wav,train
198,6p1,Tc,COPD,3,test,/Users/vs/Sem 5/Respiratory-Disease-Classification/data/processed/audio/cycles/198/6p1_Tc_002.wav,train
198,6p1,Tc,COPD,3,test,/Users/vs/Sem 5/Respiratory-Disease-Classification/data/processed/audio/cycles/198/6p1_Tc_003.wav,train
198,6p1,Tc,COPD,3,test,/Users/vs/Sem 5/Respiratory-Disease-Classification/data/processed/audio/cycles/198/6p1_Tc_004.wav,train
198,6p1,Tc,COPD,3,test,/Users/vs/Sem 5/Respiratory-Disease-Classification/data/processed/audio/cycles/198/6p1_Tc_005.wav,train
198,6p1,Tc,COPD,3,test,/Users/vs/Sem 5/Respiratory-Disease-Classification/data/processed/audio/cycles/198/6p1_Tc_006.wav,train
198,6p1,Tc,COPD,3,test,/Users/vs/Sem 5/Respiratory-Disease-Classification/data/processed/audio/cycles/198/6p1_Tc_007.wav,train
198,6p1,Tc,COPD,3,test,/Users/vs/Sem 5/Respiratory-Disease-Classification/data/processed/audio/cycles/198/6p1_Tc_008.wav,train
199,2b1,Ll,COPD,3,train,/Users/vs/Sem 5/Respiratory-Disease-Classification/data/processed/audio/cycles/199/2b1_Ll_001.wav,train
199,2b1,Ll,COPD,3,train,/Users/vs/Sem 5/Respiratory-Disease-Classification/data/processed/audio/cycles/199/2b1_Ll_002.wav,train
199,2b1,Ll,COPD,3,train,/Users/vs/Sem 5/Respiratory-Disease-Classification/data/processed/audio/cycles/199/2b1_Ll_003.wav,train
199,2b1,Ll,COPD,3,train,/Users/vs/Sem 5/Respiratory-Disease-Classification/data/processed/audio/cycles/199/2b1_Ll_004.wav,train
199,2b1,Ll,COPD,3,train,/Users/vs/Sem 5/Respiratory-Disease-Classification/data/processed/audio/cycles/199/2b1_Ll_005.wav,train
199,2b1,Ll,COPD,3,train,/Users/vs/Sem 5/Respiratory-Disease-Classification/data/processed/audio/cycles/199/2b1_Ll_006.wav,train
199,2b1,Ll,COPD,3,train,/Users/vs/Sem 5/Respiratory-Disease-Classification/data/processed/audio/cycles/199/2b1_Ll_007.wav,train
199,2b1,Ll,COPD,3,train,/Users/vs/Sem 5/Respiratory-Disease-Classification/data/processed/audio/cycles/199/2b1_Ll_008.wav,train
199,2b1,Ll,COPD,3,train,/Users/vs/Sem 5/Respiratory-Disease-Classification/data/processed/audio/cycles/199/2b1_Ll_009.wav,train
199,2b3,Ll,COPD,3,train,/Users/vs/Sem 5/Respiratory-Disease-Classification/data/processed/audio/cycles/199/2b3_Ll_001.wav,train
199,2b3,Ll,COPD,3,train,/Users/vs/Sem 5/Respiratory-Disease-Classification/data/processed/audio/cycles/199/2b3_Ll_002.wav,train
199,2b3,Ll,COPD,3,train,/Users/vs/Sem 5/Respiratory-Disease-Classification/data/processed/audio/cycles/199/2b3_Ll_003.wav,train
199,2b3,Ll,COPD,3,train,/Users/vs/Sem 5/Respiratory-Disease-Classification/data/processed/audio/cycles/199/2b3_Ll_004.wav,train
199,2b3,Ll,COPD,3,train,/Users/vs/Sem 5/Respiratory-Disease-Classification/data/processed/audio/cycles/199/2b3_Ll_005.wav,train
199,2b3,Ll,COPD,3,train,/Users/vs/Sem 5/Respiratory-Disease-Classification/data/processed/audio/cycles/199/2b3_Ll_006.wav,train
199,2b3,Ll,COPD,3,train,/Users/vs/Sem 5/Respiratory-Disease-Classification/data/processed/audio/cycles/199/2b3_Ll_007.wav,train
199,2b3,Ll,COPD,3,train,/Users/vs/Sem 5/Respiratory-Disease-Classification/data/processed/audio/cycles/199/2b3_Ll_008.wav,train
199,2b3,Ll,COPD,3,train,/Users/vs/Sem 5/Respiratory-Disease-Classification/data/processed/audio/cycles/199/2b3_Ll_009.wav,train
200,2p2,Al,COPD,3,train,/Users/vs/Sem 5/Respiratory-Disease-Classification/data/processed/audio/cycles/200/2p2_Al_001.wav,train
200,2p2,Al,COPD,3,train,/Users/vs/Sem 5/Respiratory-Disease-Classification/data/processed/audio/cycles/200/2p2_Al_002.wav,train
200,2p2,Al,COPD,3,train,/Users/vs/Sem 5/Respiratory-Disease-Classification/data/processed/audio/cycles/200/2p2_Al_003.wav,train
200,2p2,Al,COPD,3,train,/Users/vs/Sem 5/Respiratory-Disease-Classification/data/processed/audio/cycles/200/2p2_Al_004.wav,train
200,2p2,Al,COPD,3,train,/Users/vs/Sem 5/Respiratory-Disease-Classification/data/processed/audio/cycles/200/2p2_Al_005.wav,train
200,2p2,Ar,COPD,3,train,/Users/vs/Sem 5/Respiratory-Disease-Classification/data/processed/audio/cycles/200/2p2_Ar_001.wav,train
200,2p2,Ar,COPD,3,train,/Users/vs/Sem 5/Respiratory-Disease-Classification/data/processed/audio/cycles/200/2p2_Ar_002.wav,train
200,2p2,Ar,COPD,3,train,/Users/vs/Sem 5/Respiratory-Disease-Classification/data/processed/audio/cycles/200/2p2_Ar_003.wav,train
200,2p2,Ar,COPD,3,train,/Users/vs/Sem 5/Respiratory-Disease-Classification/data/processed/audio/cycles/200/2p2_Ar_004.wav,train
200,2p2,Ar,COPD,3,train,/Users/vs/Sem 5/Respiratory-Disease-Classification/data/processed/audio/cycles/200/2p2_Ar_005.wav,train
200,2p2,Lr,COPD,3,train,/Users/vs/Sem 5/Respiratory-Disease-Classification/data/processed/audio/cycles/200/2p2_Lr_001.wav,train
200,2p2,Lr,COPD,3,train,/Users/vs/Sem 5/Respiratory-Disease-Classification/data/processed/audio/cycles/200/2p2_Lr_002.wav,train
200,2p2,Lr,COPD,3,train,/Users/vs/Sem 5/Respiratory-Disease-Classification/data/processed/audio/cycles/200/2p2_Lr_003.wav,train
200,2p2,Lr,COPD,3,train,/Users/vs/Sem 5/Respiratory-Disease-Classification/data/processed/audio/cycles/200/2p2_Lr_004.wav,train
200,2p2,Lr,COPD,3,train,/Users/vs/Sem 5/Respiratory-Disease-Classification/data/processed/audio/cycles/200/2p2_Lr_005.wav,train
200,2p2,Pl,COPD,3,train,/Users/vs/Sem 5/Respiratory-Disease-Classification/data/processed/audio/cycles/200/2p2_Pl_001.wav,train
200,2p2,Pl,COPD,3,train,/Users/vs/Sem 5/Respiratory-Disease-Classification/data/processed/audio/cycles/200/2p2_Pl_002.wav,train
200,2p2,Pl,COPD,3,train,/Users/vs/Sem 5/Respiratory-Disease-Classification/data/processed/audio/cycles/200/2p2_Pl_003.wav,train
200,2p2,Pl,COPD,3,train,/Users/vs/Sem 5/Respiratory-Disease-Classification/data/processed/audio/cycles/200/2p2_Pl_004.wav,train
200,2p2,Pl,COPD,3,train,/Users/vs/Sem 5/Respiratory-Disease-Classification/data/processed/audio/cycles/200/2p2_Pl_005.wav,train
200,2p2,Pr,COPD,3,train,/Users/vs/Sem 5/Respiratory-Disease-Classification/data/processed/audio/cycles/200/2p2_Pr_001.wav,train
200,2p2,Pr,COPD,3,train,/Users/vs/Sem 5/Respiratory-Disease-Classification/data/processed/audio/cycles/200/2p2_Pr_002.wav,train
200,2p2,Pr,COPD,3,train,/Users/vs/Sem 5/Respiratory-Disease-Classification/data/processed/audio/cycles/200/2p2_Pr_003.wav,train
200,2p2,Pr,COPD,3,train,/Users/vs/Sem 5/Respiratory-Disease-Classification/data/processed/audio/cycles/200/2p2_Pr_004.wav,train
200,2p2,Pr,COPD,3,train,/Users/vs/Sem 5/Respiratory-Disease-Classification/data/processed/audio/cycles/200/2p2_Pr_005.wav,train
200,2p2,Tc,COPD,3,train,/Users/vs/Sem 5/Respiratory-Disease-Classification/data/processed/audio/cycles/200/2p2_Tc_001.wav,train
200,2p2,Tc,COPD,3,train,/Users/vs/Sem 5/Respiratory-Disease-Classification/data/processed/audio/cycles/200/2p2_Tc_002.wav,train
200,2p2,Tc,COPD,3,train,/Users/vs/Sem 5/Respiratory-Disease-Classification/data/processed/audio/cycles/200/2p2_Tc_003.wav,train
200,2p2,Tc,COPD,3,train,/Users/vs/Sem 5/Respiratory-Disease-Classification/data/processed/audio/cycles/200/2p2_Tc_004.wav,train
200,2p2,Tc,COPD,3,train,/Users/vs/Sem 5/Respiratory-Disease-Classification/data/processed/audio/cycles/200/2p2_Tc_005.wav,train
200,2p3,Al,COPD,3,train,/Users/vs/Sem 5/Respiratory-Disease-Classification/data/processed/audio/cycles/200/2p3_Al_001.wav,train
200,2p3,Al,COPD,3,train,/Users/vs/Sem 5/Respiratory-Disease-Classification/data/processed/audio/cycles/200/2p3_Al_002.wav,train
200,2p3,Al,COPD,3,train,/Users/vs/Sem 5/Respiratory-Disease-Classification/data/processed/audio/cycles/200/2p3_Al_003.wav,train
200,2p3,Ar,COPD,3,train,/Users/vs/Sem 5/Respiratory-Disease-Classification/data/processed/audio/cycles/200/2p3_Ar_001.wav,train
200,2p3,Ar,COPD,3,train,/Users/vs/Sem 5/Respiratory-Disease-Classification/data/processed/audio/cycles/200/2p3_Ar_002.wav,train
200,2p3,Ar,COPD,3,train,/Users/vs/Sem 5/Respiratory-Disease-Classification/data/processed/audio/cycles/200/2p3_Ar_003.wav,train
200,2p3,Lr,COPD,3,train,/Users/vs/Sem 5/Respiratory-Disease-Classification/data/processed/audio/cycles/200/2p3_Lr_001.wav,train
200,2p3,Lr,COPD,3,train,/Users/vs/Sem 5/Respiratory-Disease-Classification/data/processed/audio/cycles/200/2p3_Lr_002.wav,train
200,2p3,Lr,COPD,3,train,/Users/vs/Sem 5/Respiratory-Disease-Classification/data/processed/audio/cycles/200/2p3_Lr_003.wav,train
200,2p3,Pl,COPD,3,train,/Users/vs/Sem 5/Respiratory-Disease-Classification/data/processed/audio/cycles/200/2p3_Pl_001.wav,train
200,2p3,Pl,COPD,3,train,/Users/vs/Sem 5/Respiratory-Disease-Classification/data/processed/audio/cycles/200/2p3_Pl_002.wav,train
200,2p3,Pl,COPD,3,train,/Users/vs/Sem 5/Respiratory-Disease-Classification/data/processed/audio/cycles/200/2p3_Pl_003.wav,train
200,2p3,Pr,COPD,3,train,/Users/vs/Sem 5/Respiratory-Disease-Classification/data/processed/audio/cycles/200/2p3_Pr_001.wav,train
200,2p3,Pr,COPD,3,train,/Users/vs/Sem 5/Respiratory-Disease-Classification/data/processed/audio/cycles/200/2p3_Pr_002.wav,train
200,2p3,Pr,COPD,3,train,/Users/vs/Sem 5/Respiratory-Disease-Classification/data/processed/audio/cycles/200/2p3_Pr_003.wav,train
200,2p3,Tc,COPD,3,train,/Users/vs/Sem 5/Respiratory-Disease-Classification/data/processed/audio/cycles/200/2p3_Tc_001.wav,train
200,2p3,Tc,COPD,3,train,/Users/vs/Sem 5/Respiratory-Disease-Classification/data/processed/audio/cycles/200/2p3_Tc_002.wav,train
200,2p3,Tc,COPD,3,train,/Users/vs/Sem 5/Respiratory-Disease-Classification/data/processed/audio/cycles/200/2p3_Tc_003.wav,train
200,2p4,Al,COPD,3,train,/Users/vs/Sem 5/Respiratory-Disease-Classification/data/processed/audio/cycles/200/2p4_Al_001.wav,train
200,2p4,Al,COPD,3,train,/Users/vs/Sem 5/Respiratory-Disease-Classification/data/processed/audio/cycles/200/2p4_Al_002.wav,train
200,2p4,Al,COPD,3,train,/Users/vs/Sem 5/Respiratory-Disease-Classification/data/processed/audio/cycles/200/2p4_Al_003.wav,train
200,2p4,Al,COPD,3,train,/Users/vs/Sem 5/Respiratory-Disease-Classification/data/processed/audio/cycles/200/2p4_Al_004.wav,train
200,2p4,Al,COPD,3,train,/Users/vs/Sem 5/Respiratory-Disease-Classification/data/processed/audio/cycles/200/2p4_Al_005.wav,train
200,2p4,Ar,COPD,3,train,/Users/vs/Sem 5/Respiratory-Disease-Classification/data/processed/audio/cycles/200/2p4_Ar_001.wav,train
200,2p4,Ar,COPD,3,train,/Users/vs/Sem 5/Respiratory-Disease-Classification/data/processed/audio/cycles/200/2p4_Ar_002.wav,train
200,2p4,Ar,COPD,3,train,/Users/vs/Sem 5/Respiratory-Disease-Classification/data/processed/audio/cycles/200/2p4_Ar_003.wav,train
200,2p4,Ar,COPD,3,train,/Users/vs/Sem 5/Respiratory-Disease-Classification/data/processed/audio/cycles/200/2p4_Ar_004.wav,train
200,2p4,Ar,COPD,3,train,/Users/vs/Sem 5/Respiratory-Disease-Classification/data/processed/audio/cycles/200/2p4_Ar_005.wav,train
200,2p4,Lr,COPD,3,train,/Users/vs/Sem 5/Respiratory-Disease-Classification/data/processed/audio/cycles/200/2p4_Lr_001.wav,train
200,2p4,Lr,COPD,3,train,/Users/vs/Sem 5/Respiratory-Disease-Classification/data/processed/audio/cycles/200/2p4_Lr_002.wav,train
200,2p4,Lr,COPD,3,train,/Users/vs/Sem 5/Respiratory-Disease-Classification/data/processed/audio/cycles/200/2p4_Lr_003.wav,train
200,2p4,Lr,COPD,3,train,/Users/vs/Sem 5/Respiratory-Disease-Classification/data/processed/audio/cycles/200/2p4_Lr_004.wav,train
200,2p4,Lr,COPD,3,train,/Users/vs/Sem 5/Respiratory-Disease-Classification/data/processed/audio/cycles/200/2p4_Lr_005.wav,train
200,2p4,Pl,COPD,3,train,/Users/vs/Sem 5/Respiratory-Disease-Classification/data/processed/audio/cycles/200/2p4_Pl_001.wav,train
200,2p4,Pl,COPD,3,train,/Users/vs/Sem 5/Respiratory-Disease-Classification/data/processed/audio/cycles/200/2p4_Pl_002.wav,train
200,2p4,Pl,COPD,3,train,/Users/vs/Sem 5/Respiratory-Disease-Classification/data/processed/audio/cycles/200/2p4_Pl_003.wav,train
200,2p4,Pl,COPD,3,train,/Users/vs/Sem 5/Respiratory-Disease-Classification/data/processed/audio/cycles/200/2p4_Pl_004.wav,train
200,2p4,Pl,COPD,3,train,/Users/vs/Sem 5/Respiratory-Disease-Classification/data/processed/audio/cycles/200/2p4_Pl_005.wav,train
200,2p4,Pr,COPD,3,train,/Users/vs/Sem 5/Respiratory-Disease-Classification/data/processed/audio/cycles/200/2p4_Pr_001.wav,train
200,2p4,Pr,COPD,3,train,/Users/vs/Sem 5/Respiratory-Disease-Classification/data/processed/audio/cycles/200/2p4_Pr_002.wav,train
200,2p4,Pr,COPD,3,train,/Users/vs/Sem 5/Respiratory-Disease-Classification/data/processed/audio/cycles/200/2p4_Pr_003.wav,train
200,2p4,Pr,COPD,3,train,/Users/vs/Sem 5/Respiratory-Disease-Classification/data/processed/audio/cycles/200/2p4_Pr_004.wav,train
200,2p4,Pr,COPD,3,train,/Users/vs/Sem 5/Respiratory-Disease-Classification/data/processed/audio/cycles/200/2p4_Pr_005.wav,train
200,2p4,Tc,COPD,3,train,/Users/vs/Sem 5/Respiratory-Disease-Classification/data/processed/audio/cycles/200/2p4_Tc_001.wav,train
200,2p4,Tc,COPD,3,train,/Users/vs/Sem 5/Respiratory-Disease-Classification/data/processed/audio/cycles/200/2p4_Tc_002.wav,train
200,2p4,Tc,COPD,3,train,/Users/vs/Sem 5/Respiratory-Disease-Classification/data/processed/audio/cycles/200/2p4_Tc_003.wav,train
200,2p4,Tc,COPD,3,train,/Users/vs/Sem 5/Respiratory-Disease-Classification/data/processed/audio/cycles/200/2p4_Tc_004.wav,train
200,2p4,Tc,COPD,3,train,/Users/vs/Sem 5/Respiratory-Disease-Classification/data/processed/audio/cycles/200/2p4_Tc_005.wav,train
200,3p4,Al,COPD,3,train,/Users/vs/Sem 5/Respiratory-Disease-Classification/data/processed/audio/cycles/200/3p4_Al_001.wav,train
200,3p4,Al,COPD,3,train,/Users/vs/Sem 5/Respiratory-Disease-Classification/data/processed/audio/cycles/200/3p4_Al_002.wav,train
200,3p4,Al,COPD,3,train,/Users/vs/Sem 5/Respiratory-Disease-Classification/data/processed/audio/cycles/200/3p4_Al_003.wav,train
200,3p4,Al,COPD,3,train,/Users/vs/Sem 5/Respiratory-Disease-Classification/data/processed/audio/cycles/200/3p4_Al_004.wav,train
200,3p4,Ar,COPD,3,train,/Users/vs/Sem 5/Respiratory-Disease-Classification/data/processed/audio/cycles/200/3p4_Ar_001.wav,train
200,3p4,Ar,COPD,3,train,/Users/vs/Sem 5/Respiratory-Disease-Classification/data/processed/audio/cycles/200/3p4_Ar_002.wav,train
200,3p4,Ar,COPD,3,train,/Users/vs/Sem 5/Respiratory-Disease-Classification/data/processed/audio/cycles/200/3p4_Ar_003.wav,train
200,3p4,Ar,COPD,3,train,/Users/vs/Sem 5/Respiratory-Disease-Classification/data/processed/audio/cycles/200/3p4_Ar_004.wav,train
200,3p4,Pl,COPD,3,train,/Users/vs/Sem 5/Respiratory-Disease-Classification/data/processed/audio/cycles/200/3p4_Pl_001.wav,train
200,3p4,Pl,COPD,3,train,/Users/vs/Sem 5/Respiratory-Disease-Classification/data/processed/audio/cycles/200/3p4_Pl_002.wav,train
200,3p4,Pl,COPD,3,train,/Users/vs/Sem 5/Respiratory-Disease-Classification/data/processed/audio/cycles/200/3p4_Pl_003.wav,train
200,3p4,Pl,COPD,3,train,/Users/vs/Sem 5/Respiratory-Disease-Classification/data/processed/audio/cycles/200/3p4_Pl_004.wav,train
200,3p4,Pr,COPD,3,train,/Users/vs/Sem 5/Respiratory-Disease-Classification/data/processed/audio/cycles/200/3p4_Pr_001.wav,train
200,3p4,Pr,COPD,3,train,/Users/vs/Sem 5/Respiratory-Disease-Classification/data/processed/audio/cycles/200/3p4_Pr_002.wav,train
200,3p4,Pr,COPD,3,train,/Users/vs/Sem 5/Respiratory-Disease-Classification/data/processed/audio/cycles/200/3p4_Pr_003.wav,train
200,3p4,Pr,COPD,3,train,/Users/vs/Sem 5/Respiratory-Disease-Classification/data/processed/audio/cycles/200/3p4_Pr_004.wav,train
200,3p4,Tc,COPD,3,train,/Users/vs/Sem 5/Respiratory-Disease-Classification/data/processed/audio/cycles/200/3p4_Tc_001.wav,train
200,3p4,Tc,COPD,3,train,/Users/vs/Sem 5/Respiratory-Disease-Classification/data/processed/audio/cycles/200/3p4_Tc_002.wav,train
200,3p4,Tc,COPD,3,train,/Users/vs/Sem 5/Respiratory-Disease-Classification/data/processed/audio/cycles/200/3p4_Tc_003.wav,train
200,3p4,Tc,COPD,3,train,/Users/vs/Sem 5/Respiratory-Disease-Classification/data/processed/audio/cycles/200/3p4_Tc_004.wav,train
201,1b1,Al,Bronchiectasis,1,train,/Users/vs/Sem 5/Respiratory-Disease-Classification/data/processed/audio/cycles/201/1b1_Al_001.wav,train
201,1b1,Al,Bronchiectasis,1,train,/Users/vs/Sem 5/Respiratory-Disease-Classification/data/processed/audio/cycles/201/1b1_Al_002.wav,train
201,1b1,Al,Bronchiectasis,1,train,/Users/vs/Sem 5/Respiratory-Disease-Classification/data/processed/audio/cycles/201/1b1_Al_003.wav,train
201,1b1,Al,Bronchiectasis,1,train,/Users/vs/Sem 5/Respiratory-Disease-Classification/data/processed/audio/cycles/201/1b1_Al_004.wav,train
201,1b1,Al,Bronchiectasis,1,train,/Users/vs/Sem 5/Respiratory-Disease-Classification/data/processed/audio/cycles/201/1b1_Al_005.wav,train
201,1b1,Al,Bronchiectasis,1,train,/Users/vs/Sem 5/Respiratory-Disease-Classification/data/processed/audio/cycles/201/1b1_Al_006.wav,train
201,1b1,Al,Bronchiectasis,1,train,/Users/vs/Sem 5/Respiratory-Disease-Classification/data/processed/audio/cycles/201/1b1_Al_007.wav,train
201,1b1,Ar,Bronchiectasis,1,train,/Users/vs/Sem 5/Respiratory-Disease-Classification/data/processed/audio/cycles/201/1b1_Ar_001.wav,train
201,1b1,Ar,Bronchiectasis,1,train,/Users/vs/Sem 5/Respiratory-Disease-Classification/data/processed/audio/cycles/201/1b1_Ar_002.wav,train
201,1b1,Ar,Bronchiectasis,1,train,/Users/vs/Sem 5/Respiratory-Disease-Classification/data/processed/audio/cycles/201/1b1_Ar_003.wav,train
201,1b1,Ar,Bronchiectasis,1,train,/Users/vs/Sem 5/Respiratory-Disease-Classification/data/processed/audio/cycles/201/1b1_Ar_004.wav,train
201,1b1,Ar,Bronchiectasis,1,train,/Users/vs/Sem 5/Respiratory-Disease-Classification/data/processed/audio/cycles/201/1b1_Ar_005.wav,train
201,1b1,Ar,Bronchiectasis,1,train,/Users/vs/Sem 5/Respiratory-Disease-Classification/data/processed/audio/cycles/201/1b1_Ar_006.wav,train
201,1b1,Ar,Bronchiectasis,1,train,/Users/vs/Sem 5/Respiratory-Disease-Classification/data/processed/audio/cycles/201/1b1_Ar_007.wav,train
201,1b2,Al,Bronchiectasis,1,train,/Users/vs/Sem 5/Respiratory-Disease-Classification/data/processed/audio/cycles/201/1b2_Al_001.wav,train
201,1b2,Al,Bronchiectasis,1,train,/Users/vs/Sem 5/Respiratory-Disease-Classification/data/processed/audio/cycles/201/1b2_Al_002.wav,train
201,1b2,Al,Bronchiectasis,1,train,/Users/vs/Sem 5/Respiratory-Disease-Classification/data/processed/audio/cycles/201/1b2_Al_003.wav,train
201,1b2,Al,Bronchiectasis,1,train,/Users/vs/Sem 5/Respiratory-Disease-Classification/data/processed/audio/cycles/201/1b2_Al_004.wav,train
201,1b2,Al,Bronchiectasis,1,train,/Users/vs/Sem 5/Respiratory-Disease-Classification/data/processed/audio/cycles/201/1b2_Al_005.wav,train
201,1b2,Al,Bronchiectasis,1,train,/Users/vs/Sem 5/Respiratory-Disease-Classification/data/processed/audio/cycles/201/1b2_Al_006.wav,train
201,1b2,Al,Bronchiectasis,1,train,/Users/vs/Sem 5/Respiratory-Disease-Classification/data/processed/audio/cycles/201/1b2_Al_007.wav,train
201,1b2,Ar,Bronchiectasis,1,train,/Users/vs/Sem 5/Respiratory-Disease-Classification/data/processed/audio/cycles/201/1b2_Ar_001.wav,train
201,1b2,Ar,Bronchiectasis,1,train,/Users/vs/Sem 5/Respiratory-Disease-Classification/data/processed/audio/cycles/201/1b2_Ar_002.wav,train
201,1b2,Ar,Bronchiectasis,1,train,/Users/vs/Sem 5/Respiratory-Disease-Classification/data/processed/audio/cycles/201/1b2_Ar_003.wav,train
201,1b2,Ar,Bronchiectasis,1,train,/Users/vs/Sem 5/Respiratory-Disease-Classification/data/processed/audio/cycles/201/1b2_Ar_004.wav,train
201,1b2,Ar,Bronchiectasis,1,train,/Users/vs/Sem 5/Respiratory-Disease-Classification/data/processed/audio/cycles/201/1b2_Ar_005.wav,train
201,1b2,Ar,Bronchiectasis,1,train,/Users/vs/Sem 5/Respiratory-Disease-Classification/data/processed/audio/cycles/201/1b2_Ar_006.wav,train
201,1b2,Ar,Bronchiectasis,1,train,/Users/vs/Sem 5/Respiratory-Disease-Classification/data/processed/audio/cycles/201/1b2_Ar_007.wav,train
201,1b3,Al,Bronchiectasis,1,train,/Users/vs/Sem 5/Respiratory-Disease-Classification/data/processed/audio/cycles/201/1b3_Al_001.wav,train
201,1b3,Al,Bronchiectasis,1,train,/Users/vs/Sem 5/Respiratory-Disease-Classification/data/processed/audio/cycles/201/1b3_Al_002.wav,train
201,1b3,Al,Bronchiectasis,1,train,/Users/vs/Sem 5/Respiratory-Disease-Classification/data/processed/audio/cycles/201/1b3_Al_003.wav,train
201,1b3,Al,Bronchiectasis,1,train,/Users/vs/Sem 5/Respiratory-Disease-Classification/data/processed/audio/cycles/201/1b3_Al_004.wav,train
201,1b3,Al,Bronchiectasis,1,train,/Users/vs/Sem 5/Respiratory-Disease-Classification/data/processed/audio/cycles/201/1b3_Al_005.wav,train
201,1b3,Al,Bronchiectasis,1,train,/Users/vs/Sem 5/Respiratory-Disease-Classification/data/processed/audio/cycles/201/1b3_Al_006.wav,train
201,1b3,Ar,Bronchiectasis,1,train,/Users/vs/Sem 5/Respiratory-Disease-Classification/data/processed/audio/cycles/201/1b3_Ar_001.wav,train
201,1b3,Ar,Bronchiectasis,1,train,/Users/vs/Sem 5/Respiratory-Disease-Classification/data/processed/audio/cycles/201/1b3_Ar_002.wav,train
201,1b3,Ar,Bronchiectasis,1,train,/Users/vs/Sem 5/Respiratory-Disease-Classification/data/processed/audio/cycles/201/1b3_Ar_003.wav,train
201,1b3,Ar,Bronchiectasis,1,train,/Users/vs/Sem 5/Respiratory-Disease-Classification/data/processed/audio/cycles/201/1b3_Ar_004.wav,train
201,1b3,Ar,Bronchiectasis,1,train,/Users/vs/Sem 5/Respiratory-Disease-Classification/data/processed/audio/cycles/201/1b3_Ar_005.wav,train
201,1b3,Ar,Bronchiectasis,1,train,/Users/vs/Sem 5/Respiratory-Disease-Classification/data/processed/audio/cycles/201/1b3_Ar_006.wav,train
201,1b3,Ar,Bronchiectasis,1,train,/Users/vs/Sem 5/Respiratory-Disease-Classification/data/processed/audio/cycles/201/1b3_Ar_007.wav,train
202,1b1,Ar,Healthy,4,test,/Users/vs/Sem 5/Respiratory-Disease-Classification/data/processed/audio/cycles/202/1b1_Ar_001.wav,train
202,1b1,Ar,Healthy,4,test,/Users/vs/Sem 5/Respiratory-Disease-Classification/data/processed/audio/cycles/202/1b1_Ar_002.wav,train
202,1b1,Ar,Healthy,4,test,/Users/vs/Sem 5/Respiratory-Disease-Classification/data/processed/audio/cycles/202/1b1_Ar_003.wav,train
202,1b1,Ar,Healthy,4,test,/Users/vs/Sem 5/Respiratory-Disease-Classification/data/processed/audio/cycles/202/1b1_Ar_004.wav,train
202,1b1,Ar,Healthy,4,test,/Users/vs/Sem 5/Respiratory-Disease-Classification/data/processed/audio/cycles/202/1b1_Ar_005.wav,train
202,1b1,Ar,Healthy,4,test,/Users/vs/Sem 5/Respiratory-Disease-Classification/data/processed/audio/cycles/202/1b1_Ar_006.wav,train
202,1b1,Ar,Healthy,4,test,/Users/vs/Sem 5/Respiratory-Disease-Classification/data/processed/audio/cycles/202/1b1_Ar_007.wav,train
202,1b1,Ar,Healthy,4,test,/Users/vs/Sem 5/Respiratory-Disease-Classification/data/processed/audio/cycles/202/1b1_Ar_008.wav,train
202,1b1,Ar,Healthy,4,test,/Users/vs/Sem 5/Respiratory-Disease-Classification/data/processed/audio/cycles/202/1b1_Ar_009.wav,train
202,1b1,Ar,Healthy,4,test,/Users/vs/Sem 5/Respiratory-Disease-Classification/data/processed/audio/cycles/202/1b1_Ar_010.wav,train
203,1p2,Al,COPD,3,train,/Users/vs/Sem 5/Respiratory-Disease-Classification/data/processed/audio/cycles/203/1p2_Al_001.wav,test
203,1p2,Al,COPD,3,train,/Users/vs/Sem 5/Respiratory-Disease-Classification/data/processed/audio/cycles/203/1p2_Al_002.wav,test
203,1p2,Al,COPD,3,train,/Users/vs/Sem 5/Respiratory-Disease-Classification/data/processed/audio/cycles/203/1p2_Al_003.wav,test
203,1p2,Al,COPD,3,train,/Users/vs/Sem 5/Respiratory-Disease-Classification/data/processed/audio/cycles/203/1p2_Al_004.wav,test
203,1p2,Al,COPD,3,train,/Users/vs/Sem 5/Respiratory-Disease-Classification/data/processed/audio/cycles/203/1p2_Al_005.wav,test
203,1p2,Al,COPD,3,train,/Users/vs/Sem 5/Respiratory-Disease-Classification/data/processed/audio/cycles/203/1p2_Al_006.wav,test
203,1p2,Al,COPD,3,train,/Users/vs/Sem 5/Respiratory-Disease-Classification/data/processed/audio/cycles/203/1p2_Al_007.wav,test
203,1p2,Al,COPD,3,train,/Users/vs/Sem 5/Respiratory-Disease-Classification/data/processed/audio/cycles/203/1p2_Al_008.wav,test
203,1p2,Al,COPD,3,train,/Users/vs/Sem 5/Respiratory-Disease-Classification/data/processed/audio/cycles/203/1p2_Al_009.wav,test
203,1p2,Al,COPD,3,train,/Users/vs/Sem 5/Respiratory-Disease-Classification/data/processed/audio/cycles/203/1p2_Al_010.wav,test
203,1p2,Ar,COPD,3,train,/Users/vs/Sem 5/Respiratory-Disease-Classification/data/processed/audio/cycles/203/1p2_Ar_001.wav,test
203,1p2,Ar,COPD,3,train,/Users/vs/Sem 5/Respiratory-Disease-Classification/data/processed/audio/cycles/203/1p2_Ar_002.wav,test
203,1p2,Ar,COPD,3,train,/Users/vs/Sem 5/Respiratory-Disease-Classification/data/processed/audio/cycles/203/1p2_Ar_003.wav,test
203,1p2,Ar,COPD,3,train,/Users/vs/Sem 5/Respiratory-Disease-Classification/data/processed/audio/cycles/203/1p2_Ar_004.wav,test
203,1p2,Ar,COPD,3,train,/Users/vs/Sem 5/Respiratory-Disease-Classification/data/processed/audio/cycles/203/1p2_Ar_005.wav,test
203,1p2,Ar,COPD,3,train,/Users/vs/Sem 5/Respiratory-Disease-Classification/data/processed/audio/cycles/203/1p2_Ar_006.wav,test
203,1p2,Ar,COPD,3,train,/Users/vs/Sem 5/Respiratory-Disease-Classification/data/processed/audio/cycles/203/1p2_Ar_007.wav,test
203,1p2,Ar,COPD,3,train,/Users/vs/Sem 5/Respiratory-Disease-Classification/data/processed/audio/cycles/203/1p2_Ar_008.wav,test
203,1p2,Ar,COPD,3,train,/Users/vs/Sem 5/Respiratory-Disease-Classification/data/processed/audio/cycles/203/1p2_Ar_009.wav,test
203,1p2,Ar,COPD,3,train,/Users/vs/Sem 5/Respiratory-Disease-Classification/data/processed/audio/cycles/203/1p2_Ar_010.wav,test
203,1p2,Lr,COPD,3,train,/Users/vs/Sem 5/Respiratory-Disease-Classification/data/processed/audio/cycles/203/1p2_Lr_001.wav,test
203,1p2,Lr,COPD,3,train,/Users/vs/Sem 5/Respiratory-Disease-Classification/data/processed/audio/cycles/203/1p2_Lr_002.wav,test
203,1p2,Lr,COPD,3,train,/Users/vs/Sem 5/Respiratory-Disease-Classification/data/processed/audio/cycles/203/1p2_Lr_003.wav,test
203,1p2,Lr,COPD,3,train,/Users/vs/Sem 5/Respiratory-Disease-Classification/data/processed/audio/cycles/203/1p2_Lr_004.wav,test
203,1p2,Lr,COPD,3,train,/Users/vs/Sem 5/Respiratory-Disease-Classification/data/processed/audio/cycles/203/1p2_Lr_005.wav,test
203,1p2,Lr,COPD,3,train,/Users/vs/Sem 5/Respiratory-Disease-Classification/data/processed/audio/cycles/203/1p2_Lr_006.wav,test
203,1p2,Lr,COPD,3,train,/Users/vs/Sem 5/Respiratory-Disease-Classification/data/processed/audio/cycles/203/1p2_Lr_007.wav,test
203,1p2,Lr,COPD,3,train,/Users/vs/Sem 5/Respiratory-Disease-Classification/data/processed/audio/cycles/203/1p2_Lr_008.wav,test
203,1p2,Lr,COPD,3,train,/Users/vs/Sem 5/Respiratory-Disease-Classification/data/processed/audio/cycles/203/1p2_Lr_009.wav,test
203,1p2,Lr,COPD,3,train,/Users/vs/Sem 5/Respiratory-Disease-Classification/data/processed/audio/cycles/203/1p2_Lr_010.wav,test
203,1p2,Pl,COPD,3,train,/Users/vs/Sem 5/Respiratory-Disease-Classification/data/processed/audio/cycles/203/1p2_Pl_001.wav,test
203,1p2,Pl,COPD,3,train,/Users/vs/Sem 5/Respiratory-Disease-Classification/data/processed/audio/cycles/203/1p2_Pl_002.wav,test
203,1p2,Pl,COPD,3,train,/Users/vs/Sem 5/Respiratory-Disease-Classification/data/processed/audio/cycles/203/1p2_Pl_003.wav,test
203,1p2,Pl,COPD,3,train,/Users/vs/Sem 5/Respiratory-Disease-Classification/data/processed/audio/cycles/203/1p2_Pl_004.wav,test
203,1p2,Pl,COPD,3,train,/Users/vs/Sem 5/Respiratory-Disease-Classification/data/processed/audio/cycles/203/1p2_Pl_005.wav,test
203,1p2,Pl,COPD,3,train,/Users/vs/Sem 5/Respiratory-Disease-Classification/data/processed/audio/cycles/203/1p2_Pl_006.wav,test
203,1p2,Pl,COPD,3,train,/Users/vs/Sem 5/Respiratory-Disease-Classification/data/processed/audio/cycles/203/1p2_Pl_007.wav,test
203,1p2,Pl,COPD,3,train,/Users/vs/Sem 5/Respiratory-Disease-Classification/data/processed/audio/cycles/203/1p2_Pl_008.wav,test
203,1p2,Pl,COPD,3,train,/Users/vs/Sem 5/Respiratory-Disease-Classification/data/processed/audio/cycles/203/1p2_Pl_009.wav,test
203,1p2,Pl,COPD,3,train,/Users/vs/Sem 5/Respiratory-Disease-Classification/data/processed/audio/cycles/203/1p2_Pl_010.wav,test
203,1p2,Pr,COPD,3,train,/Users/vs/Sem 5/Respiratory-Disease-Classification/data/processed/audio/cycles/203/1p2_Pr_001.wav,test
203,1p2,Pr,COPD,3,train,/Users/vs/Sem 5/Respiratory-Disease-Classification/data/processed/audio/cycles/203/1p2_Pr_002.wav,test
203,1p2,Pr,COPD,3,train,/Users/vs/Sem 5/Respiratory-Disease-Classification/data/processed/audio/cycles/203/1p2_Pr_003.wav,test
203,1p2,Pr,COPD,3,train,/Users/vs/Sem 5/Respiratory-Disease-Classification/data/processed/audio/cycles/203/1p2_Pr_004.wav,test
203,1p2,Pr,COPD,3,train,/Users/vs/Sem 5/Respiratory-Disease-Classification/data/processed/audio/cycles/203/1p2_Pr_005.wav,test
203,1p2,Pr,COPD,3,train,/Users/vs/Sem 5/Respiratory-Disease-Classification/data/processed/audio/cycles/203/1p2_Pr_006.wav,test
203,1p2,Pr,COPD,3,train,/Users/vs/Sem 5/Respiratory-Disease-Classification/data/processed/audio/cycles/203/1p2_Pr_007.wav,test
203,1p2,Pr,COPD,3,train,/Users/vs/Sem 5/Respiratory-Disease-Classification/data/processed/audio/cycles/203/1p2_Pr_008.wav,test
203,1p2,Pr,COPD,3,train,/Users/vs/Sem 5/Respiratory-Disease-Classification/data/processed/audio/cycles/203/1p2_Pr_009.wav,test
203,1p2,Pr,COPD,3,train,/Users/vs/Sem 5/Respiratory-Disease-Classification/data/processed/audio/cycles/203/1p2_Pr_010.wav,test
203,1p2,Tc,COPD,3,train,/Users/vs/Sem 5/Respiratory-Disease-Classification/data/processed/audio/cycles/203/1p2_Tc_001.wav,test
203,1p2,Tc,COPD,3,train,/Users/vs/Sem 5/Respiratory-Disease-Classification/data/processed/audio/cycles/203/1p2_Tc_002.wav,test
203,1p2,Tc,COPD,3,train,/Users/vs/Sem 5/Respiratory-Disease-Classification/data/processed/audio/cycles/203/1p2_Tc_003.wav,test
203,1p2,Tc,COPD,3,train,/Users/vs/Sem 5/Respiratory-Disease-Classification/data/processed/audio/cycles/203/1p2_Tc_004.wav,test
203,1p2,Tc,COPD,3,train,/Users/vs/Sem 5/Respiratory-Disease-Classification/data/processed/audio/cycles/203/1p2_Tc_005.wav,test
203,1p2,Tc,COPD,3,train,/Users/vs/Sem 5/Respiratory-Disease-Classification/data/processed/audio/cycles/203/1p2_Tc_006.wav,test
203,1p2,Tc,COPD,3,train,/Users/vs/Sem 5/Respiratory-Disease-Classification/data/processed/audio/cycles/203/1p2_Tc_007.wav,test
203,1p2,Tc,COPD,3,train,/Users/vs/Sem 5/Respiratory-Disease-Classification/data/processed/audio/cycles/203/1p2_Tc_008.wav,test
203,1p2,Tc,COPD,3,train,/Users/vs/Sem 5/Respiratory-Disease-Classification/data/processed/audio/cycles/203/1p2_Tc_009.wav,test
203,1p2,Tc,COPD,3,train,/Users/vs/Sem 5/Respiratory-Disease-Classification/data/processed/audio/cycles/203/1p2_Tc_010.wav,test
203,1p3,Al,COPD,3,train,/Users/vs/Sem 5/Respiratory-Disease-Classification/data/processed/audio/cycles/203/1p3_Al_001.wav,test
203,1p3,Al,COPD,3,train,/Users/vs/Sem 5/Respiratory-Disease-Classification/data/processed/audio/cycles/203/1p3_Al_002.wav,test
203,1p3,Al,COPD,3,train,/Users/vs/Sem 5/Respiratory-Disease-Classification/data/processed/audio/cycles/203/1p3_Al_003.wav,test
203,1p3,Al,COPD,3,train,/Users/vs/Sem 5/Respiratory-Disease-Classification/data/processed/audio/cycles/203/1p3_Al_004.wav,test
203,1p3,Al,COPD,3,train,/Users/vs/Sem 5/Respiratory-Disease-Classification/data/processed/audio/cycles/203/1p3_Al_005.wav,test
203,1p3,Al,COPD,3,train,/Users/vs/Sem 5/Respiratory-Disease-Classification/data/processed/audio/cycles/203/1p3_Al_006.wav,test
203,1p3,Al,COPD,3,train,/Users/vs/Sem 5/Respiratory-Disease-Classification/data/processed/audio/cycles/203/1p3_Al_007.wav,test
203,1p3,Al,COPD,3,train,/Users/vs/Sem 5/Respiratory-Disease-Classification/data/processed/audio/cycles/203/1p3_Al_008.wav,test
203,1p3,Al,COPD,3,train,/Users/vs/Sem 5/Respiratory-Disease-Classification/data/processed/audio/cycles/203/1p3_Al_009.wav,test
203,1p3,Al,COPD,3,train,/Users/vs/Sem 5/Respiratory-Disease-Classification/data/processed/audio/cycles/203/1p3_Al_010.wav,test
203,1p3,Ar,COPD,3,train,/Users/vs/Sem 5/Respiratory-Disease-Classification/data/processed/audio/cycles/203/1p3_Ar_001.wav,test
203,1p3,Ar,COPD,3,train,/Users/vs/Sem 5/Respiratory-Disease-Classification/data/processed/audio/cycles/203/1p3_Ar_002.wav,test
203,1p3,Ar,COPD,3,train,/Users/vs/Sem 5/Respiratory-Disease-Classification/data/processed/audio/cycles/203/1p3_Ar_003.wav,test
203,1p3,Ar,COPD,3,train,/Users/vs/Sem 5/Respiratory-Disease-Classification/data/processed/audio/cycles/203/1p3_Ar_004.wav,test
203,1p3,Ar,COPD,3,train,/Users/vs/Sem 5/Respiratory-Disease-Classification/data/processed/audio/cycles/203/1p3_Ar_005.wav,test
203,1p3,Ar,COPD,3,train,/Users/vs/Sem 5/Respiratory-Disease-Classification/data/processed/audio/cycles/203/1p3_Ar_006.wav,test
203,1p3,Ar,COPD,3,train,/Users/vs/Sem 5/Respiratory-Disease-Classification/data/processed/audio/cycles/203/1p3_Ar_007.wav,test
203,1p3,Ar,COPD,3,train,/Users/vs/Sem 5/Respiratory-Disease-Classification/data/processed/audio/cycles/203/1p3_Ar_008.wav,test
203,1p3,Ar,COPD,3,train,/Users/vs/Sem 5/Respiratory-Disease-Classification/data/processed/audio/cycles/203/1p3_Ar_009.wav,test
203,1p3,Ar,COPD,3,train,/Users/vs/Sem 5/Respiratory-Disease-Classification/data/processed/audio/cycles/203/1p3_Ar_010.wav,test
203,1p3,Pl,COPD,3,train,/Users/vs/Sem 5/Respiratory-Disease-Classification/data/processed/audio/cycles/203/1p3_Pl_001.wav,test
203,1p3,Pl,COPD,3,train,/Users/vs/Sem 5/Respiratory-Disease-Classification/data/processed/audio/cycles/203/1p3_Pl_002.wav,test
203,1p3,Pl,COPD,3,train,/Users/vs/Sem 5/Respiratory-Disease-Classification/data/processed/audio/cycles/203/1p3_Pl_003.wav,test
203,1p3,Pl,COPD,3,train,/Users/vs/Sem 5/Respiratory-Disease-Classification/data/processed/audio/cycles/203/1p3_Pl_004.wav,test
203,1p3,Pl,COPD,3,train,/Users/vs/Sem 5/Respiratory-Disease-Classification/data/processed/audio/cycles/203/1p3_Pl_005.wav,test
203,1p3,Pl,COPD,3,train,/Users/vs/Sem 5/Respiratory-Disease-Classification/data/processed/audio/cycles/203/1p3_Pl_006.wav,test
203,1p3,Pl,COPD,3,train,/Users/vs/Sem 5/Respiratory-Disease-Classification/data/processed/audio/cycles/203/1p3_Pl_007.wav,test
203,1p3,Pl,COPD,3,train,/Users/vs/Sem 5/Respiratory-Disease-Classification/data/processed/audio/cycles/203/1p3_Pl_008.wav,test
203,1p3,Pl,COPD,3,train,/Users/vs/Sem 5/Respiratory-Disease-Classification/data/processed/audio/cycles/203/1p3_Pl_009.wav,test
203,1p3,Pl,COPD,3,train,/Users/vs/Sem 5/Respiratory-Disease-Classification/data/processed/audio/cycles/203/1p3_Pl_010.wav,test
203,1p3,Pr,COPD,3,train,/Users/vs/Sem 5/Respiratory-Disease-Classification/data/processed/audio/cycles/203/1p3_Pr_001.wav,test
203,1p3,Pr,COPD,3,train,/Users/vs/Sem 5/Respiratory-Disease-Classification/data/processed/audio/cycles/203/1p3_Pr_002.wav,test
203,1p3,Pr,COPD,3,train,/Users/vs/Sem 5/Respiratory-Disease-Classification/data/processed/audio/cycles/203/1p3_Pr_003.wav,test
203,1p3,Pr,COPD,3,train,/Users/vs/Sem 5/Respiratory-Disease-Classification/data/processed/audio/cycles/203/1p3_Pr_004.wav,test
203,1p3,Pr,COPD,3,train,/Users/vs/Sem 5/Respiratory-Disease-Classification/data/processed/audio/cycles/203/1p3_Pr_005.wav,test
203,1p3,Pr,COPD,3,train,/Users/vs/Sem 5/Respiratory-Disease-Classification/data/processed/audio/cycles/203/1p3_Pr_006.wav,test
203,1p3,Pr,COPD,3,train,/Users/vs/Sem 5/Respiratory-Disease-Classification/data/processed/audio/cycles/203/1p3_Pr_007.wav,test
203,1p3,Pr,COPD,3,train,/Users/vs/Sem 5/Respiratory-Disease-Classification/data/processed/audio/cycles/203/1p3_Pr_008.wav,test
203,1p3,Pr,COPD,3,train,/Users/vs/Sem 5/Respiratory-Disease-Classification/data/processed/audio/cycles/203/1p3_Pr_009.wav,test
203,1p3,Pr,COPD,3,train,/Users/vs/Sem 5/Respiratory-Disease-Classification/data/processed/audio/cycles/203/1p3_Pr_010.wav,test
203,1p3,Tc,COPD,3,train,/Users/vs/Sem 5/Respiratory-Disease-Classification/data/processed/audio/cycles/203/1p3_Tc_001.wav,test
203,1p3,Tc,COPD,3,train,/Users/vs/Sem 5/Respiratory-Disease-Classification/data/processed/audio/cycles/203/1p3_Tc_002.wav,test
203,1p3,Tc,COPD,3,train,/Users/vs/Sem 5/Respiratory-Disease-Classification/data/processed/audio/cycles/203/1p3_Tc_003.wav,test
203,1p3,Tc,COPD,3,train,/Users/vs/Sem 5/Respiratory-Disease-Classification/data/processed/audio/cycles/203/1p3_Tc_004.wav,test
203,1p3,Tc,COPD,3,train,/Users/vs/Sem 5/Respiratory-Disease-Classification/data/processed/audio/cycles/203/1p3_Tc_005.wav,test
203,1p3,Tc,COPD,3,train,/Users/vs/Sem 5/Respiratory-Disease-Classification/data/processed/audio/cycles/203/1p3_Tc_006.wav,test
203,1p3,Tc,COPD,3,train,/Users/vs/Sem 5/Respiratory-Disease-Classification/data/processed/audio/cycles/203/1p3_Tc_007.wav,test
203,1p3,Tc,COPD,3,train,/Users/vs/Sem 5/Respiratory-Disease-Classification/data/processed/audio/cycles/203/1p3_Tc_008.wav,test
203,1p3,Tc,COPD,3,train,/Users/vs/Sem 5/Respiratory-Disease-Classification/data/processed/audio/cycles/203/1p3_Tc_009.wav,test
203,1p3,Tc,COPD,3,train,/Users/vs/Sem 5/Respiratory-Disease-Classification/data/processed/audio/cycles/203/1p3_Tc_010.wav,test
203,1p4,Al,COPD,3,train,/Users/vs/Sem 5/Respiratory-Disease-Classification/data/processed/audio/cycles/203/1p4_Al_001.wav,test
203,1p4,Al,COPD,3,train,/Users/vs/Sem 5/Respiratory-Disease-Classification/data/processed/audio/cycles/203/1p4_Al_002.wav,test
203,1p4,Al,COPD,3,train,/Users/vs/Sem 5/Respiratory-Disease-Classification/data/processed/audio/cycles/203/1p4_Al_003.wav,test
203,1p4,Al,COPD,3,train,/Users/vs/Sem 5/Respiratory-Disease-Classification/data/processed/audio/cycles/203/1p4_Al_004.wav,test
203,1p4,Al,COPD,3,train,/Users/vs/Sem 5/Respiratory-Disease-Classification/data/processed/audio/cycles/203/1p4_Al_005.wav,test
203,1p4,Al,COPD,3,train,/Users/vs/Sem 5/Respiratory-Disease-Classification/data/processed/audio/cycles/203/1p4_Al_006.wav,test
203,1p4,Al,COPD,3,train,/Users/vs/Sem 5/Respiratory-Disease-Classification/data/processed/audio/cycles/203/1p4_Al_007.wav,test
203,1p4,Al,COPD,3,train,/Users/vs/Sem 5/Respiratory-Disease-Classification/data/processed/audio/cycles/203/1p4_Al_008.wav,test
203,1p4,Al,COPD,3,train,/Users/vs/Sem 5/Respiratory-Disease-Classification/data/processed/audio/cycles/203/1p4_Al_009.wav,test
203,1p4,Ar,COPD,3,train,/Users/vs/Sem 5/Respiratory-Disease-Classification/data/processed/audio/cycles/203/1p4_Ar_001.wav,test
203,1p4,Ar,COPD,3,train,/Users/vs/Sem 5/Respiratory-Disease-Classification/data/processed/audio/cycles/203/1p4_Ar_002.wav,test
203,1p4,Ar,COPD,3,train,/Users/vs/Sem 5/Respiratory-Disease-Classification/data/processed/audio/cycles/203/1p4_Ar_003.wav,test
203,1p4,Ar,COPD,3,train,/Users/vs/Sem 5/Respiratory-Disease-Classification/data/processed/audio/cycles/203/1p4_Ar_004.wav,test
203,1p4,Ar,COPD,3,train,/Users/vs/Sem 5/Respiratory-Disease-Classification/data/processed/audio/cycles/203/1p4_Ar_005.wav,test
203,1p4,Ar,COPD,3,train,/Users/vs/Sem 5/Respiratory-Disease-Classification/data/processed/audio/cycles/203/1p4_Ar_006.wav,test
203,1p4,Ar,COPD,3,train,/Users/vs/Sem 5/Respiratory-Disease-Classification/data/processed/audio/cycles/203/1p4_Ar_007.wav,test
203,1p4,Ar,COPD,3,train,/Users/vs/Sem 5/Respiratory-Disease-Classification/data/processed/audio/cycles/203/1p4_Ar_008.wav,test
203,1p4,Ar,COPD,3,train,/Users/vs/Sem 5/Respiratory-Disease-Classification/data/processed/audio/cycles/203/1p4_Ar_009.wav,test
203,1p4,Pl,COPD,3,train,/Users/vs/Sem 5/Respiratory-Disease-Classification/data/processed/audio/cycles/203/1p4_Pl_001.wav,test
203,1p4,Pl,COPD,3,train,/Users/vs/Sem 5/Respiratory-Disease-Classification/data/processed/audio/cycles/203/1p4_Pl_002.wav,test
203,1p4,Pl,COPD,3,train,/Users/vs/Sem 5/Respiratory-Disease-Classification/data/processed/audio/cycles/203/1p4_Pl_003.wav,test
203,1p4,Pl,COPD,3,train,/Users/vs/Sem 5/Respiratory-Disease-Classification/data/processed/audio/cycles/203/1p4_Pl_004.wav,test
203,1p4,Pl,COPD,3,train,/Users/vs/Sem 5/Respiratory-Disease-Classification/data/processed/audio/cycles/203/1p4_Pl_005.wav,test
203,1p4,Pl,COPD,3,train,/Users/vs/Sem 5/Respiratory-Disease-Classification/data/processed/audio/cycles/203/1p4_Pl_006.wav,test
203,1p4,Pl,COPD,3,train,/Users/vs/Sem 5/Respiratory-Disease-Classification/data/processed/audio/cycles/203/1p4_Pl_007.wav,test
203,1p4,Pl,COPD,3,train,/Users/vs/Sem 5/Respiratory-Disease-Classification/data/processed/audio/cycles/203/1p4_Pl_008.wav,test
203,1p4,Pl,COPD,3,train,/Users/vs/Sem 5/Respiratory-Disease-Classification/data/processed/audio/cycles/203/1p4_Pl_009.wav,test
203,1p4,Pr,COPD,3,train,/Users/vs/Sem 5/Respiratory-Disease-Classification/data/processed/audio/cycles/203/1p4_Pr_001.wav,test
203,1p4,Pr,COPD,3,train,/Users/vs/Sem 5/Respiratory-Disease-Classification/data/processed/audio/cycles/203/1p4_Pr_002.wav,test
203,1p4,Pr,COPD,3,train,/Users/vs/Sem 5/Respiratory-Disease-Classification/data/processed/audio/cycles/203/1p4_Pr_003.wav,test
203,1p4,Pr,COPD,3,train,/Users/vs/Sem 5/Respiratory-Disease-Classification/data/processed/audio/cycles/203/1p4_Pr_004.wav,test
203,1p4,Pr,COPD,3,train,/Users/vs/Sem 5/Respiratory-Disease-Classification/data/processed/audio/cycles/203/1p4_Pr_005.wav,test
203,1p4,Pr,COPD,3,train,/Users/vs/Sem 5/Respiratory-Disease-Classification/data/processed/audio/cycles/203/1p4_Pr_006.wav,test
203,1p4,Pr,COPD,3,train,/Users/vs/Sem 5/Respiratory-Disease-Classification/data/processed/audio/cycles/203/1p4_Pr_007.wav,test
203,1p4,Pr,COPD,3,train,/Users/vs/Sem 5/Respiratory-Disease-Classification/data/processed/audio/cycles/203/1p4_Pr_008.wav,test
203,1p4,Pr,COPD,3,train,/Users/vs/Sem 5/Respiratory-Disease-Classification/data/processed/audio/cycles/203/1p4_Pr_009.wav,test
203,1p4,Tc,COPD,3,train,/Users/vs/Sem 5/Respiratory-Disease-Classification/data/processed/audio/cycles/203/1p4_Tc_001.wav,test
203,1p4,Tc,COPD,3,train,/Users/vs/Sem 5/Respiratory-Disease-Classification/data/processed/audio/cycles/203/1p4_Tc_002.wav,test
203,1p4,Tc,COPD,3,train,/Users/vs/Sem 5/Respiratory-Disease-Classification/data/processed/audio/cycles/203/1p4_Tc_003.wav,test
203,1p4,Tc,COPD,3,train,/Users/vs/Sem 5/Respiratory-Disease-Classification/data/processed/audio/cycles/203/1p4_Tc_004.wav,test
203,1p4,Tc,COPD,3,train,/Users/vs/Sem 5/Respiratory-Disease-Classification/data/processed/audio/cycles/203/1p4_Tc_005.wav,test
203,1p4,Tc,COPD,3,train,/Users/vs/Sem 5/Respiratory-Disease-Classification/data/processed/audio/cycles/203/1p4_Tc_006.wav,test
203,1p4,Tc,COPD,3,train,/Users/vs/Sem 5/Respiratory-Disease-Classification/data/processed/audio/cycles/203/1p4_Tc_007.wav,test
203,1p4,Tc,COPD,3,train,/Users/vs/Sem 5/Respiratory-Disease-Classification/data/processed/audio/cycles/203/1p4_Tc_008.wav,test
203,1p4,Tc,COPD,3,train,/Users/vs/Sem 5/Respiratory-Disease-Classification/data/processed/audio/cycles/203/1p4_Tc_009.wav,test
203,2p3,Al,COPD,3,train,/Users/vs/Sem 5/Respiratory-Disease-Classification/data/processed/audio/cycles/203/2p3_Al_001.wav,test
203,2p3,Al,COPD,3,train,/Users/vs/Sem 5/Respiratory-Disease-Classification/data/processed/audio/cycles/203/2p3_Al_002.wav,test
203,2p3,Al,COPD,3,train,/Users/vs/Sem 5/Respiratory-Disease-Classification/data/processed/audio/cycles/203/2p3_Al_003.wav,test
203,2p3,Al,COPD,3,train,/Users/vs/Sem 5/Respiratory-Disease-Classification/data/processed/audio/cycles/203/2p3_Al_004.wav,test
203,2p3,Al,COPD,3,train,/Users/vs/Sem 5/Respiratory-Disease-Classification/data/processed/audio/cycles/203/2p3_Al_005.wav,test
203,2p3,Al,COPD,3,train,/Users/vs/Sem 5/Respiratory-Disease-Classification/data/processed/audio/cycles/203/2p3_Al_006.wav,test
203,2p3,Ar,COPD,3,train,/Users/vs/Sem 5/Respiratory-Disease-Classification/data/processed/audio/cycles/203/2p3_Ar_001.wav,test
203,2p3,Ar,COPD,3,train,/Users/vs/Sem 5/Respiratory-Disease-Classification/data/processed/audio/cycles/203/2p3_Ar_002.wav,test
203,2p3,Ar,COPD,3,train,/Users/vs/Sem 5/Respiratory-Disease-Classification/data/processed/audio/cycles/203/2p3_Ar_003.wav,test
203,2p3,Ar,COPD,3,train,/Users/vs/Sem 5/Respiratory-Disease-Classification/data/processed/audio/cycles/203/2p3_Ar_004.wav,test
203,2p3,Ar,COPD,3,train,/Users/vs/Sem 5/Respiratory-Disease-Classification/data/processed/audio/cycles/203/2p3_Ar_005.wav,test
203,2p3,Ar,COPD,3,train,/Users/vs/Sem 5/Respiratory-Disease-Classification/data/processed/audio/cycles/203/2p3_Ar_006.wav,test
203,2p3,Pl,COPD,3,train,/Users/vs/Sem 5/Respiratory-Disease-Classification/data/processed/audio/cycles/203/2p3_Pl_001.wav,test
203,2p3,Pl,COPD,3,train,/Users/vs/Sem 5/Respiratory-Disease-Classification/data/processed/audio/cycles/203/2p3_Pl_002.wav,test
203,2p3,Pl,COPD,3,train,/Users/vs/Sem 5/Respiratory-Disease-Classification/data/processed/audio/cycles/203/2p3_Pl_003.wav,test
203,2p3,Pl,COPD,3,train,/Users/vs/Sem 5/Respiratory-Disease-Classification/data/processed/audio/cycles/203/2p3_Pl_004.wav,test
203,2p3,Pl,COPD,3,train,/Users/vs/Sem 5/Respiratory-Disease-Classification/data/processed/audio/cycles/203/2p3_Pl_005.wav,test
203,2p3,Pl,COPD,3,train,/Users/vs/Sem 5/Respiratory-Disease-Classification/data/processed/audio/cycles/203/2p3_Pl_006.wav,test
203,2p3,Pr,COPD,3,train,/Users/vs/Sem 5/Respiratory-Disease-Classification/data/processed/audio/cycles/203/2p3_Pr_001.wav,test
203,2p3,Pr,COPD,3,train,/Users/vs/Sem 5/Respiratory-Disease-Classification/data/processed/audio/cycles/203/2p3_Pr_002.wav,test
203,2p3,Pr,COPD,3,train,/Users/vs/Sem 5/Respiratory-Disease-Classification/data/processed/audio/cycles/203/2p3_Pr_003.wav,test
203,2p3,Pr,COPD,3,train,/Users/vs/Sem 5/Respiratory-Disease-Classification/data/processed/audio/cycles/203/2p3_Pr_004.wav,test
203,2p3,Pr,COPD,3,train,/Users/vs/Sem 5/Respiratory-Disease-Classification/data/processed/audio/cycles/203/2p3_Pr_005.wav,test
203,2p3,Pr,COPD,3,train,/Users/vs/Sem 5/Respiratory-Disease-Classification/data/processed/audio/cycles/203/2p3_Pr_006.wav,test
203,2p3,Tc,COPD,3,train,/Users/vs/Sem 5/Respiratory-Disease-Classification/data/processed/audio/cycles/203/2p3_Tc_001.wav,test
203,2p3,Tc,COPD,3,train,/Users/vs/Sem 5/Respiratory-Disease-Classification/data/processed/audio/cycles/203/2p3_Tc_002.wav,test
203,2p3,Tc,COPD,3,train,/Users/vs/Sem 5/Respiratory-Disease-Classification/data/processed/audio/cycles/203/2p3_Tc_003.wav,test
203,2p3,Tc,COPD,3,train,/Users/vs/Sem 5/Respiratory-Disease-Classification/data/processed/audio/cycles/203/2p3_Tc_004.wav,test
203,2p3,Tc,COPD,3,train,/Users/vs/Sem 5/Respiratory-Disease-Classification/data/processed/audio/cycles/203/2p3_Tc_005.wav,test
203,2p3,Tc,COPD,3,train,/Users/vs/Sem 5/Respiratory-Disease-Classification/data/processed/audio/cycles/203/2p3_Tc_006.wav,test
204,2b5,Al,COPD,3,train,/Users/vs/Sem 5/Respiratory-Disease-Classification/data/processed/audio/cycles/204/2b5_Al_001.wav,train
204,2b5,Al,COPD,3,train,/Users/vs/Sem 5/Respiratory-Disease-Classification/data/processed/audio/cycles/204/2b5_Al_002.wav,train
204,2b5,Al,COPD,3,train,/Users/vs/Sem 5/Respiratory-Disease-Classification/data/processed/audio/cycles/204/2b5_Al_003.wav,train
204,2b5,Al,COPD,3,train,/Users/vs/Sem 5/Respiratory-Disease-Classification/data/processed/audio/cycles/204/2b5_Al_004.wav,train
204,2b5,Al,COPD,3,train,/Users/vs/Sem 5/Respiratory-Disease-Classification/data/processed/audio/cycles/204/2b5_Al_005.wav,train
204,2b5,Al,COPD,3,train,/Users/vs/Sem 5/Respiratory-Disease-Classification/data/processed/audio/cycles/204/2b5_Al_006.wav,train
204,2b5,Al,COPD,3,train,/Users/vs/Sem 5/Respiratory-Disease-Classification/data/processed/audio/cycles/204/2b5_Al_007.wav,train
204,2b5,Ar,COPD,3,train,/Users/vs/Sem 5/Respiratory-Disease-Classification/data/processed/audio/cycles/204/2b5_Ar_001.wav,train
204,2b5,Ar,COPD,3,train,/Users/vs/Sem 5/Respiratory-Disease-Classification/data/processed/audio/cycles/204/2b5_Ar_002.wav,train
204,2b5,Ar,COPD,3,train,/Users/vs/Sem 5/Respiratory-Disease-Classification/data/processed/audio/cycles/204/2b5_Ar_003.wav,train
204,2b5,Ar,COPD,3,train,/Users/vs/Sem 5/Respiratory-Disease-Classification/data/processed/audio/cycles/204/2b5_Ar_004.wav,train
204,2b5,Ar,COPD,3,train,/Users/vs/Sem 5/Respiratory-Disease-Classification/data/processed/audio/cycles/204/2b5_Ar_005.wav,train
204,2b5,Ar,COPD,3,train,/Users/vs/Sem 5/Respiratory-Disease-Classification/data/processed/audio/cycles/204/2b5_Ar_006.wav,train
204,2b5,Ar,COPD,3,train,/Users/vs/Sem 5/Respiratory-Disease-Classification/data/processed/audio/cycles/204/2b5_Ar_007.wav,train
204,2b5,Ll,COPD,3,train,/Users/vs/Sem 5/Respiratory-Disease-Classification/data/processed/audio/cycles/204/2b5_Ll_001.wav,train
204,2b5,Ll,COPD,3,train,/Users/vs/Sem 5/Respiratory-Disease-Classification/data/processed/audio/cycles/204/2b5_Ll_002.wav,train
204,2b5,Ll,COPD,3,train,/Users/vs/Sem 5/Respiratory-Disease-Classification/data/processed/audio/cycles/204/2b5_Ll_003.wav,train
204,2b5,Ll,COPD,3,train,/Users/vs/Sem 5/Respiratory-Disease-Classification/data/processed/audio/cycles/204/2b5_Ll_004.wav,train
204,2b5,Ll,COPD,3,train,/Users/vs/Sem 5/Respiratory-Disease-Classification/data/processed/audio/cycles/204/2b5_Ll_005.wav,train
204,2b5,Ll,COPD,3,train,/Users/vs/Sem 5/Respiratory-Disease-Classification/data/processed/audio/cycles/204/2b5_Ll_006.wav,train
204,2b5,Ll,COPD,3,train,/Users/vs/Sem 5/Respiratory-Disease-Classification/data/processed/audio/cycles/204/2b5_Ll_007.wav,train
204,7p5,Al,COPD,3,train,/Users/vs/Sem 5/Respiratory-Disease-Classification/data/processed/audio/cycles/204/7p5_Al_001.wav,train
204,7p5,Al,COPD,3,train,/Users/vs/Sem 5/Respiratory-Disease-Classification/data/processed/audio/cycles/204/7p5_Al_002.wav,train
204,7p5,Al,COPD,3,train,/Users/vs/Sem 5/Respiratory-Disease-Classification/data/processed/audio/cycles/204/7p5_Al_003.wav,train
204,7p5,Al,COPD,3,train,/Users/vs/Sem 5/Respiratory-Disease-Classification/data/processed/audio/cycles/204/7p5_Al_004.wav,train
204,7p5,Al,COPD,3,train,/Users/vs/Sem 5/Respiratory-Disease-Classification/data/processed/audio/cycles/204/7p5_Al_005.wav,train
204,7p5,Al,COPD,3,train,/Users/vs/Sem 5/Respiratory-Disease-Classification/data/processed/audio/cycles/204/7p5_Al_006.wav,train
204,7p5,Al,COPD,3,train,/Users/vs/Sem 5/Respiratory-Disease-Classification/data/processed/audio/cycles/204/7p5_Al_007.wav,train
204,7p5,Ar,COPD,3,train,/Users/vs/Sem 5/Respiratory-Disease-Classification/data/processed/audio/cycles/204/7p5_Ar_001.wav,train
204,7p5,Ar,COPD,3,train,/Users/vs/Sem 5/Respiratory-Disease-Classification/data/processed/audio/cycles/204/7p5_Ar_002.wav,train
204,7p5,Ar,COPD,3,train,/Users/vs/Sem 5/Respiratory-Disease-Classification/data/processed/audio/cycles/204/7p5_Ar_003.wav,train
204,7p5,Ar,COPD,3,train,/Users/vs/Sem 5/Respiratory-Disease-Classification/data/processed/audio/cycles/204/7p5_Ar_004.wav,train
204,7p5,Ar,COPD,3,train,/Users/vs/Sem 5/Respiratory-Disease-Classification/data/processed/audio/cycles/204/7p5_Ar_005.wav,train
204,7p5,Ar,COPD,3,train,/Users/vs/Sem 5/Respiratory-Disease-Classification/data/processed/audio/cycles/204/7p5_Ar_006.wav,train
204,7p5,Ar,COPD,3,train,/Users/vs/Sem 5/Respiratory-Disease-Classification/data/processed/audio/cycles/204/7p5_Ar_007.wav,train
204,7p5,Ll,COPD,3,train,/Users/vs/Sem 5/Respiratory-Disease-Classification/data/processed/audio/cycles/204/7p5_Ll_001.wav,train
204,7p5,Ll,COPD,3,train,/Users/vs/Sem 5/Respiratory-Disease-Classification/data/processed/audio/cycles/204/7p5_Ll_002.wav,train
204,7p5,Ll,COPD,3,train,/Users/vs/Sem 5/Respiratory-Disease-Classification/data/processed/audio/cycles/204/7p5_Ll_003.wav,train
204,7p5,Ll,COPD,3,train,/Users/vs/Sem 5/Respiratory-Disease-Classification/data/processed/audio/cycles/204/7p5_Ll_004.wav,train
204,7p5,Ll,COPD,3,train,/Users/vs/Sem 5/Respiratory-Disease-Classification/data/processed/audio/cycles/204/7p5_Ll_005.wav,train
204,7p5,Ll,COPD,3,train,/Users/vs/Sem 5/Respiratory-Disease-Classification/data/processed/audio/cycles/204/7p5_Ll_006.wav,train
204,7p5,Ll,COPD,3,train,/Users/vs/Sem 5/Respiratory-Disease-Classification/data/processed/audio/cycles/204/7p5_Ll_007.wav,train
204,7p5,Lr,COPD,3,train,/Users/vs/Sem 5/Respiratory-Disease-Classification/data/processed/audio/cycles/204/7p5_Lr_001.wav,train
204,7p5,Lr,COPD,3,train,/Users/vs/Sem 5/Respiratory-Disease-Classification/data/processed/audio/cycles/204/7p5_Lr_002.wav,train
204,7p5,Lr,COPD,3,train,/Users/vs/Sem 5/Respiratory-Disease-Classification/data/processed/audio/cycles/204/7p5_Lr_003.wav,train
204,7p5,Lr,COPD,3,train,/Users/vs/Sem 5/Respiratory-Disease-Classification/data/processed/audio/cycles/204/7p5_Lr_004.wav,train
204,7p5,Lr,COPD,3,train,/Users/vs/Sem 5/Respiratory-Disease-Classification/data/processed/audio/cycles/204/7p5_Lr_005.wav,train
204,7p5,Lr,COPD,3,train,/Users/vs/Sem 5/Respiratory-Disease-Classification/data/processed/audio/cycles/204/7p5_Lr_006.wav,train
204,7p5,Lr,COPD,3,train,/Users/vs/Sem 5/Respiratory-Disease-Classification/data/processed/audio/cycles/204/7p5_Lr_007.wav,train
204,7p5,Pr,COPD,3,train,/Users/vs/Sem 5/Respiratory-Disease-Classification/data/processed/audio/cycles/204/7p5_Pr_001.wav,train
204,7p5,Pr,COPD,3,train,/Users/vs/Sem 5/Respiratory-Disease-Classification/data/processed/audio/cycles/204/7p5_Pr_002.wav,train
204,7p5,Pr,COPD,3,train,/Users/vs/Sem 5/Respiratory-Disease-Classification/data/processed/audio/cycles/204/7p5_Pr_003.wav,train
204,7p5,Pr,COPD,3,train,/Users/vs/Sem 5/Respiratory-Disease-Classification/data/processed/audio/cycles/204/7p5_Pr_004.wav,train
204,7p5,Pr,COPD,3,train,/Users/vs/Sem 5/Respiratory-Disease-Classification/data/processed/audio/cycles/204/7p5_Pr_005.wav,train
204,7p5,Pr,COPD,3,train,/Users/vs/Sem 5/Respiratory-Disease-Classification/data/processed/audio/cycles/204/7p5_Pr_006.wav,train
204,7p5,Pr,COPD,3,train,/Users/vs/Sem 5/Respiratory-Disease-Classification/data/processed/audio/cycles/204/7p5_Pr_007.wav,train
204,7p5,Tc,COPD,3,train,/Users/vs/Sem 5/Respiratory-Disease-Classification/data/processed/audio/cycles/204/7p5_Tc_001.wav,train
204,7p5,Tc,COPD,3,train,/Users/vs/Sem 5/Respiratory-Disease-Classification/data/processed/audio/cycles/204/7p5_Tc_002.wav,train
204,7p5,Tc,COPD,3,train,/Users/vs/Sem 5/Respiratory-Disease-Classification/data/processed/audio/cycles/204/7p5_Tc_003.wav,train
204,7p5,Tc,COPD,3,train,/Users/vs/Sem 5/Respiratory-Disease-Classification/data/processed/audio/cycles/204/7p5_Tc_004.wav,train
204,7p5,Tc,COPD,3,train,/Users/vs/Sem 5/Respiratory-Disease-Classification/data/processed/audio/cycles/204/7p5_Tc_005.wav,train
204,7p5,Tc,COPD,3,train,/Users/vs/Sem 5/Respiratory-Disease-Classification/data/processed/audio/cycles/204/7p5_Tc_006.wav,train
204,7p5,Tc,COPD,3,train,/Users/vs/Sem 5/Respiratory-Disease-Classification/data/processed/audio/cycles/204/7p5_Tc_007.wav,train
205,1b3,Al,COPD,3,test,/Users/vs/Sem 5/Respiratory-Disease-Classification/data/processed/audio/cycles/205/1b3_Al_001.wav,validation
205,1b3,Al,COPD,3,test,/Users/vs/Sem 5/Respiratory-Disease-Classification/data/processed/audio/cycles/205/1b3_Al_002.wav,validation
205,1b3,Al,COPD,3,test,/Users/vs/Sem 5/Respiratory-Disease-Classification/data/processed/audio/cycles/205/1b3_Al_003.wav,validation
205,1b3,Al,COPD,3,test,/Users/vs/Sem 5/Respiratory-Disease-Classification/data/processed/audio/cycles/205/1b3_Al_004.wav,validation
205,1b3,Al,COPD,3,test,/Users/vs/Sem 5/Respiratory-Disease-Classification/data/processed/audio/cycles/205/1b3_Al_005.wav,validation
205,1b3,Al,COPD,3,test,/Users/vs/Sem 5/Respiratory-Disease-Classification/data/processed/audio/cycles/205/1b3_Al_006.wav,validation
205,1b3,Ar,COPD,3,test,/Users/vs/Sem 5/Respiratory-Disease-Classification/data/processed/audio/cycles/205/1b3_Ar_001.wav,validation
205,1b3,Ar,COPD,3,test,/Users/vs/Sem 5/Respiratory-Disease-Classification/data/processed/audio/cycles/205/1b3_Ar_002.wav,validation
205,1b3,Ar,COPD,3,test,/Users/vs/Sem 5/Respiratory-Disease-Classification/data/processed/audio/cycles/205/1b3_Ar_003.wav,validation
205,1b3,Ar,COPD,3,test,/Users/vs/Sem 5/Respiratory-Disease-Classification/data/processed/audio/cycles/205/1b3_Ar_004.wav,validation
205,1b3,Ar,COPD,3,test,/Users/vs/Sem 5/Respiratory-Disease-Classification/data/processed/audio/cycles/205/1b3_Ar_005.wav,validation
205,1b3,Ar,COPD,3,test,/Users/vs/Sem 5/Respiratory-Disease-Classification/data/processed/audio/cycles/205/1b3_Ar_006.wav,validation
205,1b3,Ll,COPD,3,test,/Users/vs/Sem 5/Respiratory-Disease-Classification/data/processed/audio/cycles/205/1b3_Ll_001.wav,validation
205,1b3,Ll,COPD,3,test,/Users/vs/Sem 5/Respiratory-Disease-Classification/data/processed/audio/cycles/205/1b3_Ll_002.wav,validation
205,1b3,Ll,COPD,3,test,/Users/vs/Sem 5/Respiratory-Disease-Classification/data/processed/audio/cycles/205/1b3_Ll_003.wav,validation
205,1b3,Ll,COPD,3,test,/Users/vs/Sem 5/Respiratory-Disease-Classification/data/processed/audio/cycles/205/1b3_Ll_004.wav,validation
205,1b3,Ll,COPD,3,test,/Users/vs/Sem 5/Respiratory-Disease-Classification/data/processed/audio/cycles/205/1b3_Ll_005.wav,validation
205,1b3,Ll,COPD,3,test,/Users/vs/Sem 5/Respiratory-Disease-Classification/data/processed/audio/cycles/205/1b3_Ll_006.wav,validation
205,1b3,Lr,COPD,3,test,/Users/vs/Sem 5/Respiratory-Disease-Classification/data/processed/audio/cycles/205/1b3_Lr_001.wav,validation
205,1b3,Lr,COPD,3,test,/Users/vs/Sem 5/Respiratory-Disease-Classification/data/processed/audio/cycles/205/1b3_Lr_002.wav,validation
205,1b3,Lr,COPD,3,test,/Users/vs/Sem 5/Respiratory-Disease-Classification/data/processed/audio/cycles/205/1b3_Lr_003.wav,validation
205,1b3,Lr,COPD,3,test,/Users/vs/Sem 5/Respiratory-Disease-Classification/data/processed/audio/cycles/205/1b3_Lr_004.wav,validation
205,1b3,Lr,COPD,3,test,/Users/vs/Sem 5/Respiratory-Disease-Classification/data/processed/audio/cycles/205/1b3_Lr_005.wav,validation
205,1b3,Lr,COPD,3,test,/Users/vs/Sem 5/Respiratory-Disease-Classification/data/processed/audio/cycles/205/1b3_Lr_006.wav,validation
205,1b3,Pl,COPD,3,test,/Users/vs/Sem 5/Respiratory-Disease-Classification/data/processed/audio/cycles/205/1b3_Pl_001.wav,validation
205,1b3,Pl,COPD,3,test,/Users/vs/Sem 5/Respiratory-Disease-Classification/data/processed/audio/cycles/205/1b3_Pl_002.wav,validation
205,1b3,Pl,COPD,3,test,/Users/vs/Sem 5/Respiratory-Disease-Classification/data/processed/audio/cycles/205/1b3_Pl_003.wav,validation
205,1b3,Pl,COPD,3,test,/Users/vs/Sem 5/Respiratory-Disease-Classification/data/processed/audio/cycles/205/1b3_Pl_004.wav,validation
205,1b3,Pl,COPD,3,test,/Users/vs/Sem 5/Respiratory-Disease-Classification/data/processed/audio/cycles/205/1b3_Pl_005.wav,validation
205,1b3,Pl,COPD,3,test,/Users/vs/Sem 5/Respiratory-Disease-Classification/data/processed/audio/cycles/205/1b3_Pl_006.wav,validation
205,1b3,Pr,COPD,3,test,/Users/vs/Sem 5/Respiratory-Disease-Classification/data/processed/audio/cycles/205/1b3_Pr_001.wav,validation
205,1b3,Pr,COPD,3,test,/Users/vs/Sem 5/Respiratory-Disease-Classification/data/processed/audio/cycles/205/1b3_Pr_002.wav,validation
205,1b3,Pr,COPD,3,test,/Users/vs/Sem 5/Respiratory-Disease-Classification/data/processed/audio/cycles/205/1b3_Pr_003.wav,validation
205,1b3,Pr,COPD,3,test,/Users/vs/Sem 5/Respiratory-Disease-Classification/data/processed/audio/cycles/205/1b3_Pr_004.wav,validation
205,1b3,Pr,COPD,3,test,/Users/vs/Sem 5/Respiratory-Disease-Classification/data/processed/audio/cycles/205/1b3_Pr_005.wav,validation
205,1b3,Pr,COPD,3,test,/Users/vs/Sem 5/Respiratory-Disease-Classification/data/processed/audio/cycles/205/1b3_Pr_006.wav,validation
205,2b2,Pr,COPD,3,test,/Users/vs/Sem 5/Respiratory-Disease-Classification/data/processed/audio/cycles/205/2b2_Pr_001.wav,validation
205,2b2,Pr,COPD,3,test,/Users/vs/Sem 5/Respiratory-Disease-Classification/data/processed/audio/cycles/205/2b2_Pr_002.wav,validation
205,2b2,Pr,COPD,3,test,/Users/vs/Sem 5/Respiratory-Disease-Classification/data/processed/audio/cycles/205/2b2_Pr_003.wav,validation
205,2b2,Pr,COPD,3,test,/Users/vs/Sem 5/Respiratory-Disease-Classification/data/processed/audio/cycles/205/2b2_Pr_004.wav,validation
205,2b2,Pr,COPD,3,test,/Users/vs/Sem 5/Respiratory-Disease-Classification/data/processed/audio/cycles/205/2b2_Pr_005.wav,validation
205,2b3,Al,COPD,3,test,/Users/vs/Sem 5/Respiratory-Disease-Classification/data/processed/audio/cycles/205/2b3_Al_001.wav,validation
205,2b3,Al,COPD,3,test,/Users/vs/Sem 5/Respiratory-Disease-Classification/data/processed/audio/cycles/205/2b3_Al_002.wav,validation
205,2b3,Al,COPD,3,test,/Users/vs/Sem 5/Respiratory-Disease-Classification/data/processed/audio/cycles/205/2b3_Al_003.wav,validation
205,2b3,Al,COPD,3,test,/Users/vs/Sem 5/Respiratory-Disease-Classification/data/processed/audio/cycles/205/2b3_Al_004.wav,validation
205,2b3,Al,COPD,3,test,/Users/vs/Sem 5/Respiratory-Disease-Classification/data/processed/audio/cycles/205/2b3_Al_005.wav,validation
205,2b3,Ar,COPD,3,test,/Users/vs/Sem 5/Respiratory-Disease-Classification/data/processed/audio/cycles/205/2b3_Ar_001.wav,validation
205,2b3,Ar,COPD,3,test,/Users/vs/Sem 5/Respiratory-Disease-Classification/data/processed/audio/cycles/205/2b3_Ar_002.wav,validation
205,2b3,Ar,COPD,3,test,/Users/vs/Sem 5/Respiratory-Disease-Classification/data/processed/audio/cycles/205/2b3_Ar_003.wav,validation
205,2b3,Ar,COPD,3,test,/Users/vs/Sem 5/Respiratory-Disease-Classification/data/processed/audio/cycles/205/2b3_Ar_004.wav,validation
205,2b3,Ar,COPD,3,test,/Users/vs/Sem 5/Respiratory-Disease-Classification/data/processed/audio/cycles/205/2b3_Ar_005.wav,validation
205,2b3,Ll,COPD,3,test,/Users/vs/Sem 5/Respiratory-Disease-Classification/data/processed/audio/cycles/205/2b3_Ll_001.wav,validation
205,2b3,Ll,COPD,3,test,/Users/vs/Sem 5/Respiratory-Disease-Classification/data/processed/audio/cycles/205/2b3_Ll_002.wav,validation
205,2b3,Ll,COPD,3,test,/Users/vs/Sem 5/Respiratory-Disease-Classification/data/processed/audio/cycles/205/2b3_Ll_003.wav,validation
205,2b3,Ll,COPD,3,test,/Users/vs/Sem 5/Respiratory-Disease-Classification/data/processed/audio/cycles/205/2b3_Ll_004.wav,validation
205,2b3,Ll,COPD,3,test,/Users/vs/Sem 5/Respiratory-Disease-Classification/data/processed/audio/cycles/205/2b3_Ll_005.wav,validation
205,2b4,Pl,COPD,3,test,/Users/vs/Sem 5/Respiratory-Disease-Classification/data/processed/audio/cycles/205/2b4_Pl_001.wav,validation
205,2b4,Pl,COPD,3,test,/Users/vs/Sem 5/Respiratory-Disease-Classification/data/processed/audio/cycles/205/2b4_Pl_002.wav,validation
205,2b4,Pl,COPD,3,test,/Users/vs/Sem 5/Respiratory-Disease-Classification/data/processed/audio/cycles/205/2b4_Pl_003.wav,validation
205,2b4,Pl,COPD,3,test,/Users/vs/Sem 5/Respiratory-Disease-Classification/data/processed/audio/cycles/205/2b4_Pl_004.wav,validation
205,2b4,Pl,COPD,3,test,/Users/vs/Sem 5/Respiratory-Disease-Classification/data/processed/audio/cycles/205/2b4_Pl_005.wav,validation
205,3b4,Al,COPD,3,test,/Users/vs/Sem 5/Respiratory-Disease-Classification/data/processed/audio/cycles/205/3b4_Al_001.wav,validation
205,3b4,Al,COPD,3,test,/Users/vs/Sem 5/Respiratory-Disease-Classification/data/processed/audio/cycles/205/3b4_Al_002.wav,validation
205,3b4,Al,COPD,3,test,/Users/vs/Sem 5/Respiratory-Disease-Classification/data/processed/audio/cycles/205/3b4_Al_003.wav,validation
205,3b4,Al,COPD,3,test,/Users/vs/Sem 5/Respiratory-Disease-Classification/data/processed/audio/cycles/205/3b4_Al_004.wav,validation
205,3b4,Ar,COPD,3,test,/Users/vs/Sem 5/Respiratory-Disease-Classification/data/processed/audio/cycles/205/3b4_Ar_001.wav,validation
205,3b4,Ar,COPD,3,test,/Users/vs/Sem 5/Respiratory-Disease-Classification/data/processed/audio/cycles/205/3b4_Ar_002.wav,validation
205,3b4,Ar,COPD,3,test,/Users/vs/Sem 5/Respiratory-Disease-Classification/data/processed/audio/cycles/205/3b4_Ar_003.wav,validation
205,3b4,Ar,COPD,3,test,/Users/vs/Sem 5/Respiratory-Disease-Classification/data/processed/audio/cycles/205/3b4_Ar_004.wav,validation
205,3b4,Pl,COPD,3,test,/Users/vs/Sem 5/Respiratory-Disease-Classification/data/processed/audio/cycles/205/3b4_Pl_001.wav,validation
205,3b4,Pl,COPD,3,test,/Users/vs/Sem 5/Respiratory-Disease-Classification/data/processed/audio/cycles/205/3b4_Pl_002.wav,validation
205,3b4,Pl,COPD,3,test,/Users/vs/Sem 5/Respiratory-Disease-Classification/data/processed/audio/cycles/205/3b4_Pl_003.wav,validation
205,3b4,Pl,COPD,3,test,/Users/vs/Sem 5/Respiratory-Disease-Classification/data/processed/audio/cycles/205/3b4_Pl_004.wav,validation
205,3b4,Pr,COPD,3,test,/Users/vs/Sem 5/Respiratory-Disease-Classification/data/processed/audio/cycles/205/3b4_Pr_001.wav,validation
205,3b4,Pr,COPD,3,test,/Users/vs/Sem 5/Respiratory-Disease-Classification/data/processed/audio/cycles/205/3b4_Pr_002.wav,validation
205,3b4,Pr,COPD,3,test,/Users/vs/Sem 5/Respiratory-Disease-Classification/data/processed/audio/cycles/205/3b4_Pr_003.wav,validation
205,3b4,Pr,COPD,3,test,/Users/vs/Sem 5/Respiratory-Disease-Classification/data/processed/audio/cycles/205/3b4_Pr_004.wav,validation
205,4b2,Al,COPD,3,test,/Users/vs/Sem 5/Respiratory-Disease-Classification/data/processed/audio/cycles/205/4b2_Al_001.wav,validation
205,4b2,Al,COPD,3,test,/Users/vs/Sem 5/Respiratory-Disease-Classification/data/processed/audio/cycles/205/4b2_Al_002.wav,validation
205,4b2,Al,COPD,3,test,/Users/vs/Sem 5/Respiratory-Disease-Classification/data/processed/audio/cycles/205/4b2_Al_003.wav,validation
205,4b2,Al,COPD,3,test,/Users/vs/Sem 5/Respiratory-Disease-Classification/data/processed/audio/cycles/205/4b2_Al_004.wav,validation
205,4b2,Al,COPD,3,test,/Users/vs/Sem 5/Respiratory-Disease-Classification/data/processed/audio/cycles/205/4b2_Al_005.wav,validation
205,4b2,Ar,COPD,3,test,/Users/vs/Sem 5/Respiratory-Disease-Classification/data/processed/audio/cycles/205/4b2_Ar_001.wav,validation
205,4b2,Ar,COPD,3,test,/Users/vs/Sem 5/Respiratory-Disease-Classification/data/processed/audio/cycles/205/4b2_Ar_002.wav,validation
205,4b2,Ar,COPD,3,test,/Users/vs/Sem 5/Respiratory-Disease-Classification/data/processed/audio/cycles/205/4b2_Ar_003.wav,validation
205,4b2,Ar,COPD,3,test,/Users/vs/Sem 5/Respiratory-Disease-Classification/data/processed/audio/cycles/205/4b2_Ar_004.wav,validation
205,4b2,Ar,COPD,3,test,/Users/vs/Sem 5/Respiratory-Disease-Classification/data/processed/audio/cycles/205/4b2_Ar_005.wav,validation
205,4b2,Lr,COPD,3,test,/Users/vs/Sem 5/Respiratory-Disease-Classification/data/processed/audio/cycles/205/4b2_Lr_001.wav,validation
205,4b2,Lr,COPD,3,test,/Users/vs/Sem 5/Respiratory-Disease-Classification/data/processed/audio/cycles/205/4b2_Lr_002.wav,validation
205,4b2,Lr,COPD,3,test,/Users/vs/Sem 5/Respiratory-Disease-Classification/data/processed/audio/cycles/205/4b2_Lr_003.wav,validation
205,4b2,Lr,COPD,3,test,/Users/vs/Sem 5/Respiratory-Disease-Classification/data/processed/audio/cycles/205/4b2_Lr_004.wav,validation
205,4b2,Lr,COPD,3,test,/Users/vs/Sem 5/Respiratory-Disease-Classification/data/processed/audio/cycles/205/4b2_Lr_005.wav,validation
205,4b2,Pl,COPD,3,test,/Users/vs/Sem 5/Respiratory-Disease-Classification/data/processed/audio/cycles/205/4b2_Pl_001.wav,validation
205,4b2,Pl,COPD,3,test,/Users/vs/Sem 5/Respiratory-Disease-Classification/data/processed/audio/cycles/205/4b2_Pl_002.wav,validation
205,4b2,Pl,COPD,3,test,/Users/vs/Sem 5/Respiratory-Disease-Classification/data/processed/audio/cycles/205/4b2_Pl_003.wav,validation
205,4b2,Pl,COPD,3,test,/Users/vs/Sem 5/Respiratory-Disease-Classification/data/processed/audio/cycles/205/4b2_Pl_004.wav,validation
205,4b2,Pl,COPD,3,test,/Users/vs/Sem 5/Respiratory-Disease-Classification/data/processed/audio/cycles/205/4b2_Pl_005.wav,validation
205,4b2,Pr,COPD,3,test,/Users/vs/Sem 5/Respiratory-Disease-Classification/data/processed/audio/cycles/205/4b2_Pr_001.wav,validation
205,4b2,Pr,COPD,3,test,/Users/vs/Sem 5/Respiratory-Disease-Classification/data/processed/audio/cycles/205/4b2_Pr_002.wav,validation
205,4b2,Pr,COPD,3,test,/Users/vs/Sem 5/Respiratory-Disease-Classification/data/processed/audio/cycles/205/4b2_Pr_003.wav,validation
205,4b2,Pr,COPD,3,test,/Users/vs/Sem 5/Respiratory-Disease-Classification/data/processed/audio/cycles/205/4b2_Pr_004.wav,validation
205,4b2,Pr,COPD,3,test,/Users/vs/Sem 5/Respiratory-Disease-Classification/data/processed/audio/cycles/205/4b2_Pr_005.wav,validation
206,1b1,Ar,Bronchiolitis,2,train,/Users/vs/Sem 5/Respiratory-Disease-Classification/data/processed/audio/cycles/206/1b1_Ar_001.wav,validation
206,1b1,Ar,Bronchiolitis,2,train,/Users/vs/Sem 5/Respiratory-Disease-Classification/data/processed/audio/cycles/206/1b1_Ar_002.wav,validation
206,1b1,Ar,Bronchiolitis,2,train,/Users/vs/Sem 5/Respiratory-Disease-Classification/data/processed/audio/cycles/206/1b1_Ar_003.wav,validation
206,1b1,Ar,Bronchiolitis,2,train,/Users/vs/Sem 5/Respiratory-Disease-Classification/data/processed/audio/cycles/206/1b1_Ar_004.wav,validation
206,1b1,Ar,Bronchiolitis,2,train,/Users/vs/Sem 5/Respiratory-Disease-Classification/data/processed/audio/cycles/206/1b1_Ar_005.wav,validation
206,1b1,Ar,Bronchiolitis,2,train,/Users/vs/Sem 5/Respiratory-Disease-Classification/data/processed/audio/cycles/206/1b1_Ar_006.wav,validation
206,1b1,Ar,Bronchiolitis,2,train,/Users/vs/Sem 5/Respiratory-Disease-Classification/data/processed/audio/cycles/206/1b1_Ar_007.wav,validation
206,1b1,Ar,Bronchiolitis,2,train,/Users/vs/Sem 5/Respiratory-Disease-Classification/data/processed/audio/cycles/206/1b1_Ar_008.wav,validation
206,1b1,Ar,Bronchiolitis,2,train,/Users/vs/Sem 5/Respiratory-Disease-Classification/data/processed/audio/cycles/206/1b1_Ar_009.wav,validation
206,1b1,Ar,Bronchiolitis,2,train,/Users/vs/Sem 5/Respiratory-Disease-Classification/data/processed/audio/cycles/206/1b1_Ar_010.wav,validation
206,1b1,Ar,Bronchiolitis,2,train,/Users/vs/Sem 5/Respiratory-Disease-Classification/data/processed/audio/cycles/206/1b1_Ar_011.wav,validation
206,1b1,Lr,Bronchiolitis,2,train,/Users/vs/Sem 5/Respiratory-Disease-Classification/data/processed/audio/cycles/206/1b1_Lr_001.wav,validation
206,1b1,Lr,Bronchiolitis,2,train,/Users/vs/Sem 5/Respiratory-Disease-Classification/data/processed/audio/cycles/206/1b1_Lr_002.wav,validation
206,1b1,Lr,Bronchiolitis,2,train,/Users/vs/Sem 5/Respiratory-Disease-Classification/data/processed/audio/cycles/206/1b1_Lr_003.wav,validation
206,1b1,Lr,Bronchiolitis,2,train,/Users/vs/Sem 5/Respiratory-Disease-Classification/data/processed/audio/cycles/206/1b1_Lr_004.wav,validation
206,1b1,Lr,Bronchiolitis,2,train,/Users/vs/Sem 5/Respiratory-Disease-Classification/data/processed/audio/cycles/206/1b1_Lr_005.wav,validation
206,1b1,Lr,Bronchiolitis,2,train,/Users/vs/Sem 5/Respiratory-Disease-Classification/data/processed/audio/cycles/206/1b1_Lr_006.wav,validation
206,1b1,Lr,Bronchiolitis,2,train,/Users/vs/Sem 5/Respiratory-Disease-Classification/data/processed/audio/cycles/206/1b1_Lr_007.wav,validation
206,1b1,Lr,Bronchiolitis,2,train,/Users/vs/Sem 5/Respiratory-Disease-Classification/data/processed/audio/cycles/206/1b1_Lr_008.wav,validation
206,1b1,Pl,Bronchiolitis,2,train,/Users/vs/Sem 5/Respiratory-Disease-Classification/data/processed/audio/cycles/206/1b1_Pl_001.wav,validation
206,1b1,Pl,Bronchiolitis,2,train,/Users/vs/Sem 5/Respiratory-Disease-Classification/data/processed/audio/cycles/206/1b1_Pl_002.wav,validation
206,1b1,Pl,Bronchiolitis,2,train,/Users/vs/Sem 5/Respiratory-Disease-Classification/data/processed/audio/cycles/206/1b1_Pl_003.wav,validation
206,1b1,Pl,Bronchiolitis,2,train,/Users/vs/Sem 5/Respiratory-Disease-Classification/data/processed/audio/cycles/206/1b1_Pl_004.wav,validation
206,1b1,Pl,Bronchiolitis,2,train,/Users/vs/Sem 5/Respiratory-Disease-Classification/data/processed/audio/cycles/206/1b1_Pl_005.wav,validation
206,1b1,Pl,Bronchiolitis,2,train,/Users/vs/Sem 5/Respiratory-Disease-Classification/data/processed/audio/cycles/206/1b1_Pl_006.wav,validation
206,1b1,Pl,Bronchiolitis,2,train,/Users/vs/Sem 5/Respiratory-Disease-Classification/data/processed/audio/cycles/206/1b1_Pl_007.wav,validation
206,1b1,Pl,Bronchiolitis,2,train,/Users/vs/Sem 5/Respiratory-Disease-Classification/data/processed/audio/cycles/206/1b1_Pl_008.wav,validation
207,2b2,Al,COPD,3,test,/Users/vs/Sem 5/Respiratory-Disease-Classification/data/processed/audio/cycles/207/2b2_Al_001.wav,train
207,2b2,Al,COPD,3,test,/Users/vs/Sem 5/Respiratory-Disease-Classification/data/processed/audio/cycles/207/2b2_Al_002.wav,train
207,2b2,Al,COPD,3,test,/Users/vs/Sem 5/Respiratory-Disease-Classification/data/processed/audio/cycles/207/2b2_Al_003.wav,train
207,2b2,Al,COPD,3,test,/Users/vs/Sem 5/Respiratory-Disease-Classification/data/processed/audio/cycles/207/2b2_Al_004.wav,train
207,2b2,Al,COPD,3,test,/Users/vs/Sem 5/Respiratory-Disease-Classification/data/processed/audio/cycles/207/2b2_Al_005.wav,train
207,2b2,Al,COPD,3,test,/Users/vs/Sem 5/Respiratory-Disease-Classification/data/processed/audio/cycles/207/2b2_Al_006.wav,train
207,2b2,Ar,COPD,3,test,/Users/vs/Sem 5/Respiratory-Disease-Classification/data/processed/audio/cycles/207/2b2_Ar_001.wav,train
207,2b2,Ar,COPD,3,test,/Users/vs/Sem 5/Respiratory-Disease-Classification/data/processed/audio/cycles/207/2b2_Ar_002.wav,train
207,2b2,Ar,COPD,3,test,/Users/vs/Sem 5/Respiratory-Disease-Classification/data/processed/audio/cycles/207/2b2_Ar_003.wav,train
207,2b2,Ar,COPD,3,test,/Users/vs/Sem 5/Respiratory-Disease-Classification/data/processed/audio/cycles/207/2b2_Ar_004.wav,train
207,2b2,Ar,COPD,3,test,/Users/vs/Sem 5/Respiratory-Disease-Classification/data/processed/audio/cycles/207/2b2_Ar_005.wav,train
207,2b2,Ar,COPD,3,test,/Users/vs/Sem 5/Respiratory-Disease-Classification/data/processed/audio/cycles/207/2b2_Ar_006.wav,train
207,2b2,Pl,COPD,3,test,/Users/vs/Sem 5/Respiratory-Disease-Classification/data/processed/audio/cycles/207/2b2_Pl_001.wav,train
207,2b2,Pl,COPD,3,test,/Users/vs/Sem 5/Respiratory-Disease-Classification/data/processed/audio/cycles/207/2b2_Pl_002.wav,train
207,2b2,Pl,COPD,3,test,/Users/vs/Sem 5/Respiratory-Disease-Classification/data/processed/audio/cycles/207/2b2_Pl_003.wav,train
207,2b2,Pl,COPD,3,test,/Users/vs/Sem 5/Respiratory-Disease-Classification/data/processed/audio/cycles/207/2b2_Pl_004.wav,train
207,2b2,Pl,COPD,3,test,/Users/vs/Sem 5/Respiratory-Disease-Classification/data/processed/audio/cycles/207/2b2_Pl_005.wav,train
207,2b2,Pl,COPD,3,test,/Users/vs/Sem 5/Respiratory-Disease-Classification/data/processed/audio/cycles/207/2b2_Pl_006.wav,train
207,2b2,Pr,COPD,3,test,/Users/vs/Sem 5/Respiratory-Disease-Classification/data/processed/audio/cycles/207/2b2_Pr_001.wav,train
207,2b2,Pr,COPD,3,test,/Users/vs/Sem 5/Respiratory-Disease-Classification/data/processed/audio/cycles/207/2b2_Pr_002.wav,train
207,2b2,Pr,COPD,3,test,/Users/vs/Sem 5/Respiratory-Disease-Classification/data/processed/audio/cycles/207/2b2_Pr_003.wav,train
207,2b2,Pr,COPD,3,test,/Users/vs/Sem 5/Respiratory-Disease-Classification/data/processed/audio/cycles/207/2b2_Pr_004.wav,train
207,2b2,Pr,COPD,3,test,/Users/vs/Sem 5/Respiratory-Disease-Classification/data/processed/audio/cycles/207/2b2_Pr_005.wav,train
207,2b2,Pr,COPD,3,test,/Users/vs/Sem 5/Respiratory-Disease-Classification/data/processed/audio/cycles/207/2b2_Pr_006.wav,train
207,2b2,Tc,COPD,3,test,/Users/vs/Sem 5/Respiratory-Disease-Classification/data/processed/audio/cycles/207/2b2_Tc_001.wav,train
207,2b2,Tc,COPD,3,test,/Users/vs/Sem 5/Respiratory-Disease-Classification/data/processed/audio/cycles/207/2b2_Tc_002.wav,train
207,2b2,Tc,COPD,3,test,/Users/vs/Sem 5/Respiratory-Disease-Classification/data/processed/audio/cycles/207/2b2_Tc_003.wav,train
207,2b2,Tc,COPD,3,test,/Users/vs/Sem 5/Respiratory-Disease-Classification/data/processed/audio/cycles/207/2b2_Tc_004.wav,train
207,2b2,Tc,COPD,3,test,/Users/vs/Sem 5/Respiratory-Disease-Classification/data/processed/audio/cycles/207/2b2_Tc_005.wav,train
207,2b2,Tc,COPD,3,test,/Users/vs/Sem 5/Respiratory-Disease-Classification/data/processed/audio/cycles/207/2b2_Tc_006.wav,train
207,2b3,Al,COPD,3,test,/Users/vs/Sem 5/Respiratory-Disease-Classification/data/processed/audio/cycles/207/2b3_Al_001.wav,train
207,2b3,Al,COPD,3,test,/Users/vs/Sem 5/Respiratory-Disease-Classification/data/processed/audio/cycles/207/2b3_Al_002.wav,train
207,2b3,Al,COPD,3,test,/Users/vs/Sem 5/Respiratory-Disease-Classification/data/processed/audio/cycles/207/2b3_Al_003.wav,train
207,2b3,Al,COPD,3,test,/Users/vs/Sem 5/Respiratory-Disease-Classification/data/processed/audio/cycles/207/2b3_Al_004.wav,train
207,2b3,Al,COPD,3,test,/Users/vs/Sem 5/Respiratory-Disease-Classification/data/processed/audio/cycles/207/2b3_Al_005.wav,train
207,2b3,Al,COPD,3,test,/Users/vs/Sem 5/Respiratory-Disease-Classification/data/processed/audio/cycles/207/2b3_Al_006.wav,train
207,2b3,Ar,COPD,3,test,/Users/vs/Sem 5/Respiratory-Disease-Classification/data/processed/audio/cycles/207/2b3_Ar_001.wav,train
207,2b3,Ar,COPD,3,test,/Users/vs/Sem 5/Respiratory-Disease-Classification/data/processed/audio/cycles/207/2b3_Ar_002.wav,train
207,2b3,Ar,COPD,3,test,/Users/vs/Sem 5/Respiratory-Disease-Classification/data/processed/audio/cycles/207/2b3_Ar_003.wav,train
207,2b3,Ar,COPD,3,test,/Users/vs/Sem 5/Respiratory-Disease-Classification/data/processed/audio/cycles/207/2b3_Ar_004.wav,train
207,2b3,Ar,COPD,3,test,/Users/vs/Sem 5/Respiratory-Disease-Classification/data/processed/audio/cycles/207/2b3_Ar_005.wav,train
207,2b3,Ar,COPD,3,test,/Users/vs/Sem 5/Respiratory-Disease-Classification/data/processed/audio/cycles/207/2b3_Ar_006.wav,train
207,2b3,Pl,COPD,3,test,/Users/vs/Sem 5/Respiratory-Disease-Classification/data/processed/audio/cycles/207/2b3_Pl_001.wav,train
207,2b3,Pl,COPD,3,test,/Users/vs/Sem 5/Respiratory-Disease-Classification/data/processed/audio/cycles/207/2b3_Pl_002.wav,train
207,2b3,Pl,COPD,3,test,/Users/vs/Sem 5/Respiratory-Disease-Classification/data/processed/audio/cycles/207/2b3_Pl_003.wav,train
207,2b3,Pl,COPD,3,test,/Users/vs/Sem 5/Respiratory-Disease-Classification/data/processed/audio/cycles/207/2b3_Pl_004.wav,train
207,2b3,Pl,COPD,3,test,/Users/vs/Sem 5/Respiratory-Disease-Classification/data/processed/audio/cycles/207/2b3_Pl_005.wav,train
207,2b3,Pl,COPD,3,test,/Users/vs/Sem 5/Respiratory-Disease-Classification/data/processed/audio/cycles/207/2b3_Pl_006.wav,train
207,2b3,Pr,COPD,3,test,/Users/vs/Sem 5/Respiratory-Disease-Classification/data/processed/audio/cycles/207/2b3_Pr_001.wav,train
207,2b3,Pr,COPD,3,test,/Users/vs/Sem 5/Respiratory-Disease-Classification/data/processed/audio/cycles/207/2b3_Pr_002.wav,train
207,2b3,Pr,COPD,3,test,/Users/vs/Sem 5/Respiratory-Disease-Classification/data/processed/audio/cycles/207/2b3_Pr_003.wav,train
207,2b3,Pr,COPD,3,test,/Users/vs/Sem 5/Respiratory-Disease-Classification/data/processed/audio/cycles/207/2b3_Pr_004.wav,train
207,2b3,Pr,COPD,3,test,/Users/vs/Sem 5/Respiratory-Disease-Classification/data/processed/audio/cycles/207/2b3_Pr_005.wav,train
207,2b3,Pr,COPD,3,test,/Users/vs/Sem 5/Respiratory-Disease-Classification/data/processed/audio/cycles/207/2b3_Pr_006.wav,train
207,2b3,Tc,COPD,3,test,/Users/vs/Sem 5/Respiratory-Disease-Classification/data/processed/audio/cycles/207/2b3_Tc_001.wav,train
207,2b3,Tc,COPD,3,test,/Users/vs/Sem 5/Respiratory-Disease-Classification/data/processed/audio/cycles/207/2b3_Tc_002.wav,train
207,2b3,Tc,COPD,3,test,/Users/vs/Sem 5/Respiratory-Disease-Classification/data/processed/audio/cycles/207/2b3_Tc_003.wav,train
207,2b3,Tc,COPD,3,test,/Users/vs/Sem 5/Respiratory-Disease-Classification/data/processed/audio/cycles/207/2b3_Tc_004.wav,train
207,2b3,Tc,COPD,3,test,/Users/vs/Sem 5/Respiratory-Disease-Classification/data/processed/audio/cycles/207/2b3_Tc_005.wav,train
207,2b3,Tc,COPD,3,test,/Users/vs/Sem 5/Respiratory-Disease-Classification/data/processed/audio/cycles/207/2b3_Tc_006.wav,train
207,2b4,Al,COPD,3,test,/Users/vs/Sem 5/Respiratory-Disease-Classification/data/processed/audio/cycles/207/2b4_Al_001.wav,train
207,2b4,Al,COPD,3,test,/Users/vs/Sem 5/Respiratory-Disease-Classification/data/processed/audio/cycles/207/2b4_Al_002.wav,train
207,2b4,Al,COPD,3,test,/Users/vs/Sem 5/Respiratory-Disease-Classification/data/processed/audio/cycles/207/2b4_Al_003.wav,train
207,2b4,Al,COPD,3,test,/Users/vs/Sem 5/Respiratory-Disease-Classification/data/processed/audio/cycles/207/2b4_Al_004.wav,train
207,2b4,Al,COPD,3,test,/Users/vs/Sem 5/Respiratory-Disease-Classification/data/processed/audio/cycles/207/2b4_Al_005.wav,train
207,2b4,Ar,COPD,3,test,/Users/vs/Sem 5/Respiratory-Disease-Classification/data/processed/audio/cycles/207/2b4_Ar_001.wav,train
207,2b4,Ar,COPD,3,test,/Users/vs/Sem 5/Respiratory-Disease-Classification/data/processed/audio/cycles/207/2b4_Ar_002.wav,train
207,2b4,Ar,COPD,3,test,/Users/vs/Sem 5/Respiratory-Disease-Classification/data/processed/audio/cycles/207/2b4_Ar_003.wav,train
207,2b4,Ar,COPD,3,test,/Users/vs/Sem 5/Respiratory-Disease-Classification/data/processed/audio/cycles/207/2b4_Ar_004.wav,train
207,2b4,Ar,COPD,3,test,/Users/vs/Sem 5/Respiratory-Disease-Classification/data/processed/audio/cycles/207/2b4_Ar_005.wav,train
207,2b4,Pl,COPD,3,test,/Users/vs/Sem 5/Respiratory-Disease-Classification/data/processed/audio/cycles/207/2b4_Pl_001.wav,train
207,2b4,Pl,COPD,3,test,/Users/vs/Sem 5/Respiratory-Disease-Classification/data/processed/audio/cycles/207/2b4_Pl_002.wav,train
207,2b4,Pl,COPD,3,test,/Users/vs/Sem 5/Respiratory-Disease-Classification/data/processed/audio/cycles/207/2b4_Pl_003.wav,train
207,2b4,Pl,COPD,3,test,/Users/vs/Sem 5/Respiratory-Disease-Classification/data/processed/audio/cycles/207/2b4_Pl_004.wav,train
207,2b4,Pl,COPD,3,test,/Users/vs/Sem 5/Respiratory-Disease-Classification/data/processed/audio/cycles/207/2b4_Pl_005.wav,train
207,2b4,Pr,COPD,3,test,/Users/vs/Sem 5/Respiratory-Disease-Classification/data/processed/audio/cycles/207/2b4_Pr_001.wav,train
207,2b4,Pr,COPD,3,test,/Users/vs/Sem 5/Respiratory-Disease-Classification/data/processed/audio/cycles/207/2b4_Pr_002.wav,train
207,2b4,Pr,COPD,3,test,/Users/vs/Sem 5/Respiratory-Disease-Classification/data/processed/audio/cycles/207/2b4_Pr_003.wav,train
207,2b4,Pr,COPD,3,test,/Users/vs/Sem 5/Respiratory-Disease-Classification/data/processed/audio/cycles/207/2b4_Pr_004.wav,train
207,2b4,Pr,COPD,3,test,/Users/vs/Sem 5/Respiratory-Disease-Classification/data/processed/audio/cycles/207/2b4_Pr_005.wav,train
207,2b4,Tc,COPD,3,test,/Users/vs/Sem 5/Respiratory-Disease-Classification/data/processed/audio/cycles/207/2b4_Tc_001.wav,train
207,2b4,Tc,COPD,3,test,/Users/vs/Sem 5/Respiratory-Disease-Classification/data/processed/audio/cycles/207/2b4_Tc_002.wav,train
207,2b4,Tc,COPD,3,test,/Users/vs/Sem 5/Respiratory-Disease-Classification/data/processed/audio/cycles/207/2b4_Tc_003.wav,train
207,2b4,Tc,COPD,3,test,/Users/vs/Sem 5/Respiratory-Disease-Classification/data/processed/audio/cycles/207/2b4_Tc_004.wav,train
207,2b4,Tc,COPD,3,test,/Users/vs/Sem 5/Respiratory-Disease-Classification/data/processed/audio/cycles/207/2b4_Tc_005.wav,train
207,3b2,Al,COPD,3,test,/Users/vs/Sem 5/Respiratory-Disease-Classification/data/processed/audio/cycles/207/3b2_Al_001.wav,train
207,3b2,Al,COPD,3,test,/Users/vs/Sem 5/Respiratory-Disease-Classification/data/processed/audio/cycles/207/3b2_Al_002.wav,train
207,3b2,Al,COPD,3,test,/Users/vs/Sem 5/Respiratory-Disease-Classification/data/processed/audio/cycles/207/3b2_Al_003.wav,train
207,3b2,Al,COPD,3,test,/Users/vs/Sem 5/Respiratory-Disease-Classification/data/processed/audio/cycles/207/3b2_Al_004.wav,train
207,3b2,Al,COPD,3,test,/Users/vs/Sem 5/Respiratory-Disease-Classification/data/processed/audio/cycles/207/3b2_Al_005.wav,train
207,3b2,Al,COPD,3,test,/Users/vs/Sem 5/Respiratory-Disease-Classification/data/processed/audio/cycles/207/3b2_Al_006.wav,train
207,3b2,Al,COPD,3,test,/Users/vs/Sem 5/Respiratory-Disease-Classification/data/processed/audio/cycles/207/3b2_Al_007.wav,train
207,3b2,Al,COPD,3,test,/Users/vs/Sem 5/Respiratory-Disease-Classification/data/processed/audio/cycles/207/3b2_Al_008.wav,train
207,3b2,Al,COPD,3,test,/Users/vs/Sem 5/Respiratory-Disease-Classification/data/processed/audio/cycles/207/3b2_Al_009.wav,train
207,3b2,Ar,COPD,3,test,/Users/vs/Sem 5/Respiratory-Disease-Classification/data/processed/audio/cycles/207/3b2_Ar_001.wav,train
207,3b2,Ar,COPD,3,test,/Users/vs/Sem 5/Respiratory-Disease-Classification/data/processed/audio/cycles/207/3b2_Ar_002.wav,train
207,3b2,Ar,COPD,3,test,/Users/vs/Sem 5/Respiratory-Disease-Classification/data/processed/audio/cycles/207/3b2_Ar_003.wav,train
207,3b2,Ar,COPD,3,test,/Users/vs/Sem 5/Respiratory-Disease-Classification/data/processed/audio/cycles/207/3b2_Ar_004.wav,train
207,3b2,Ar,COPD,3,test,/Users/vs/Sem 5/Respiratory-Disease-Classification/data/processed/audio/cycles/207/3b2_Ar_005.wav,train
207,3b2,Ar,COPD,3,test,/Users/vs/Sem 5/Respiratory-Disease-Classification/data/processed/audio/cycles/207/3b2_Ar_006.wav,train
207,3b2,Ar,COPD,3,test,/Users/vs/Sem 5/Respiratory-Disease-Classification/data/processed/audio/cycles/207/3b2_Ar_007.wav,train
207,3b2,Ar,COPD,3,test,/Users/vs/Sem 5/Respiratory-Disease-Classification/data/processed/audio/cycles/207/3b2_Ar_008.wav,train
207,3b2,Ar,COPD,3,test,/Users/vs/Sem 5/Respiratory-Disease-Classification/data/processed/audio/cycles/207/3b2_Ar_009.wav,train
207,3b2,Lr,COPD,3,test,/Users/vs/Sem 5/Respiratory-Disease-Classification/data/processed/audio/cycles/207/3b2_Lr_001.wav,train
207,3b2,Lr,COPD,3,test,/Users/vs/Sem 5/Respiratory-Disease-Classification/data/processed/audio/cycles/207/3b2_Lr_002.wav,train
207,3b2,Lr,COPD,3,test,/Users/vs/Sem 5/Respiratory-Disease-Classification/data/processed/audio/cycles/207/3b2_Lr_003.wav,train
207,3b2,Lr,COPD,3,test,/Users/vs/Sem 5/Respiratory-Disease-Classification/data/processed/audio/cycles/207/3b2_Lr_004.wav,train
207,3b2,Lr,COPD,3,test,/Users/vs/Sem 5/Respiratory-Disease-Classification/data/processed/audio/cycles/207/3b2_Lr_005.wav,train
207,3b2,Lr,COPD,3,test,/Users/vs/Sem 5/Respiratory-Disease-Classification/data/processed/audio/cycles/207/3b2_Lr_006.wav,train
207,3b2,Lr,COPD,3,test,/Users/vs/Sem 5/Respiratory-Disease-Classification/data/processed/audio/cycles/207/3b2_Lr_007.wav,train
207,3b2,Lr,COPD,3,test,/Users/vs/Sem 5/Respiratory-Disease-Classification/data/processed/audio/cycles/207/3b2_Lr_008.wav,train
207,3b2,Lr,COPD,3,test,/Users/vs/Sem 5/Respiratory-Disease-Classification/data/processed/audio/cycles/207/3b2_Lr_009.wav,train
207,3b2,Pl,COPD,3,test,/Users/vs/Sem 5/Respiratory-Disease-Classification/data/processed/audio/cycles/207/3b2_Pl_001.wav,train
207,3b2,Pl,COPD,3,test,/Users/vs/Sem 5/Respiratory-Disease-Classification/data/processed/audio/cycles/207/3b2_Pl_002.wav,train
207,3b2,Pl,COPD,3,test,/Users/vs/Sem 5/Respiratory-Disease-Classification/data/processed/audio/cycles/207/3b2_Pl_003.wav,train
207,3b2,Pl,COPD,3,test,/Users/vs/Sem 5/Respiratory-Disease-Classification/data/processed/audio/cycles/207/3b2_Pl_004.wav,train
207,3b2,Pl,COPD,3,test,/Users/vs/Sem 5/Respiratory-Disease-Classification/data/processed/audio/cycles/207/3b2_Pl_005.wav,train
207,3b2,Pl,COPD,3,test,/Users/vs/Sem 5/Respiratory-Disease-Classification/data/processed/audio/cycles/207/3b2_Pl_006.wav,train
207,3b2,Pl,COPD,3,test,/Users/vs/Sem 5/Respiratory-Disease-Classification/data/processed/audio/cycles/207/3b2_Pl_007.wav,train
207,3b2,Pl,COPD,3,test,/Users/vs/Sem 5/Respiratory-Disease-Classification/data/processed/audio/cycles/207/3b2_Pl_008.wav,train
207,3b2,Pl,COPD,3,test,/Users/vs/Sem 5/Respiratory-Disease-Classification/data/processed/audio/cycles/207/3b2_Pl_009.wav,train
207,3b2,Pr,COPD,3,test,/Users/vs/Sem 5/Respiratory-Disease-Classification/data/processed/audio/cycles/207/3b2_Pr_001.wav,train
207,3b2,Pr,COPD,3,test,/Users/vs/Sem 5/Respiratory-Disease-Classification/data/processed/audio/cycles/207/3b2_Pr_002.wav,train
207,3b2,Pr,COPD,3,test,/Users/vs/Sem 5/Respiratory-Disease-Classification/data/processed/audio/cycles/207/3b2_Pr_003.wav,train
207,3b2,Pr,COPD,3,test,/Users/vs/Sem 5/Respiratory-Disease-Classification/data/processed/audio/cycles/207/3b2_Pr_004.wav,train
207,3b2,Pr,COPD,3,test,/Users/vs/Sem 5/Respiratory-Disease-Classification/data/processed/audio/cycles/207/3b2_Pr_005.wav,train
207,3b2,Pr,COPD,3,test,/Users/vs/Sem 5/Respiratory-Disease-Classification/data/processed/audio/cycles/207/3b2_Pr_006.wav,train
207,3b2,Pr,COPD,3,test,/Users/vs/Sem 5/Respiratory-Disease-Classification/data/processed/audio/cycles/207/3b2_Pr_007.wav,train
207,3b2,Pr,COPD,3,test,/Users/vs/Sem 5/Respiratory-Disease-Classification/data/processed/audio/cycles/207/3b2_Pr_008.wav,train
207,3b2,Pr,COPD,3,test,/Users/vs/Sem 5/Respiratory-Disease-Classification/data/processed/audio/cycles/207/3b2_Pr_009.wav,train
207,3b2,Tc,COPD,3,test,/Users/vs/Sem 5/Respiratory-Disease-Classification/data/processed/audio/cycles/207/3b2_Tc_001.wav,train
207,3b2,Tc,COPD,3,test,/Users/vs/Sem 5/Respiratory-Disease-Classification/data/processed/audio/cycles/207/3b2_Tc_002.wav,train
207,3b2,Tc,COPD,3,test,/Users/vs/Sem 5/Respiratory-Disease-Classification/data/processed/audio/cycles/207/3b2_Tc_003.wav,train
207,3b2,Tc,COPD,3,test,/Users/vs/Sem 5/Respiratory-Disease-Classification/data/processed/audio/cycles/207/3b2_Tc_004.wav,train
207,3b2,Tc,COPD,3,test,/Users/vs/Sem 5/Respiratory-Disease-Classification/data/processed/audio/cycles/207/3b2_Tc_005.wav,train
207,3b2,Tc,COPD,3,test,/Users/vs/Sem 5/Respiratory-Disease-Classification/data/processed/audio/cycles/207/3b2_Tc_006.wav,train
207,3b2,Tc,COPD,3,test,/Users/vs/Sem 5/Respiratory-Disease-Classification/data/processed/audio/cycles/207/3b2_Tc_007.wav,train
207,3b2,Tc,COPD,3,test,/Users/vs/Sem 5/Respiratory-Disease-Classification/data/processed/audio/cycles/207/3b2_Tc_008.wav,train
207,3b2,Tc,COPD,3,test,/Users/vs/Sem 5/Respiratory-Disease-Classification/data/processed/audio/cycles/207/3b2_Tc_009.wav,train
208,1b1,Ll,Healthy,4,train,/Users/vs/Sem 5/Respiratory-Disease-Classification/data/processed/audio/cycles/208/1b1_Ll_001.wav,train
208,1b1,Ll,Healthy,4,train,/Users/vs/Sem 5/Respiratory-Disease-Classification/data/processed/audio/cycles/208/1b1_Ll_002.wav,train
208,1b1,Ll,Healthy,4,train,/Users/vs/Sem 5/Respiratory-Disease-Classification/data/processed/audio/cycles/208/1b1_Ll_003.wav,train
208,1b1,Ll,Healthy,4,train,/Users/vs/Sem 5/Respiratory-Disease-Classification/data/processed/audio/cycles/208/1b1_Ll_004.wav,train
208,1b1,Ll,Healthy,4,train,/Users/vs/Sem 5/Respiratory-Disease-Classification/data/processed/audio/cycles/208/1b1_Ll_005.wav,train
208,1b1,Ll,Healthy,4,train,/Users/vs/Sem 5/Respiratory-Disease-Classification/data/processed/audio/cycles/208/1b1_Ll_006.wav,train
208,1b1,Ll,Healthy,4,train,/Users/vs/Sem 5/Respiratory-Disease-Classification/data/processed/audio/cycles/208/1b1_Ll_007.wav,train
208,1b1,Ll,Healthy,4,train,/Users/vs/Sem 5/Respiratory-Disease-Classification/data/processed/audio/cycles/208/1b1_Ll_008.wav,train
208,1b1,Ll,Healthy,4,train,/Users/vs/Sem 5/Respiratory-Disease-Classification/data/processed/audio/cycles/208/1b1_Ll_009.wav,train
208,1b1,Ll,Healthy,4,train,/Users/vs/Sem 5/Respiratory-Disease-Classification/data/processed/audio/cycles/208/1b1_Ll_010.wav,train
208,1b1,Ll,Healthy,4,train,/Users/vs/Sem 5/Respiratory-Disease-Classification/data/processed/audio/cycles/208/1b1_Ll_011.wav,train
208,1b1,Ll,Healthy,4,train,/Users/vs/Sem 5/Respiratory-Disease-Classification/data/processed/audio/cycles/208/1b1_Ll_012.wav,train
208,1b1,Ll,Healthy,4,train,/Users/vs/Sem 5/Respiratory-Disease-Classification/data/processed/audio/cycles/208/1b1_Ll_013.wav,train
209,1b1,Tc,Healthy,4,train,/Users/vs/Sem 5/Respiratory-Disease-Classification/data/processed/audio/cycles/209/1b1_Tc_001.wav,train
209,1b1,Tc,Healthy,4,train,/Users/vs/Sem 5/Respiratory-Disease-Classification/data/processed/audio/cycles/209/1b1_Tc_002.wav,train
209,1b1,Tc,Healthy,4,train,/Users/vs/Sem 5/Respiratory-Disease-Classification/data/processed/audio/cycles/209/1b1_Tc_003.wav,train
209,1b1,Tc,Healthy,4,train,/Users/vs/Sem 5/Respiratory-Disease-Classification/data/processed/audio/cycles/209/1b1_Tc_004.wav,train
210,1b1,Al,URTI,7,train,/Users/vs/Sem 5/Respiratory-Disease-Classification/data/processed/audio/cycles/210/1b1_Al_001.wav,train
210,1b1,Al,URTI,7,train,/Users/vs/Sem 5/Respiratory-Disease-Classification/data/processed/audio/cycles/210/1b1_Al_002.wav,train
210,1b1,Al,URTI,7,train,/Users/vs/Sem 5/Respiratory-Disease-Classification/data/processed/audio/cycles/210/1b1_Al_003.wav,train
210,1b1,Al,URTI,7,train,/Users/vs/Sem 5/Respiratory-Disease-Classification/data/processed/audio/cycles/210/1b1_Al_004.wav,train
210,1b1,Al,URTI,7,train,/Users/vs/Sem 5/Respiratory-Disease-Classification/data/processed/audio/cycles/210/1b1_Al_005.wav,train
210,1b1,Al,URTI,7,train,/Users/vs/Sem 5/Respiratory-Disease-Classification/data/processed/audio/cycles/210/1b1_Al_006.wav,train
210,1b1,Al,URTI,7,train,/Users/vs/Sem 5/Respiratory-Disease-Classification/data/processed/audio/cycles/210/1b1_Al_007.wav,train
210,1b1,Al,URTI,7,train,/Users/vs/Sem 5/Respiratory-Disease-Classification/data/processed/audio/cycles/210/1b1_Al_008.wav,train
210,1b1,Al,URTI,7,train,/Users/vs/Sem 5/Respiratory-Disease-Classification/data/processed/audio/cycles/210/1b1_Al_009.wav,train
210,1b1,Al,URTI,7,train,/Users/vs/Sem 5/Respiratory-Disease-Classification/data/processed/audio/cycles/210/1b1_Al_010.wav,train
210,1b1,Al,URTI,7,train,/Users/vs/Sem 5/Respiratory-Disease-Classification/data/processed/audio/cycles/210/1b1_Al_011.wav,train
210,1b1,Al,URTI,7,train,/Users/vs/Sem 5/Respiratory-Disease-Classification/data/processed/audio/cycles/210/1b1_Al_012.wav,train
210,1b1,Al,URTI,7,train,/Users/vs/Sem 5/Respiratory-Disease-Classification/data/processed/audio/cycles/210/1b1_Al_013.wav,train
210,1b1,Al,URTI,7,train,/Users/vs/Sem 5/Respiratory-Disease-Classification/data/processed/audio/cycles/210/1b1_Al_014.wav,train
210,1b1,Al,URTI,7,train,/Users/vs/Sem 5/Respiratory-Disease-Classification/data/processed/audio/cycles/210/1b1_Al_015.wav,train
210,1b1,Al,URTI,7,train,/Users/vs/Sem 5/Respiratory-Disease-Classification/data/processed/audio/cycles/210/1b1_Al_016.wav,train
210,1b1,Al,URTI,7,train,/Users/vs/Sem 5/Respiratory-Disease-Classification/data/processed/audio/cycles/210/1b1_Al_017.wav,train
210,1b1,Al,URTI,7,train,/Users/vs/Sem 5/Respiratory-Disease-Classification/data/processed/audio/cycles/210/1b1_Al_018.wav,train
210,1b1,Ar,URTI,7,train,/Users/vs/Sem 5/Respiratory-Disease-Classification/data/processed/audio/cycles/210/1b1_Ar_001.wav,train
210,1b1,Ar,URTI,7,train,/Users/vs/Sem 5/Respiratory-Disease-Classification/data/processed/audio/cycles/210/1b1_Ar_002.wav,train
210,1b1,Ar,URTI,7,train,/Users/vs/Sem 5/Respiratory-Disease-Classification/data/processed/audio/cycles/210/1b1_Ar_003.wav,train
210,1b1,Ar,URTI,7,train,/Users/vs/Sem 5/Respiratory-Disease-Classification/data/processed/audio/cycles/210/1b1_Ar_004.wav,train
210,1b1,Ar,URTI,7,train,/Users/vs/Sem 5/Respiratory-Disease-Classification/data/processed/audio/cycles/210/1b1_Ar_005.wav,train
210,1b1,Ar,URTI,7,train,/Users/vs/Sem 5/Respiratory-Disease-Classification/data/processed/audio/cycles/210/1b1_Ar_006.wav,train
210,1b1,Ar,URTI,7,train,/Users/vs/Sem 5/Respiratory-Disease-Classification/data/processed/audio/cycles/210/1b1_Ar_007.wav,train
210,1b1,Ar,URTI,7,train,/Users/vs/Sem 5/Respiratory-Disease-Classification/data/processed/audio/cycles/210/1b1_Ar_008.wav,train
210,1b1,Ar,URTI,7,train,/Users/vs/Sem 5/Respiratory-Disease-Classification/data/processed/audio/cycles/210/1b1_Ar_009.wav,train
210,1b1,Ar,URTI,7,train,/Users/vs/Sem 5/Respiratory-Disease-Classification/data/processed/audio/cycles/210/1b1_Ar_010.wav,train
210,1b1,Ar,URTI,7,train,/Users/vs/Sem 5/Respiratory-Disease-Classification/data/processed/audio/cycles/210/1b1_Ar_011.wav,train
210,1b1,Ar,URTI,7,train,/Users/vs/Sem 5/Respiratory-Disease-Classification/data/processed/audio/cycles/210/1b1_Ar_012.wav,train
210,1b1,Ar,URTI,7,train,/Users/vs/Sem 5/Respiratory-Disease-Classification/data/processed/audio/cycles/210/1b1_Ar_013.wav,train
211,1p2,Ar,COPD,3,test,/Users/vs/Sem 5/Respiratory-Disease-Classification/data/processed/audio/cycles/211/1p2_Ar_001.wav,validation
211,1p2,Ar,COPD,3,test,/Users/vs/Sem 5/Respiratory-Disease-Classification/data/processed/audio/cycles/211/1p2_Ar_002.wav,validation
211,1p2,Ar,COPD,3,test,/Users/vs/Sem 5/Respiratory-Disease-Classification/data/processed/audio/cycles/211/1p2_Ar_003.wav,validation
211,1p2,Ar,COPD,3,test,/Users/vs/Sem 5/Respiratory-Disease-Classification/data/processed/audio/cycles/211/1p2_Ar_004.wav,validation
211,1p2,Ar,COPD,3,test,/Users/vs/Sem 5/Respiratory-Disease-Classification/data/processed/audio/cycles/211/1p2_Ar_005.wav,validation
211,1p2,Ar,COPD,3,test,/Users/vs/Sem 5/Respiratory-Disease-Classification/data/processed/audio/cycles/211/1p2_Ar_006.wav,validation
211,1p2,Ar,COPD,3,test,/Users/vs/Sem 5/Respiratory-Disease-Classification/data/processed/audio/cycles/211/1p2_Ar_007.wav,validation
211,1p2,Ar,COPD,3,test,/Users/vs/Sem 5/Respiratory-Disease-Classification/data/processed/audio/cycles/211/1p2_Ar_008.wav,validation
211,1p2,Ar,COPD,3,test,/Users/vs/Sem 5/Respiratory-Disease-Classification/data/processed/audio/cycles/211/1p2_Ar_009.wav,validation
211,1p2,Ar,COPD,3,test,/Users/vs/Sem 5/Respiratory-Disease-Classification/data/processed/audio/cycles/211/1p2_Ar_010.wav,validation
211,1p2,Ar,COPD,3,test,/Users/vs/Sem 5/Respiratory-Disease-Classification/data/processed/audio/cycles/211/1p2_Ar_011.wav,validation
211,1p2,Ar,COPD,3,test,/Users/vs/Sem 5/Respiratory-Disease-Classification/data/processed/audio/cycles/211/1p2_Ar_012.wav,validation
211,1p2,Ar,COPD,3,test,/Users/vs/Sem 5/Respiratory-Disease-Classification/data/processed/audio/cycles/211/1p2_Ar_013.wav,validation
211,1p2,Pl,COPD,3,test,/Users/vs/Sem 5/Respiratory-Disease-Classification/data/processed/audio/cycles/211/1p2_Pl_001.wav,validation
211,1p2,Pl,COPD,3,test,/Users/vs/Sem 5/Respiratory-Disease-Classification/data/processed/audio/cycles/211/1p2_Pl_002.wav,validation
211,1p2,Pl,COPD,3,test,/Users/vs/Sem 5/Respiratory-Disease-Classification/data/processed/audio/cycles/211/1p2_Pl_003.wav,validation
211,1p2,Pl,COPD,3,test,/Users/vs/Sem 5/Respiratory-Disease-Classification/data/processed/audio/cycles/211/1p2_Pl_004.wav,validation
211,1p2,Pl,COPD,3,test,/Users/vs/Sem 5/Respiratory-Disease-Classification/data/processed/audio/cycles/211/1p2_Pl_005.wav,validation
211,1p2,Pl,COPD,3,test,/Users/vs/Sem 5/Respiratory-Disease-Classification/data/processed/audio/cycles/211/1p2_Pl_006.wav,validation
211,1p2,Pl,COPD,3,test,/Users/vs/Sem 5/Respiratory-Disease-Classification/data/processed/audio/cycles/211/1p2_Pl_007.wav,validation
211,1p2,Pl,COPD,3,test,/Users/vs/Sem 5/Respiratory-Disease-Classification/data/processed/audio/cycles/211/1p2_Pl_008.wav,validation
211,1p2,Pl,COPD,3,test,/Users/vs/Sem 5/Respiratory-Disease-Classification/data/processed/audio/cycles/211/1p2_Pl_009.wav,validation
211,1p2,Pl,COPD,3,test,/Users/vs/Sem 5/Respiratory-Disease-Classification/data/processed/audio/cycles/211/1p2_Pl_010.wav,validation
211,1p2,Pl,COPD,3,test,/Users/vs/Sem 5/Respiratory-Disease-Classification/data/processed/audio/cycles/211/1p2_Pl_011.wav,validation
211,1p2,Pl,COPD,3,test,/Users/vs/Sem 5/Respiratory-Disease-Classification/data/processed/audio/cycles/211/1p2_Pl_012.wav,validation
211,1p2,Pl,COPD,3,test,/Users/vs/Sem 5/Respiratory-Disease-Classification/data/processed/audio/cycles/211/1p2_Pl_013.wav,validation
211,1p2,Pr,COPD,3,test,/Users/vs/Sem 5/Respiratory-Disease-Classification/data/processed/audio/cycles/211/1p2_Pr_001.wav,validation
211,1p2,Pr,COPD,3,test,/Users/vs/Sem 5/Respiratory-Disease-Classification/data/processed/audio/cycles/211/1p2_Pr_002.wav,validation
211,1p2,Pr,COPD,3,test,/Users/vs/Sem 5/Respiratory-Disease-Classification/data/processed/audio/cycles/211/1p2_Pr_003.wav,validation
211,1p2,Pr,COPD,3,test,/Users/vs/Sem 5/Respiratory-Disease-Classification/data/processed/audio/cycles/211/1p2_Pr_004.wav,validation
211,1p2,Pr,COPD,3,test,/Users/vs/Sem 5/Respiratory-Disease-Classification/data/processed/audio/cycles/211/1p2_Pr_005.wav,validation
211,1p2,Pr,COPD,3,test,/Users/vs/Sem 5/Respiratory-Disease-Classification/data/processed/audio/cycles/211/1p2_Pr_006.wav,validation
211,1p2,Pr,COPD,3,test,/Users/vs/Sem 5/Respiratory-Disease-Classification/data/processed/audio/cycles/211/1p2_Pr_007.wav,validation
211,1p2,Pr,COPD,3,test,/Users/vs/Sem 5/Respiratory-Disease-Classification/data/processed/audio/cycles/211/1p2_Pr_008.wav,validation
211,1p2,Pr,COPD,3,test,/Users/vs/Sem 5/Respiratory-Disease-Classification/data/processed/audio/cycles/211/1p2_Pr_009.wav,validation
211,1p2,Pr,COPD,3,test,/Users/vs/Sem 5/Respiratory-Disease-Classification/data/processed/audio/cycles/211/1p2_Pr_010.wav,validation
211,1p2,Pr,COPD,3,test,/Users/vs/Sem 5/Respiratory-Disease-Classification/data/processed/audio/cycles/211/1p2_Pr_011.wav,validation
211,1p2,Pr,COPD,3,test,/Users/vs/Sem 5/Respiratory-Disease-Classification/data/processed/audio/cycles/211/1p2_Pr_012.wav,validation
211,1p2,Pr,COPD,3,test,/Users/vs/Sem 5/Respiratory-Disease-Classification/data/processed/audio/cycles/211/1p2_Pr_013.wav,validation
211,1p3,Ar,COPD,3,test,/Users/vs/Sem 5/Respiratory-Disease-Classification/data/processed/audio/cycles/211/1p3_Ar_001.wav,validation
211,1p3,Ar,COPD,3,test,/Users/vs/Sem 5/Respiratory-Disease-Classification/data/processed/audio/cycles/211/1p3_Ar_002.wav,validation
211,1p3,Ar,COPD,3,test,/Users/vs/Sem 5/Respiratory-Disease-Classification/data/processed/audio/cycles/211/1p3_Ar_003.wav,validation
211,1p3,Ar,COPD,3,test,/Users/vs/Sem 5/Respiratory-Disease-Classification/data/processed/audio/cycles/211/1p3_Ar_004.wav,validation
211,1p3,Ar,COPD,3,test,/Users/vs/Sem 5/Respiratory-Disease-Classification/data/processed/audio/cycles/211/1p3_Ar_005.wav,validation
211,1p3,Ar,COPD,3,test,/Users/vs/Sem 5/Respiratory-Disease-Classification/data/processed/audio/cycles/211/1p3_Ar_006.wav,validation
211,1p3,Ar,COPD,3,test,/Users/vs/Sem 5/Respiratory-Disease-Classification/data/processed/audio/cycles/211/1p3_Ar_007.wav,validation
211,1p3,Ar,COPD,3,test,/Users/vs/Sem 5/Respiratory-Disease-Classification/data/processed/audio/cycles/211/1p3_Ar_008.wav,validation
211,1p3,Ar,COPD,3,test,/Users/vs/Sem 5/Respiratory-Disease-Classification/data/processed/audio/cycles/211/1p3_Ar_009.wav,validation
211,1p3,Ar,COPD,3,test,/Users/vs/Sem 5/Respiratory-Disease-Classification/data/processed/audio/cycles/211/1p3_Ar_010.wav,validation
211,1p3,Ar,COPD,3,test,/Users/vs/Sem 5/Respiratory-Disease-Classification/data/processed/audio/cycles/211/1p3_Ar_011.wav,validation
211,1p3,Ar,COPD,3,test,/Users/vs/Sem 5/Respiratory-Disease-Classification/data/processed/audio/cycles/211/1p3_Ar_012.wav,validation
211,1p3,Ar,COPD,3,test,/Users/vs/Sem 5/Respiratory-Disease-Classification/data/processed/audio/cycles/211/1p3_Ar_013.wav,validation
211,1p3,Ar,COPD,3,test,/Users/vs/Sem 5/Respiratory-Disease-Classification/data/processed/audio/cycles/211/1p3_Ar_014.wav,validation
211,1p5,Ar,COPD,3,test,/Users/vs/Sem 5/Respiratory-Disease-Classification/data/processed/audio/cycles/211/1p5_Ar_001.wav,validation
211,1p5,Ar,COPD,3,test,/Users/vs/Sem 5/Respiratory-Disease-Classification/data/processed/audio/cycles/211/1p5_Ar_002.wav,validation
211,1p5,Ar,COPD,3,test,/Users/vs/Sem 5/Respiratory-Disease-Classification/data/processed/audio/cycles/211/1p5_Ar_003.wav,validation
211,1p5,Ar,COPD,3,test,/Users/vs/Sem 5/Respiratory-Disease-Classification/data/processed/audio/cycles/211/1p5_Ar_004.wav,validation
211,1p5,Ar,COPD,3,test,/Users/vs/Sem 5/Respiratory-Disease-Classification/data/processed/audio/cycles/211/1p5_Ar_005.wav,validation
211,1p5,Ar,COPD,3,test,/Users/vs/Sem 5/Respiratory-Disease-Classification/data/processed/audio/cycles/211/1p5_Ar_006.wav,validation
211,1p5,Ar,COPD,3,test,/Users/vs/Sem 5/Respiratory-Disease-Classification/data/processed/audio/cycles/211/1p5_Ar_007.wav,validation
211,1p5,Ar,COPD,3,test,/Users/vs/Sem 5/Respiratory-Disease-Classification/data/processed/audio/cycles/211/1p5_Ar_008.wav,validation
211,1p5,Ar,COPD,3,test,/Users/vs/Sem 5/Respiratory-Disease-Classification/data/processed/audio/cycles/211/1p5_Ar_009.wav,validation
211,1p5,Ar,COPD,3,test,/Users/vs/Sem 5/Respiratory-Disease-Classification/data/processed/audio/cycles/211/1p5_Ar_010.wav,validation
211,1p5,Ar,COPD,3,test,/Users/vs/Sem 5/Respiratory-Disease-Classification/data/processed/audio/cycles/211/1p5_Ar_011.wav,validation
211,1p5,Ar,COPD,3,test,/Users/vs/Sem 5/Respiratory-Disease-Classification/data/processed/audio/cycles/211/1p5_Ar_012.wav,validation
211,1p5,Ar,COPD,3,test,/Users/vs/Sem 5/Respiratory-Disease-Classification/data/processed/audio/cycles/211/1p5_Ar_013.wav,validation
211,1p5,Ar,COPD,3,test,/Users/vs/Sem 5/Respiratory-Disease-Classification/data/processed/audio/cycles/211/1p5_Ar_014.wav,validation
211,2p2,Tc,COPD,3,test,/Users/vs/Sem 5/Respiratory-Disease-Classification/data/processed/audio/cycles/211/2p2_Tc_001.wav,validation
211,2p2,Tc,COPD,3,test,/Users/vs/Sem 5/Respiratory-Disease-Classification/data/processed/audio/cycles/211/2p2_Tc_002.wav,validation
211,2p2,Tc,COPD,3,test,/Users/vs/Sem 5/Respiratory-Disease-Classification/data/processed/audio/cycles/211/2p2_Tc_003.wav,validation
211,2p2,Tc,COPD,3,test,/Users/vs/Sem 5/Respiratory-Disease-Classification/data/processed/audio/cycles/211/2p2_Tc_004.wav,validation
211,2p2,Tc,COPD,3,test,/Users/vs/Sem 5/Respiratory-Disease-Classification/data/processed/audio/cycles/211/2p2_Tc_005.wav,validation
211,2p2,Tc,COPD,3,test,/Users/vs/Sem 5/Respiratory-Disease-Classification/data/processed/audio/cycles/211/2p2_Tc_006.wav,validation
211,2p2,Tc,COPD,3,test,/Users/vs/Sem 5/Respiratory-Disease-Classification/data/processed/audio/cycles/211/2p2_Tc_007.wav,validation
211,2p2,Tc,COPD,3,test,/Users/vs/Sem 5/Respiratory-Disease-Classification/data/processed/audio/cycles/211/2p2_Tc_008.wav,validation
211,2p2,Tc,COPD,3,test,/Users/vs/Sem 5/Respiratory-Disease-Classification/data/processed/audio/cycles/211/2p2_Tc_009.wav,validation
211,2p2,Tc,COPD,3,test,/Users/vs/Sem 5/Respiratory-Disease-Classification/data/processed/audio/cycles/211/2p2_Tc_010.wav,validation
211,2p2,Tc,COPD,3,test,/Users/vs/Sem 5/Respiratory-Disease-Classification/data/processed/audio/cycles/211/2p2_Tc_011.wav,validation
211,2p2,Tc,COPD,3,test,/Users/vs/Sem 5/Respiratory-Disease-Classification/data/processed/audio/cycles/211/2p2_Tc_012.wav,validation
211,2p2,Tc,COPD,3,test,/Users/vs/Sem 5/Respiratory-Disease-Classification/data/processed/audio/cycles/211/2p2_Tc_013.wav,validation
211,2p3,Tc,COPD,3,test,/Users/vs/Sem 5/Respiratory-Disease-Classification/data/processed/audio/cycles/211/2p3_Tc_001.wav,validation
211,2p3,Tc,COPD,3,test,/Users/vs/Sem 5/Respiratory-Disease-Classification/data/processed/audio/cycles/211/2p3_Tc_002.wav,validation
211,2p3,Tc,COPD,3,test,/Users/vs/Sem 5/Respiratory-Disease-Classification/data/processed/audio/cycles/211/2p3_Tc_003.wav,validation
211,2p3,Tc,COPD,3,test,/Users/vs/Sem 5/Respiratory-Disease-Classification/data/processed/audio/cycles/211/2p3_Tc_004.wav,validation
211,2p3,Tc,COPD,3,test,/Users/vs/Sem 5/Respiratory-Disease-Classification/data/processed/audio/cycles/211/2p3_Tc_005.wav,validation
211,2p3,Tc,COPD,3,test,/Users/vs/Sem 5/Respiratory-Disease-Classification/data/processed/audio/cycles/211/2p3_Tc_006.wav,validation
211,2p3,Tc,COPD,3,test,/Users/vs/Sem 5/Respiratory-Disease-Classification/data/processed/audio/cycles/211/2p3_Tc_007.wav,validation
211,2p3,Tc,COPD,3,test,/Users/vs/Sem 5/Respiratory-Disease-Classification/data/processed/audio/cycles/211/2p3_Tc_008.wav,validation
211,2p3,Tc,COPD,3,test,/Users/vs/Sem 5/Respiratory-Disease-Classification/data/processed/audio/cycles/211/2p3_Tc_009.wav,validation
211,2p3,Tc,COPD,3,test,/Users/vs/Sem 5/Respiratory-Disease-Classification/data/processed/audio/cycles/211/2p3_Tc_010.wav,validation
211,2p3,Tc,COPD,3,test,/Users/vs/Sem 5/Respiratory-Disease-Classification/data/processed/audio/cycles/211/2p3_Tc_011.wav,validation
211,2p3,Tc,COPD,3,test,/Users/vs/Sem 5/Respiratory-Disease-Classification/data/processed/audio/cycles/211/2p3_Tc_012.wav,validation
211,2p3,Tc,COPD,3,test,/Users/vs/Sem 5/Respiratory-Disease-Classification/data/processed/audio/cycles/211/2p3_Tc_013.wav,validation
211,2p3,Tc,COPD,3,test,/Users/vs/Sem 5/Respiratory-Disease-Classification/data/processed/audio/cycles/211/2p3_Tc_014.wav,validation
211,2p3,Tc,COPD,3,test,/Users/vs/Sem 5/Respiratory-Disease-Classification/data/processed/audio/cycles/211/2p3_Tc_015.wav,validation
211,2p3,Tc,COPD,3,test,/Users/vs/Sem 5/Respiratory-Disease-Classification/data/processed/audio/cycles/211/2p3_Tc_016.wav,validation
211,2p4,Tc,COPD,3,test,/Users/vs/Sem 5/Respiratory-Disease-Classification/data/processed/audio/cycles/211/2p4_Tc_001.wav,validation
211,2p4,Tc,COPD,3,test,/Users/vs/Sem 5/Respiratory-Disease-Classification/data/processed/audio/cycles/211/2p4_Tc_002.wav,validation
211,2p4,Tc,COPD,3,test,/Users/vs/Sem 5/Respiratory-Disease-Classification/data/processed/audio/cycles/211/2p4_Tc_003.wav,validation
211,2p4,Tc,COPD,3,test,/Users/vs/Sem 5/Respiratory-Disease-Classification/data/processed/audio/cycles/211/2p4_Tc_004.wav,validation
211,2p4,Tc,COPD,3,test,/Users/vs/Sem 5/Respiratory-Disease-Classification/data/processed/audio/cycles/211/2p4_Tc_005.wav,validation
211,2p4,Tc,COPD,3,test,/Users/vs/Sem 5/Respiratory-Disease-Classification/data/processed/audio/cycles/211/2p4_Tc_006.wav,validation
211,2p4,Tc,COPD,3,test,/Users/vs/Sem 5/Respiratory-Disease-Classification/data/processed/audio/cycles/211/2p4_Tc_007.wav,validation
211,2p4,Tc,COPD,3,test,/Users/vs/Sem 5/Respiratory-Disease-Classification/data/processed/audio/cycles/211/2p4_Tc_008.wav,validation
211,2p4,Tc,COPD,3,test,/Users/vs/Sem 5/Respiratory-Disease-Classification/data/processed/audio/cycles/211/2p4_Tc_009.wav,validation
211,2p4,Tc,COPD,3,test,/Users/vs/Sem 5/Respiratory-Disease-Classification/data/processed/audio/cycles/211/2p4_Tc_010.wav,validation
211,2p4,Tc,COPD,3,test,/Users/vs/Sem 5/Respiratory-Disease-Classification/data/processed/audio/cycles/211/2p4_Tc_011.wav,validation
211,2p4,Tc,COPD,3,test,/Users/vs/Sem 5/Respiratory-Disease-Classification/data/processed/audio/cycles/211/2p4_Tc_012.wav,validation
211,2p4,Tc,COPD,3,test,/Users/vs/Sem 5/Respiratory-Disease-Classification/data/processed/audio/cycles/211/2p4_Tc_013.wav,validation
211,2p4,Tc,COPD,3,test,/Users/vs/Sem 5/Respiratory-Disease-Classification/data/processed/audio/cycles/211/2p4_Tc_014.wav,validation
211,2p4,Tc,COPD,3,test,/Users/vs/Sem 5/Respiratory-Disease-Classification/data/processed/audio/cycles/211/2p4_Tc_015.wav,validation
212,2b2,Tc,COPD,3,train,/Users/vs/Sem 5/Respiratory-Disease-Classification/data/processed/audio/cycles/212/2b2_Tc_001.wav,train
212,2b2,Tc,COPD,3,train,/Users/vs/Sem 5/Respiratory-Disease-Classification/data/processed/audio/cycles/212/2b2_Tc_002.wav,train
212,2b2,Tc,COPD,3,train,/Users/vs/Sem 5/Respiratory-Disease-Classification/data/processed/audio/cycles/212/2b2_Tc_003.wav,train
212,2b2,Tc,COPD,3,train,/Users/vs/Sem 5/Respiratory-Disease-Classification/data/processed/audio/cycles/212/2b2_Tc_004.wav,train
212,2b2,Tc,COPD,3,train,/Users/vs/Sem 5/Respiratory-Disease-Classification/data/processed/audio/cycles/212/2b2_Tc_005.wav,train
212,2b2,Tc,COPD,3,train,/Users/vs/Sem 5/Respiratory-Disease-Classification/data/processed/audio/cycles/212/2b2_Tc_006.wav,train
212,2b2,Tc,COPD,3,train,/Users/vs/Sem 5/Respiratory-Disease-Classification/data/processed/audio/cycles/212/2b2_Tc_007.wav,train
213,1p2,Al,COPD,3,train,/Users/vs/Sem 5/Respiratory-Disease-Classification/data/processed/audio/cycles/213/1p2_Al_001.wav,train
213,1p2,Al,COPD,3,train,/Users/vs/Sem 5/Respiratory-Disease-Classification/data/processed/audio/cycles/213/1p2_Al_002.wav,train
213,1p2,Al,COPD,3,train,/Users/vs/Sem 5/Respiratory-Disease-Classification/data/processed/audio/cycles/213/1p2_Al_003.wav,train
213,1p2,Al,COPD,3,train,/Users/vs/Sem 5/Respiratory-Disease-Classification/data/processed/audio/cycles/213/1p2_Al_004.wav,train
213,1p2,Al,COPD,3,train,/Users/vs/Sem 5/Respiratory-Disease-Classification/data/processed/audio/cycles/213/1p2_Al_005.wav,train
213,1p2,Al,COPD,3,train,/Users/vs/Sem 5/Respiratory-Disease-Classification/data/processed/audio/cycles/213/1p2_Al_006.wav,train
213,1p2,Ar,COPD,3,train,/Users/vs/Sem 5/Respiratory-Disease-Classification/data/processed/audio/cycles/213/1p2_Ar_001.wav,train
213,1p2,Ar,COPD,3,train,/Users/vs/Sem 5/Respiratory-Disease-Classification/data/processed/audio/cycles/213/1p2_Ar_002.wav,train
213,1p2,Ar,COPD,3,train,/Users/vs/Sem 5/Respiratory-Disease-Classification/data/processed/audio/cycles/213/1p2_Ar_003.wav,train
213,1p2,Ar,COPD,3,train,/Users/vs/Sem 5/Respiratory-Disease-Classification/data/processed/audio/cycles/213/1p2_Ar_004.wav,train
213,1p2,Ar,COPD,3,train,/Users/vs/Sem 5/Respiratory-Disease-Classification/data/processed/audio/cycles/213/1p2_Ar_005.wav,train
213,1p2,Ar,COPD,3,train,/Users/vs/Sem 5/Respiratory-Disease-Classification/data/processed/audio/cycles/213/1p2_Ar_006.wav,train
213,1p2,Lr,COPD,3,train,/Users/vs/Sem 5/Respiratory-Disease-Classification/data/processed/audio/cycles/213/1p2_Lr_001.wav,train
213,1p2,Lr,COPD,3,train,/Users/vs/Sem 5/Respiratory-Disease-Classification/data/processed/audio/cycles/213/1p2_Lr_002.wav,train
213,1p2,Lr,COPD,3,train,/Users/vs/Sem 5/Respiratory-Disease-Classification/data/processed/audio/cycles/213/1p2_Lr_003.wav,train
213,1p2,Lr,COPD,3,train,/Users/vs/Sem 5/Respiratory-Disease-Classification/data/processed/audio/cycles/213/1p2_Lr_004.wav,train
213,1p2,Lr,COPD,3,train,/Users/vs/Sem 5/Respiratory-Disease-Classification/data/processed/audio/cycles/213/1p2_Lr_005.wav,train
213,1p2,Lr,COPD,3,train,/Users/vs/Sem 5/Respiratory-Disease-Classification/data/processed/audio/cycles/213/1p2_Lr_006.wav,train
213,1p2,Pl,COPD,3,train,/Users/vs/Sem 5/Respiratory-Disease-Classification/data/processed/audio/cycles/213/1p2_Pl_001.wav,train
213,1p2,Pl,COPD,3,train,/Users/vs/Sem 5/Respiratory-Disease-Classification/data/processed/audio/cycles/213/1p2_Pl_002.wav,train
213,1p2,Pl,COPD,3,train,/Users/vs/Sem 5/Respiratory-Disease-Classification/data/processed/audio/cycles/213/1p2_Pl_003.wav,train
213,1p2,Pl,COPD,3,train,/Users/vs/Sem 5/Respiratory-Disease-Classification/data/processed/audio/cycles/213/1p2_Pl_004.wav,train
213,1p2,Pl,COPD,3,train,/Users/vs/Sem 5/Respiratory-Disease-Classification/data/processed/audio/cycles/213/1p2_Pl_005.wav,train
213,1p2,Pl,COPD,3,train,/Users/vs/Sem 5/Respiratory-Disease-Classification/data/processed/audio/cycles/213/1p2_Pl_006.wav,train
213,1p2,Pr,COPD,3,train,/Users/vs/Sem 5/Respiratory-Disease-Classification/data/processed/audio/cycles/213/1p2_Pr_001.wav,train
213,1p2,Pr,COPD,3,train,/Users/vs/Sem 5/Respiratory-Disease-Classification/data/processed/audio/cycles/213/1p2_Pr_002.wav,train
213,1p2,Pr,COPD,3,train,/Users/vs/Sem 5/Respiratory-Disease-Classification/data/processed/audio/cycles/213/1p2_Pr_003.wav,train
213,1p2,Pr,COPD,3,train,/Users/vs/Sem 5/Respiratory-Disease-Classification/data/processed/audio/cycles/213/1p2_Pr_004.wav,train
213,1p2,Pr,COPD,3,train,/Users/vs/Sem 5/Respiratory-Disease-Classification/data/processed/audio/cycles/213/1p2_Pr_005.wav,train
213,1p2,Pr,COPD,3,train,/Users/vs/Sem 5/Respiratory-Disease-Classification/data/processed/audio/cycles/213/1p2_Pr_006.wav,train
213,1p2,Tc,COPD,3,train,/Users/vs/Sem 5/Respiratory-Disease-Classification/data/processed/audio/cycles/213/1p2_Tc_001.wav,train
213,1p2,Tc,COPD,3,train,/Users/vs/Sem 5/Respiratory-Disease-Classification/data/processed/audio/cycles/213/1p2_Tc_002.wav,train
213,1p2,Tc,COPD,3,train,/Users/vs/Sem 5/Respiratory-Disease-Classification/data/processed/audio/cycles/213/1p2_Tc_003.wav,train
213,1p2,Tc,COPD,3,train,/Users/vs/Sem 5/Respiratory-Disease-Classification/data/processed/audio/cycles/213/1p2_Tc_004.wav,train
213,1p2,Tc,COPD,3,train,/Users/vs/Sem 5/Respiratory-Disease-Classification/data/processed/audio/cycles/213/1p2_Tc_005.wav,train
213,1p2,Tc,COPD,3,train,/Users/vs/Sem 5/Respiratory-Disease-Classification/data/processed/audio/cycles/213/1p2_Tc_006.wav,train
213,1p3,Al,COPD,3,train,/Users/vs/Sem 5/Respiratory-Disease-Classification/data/processed/audio/cycles/213/1p3_Al_001.wav,train
213,1p3,Al,COPD,3,train,/Users/vs/Sem 5/Respiratory-Disease-Classification/data/processed/audio/cycles/213/1p3_Al_002.wav,train
213,1p3,Al,COPD,3,train,/Users/vs/Sem 5/Respiratory-Disease-Classification/data/processed/audio/cycles/213/1p3_Al_003.wav,train
213,1p3,Al,COPD,3,train,/Users/vs/Sem 5/Respiratory-Disease-Classification/data/processed/audio/cycles/213/1p3_Al_004.wav,train
213,1p3,Al,COPD,3,train,/Users/vs/Sem 5/Respiratory-Disease-Classification/data/processed/audio/cycles/213/1p3_Al_005.wav,train
213,1p3,Al,COPD,3,train,/Users/vs/Sem 5/Respiratory-Disease-Classification/data/processed/audio/cycles/213/1p3_Al_006.wav,train
213,1p3,Al,COPD,3,train,/Users/vs/Sem 5/Respiratory-Disease-Classification/data/processed/audio/cycles/213/1p3_Al_007.wav,train
213,1p3,Ar,COPD,3,train,/Users/vs/Sem 5/Respiratory-Disease-Classification/data/processed/audio/cycles/213/1p3_Ar_001.wav,train
213,1p3,Ar,COPD,3,train,/Users/vs/Sem 5/Respiratory-Disease-Classification/data/processed/audio/cycles/213/1p3_Ar_002.wav,train
213,1p3,Ar,COPD,3,train,/Users/vs/Sem 5/Respiratory-Disease-Classification/data/processed/audio/cycles/213/1p3_Ar_003.wav,train
213,1p3,Ar,COPD,3,train,/Users/vs/Sem 5/Respiratory-Disease-Classification/data/processed/audio/cycles/213/1p3_Ar_004.wav,train
213,1p3,Ar,COPD,3,train,/Users/vs/Sem 5/Respiratory-Disease-Classification/data/processed/audio/cycles/213/1p3_Ar_005.wav,train
213,1p3,Ar,COPD,3,train,/Users/vs/Sem 5/Respiratory-Disease-Classification/data/processed/audio/cycles/213/1p3_Ar_006.wav,train
213,1p3,Ar,COPD,3,train,/Users/vs/Sem 5/Respiratory-Disease-Classification/data/processed/audio/cycles/213/1p3_Ar_007.wav,train
213,1p3,Pl,COPD,3,train,/Users/vs/Sem 5/Respiratory-Disease-Classification/data/processed/audio/cycles/213/1p3_Pl_001.wav,train
213,1p3,Pl,COPD,3,train,/Users/vs/Sem 5/Respiratory-Disease-Classification/data/processed/audio/cycles/213/1p3_Pl_002.wav,train
213,1p3,Pl,COPD,3,train,/Users/vs/Sem 5/Respiratory-Disease-Classification/data/processed/audio/cycles/213/1p3_Pl_003.wav,train
213,1p3,Pl,COPD,3,train,/Users/vs/Sem 5/Respiratory-Disease-Classification/data/processed/audio/cycles/213/1p3_Pl_004.wav,train
213,1p3,Pl,COPD,3,train,/Users/vs/Sem 5/Respiratory-Disease-Classification/data/processed/audio/cycles/213/1p3_Pl_005.wav,train
213,1p3,Pl,COPD,3,train,/Users/vs/Sem 5/Respiratory-Disease-Classification/data/processed/audio/cycles/213/1p3_Pl_006.wav,train
213,1p3,Pl,COPD,3,train,/Users/vs/Sem 5/Respiratory-Disease-Classification/data/processed/audio/cycles/213/1p3_Pl_007.wav,train
213,1p3,Pr,COPD,3,train,/Users/vs/Sem 5/Respiratory-Disease-Classification/data/processed/audio/cycles/213/1p3_Pr_001.wav,train
213,1p3,Pr,COPD,3,train,/Users/vs/Sem 5/Respiratory-Disease-Classification/data/processed/audio/cycles/213/1p3_Pr_002.wav,train
213,1p3,Pr,COPD,3,train,/Users/vs/Sem 5/Respiratory-Disease-Classification/data/processed/audio/cycles/213/1p3_Pr_003.wav,train
213,1p3,Pr,COPD,3,train,/Users/vs/Sem 5/Respiratory-Disease-Classification/data/processed/audio/cycles/213/1p3_Pr_004.wav,train
213,1p3,Pr,COPD,3,train,/Users/vs/Sem 5/Respiratory-Disease-Classification/data/processed/audio/cycles/213/1p3_Pr_005.wav,train
213,1p3,Pr,COPD,3,train,/Users/vs/Sem 5/Respiratory-Disease-Classification/data/processed/audio/cycles/213/1p3_Pr_006.wav,train
213,1p3,Pr,COPD,3,train,/Users/vs/Sem 5/Respiratory-Disease-Classification/data/processed/audio/cycles/213/1p3_Pr_007.wav,train
213,1p5,Al,COPD,3,train,/Users/vs/Sem 5/Respiratory-Disease-Classification/data/processed/audio/cycles/213/1p5_Al_001.wav,train
213,1p5,Al,COPD,3,train,/Users/vs/Sem 5/Respiratory-Disease-Classification/data/processed/audio/cycles/213/1p5_Al_002.wav,train
213,1p5,Al,COPD,3,train,/Users/vs/Sem 5/Respiratory-Disease-Classification/data/processed/audio/cycles/213/1p5_Al_003.wav,train
213,1p5,Al,COPD,3,train,/Users/vs/Sem 5/Respiratory-Disease-Classification/data/processed/audio/cycles/213/1p5_Al_004.wav,train
213,1p5,Al,COPD,3,train,/Users/vs/Sem 5/Respiratory-Disease-Classification/data/processed/audio/cycles/213/1p5_Al_005.wav,train
213,1p5,Al,COPD,3,train,/Users/vs/Sem 5/Respiratory-Disease-Classification/data/processed/audio/cycles/213/1p5_Al_006.wav,train
213,1p5,Ar,COPD,3,train,/Users/vs/Sem 5/Respiratory-Disease-Classification/data/processed/audio/cycles/213/1p5_Ar_001.wav,train
213,1p5,Ar,COPD,3,train,/Users/vs/Sem 5/Respiratory-Disease-Classification/data/processed/audio/cycles/213/1p5_Ar_002.wav,train
213,1p5,Ar,COPD,3,train,/Users/vs/Sem 5/Respiratory-Disease-Classification/data/processed/audio/cycles/213/1p5_Ar_003.wav,train
213,1p5,Ar,COPD,3,train,/Users/vs/Sem 5/Respiratory-Disease-Classification/data/processed/audio/cycles/213/1p5_Ar_004.wav,train
213,1p5,Ar,COPD,3,train,/Users/vs/Sem 5/Respiratory-Disease-Classification/data/processed/audio/cycles/213/1p5_Ar_005.wav,train
213,1p5,Ar,COPD,3,train,/Users/vs/Sem 5/Respiratory-Disease-Classification/data/processed/audio/cycles/213/1p5_Ar_006.wav,train
213,1p5,Pl,COPD,3,train,/Users/vs/Sem 5/Respiratory-Disease-Classification/data/processed/audio/cycles/213/1p5_Pl_001.wav,train
213,1p5,Pl,COPD,3,train,/Users/vs/Sem 5/Respiratory-Disease-Classification/data/processed/audio/cycles/213/1p5_Pl_002.wav,train
213,1p5,Pl,COPD,3,train,/Users/vs/Sem 5/Respiratory-Disease-Classification/data/processed/audio/cycles/213/1p5_Pl_003.wav,train
213,1p5,Pl,COPD,3,train,/Users/vs/Sem 5/Respiratory-Disease-Classification/data/processed/audio/cycles/213/1p5_Pl_004.wav,train
213,1p5,Pl,COPD,3,train,/Users/vs/Sem 5/Respiratory-Disease-Classification/data/processed/audio/cycles/213/1p5_Pl_005.wav,train
213,1p5,Pl,COPD,3,train,/Users/vs/Sem 5/Respiratory-Disease-Classification/data/processed/audio/cycles/213/1p5_Pl_006.wav,train
213,1p5,Pr,COPD,3,train,/Users/vs/Sem 5/Respiratory-Disease-Classification/data/processed/audio/cycles/213/1p5_Pr_001.wav,train
213,1p5,Pr,COPD,3,train,/Users/vs/Sem 5/Respiratory-Disease-Classification/data/processed/audio/cycles/213/1p5_Pr_002.wav,train
213,1p5,Pr,COPD,3,train,/Users/vs/Sem 5/Respiratory-Disease-Classification/data/processed/audio/cycles/213/1p5_Pr_003.wav,train
213,1p5,Pr,COPD,3,train,/Users/vs/Sem 5/Respiratory-Disease-Classification/data/processed/audio/cycles/213/1p5_Pr_004.wav,train
213,1p5,Pr,COPD,3,train,/Users/vs/Sem 5/Respiratory-Disease-Classification/data/processed/audio/cycles/213/1p5_Pr_005.wav,train
213,1p5,Pr,COPD,3,train,/Users/vs/Sem 5/Respiratory-Disease-Classification/data/processed/audio/cycles/213/1p5_Pr_006.wav,train
213,1p5,Tc,COPD,3,train,/Users/vs/Sem 5/Respiratory-Disease-Classification/data/processed/audio/cycles/213/1p5_Tc_001.wav,train
213,1p5,Tc,COPD,3,train,/Users/vs/Sem 5/Respiratory-Disease-Classification/data/processed/audio/cycles/213/1p5_Tc_002.wav,train
213,1p5,Tc,COPD,3,train,/Users/vs/Sem 5/Respiratory-Disease-Classification/data/processed/audio/cycles/213/1p5_Tc_003.wav,train
213,1p5,Tc,COPD,3,train,/Users/vs/Sem 5/Respiratory-Disease-Classification/data/processed/audio/cycles/213/1p5_Tc_004.wav,train
213,1p5,Tc,COPD,3,train,/Users/vs/Sem 5/Respiratory-Disease-Classification/data/processed/audio/cycles/213/1p5_Tc_005.wav,train
213,1p5,Tc,COPD,3,train,/Users/vs/Sem 5/Respiratory-Disease-Classification/data/processed/audio/cycles/213/1p5_Tc_006.wav,train
213,2p2,Al,COPD,3,train,/Users/vs/Sem 5/Respiratory-Disease-Classification/data/processed/audio/cycles/213/2p2_Al_001.wav,train
213,2p2,Al,COPD,3,train,/Users/vs/Sem 5/Respiratory-Disease-Classification/data/processed/audio/cycles/213/2p2_Al_002.wav,train
213,2p2,Al,COPD,3,train,/Users/vs/Sem 5/Respiratory-Disease-Classification/data/processed/audio/cycles/213/2p2_Al_003.wav,train
213,2p2,Al,COPD,3,train,/Users/vs/Sem 5/Respiratory-Disease-Classification/data/processed/audio/cycles/213/2p2_Al_004.wav,train
213,2p2,Al,COPD,3,train,/Users/vs/Sem 5/Respiratory-Disease-Classification/data/processed/audio/cycles/213/2p2_Al_005.wav,train
213,2p2,Al,COPD,3,train,/Users/vs/Sem 5/Respiratory-Disease-Classification/data/processed/audio/cycles/213/2p2_Al_006.wav,train
213,2p2,Al,COPD,3,train,/Users/vs/Sem 5/Respiratory-Disease-Classification/data/processed/audio/cycles/213/2p2_Al_007.wav,train
213,2p2,Ar,COPD,3,train,/Users/vs/Sem 5/Respiratory-Disease-Classification/data/processed/audio/cycles/213/2p2_Ar_001.wav,train
213,2p2,Ar,COPD,3,train,/Users/vs/Sem 5/Respiratory-Disease-Classification/data/processed/audio/cycles/213/2p2_Ar_002.wav,train
213,2p2,Ar,COPD,3,train,/Users/vs/Sem 5/Respiratory-Disease-Classification/data/processed/audio/cycles/213/2p2_Ar_003.wav,train
213,2p2,Ar,COPD,3,train,/Users/vs/Sem 5/Respiratory-Disease-Classification/data/processed/audio/cycles/213/2p2_Ar_004.wav,train
213,2p2,Ar,COPD,3,train,/Users/vs/Sem 5/Respiratory-Disease-Classification/data/processed/audio/cycles/213/2p2_Ar_005.wav,train
213,2p2,Ar,COPD,3,train,/Users/vs/Sem 5/Respiratory-Disease-Classification/data/processed/audio/cycles/213/2p2_Ar_006.wav,train
213,2p2,Ar,COPD,3,train,/Users/vs/Sem 5/Respiratory-Disease-Classification/data/processed/audio/cycles/213/2p2_Ar_007.wav,train
213,2p2,Pl,COPD,3,train,/Users/vs/Sem 5/Respiratory-Disease-Classification/data/processed/audio/cycles/213/2p2_Pl_001.wav,train
213,2p2,Pl,COPD,3,train,/Users/vs/Sem 5/Respiratory-Disease-Classification/data/processed/audio/cycles/213/2p2_Pl_002.wav,train
213,2p2,Pl,COPD,3,train,/Users/vs/Sem 5/Respiratory-Disease-Classification/data/processed/audio/cycles/213/2p2_Pl_003.wav,train
213,2p2,Pl,COPD,3,train,/Users/vs/Sem 5/Respiratory-Disease-Classification/data/processed/audio/cycles/213/2p2_Pl_004.wav,train
213,2p2,Pl,COPD,3,train,/Users/vs/Sem 5/Respiratory-Disease-Classification/data/processed/audio/cycles/213/2p2_Pl_005.wav,train
213,2p2,Pl,COPD,3,train,/Users/vs/Sem 5/Respiratory-Disease-Classification/data/processed/audio/cycles/213/2p2_Pl_006.wav,train
213,2p2,Pl,COPD,3,train,/Users/vs/Sem 5/Respiratory-Disease-Classification/data/processed/audio/cycles/213/2p2_Pl_007.wav,train
213,2p2,Pr,COPD,3,train,/Users/vs/Sem 5/Respiratory-Disease-Classification/data/processed/audio/cycles/213/2p2_Pr_001.wav,train
213,2p2,Pr,COPD,3,train,/Users/vs/Sem 5/Respiratory-Disease-Classification/data/processed/audio/cycles/213/2p2_Pr_002.wav,train
213,2p2,Pr,COPD,3,train,/Users/vs/Sem 5/Respiratory-Disease-Classification/data/processed/audio/cycles/213/2p2_Pr_003.wav,train
213,2p2,Pr,COPD,3,train,/Users/vs/Sem 5/Respiratory-Disease-Classification/data/processed/audio/cycles/213/2p2_Pr_004.wav,train
213,2p2,Pr,COPD,3,train,/Users/vs/Sem 5/Respiratory-Disease-Classification/data/processed/audio/cycles/213/2p2_Pr_005.wav,train
213,2p2,Pr,COPD,3,train,/Users/vs/Sem 5/Respiratory-Disease-Classification/data/processed/audio/cycles/213/2p2_Pr_006.wav,train
213,2p2,Pr,COPD,3,train,/Users/vs/Sem 5/Respiratory-Disease-Classification/data/processed/audio/cycles/213/2p2_Pr_007.wav,train
213,2p2,Tc,COPD,3,train,/Users/vs/Sem 5/Respiratory-Disease-Classification/data/processed/audio/cycles/213/2p2_Tc_001.wav,train
213,2p2,Tc,COPD,3,train,/Users/vs/Sem 5/Respiratory-Disease-Classification/data/processed/audio/cycles/213/2p2_Tc_002.wav,train
213,2p2,Tc,COPD,3,train,/Users/vs/Sem 5/Respiratory-Disease-Classification/data/processed/audio/cycles/213/2p2_Tc_003.wav,train
213,2p2,Tc,COPD,3,train,/Users/vs/Sem 5/Respiratory-Disease-Classification/data/processed/audio/cycles/213/2p2_Tc_004.wav,train
213,2p2,Tc,COPD,3,train,/Users/vs/Sem 5/Respiratory-Disease-Classification/data/processed/audio/cycles/213/2p2_Tc_005.wav,train
213,2p2,Tc,COPD,3,train,/Users/vs/Sem 5/Respiratory-Disease-Classification/data/processed/audio/cycles/213/2p2_Tc_006.wav,train
213,2p2,Tc,COPD,3,train,/Users/vs/Sem 5/Respiratory-Disease-Classification/data/processed/audio/cycles/213/2p2_Tc_007.wav,train
214,1b1,Ar,Healthy,4,test,/Users/vs/Sem 5/Respiratory-Disease-Classification/data/processed/audio/cycles/214/1b1_Ar_001.wav,train
214,1b1,Ar,Healthy,4,test,/Users/vs/Sem 5/Respiratory-Disease-Classification/data/processed/audio/cycles/214/1b1_Ar_002.wav,train
214,1b1,Ar,Healthy,4,test,/Users/vs/Sem 5/Respiratory-Disease-Classification/data/processed/audio/cycles/214/1b1_Ar_003.wav,train
214,1b1,Ar,Healthy,4,test,/Users/vs/Sem 5/Respiratory-Disease-Classification/data/processed/audio/cycles/214/1b1_Ar_004.wav,train
214,1b1,Ar,Healthy,4,test,/Users/vs/Sem 5/Respiratory-Disease-Classification/data/processed/audio/cycles/214/1b1_Ar_005.wav,train
214,1b1,Ar,Healthy,4,test,/Users/vs/Sem 5/Respiratory-Disease-Classification/data/processed/audio/cycles/214/1b1_Ar_006.wav,train
214,1b1,Ar,Healthy,4,test,/Users/vs/Sem 5/Respiratory-Disease-Classification/data/processed/audio/cycles/214/1b1_Ar_007.wav,train
215,1b2,Ar,Bronchiectasis,1,train,/Users/vs/Sem 5/Respiratory-Disease-Classification/data/processed/audio/cycles/215/1b2_Ar_001.wav,train
215,1b2,Ar,Bronchiectasis,1,train,/Users/vs/Sem 5/Respiratory-Disease-Classification/data/processed/audio/cycles/215/1b2_Ar_002.wav,train
215,1b2,Ar,Bronchiectasis,1,train,/Users/vs/Sem 5/Respiratory-Disease-Classification/data/processed/audio/cycles/215/1b2_Ar_003.wav,train
215,1b2,Ar,Bronchiectasis,1,train,/Users/vs/Sem 5/Respiratory-Disease-Classification/data/processed/audio/cycles/215/1b2_Ar_004.wav,train
215,1b2,Ar,Bronchiectasis,1,train,/Users/vs/Sem 5/Respiratory-Disease-Classification/data/processed/audio/cycles/215/1b2_Ar_005.wav,train
215,1b3,Tc,Bronchiectasis,1,train,/Users/vs/Sem 5/Respiratory-Disease-Classification/data/processed/audio/cycles/215/1b3_Tc_001.wav,train
215,1b3,Tc,Bronchiectasis,1,train,/Users/vs/Sem 5/Respiratory-Disease-Classification/data/processed/audio/cycles/215/1b3_Tc_002.wav,train
215,1b3,Tc,Bronchiectasis,1,train,/Users/vs/Sem 5/Respiratory-Disease-Classification/data/processed/audio/cycles/215/1b3_Tc_003.wav,train
215,1b3,Tc,Bronchiectasis,1,train,/Users/vs/Sem 5/Respiratory-Disease-Classification/data/processed/audio/cycles/215/1b3_Tc_004.wav,train
215,1b3,Tc,Bronchiectasis,1,train,/Users/vs/Sem 5/Respiratory-Disease-Classification/data/processed/audio/cycles/215/1b3_Tc_005.wav,train
215,1b3,Tc,Bronchiectasis,1,train,/Users/vs/Sem 5/Respiratory-Disease-Classification/data/processed/audio/cycles/215/1b3_Tc_006.wav,train
216,1b1,Al,Bronchiolitis,2,test,/Users/vs/Sem 5/Respiratory-Disease-Classification/data/processed/audio/cycles/216/1b1_Al_001.wav,train
216,1b1,Al,Bronchiolitis,2,test,/Users/vs/Sem 5/Respiratory-Disease-Classification/data/processed/audio/cycles/216/1b1_Al_002.wav,train
216,1b1,Al,Bronchiolitis,2,test,/Users/vs/Sem 5/Respiratory-Disease-Classification/data/processed/audio/cycles/216/1b1_Al_003.wav,train
216,1b1,Al,Bronchiolitis,2,test,/Users/vs/Sem 5/Respiratory-Disease-Classification/data/processed/audio/cycles/216/1b1_Al_004.wav,train
216,1b1,Al,Bronchiolitis,2,test,/Users/vs/Sem 5/Respiratory-Disease-Classification/data/processed/audio/cycles/216/1b1_Al_005.wav,train
216,1b1,Al,Bronchiolitis,2,test,/Users/vs/Sem 5/Respiratory-Disease-Classification/data/processed/audio/cycles/216/1b1_Al_006.wav,train
216,1b1,Al,Bronchiolitis,2,test,/Users/vs/Sem 5/Respiratory-Disease-Classification/data/processed/audio/cycles/216/1b1_Al_007.wav,train
216,1b1,Al,Bronchiolitis,2,test,/Users/vs/Sem 5/Respiratory-Disease-Classification/data/processed/audio/cycles/216/1b1_Al_008.wav,train
216,1b1,Al,Bronchiolitis,2,test,/Users/vs/Sem 5/Respiratory-Disease-Classification/data/processed/audio/cycles/216/1b1_Al_009.wav,train
216,1b1,Al,Bronchiolitis,2,test,/Users/vs/Sem 5/Respiratory-Disease-Classification/data/processed/audio/cycles/216/1b1_Al_010.wav,train
216,1b1,Al,Bronchiolitis,2,test,/Users/vs/Sem 5/Respiratory-Disease-Classification/data/processed/audio/cycles/216/1b1_Al_011.wav,train
216,1b1,Al,Bronchiolitis,2,test,/Users/vs/Sem 5/Respiratory-Disease-Classification/data/processed/audio/cycles/216/1b1_Al_012.wav,train
216,1b1,Pl,Bronchiolitis,2,test,/Users/vs/Sem 5/Respiratory-Disease-Classification/data/processed/audio/cycles/216/1b1_Pl_001.wav,train
216,1b1,Pl,Bronchiolitis,2,test,/Users/vs/Sem 5/Respiratory-Disease-Classification/data/processed/audio/cycles/216/1b1_Pl_002.wav,train
216,1b1,Pl,Bronchiolitis,2,test,/Users/vs/Sem 5/Respiratory-Disease-Classification/data/processed/audio/cycles/216/1b1_Pl_003.wav,train
216,1b1,Pl,Bronchiolitis,2,test,/Users/vs/Sem 5/Respiratory-Disease-Classification/data/processed/audio/cycles/216/1b1_Pl_004.wav,train
216,1b1,Pl,Bronchiolitis,2,test,/Users/vs/Sem 5/Respiratory-Disease-Classification/data/processed/audio/cycles/216/1b1_Pl_005.wav,train
216,1b1,Pl,Bronchiolitis,2,test,/Users/vs/Sem 5/Respiratory-Disease-Classification/data/processed/audio/cycles/216/1b1_Pl_006.wav,train
216,1b1,Pl,Bronchiolitis,2,test,/Users/vs/Sem 5/Respiratory-Disease-Classification/data/processed/audio/cycles/216/1b1_Pl_007.wav,train
216,1b1,Pl,Bronchiolitis,2,test,/Users/vs/Sem 5/Respiratory-Disease-Classification/data/processed/audio/cycles/216/1b1_Pl_008.wav,train
216,1b1,Pl,Bronchiolitis,2,test,/Users/vs/Sem 5/Respiratory-Disease-Classification/data/processed/audio/cycles/216/1b1_Pl_009.wav,train
216,1b1,Pl,Bronchiolitis,2,test,/Users/vs/Sem 5/Respiratory-Disease-Classification/data/processed/audio/cycles/216/1b1_Pl_010.wav,train
217,1b1,Tc,Healthy,4,train,/Users/vs/Sem 5/Respiratory-Disease-Classification/data/processed/audio/cycles/217/1b1_Tc_001.wav,train
217,1b1,Tc,Healthy,4,train,/Users/vs/Sem 5/Respiratory-Disease-Classification/data/processed/audio/cycles/217/1b1_Tc_002.wav,train
217,1b1,Tc,Healthy,4,train,/Users/vs/Sem 5/Respiratory-Disease-Classification/data/processed/audio/cycles/217/1b1_Tc_003.wav,train
217,1b1,Tc,Healthy,4,train,/Users/vs/Sem 5/Respiratory-Disease-Classification/data/processed/audio/cycles/217/1b1_Tc_004.wav,train
217,1b1,Tc,Healthy,4,train,/Users/vs/Sem 5/Respiratory-Disease-Classification/data/processed/audio/cycles/217/1b1_Tc_005.wav,train
217,1b1,Tc,Healthy,4,train,/Users/vs/Sem 5/Respiratory-Disease-Classification/data/processed/audio/cycles/217/1b1_Tc_006.wav,train
217,1b1,Tc,Healthy,4,train,/Users/vs/Sem 5/Respiratory-Disease-Classification/data/processed/audio/cycles/217/1b1_Tc_007.wav,train
217,1b1,Tc,Healthy,4,train,/Users/vs/Sem 5/Respiratory-Disease-Classification/data/processed/audio/cycles/217/1b1_Tc_008.wav,train
217,1b1,Tc,Healthy,4,train,/Users/vs/Sem 5/Respiratory-Disease-Classification/data/processed/audio/cycles/217/1b1_Tc_009.wav,train
217,1b1,Tc,Healthy,4,train,/Users/vs/Sem 5/Respiratory-Disease-Classification/data/processed/audio/cycles/217/1b1_Tc_010.wav,train
217,1b1,Tc,Healthy,4,train,/Users/vs/Sem 5/Respiratory-Disease-Classification/data/processed/audio/cycles/217/1b1_Tc_011.wav,train
218,1b1,Al,COPD,3,test,/Users/vs/Sem 5/Respiratory-Disease-Classification/data/processed/audio/cycles/218/1b1_Al_001.wav,test
218,1b1,Al,COPD,3,test,/Users/vs/Sem 5/Respiratory-Disease-Classification/data/processed/audio/cycles/218/1b1_Al_002.wav,test
218,1b1,Al,COPD,3,test,/Users/vs/Sem 5/Respiratory-Disease-Classification/data/processed/audio/cycles/218/1b1_Al_003.wav,test
218,1b1,Al,COPD,3,test,/Users/vs/Sem 5/Respiratory-Disease-Classification/data/processed/audio/cycles/218/1b1_Al_004.wav,test
218,1b1,Al,COPD,3,test,/Users/vs/Sem 5/Respiratory-Disease-Classification/data/processed/audio/cycles/218/1b1_Al_005.wav,test
218,1b1,Al,COPD,3,test,/Users/vs/Sem 5/Respiratory-Disease-Classification/data/processed/audio/cycles/218/1b1_Al_006.wav,test
218,1b1,Al,COPD,3,test,/Users/vs/Sem 5/Respiratory-Disease-Classification/data/processed/audio/cycles/218/1b1_Al_007.wav,test
218,1b1,Al,COPD,3,test,/Users/vs/Sem 5/Respiratory-Disease-Classification/data/processed/audio/cycles/218/1b1_Al_008.wav,test
218,1b1,Al,COPD,3,test,/Users/vs/Sem 5/Respiratory-Disease-Classification/data/processed/audio/cycles/218/1b1_Al_009.wav,test
218,1b1,Al,COPD,3,test,/Users/vs/Sem 5/Respiratory-Disease-Classification/data/processed/audio/cycles/218/1b1_Al_010.wav,test
218,1b1,Al,COPD,3,test,/Users/vs/Sem 5/Respiratory-Disease-Classification/data/processed/audio/cycles/218/1b1_Al_011.wav,test
218,1b1,Al,COPD,3,test,/Users/vs/Sem 5/Respiratory-Disease-Classification/data/processed/audio/cycles/218/1b1_Al_012.wav,test
218,1b1,Al,COPD,3,test,/Users/vs/Sem 5/Respiratory-Disease-Classification/data/processed/audio/cycles/218/1b1_Al_013.wav,test
218,1b1,Al,COPD,3,test,/Users/vs/Sem 5/Respiratory-Disease-Classification/data/processed/audio/cycles/218/1b1_Al_014.wav,test
218,1b1,Al,COPD,3,test,/Users/vs/Sem 5/Respiratory-Disease-Classification/data/processed/audio/cycles/218/1b1_Al_015.wav,test
218,1b1,Ar,COPD,3,train,/Users/vs/Sem 5/Respiratory-Disease-Classification/data/processed/audio/cycles/218/1b1_Ar_001.wav,test
218,1b1,Ar,COPD,3,train,/Users/vs/Sem 5/Respiratory-Disease-Classification/data/processed/audio/cycles/218/1b1_Ar_002.wav,test
218,1b1,Ar,COPD,3,train,/Users/vs/Sem 5/Respiratory-Disease-Classification/data/processed/audio/cycles/218/1b1_Ar_003.wav,test
218,1b1,Ar,COPD,3,train,/Users/vs/Sem 5/Respiratory-Disease-Classification/data/processed/audio/cycles/218/1b1_Ar_004.wav,test
218,1b1,Ar,COPD,3,train,/Users/vs/Sem 5/Respiratory-Disease-Classification/data/processed/audio/cycles/218/1b1_Ar_005.wav,test
218,1b1,Ar,COPD,3,train,/Users/vs/Sem 5/Respiratory-Disease-Classification/data/processed/audio/cycles/218/1b1_Ar_006.wav,test
218,1b1,Ar,COPD,3,train,/Users/vs/Sem 5/Respiratory-Disease-Classification/data/processed/audio/cycles/218/1b1_Ar_007.wav,test
218,1b1,Ar,COPD,3,train,/Users/vs/Sem 5/Respiratory-Disease-Classification/data/processed/audio/cycles/218/1b1_Ar_008.wav,test
218,1b1,Ar,COPD,3,train,/Users/vs/Sem 5/Respiratory-Disease-Classification/data/processed/audio/cycles/218/1b1_Ar_009.wav,test
218,1b1,Ar,COPD,3,train,/Users/vs/Sem 5/Respiratory-Disease-Classification/data/processed/audio/cycles/218/1b1_Ar_010.wav,test
218,1b1,Ar,COPD,3,train,/Users/vs/Sem 5/Respiratory-Disease-Classification/data/processed/audio/cycles/218/1b1_Ar_011.wav,test
218,1b1,Ar,COPD,3,train,/Users/vs/Sem 5/Respiratory-Disease-Classification/data/processed/audio/cycles/218/1b1_Ar_012.wav,test
218,1b1,Ar,COPD,3,train,/Users/vs/Sem 5/Respiratory-Disease-Classification/data/processed/audio/cycles/218/1b1_Ar_013.wav,test
218,1b1,Ar,COPD,3,train,/Users/vs/Sem 5/Respiratory-Disease-Classification/data/processed/audio/cycles/218/1b1_Ar_014.wav,test
218,1b1,Ar,COPD,3,train,/Users/vs/Sem 5/Respiratory-Disease-Classification/data/processed/audio/cycles/218/1b1_Ar_015.wav,test
218,1b1,Ar,COPD,3,train,/Users/vs/Sem 5/Respiratory-Disease-Classification/data/processed/audio/cycles/218/1b1_Ar_016.wav,test
218,1b1,Lr,COPD,3,train,/Users/vs/Sem 5/Respiratory-Disease-Classification/data/processed/audio/cycles/218/1b1_Lr_001.wav,test
218,1b1,Lr,COPD,3,train,/Users/vs/Sem 5/Respiratory-Disease-Classification/data/processed/audio/cycles/218/1b1_Lr_002.wav,test
218,1b1,Lr,COPD,3,train,/Users/vs/Sem 5/Respiratory-Disease-Classification/data/processed/audio/cycles/218/1b1_Lr_003.wav,test
218,1b1,Lr,COPD,3,train,/Users/vs/Sem 5/Respiratory-Disease-Classification/data/processed/audio/cycles/218/1b1_Lr_004.wav,test
218,1b1,Lr,COPD,3,train,/Users/vs/Sem 5/Respiratory-Disease-Classification/data/processed/audio/cycles/218/1b1_Lr_005.wav,test
218,1b1,Lr,COPD,3,train,/Users/vs/Sem 5/Respiratory-Disease-Classification/data/processed/audio/cycles/218/1b1_Lr_006.wav,test
218,1b1,Lr,COPD,3,train,/Users/vs/Sem 5/Respiratory-Disease-Classification/data/processed/audio/cycles/218/1b1_Lr_007.wav,test
218,1b1,Lr,COPD,3,train,/Users/vs/Sem 5/Respiratory-Disease-Classification/data/processed/audio/cycles/218/1b1_Lr_008.wav,test
218,1b1,Lr,COPD,3,train,/Users/vs/Sem 5/Respiratory-Disease-Classification/data/processed/audio/cycles/218/1b1_Lr_009.wav,test
218,1b1,Lr,COPD,3,train,/Users/vs/Sem 5/Respiratory-Disease-Classification/data/processed/audio/cycles/218/1b1_Lr_010.wav,test
218,1b1,Lr,COPD,3,train,/Users/vs/Sem 5/Respiratory-Disease-Classification/data/processed/audio/cycles/218/1b1_Lr_011.wav,test
218,1b1,Lr,COPD,3,train,/Users/vs/Sem 5/Respiratory-Disease-Classification/data/processed/audio/cycles/218/1b1_Lr_012.wav,test
218,1b1,Lr,COPD,3,train,/Users/vs/Sem 5/Respiratory-Disease-Classification/data/processed/audio/cycles/218/1b1_Lr_013.wav,test
218,1b1,Lr,COPD,3,train,/Users/vs/Sem 5/Respiratory-Disease-Classification/data/processed/audio/cycles/218/1b1_Lr_014.wav,test
218,1b1,Lr,COPD,3,train,/Users/vs/Sem 5/Respiratory-Disease-Classification/data/processed/audio/cycles/218/1b1_Lr_015.wav,test
218,1b1,Lr,COPD,3,train,/Users/vs/Sem 5/Respiratory-Disease-Classification/data/processed/audio/cycles/218/1b1_Lr_016.wav,test
218,1b1,Lr,COPD,3,train,/Users/vs/Sem 5/Respiratory-Disease-Classification/data/processed/audio/cycles/218/1b1_Lr_017.wav,test
218,1b1,Lr,COPD,3,train,/Users/vs/Sem 5/Respiratory-Disease-Classification/data/processed/audio/cycles/218/1b1_Lr_018.wav,test
218,1b1,Lr,COPD,3,train,/Users/vs/Sem 5/Respiratory-Disease-Classification/data/processed/audio/cycles/218/1b1_Lr_019.wav,test
218,1b1,Pl,COPD,3,test,/Users/vs/Sem 5/Respiratory-Disease-Classification/data/processed/audio/cycles/218/1b1_Pl_001.wav,test
218,1b1,Pl,COPD,3,test,/Users/vs/Sem 5/Respiratory-Disease-Classification/data/processed/audio/cycles/218/1b1_Pl_002.wav,test
218,1b1,Pl,COPD,3,test,/Users/vs/Sem 5/Respiratory-Disease-Classification/data/processed/audio/cycles/218/1b1_Pl_003.wav,test
218,1b1,Pl,COPD,3,test,/Users/vs/Sem 5/Respiratory-Disease-Classification/data/processed/audio/cycles/218/1b1_Pl_004.wav,test
218,1b1,Pl,COPD,3,test,/Users/vs/Sem 5/Respiratory-Disease-Classification/data/processed/audio/cycles/218/1b1_Pl_005.wav,test
218,1b1,Pl,COPD,3,test,/Users/vs/Sem 5/Respiratory-Disease-Classification/data/processed/audio/cycles/218/1b1_Pl_006.wav,test
218,1b1,Pl,COPD,3,test,/Users/vs/Sem 5/Respiratory-Disease-Classification/data/processed/audio/cycles/218/1b1_Pl_007.wav,test
218,1b1,Pl,COPD,3,test,/Users/vs/Sem 5/Respiratory-Disease-Classification/data/processed/audio/cycles/218/1b1_Pl_008.wav,test
218,1b1,Pl,COPD,3,test,/Users/vs/Sem 5/Respiratory-Disease-Classification/data/processed/audio/cycles/218/1b1_Pl_009.wav,test
218,1b1,Pl,COPD,3,test,/Users/vs/Sem 5/Respiratory-Disease-Classification/data/processed/audio/cycles/218/1b1_Pl_010.wav,test
218,1b1,Pl,COPD,3,test,/Users/vs/Sem 5/Respiratory-Disease-Classification/data/processed/audio/cycles/218/1b1_Pl_011.wav,test
218,1b1,Pl,COPD,3,test,/Users/vs/Sem 5/Respiratory-Disease-Classification/data/processed/audio/cycles/218/1b1_Pl_012.wav,test
218,1b1,Pl,COPD,3,test,/Users/vs/Sem 5/Respiratory-Disease-Classification/data/processed/audio/cycles/218/1b1_Pl_013.wav,test
218,1b1,Pl,COPD,3,test,/Users/vs/Sem 5/Respiratory-Disease-Classification/data/processed/audio/cycles/218/1b1_Pl_014.wav,test
218,1b1,Pl,COPD,3,test,/Users/vs/Sem 5/Respiratory-Disease-Classification/data/processed/audio/cycles/218/1b1_Pl_015.wav,test
218,1b1,Pl,COPD,3,test,/Users/vs/Sem 5/Respiratory-Disease-Classification/data/processed/audio/cycles/218/1b1_Pl_016.wav,test
218,1b1,Pl,COPD,3,test,/Users/vs/Sem 5/Respiratory-Disease-Classification/data/processed/audio/cycles/218/1b1_Pl_017.wav,test
218,1b1,Pl,COPD,3,test,/Users/vs/Sem 5/Respiratory-Disease-Classification/data/processed/audio/cycles/218/1b1_Pl_018.wav,test
218,1b1,Pr,COPD,3,test,/Users/vs/Sem 5/Respiratory-Disease-Classification/data/processed/audio/cycles/218/1b1_Pr_001.wav,test
218,1b1,Pr,COPD,3,test,/Users/vs/Sem 5/Respiratory-Disease-Classification/data/processed/audio/cycles/218/1b1_Pr_002.wav,test
218,1b1,Pr,COPD,3,test,/Users/vs/Sem 5/Respiratory-Disease-Classification/data/processed/audio/cycles/218/1b1_Pr_003.wav,test
218,1b1,Pr,COPD,3,test,/Users/vs/Sem 5/Respiratory-Disease-Classification/data/processed/audio/cycles/218/1b1_Pr_004.wav,test
218,1b1,Pr,COPD,3,test,/Users/vs/Sem 5/Respiratory-Disease-Classification/data/processed/audio/cycles/218/1b1_Pr_005.wav,test
218,1b1,Pr,COPD,3,test,/Users/vs/Sem 5/Respiratory-Disease-Classification/data/processed/audio/cycles/218/1b1_Pr_006.wav,test
218,1b1,Pr,COPD,3,test,/Users/vs/Sem 5/Respiratory-Disease-Classification/data/processed/audio/cycles/218/1b1_Pr_007.wav,test
218,1b1,Pr,COPD,3,test,/Users/vs/Sem 5/Respiratory-Disease-Classification/data/processed/audio/cycles/218/1b1_Pr_008.wav,test
218,1b1,Pr,COPD,3,test,/Users/vs/Sem 5/Respiratory-Disease-Classification/data/processed/audio/cycles/218/1b1_Pr_009.wav,test
218,1b1,Pr,COPD,3,test,/Users/vs/Sem 5/Respiratory-Disease-Classification/data/processed/audio/cycles/218/1b1_Pr_010.wav,test
218,1b1,Pr,COPD,3,test,/Users/vs/Sem 5/Respiratory-Disease-Classification/data/processed/audio/cycles/218/1b1_Pr_011.wav,test
218,1b1,Pr,COPD,3,test,/Users/vs/Sem 5/Respiratory-Disease-Classification/data/processed/audio/cycles/218/1b1_Pr_012.wav,test
218,1b1,Pr,COPD,3,test,/Users/vs/Sem 5/Respiratory-Disease-Classification/data/processed/audio/cycles/218/1b1_Pr_013.wav,test
218,1b1,Pr,COPD,3,test,/Users/vs/Sem 5/Respiratory-Disease-Classification/data/processed/audio/cycles/218/1b1_Pr_014.wav,test
218,1b1,Pr,COPD,3,test,/Users/vs/Sem 5/Respiratory-Disease-Classification/data/processed/audio/cycles/218/1b1_Pr_015.wav,test
218,1b1,Pr,COPD,3,test,/Users/vs/Sem 5/Respiratory-Disease-Classification/data/processed/audio/cycles/218/1b1_Pr_016.wav,test
218,1b1,Pr,COPD,3,test,/Users/vs/Sem 5/Respiratory-Disease-Classification/data/processed/audio/cycles/218/1b1_Pr_017.wav,test
218,1b1,Pr,COPD,3,test,/Users/vs/Sem 5/Respiratory-Disease-Classification/data/processed/audio/cycles/218/1b1_Pr_018.wav,test
218,1p1,Ar,COPD,3,train,/Users/vs/Sem 5/Respiratory-Disease-Classification/data/processed/audio/cycles/218/1p1_Ar_001.wav,test
218,1p1,Ar,COPD,3,train,/Users/vs/Sem 5/Respiratory-Disease-Classification/data/processed/audio/cycles/218/1p1_Ar_002.wav,test
218,1p1,Ar,COPD,3,train,/Users/vs/Sem 5/Respiratory-Disease-Classification/data/processed/audio/cycles/218/1p1_Ar_003.wav,test
218,1p1,Ar,COPD,3,train,/Users/vs/Sem 5/Respiratory-Disease-Classification/data/processed/audio/cycles/218/1p1_Ar_004.wav,test
218,1p1,Ar,COPD,3,train,/Users/vs/Sem 5/Respiratory-Disease-Classification/data/processed/audio/cycles/218/1p1_Ar_005.wav,test
218,1p1,Ar,COPD,3,train,/Users/vs/Sem 5/Respiratory-Disease-Classification/data/processed/audio/cycles/218/1p1_Ar_006.wav,test
218,1p1,Pl,COPD,3,test,/Users/vs/Sem 5/Respiratory-Disease-Classification/data/processed/audio/cycles/218/1p1_Pl_001.wav,test
218,1p1,Pl,COPD,3,test,/Users/vs/Sem 5/Respiratory-Disease-Classification/data/processed/audio/cycles/218/1p1_Pl_002.wav,test
218,1p1,Pl,COPD,3,test,/Users/vs/Sem 5/Respiratory-Disease-Classification/data/processed/audio/cycles/218/1p1_Pl_003.wav,test
218,1p1,Pl,COPD,3,test,/Users/vs/Sem 5/Respiratory-Disease-Classification/data/processed/audio/cycles/218/1p1_Pl_004.wav,test
218,1p1,Pl,COPD,3,test,/Users/vs/Sem 5/Respiratory-Disease-Classification/data/processed/audio/cycles/218/1p1_Pl_005.wav,test
218,1p1,Pl,COPD,3,test,/Users/vs/Sem 5/Respiratory-Disease-Classification/data/processed/audio/cycles/218/1p1_Pl_006.wav,test
218,1p1,Pl,COPD,3,test,/Users/vs/Sem 5/Respiratory-Disease-Classification/data/processed/audio/cycles/218/1p1_Pl_007.wav,test
218,1p1,Pl,COPD,3,test,/Users/vs/Sem 5/Respiratory-Disease-Classification/data/processed/audio/cycles/218/1p1_Pl_008.wav,test
218,1p1,Pr,COPD,3,train,/Users/vs/Sem 5/Respiratory-Disease-Classification/data/processed/audio/cycles/218/1p1_Pr_001.wav,test
218,1p1,Pr,COPD,3,train,/Users/vs/Sem 5/Respiratory-Disease-Classification/data/processed/audio/cycles/218/1p1_Pr_002.wav,test
218,1p1,Pr,COPD,3,train,/Users/vs/Sem 5/Respiratory-Disease-Classification/data/processed/audio/cycles/218/1p1_Pr_003.wav,test
218,1p1,Pr,COPD,3,train,/Users/vs/Sem 5/Respiratory-Disease-Classification/data/processed/audio/cycles/218/1p1_Pr_004.wav,test
218,1p1,Pr,COPD,3,train,/Users/vs/Sem 5/Respiratory-Disease-Classification/data/processed/audio/cycles/218/1p1_Pr_005.wav,test
218,1p1,Pr,COPD,3,train,/Users/vs/Sem 5/Respiratory-Disease-Classification/data/processed/audio/cycles/218/1p1_Pr_006.wav,test
218,1p1,Pr,COPD,3,train,/Users/vs/Sem 5/Respiratory-Disease-Classification/data/processed/audio/cycles/218/1p1_Pr_007.wav,test
219,2b1,Ar,Pneumonia,6,train,/Users/vs/Sem 5/Respiratory-Disease-Classification/data/processed/audio/cycles/219/2b1_Ar_001.wav,train
219,2b1,Ar,Pneumonia,6,train,/Users/vs/Sem 5/Respiratory-Disease-Classification/data/processed/audio/cycles/219/2b1_Ar_002.wav,train
219,2b1,Ar,Pneumonia,6,train,/Users/vs/Sem 5/Respiratory-Disease-Classification/data/processed/audio/cycles/219/2b1_Ar_003.wav,train
219,2b1,Ar,Pneumonia,6,train,/Users/vs/Sem 5/Respiratory-Disease-Classification/data/processed/audio/cycles/219/2b1_Ar_004.wav,train
219,2b1,Ar,Pneumonia,6,train,/Users/vs/Sem 5/Respiratory-Disease-Classification/data/processed/audio/cycles/219/2b1_Ar_005.wav,train
219,2b1,Tc,Pneumonia,6,train,/Users/vs/Sem 5/Respiratory-Disease-Classification/data/processed/audio/cycles/219/2b1_Tc_001.wav,train
219,2b1,Tc,Pneumonia,6,train,/Users/vs/Sem 5/Respiratory-Disease-Classification/data/processed/audio/cycles/219/2b1_Tc_002.wav,train
219,2b1,Tc,Pneumonia,6,train,/Users/vs/Sem 5/Respiratory-Disease-Classification/data/processed/audio/cycles/219/2b1_Tc_003.wav,train
219,2b1,Tc,Pneumonia,6,train,/Users/vs/Sem 5/Respiratory-Disease-Classification/data/processed/audio/cycles/219/2b1_Tc_004.wav,train
219,2b1,Tc,Pneumonia,6,train,/Users/vs/Sem 5/Respiratory-Disease-Classification/data/processed/audio/cycles/219/2b1_Tc_005.wav,train
219,2b2,Ar,Pneumonia,6,train,/Users/vs/Sem 5/Respiratory-Disease-Classification/data/processed/audio/cycles/219/2b2_Ar_001.wav,train
219,2b2,Ar,Pneumonia,6,train,/Users/vs/Sem 5/Respiratory-Disease-Classification/data/processed/audio/cycles/219/2b2_Ar_002.wav,train
219,2b2,Ar,Pneumonia,6,train,/Users/vs/Sem 5/Respiratory-Disease-Classification/data/processed/audio/cycles/219/2b2_Ar_003.wav,train
219,2b2,Ar,Pneumonia,6,train,/Users/vs/Sem 5/Respiratory-Disease-Classification/data/processed/audio/cycles/219/2b2_Ar_004.wav,train
219,2b2,Ar,Pneumonia,6,train,/Users/vs/Sem 5/Respiratory-Disease-Classification/data/processed/audio/cycles/219/2b2_Ar_005.wav,train
219,2b2,Tc,Pneumonia,6,train,/Users/vs/Sem 5/Respiratory-Disease-Classification/data/processed/audio/cycles/219/2b2_Tc_001.wav,train
219,2b2,Tc,Pneumonia,6,train,/Users/vs/Sem 5/Respiratory-Disease-Classification/data/processed/audio/cycles/219/2b2_Tc_002.wav,train
219,2b2,Tc,Pneumonia,6,train,/Users/vs/Sem 5/Respiratory-Disease-Classification/data/processed/audio/cycles/219/2b2_Tc_003.wav,train
219,2b2,Tc,Pneumonia,6,train,/Users/vs/Sem 5/Respiratory-Disease-Classification/data/processed/audio/cycles/219/2b2_Tc_004.wav,train
219,2b2,Tc,Pneumonia,6,train,/Users/vs/Sem 5/Respiratory-Disease-Classification/data/processed/audio/cycles/219/2b2_Tc_005.wav,train
219,2b2,Tc,Pneumonia,6,train,/Users/vs/Sem 5/Respiratory-Disease-Classification/data/processed/audio/cycles/219/2b2_Tc_006.wav,train
219,2b3,Tc,Pneumonia,6,train,/Users/vs/Sem 5/Respiratory-Disease-Classification/data/processed/audio/cycles/219/2b3_Tc_001.wav,train
219,2b3,Tc,Pneumonia,6,train,/Users/vs/Sem 5/Respiratory-Disease-Classification/data/processed/audio/cycles/219/2b3_Tc_002.wav,train
219,2b3,Tc,Pneumonia,6,train,/Users/vs/Sem 5/Respiratory-Disease-Classification/data/processed/audio/cycles/219/2b3_Tc_003.wav,train
219,2b3,Tc,Pneumonia,6,train,/Users/vs/Sem 5/Respiratory-Disease-Classification/data/processed/audio/cycles/219/2b3_Tc_004.wav,train
219,2b3,Tc,Pneumonia,6,train,/Users/vs/Sem 5/Respiratory-Disease-Classification/data/processed/audio/cycles/219/2b3_Tc_005.wav,train
220,1b1,Tc,COPD,3,train,/Users/vs/Sem 5/Respiratory-Disease-Classification/data/processed/audio/cycles/220/1b1_Tc_001.wav,train
220,1b1,Tc,COPD,3,train,/Users/vs/Sem 5/Respiratory-Disease-Classification/data/processed/audio/cycles/220/1b1_Tc_002.wav,train
220,1b1,Tc,COPD,3,train,/Users/vs/Sem 5/Respiratory-Disease-Classification/data/processed/audio/cycles/220/1b1_Tc_003.wav,train
220,1b1,Tc,COPD,3,train,/Users/vs/Sem 5/Respiratory-Disease-Classification/data/processed/audio/cycles/220/1b1_Tc_004.wav,train
220,1b1,Tc,COPD,3,train,/Users/vs/Sem 5/Respiratory-Disease-Classification/data/processed/audio/cycles/220/1b1_Tc_005.wav,train
220,1b1,Tc,COPD,3,train,/Users/vs/Sem 5/Respiratory-Disease-Classification/data/processed/audio/cycles/220/1b1_Tc_006.wav,train
220,1b1,Tc,COPD,3,train,/Users/vs/Sem 5/Respiratory-Disease-Classification/data/processed/audio/cycles/220/1b1_Tc_007.wav,train
220,1b2,Al,COPD,3,train,/Users/vs/Sem 5/Respiratory-Disease-Classification/data/processed/audio/cycles/220/1b2_Al_001.wav,train
220,1b2,Al,COPD,3,train,/Users/vs/Sem 5/Respiratory-Disease-Classification/data/processed/audio/cycles/220/1b2_Al_002.wav,train
220,1b2,Al,COPD,3,train,/Users/vs/Sem 5/Respiratory-Disease-Classification/data/processed/audio/cycles/220/1b2_Al_003.wav,train
220,1b2,Al,COPD,3,train,/Users/vs/Sem 5/Respiratory-Disease-Classification/data/processed/audio/cycles/220/1b2_Al_004.wav,train
220,1b2,Al,COPD,3,train,/Users/vs/Sem 5/Respiratory-Disease-Classification/data/processed/audio/cycles/220/1b2_Al_005.wav,train
220,1b2,Al,COPD,3,train,/Users/vs/Sem 5/Respiratory-Disease-Classification/data/processed/audio/cycles/220/1b2_Al_006.wav,train
220,1b2,Al,COPD,3,train,/Users/vs/Sem 5/Respiratory-Disease-Classification/data/processed/audio/cycles/220/1b2_Al_007.wav,train
221,2b1,Al,COPD,3,train,/Users/vs/Sem 5/Respiratory-Disease-Classification/data/processed/audio/cycles/221/2b1_Al_001.wav,train
221,2b1,Al,COPD,3,train,/Users/vs/Sem 5/Respiratory-Disease-Classification/data/processed/audio/cycles/221/2b1_Al_002.wav,train
221,2b1,Al,COPD,3,train,/Users/vs/Sem 5/Respiratory-Disease-Classification/data/processed/audio/cycles/221/2b1_Al_003.wav,train
221,2b1,Al,COPD,3,train,/Users/vs/Sem 5/Respiratory-Disease-Classification/data/processed/audio/cycles/221/2b1_Al_004.wav,train
221,2b1,Al,COPD,3,train,/Users/vs/Sem 5/Respiratory-Disease-Classification/data/processed/audio/cycles/221/2b1_Al_005.wav,train
221,2b1,Ar,COPD,3,train,/Users/vs/Sem 5/Respiratory-Disease-Classification/data/processed/audio/cycles/221/2b1_Ar_001.wav,train
221,2b1,Ar,COPD,3,train,/Users/vs/Sem 5/Respiratory-Disease-Classification/data/processed/audio/cycles/221/2b1_Ar_002.wav,train
221,2b1,Ar,COPD,3,train,/Users/vs/Sem 5/Respiratory-Disease-Classification/data/processed/audio/cycles/221/2b1_Ar_003.wav,train
221,2b1,Ar,COPD,3,train,/Users/vs/Sem 5/Respiratory-Disease-Classification/data/processed/audio/cycles/221/2b1_Ar_004.wav,train
221,2b1,Ar,COPD,3,train,/Users/vs/Sem 5/Respiratory-Disease-Classification/data/processed/audio/cycles/221/2b1_Ar_005.wav,train
221,2b1,Lr,COPD,3,train,/Users/vs/Sem 5/Respiratory-Disease-Classification/data/processed/audio/cycles/221/2b1_Lr_001.wav,train
221,2b1,Lr,COPD,3,train,/Users/vs/Sem 5/Respiratory-Disease-Classification/data/processed/audio/cycles/221/2b1_Lr_002.wav,train
221,2b1,Lr,COPD,3,train,/Users/vs/Sem 5/Respiratory-Disease-Classification/data/processed/audio/cycles/221/2b1_Lr_003.wav,train
221,2b1,Lr,COPD,3,train,/Users/vs/Sem 5/Respiratory-Disease-Classification/data/processed/audio/cycles/221/2b1_Lr_004.wav,train
221,2b1,Lr,COPD,3,train,/Users/vs/Sem 5/Respiratory-Disease-Classification/data/processed/audio/cycles/221/2b1_Lr_005.wav,train
221,2b1,Pl,COPD,3,train,/Users/vs/Sem 5/Respiratory-Disease-Classification/data/processed/audio/cycles/221/2b1_Pl_001.wav,train
221,2b1,Pl,COPD,3,train,/Users/vs/Sem 5/Respiratory-Disease-Classification/data/processed/audio/cycles/221/2b1_Pl_002.wav,train
221,2b1,Pl,COPD,3,train,/Users/vs/Sem 5/Respiratory-Disease-Classification/data/processed/audio/cycles/221/2b1_Pl_003.wav,train
221,2b1,Pl,COPD,3,train,/Users/vs/Sem 5/Respiratory-Disease-Classification/data/processed/audio/cycles/221/2b1_Pl_004.wav,train
221,2b1,Pl,COPD,3,train,/Users/vs/Sem 5/Respiratory-Disease-Classification/data/processed/audio/cycles/221/2b1_Pl_005.wav,train
221,2b2,Al,COPD,3,train,/Users/vs/Sem 5/Respiratory-Disease-Classification/data/processed/audio/cycles/221/2b2_Al_001.wav,train
221,2b2,Al,COPD,3,train,/Users/vs/Sem 5/Respiratory-Disease-Classification/data/processed/audio/cycles/221/2b2_Al_002.wav,train
221,2b2,Al,COPD,3,train,/Users/vs/Sem 5/Respiratory-Disease-Classification/data/processed/audio/cycles/221/2b2_Al_003.wav,train
221,2b2,Al,COPD,3,train,/Users/vs/Sem 5/Respiratory-Disease-Classification/data/processed/audio/cycles/221/2b2_Al_004.wav,train
221,2b2,Al,COPD,3,train,/Users/vs/Sem 5/Respiratory-Disease-Classification/data/processed/audio/cycles/221/2b2_Al_005.wav,train
221,2b2,Al,COPD,3,train,/Users/vs/Sem 5/Respiratory-Disease-Classification/data/processed/audio/cycles/221/2b2_Al_006.wav,train
221,2b2,Ar,COPD,3,train,/Users/vs/Sem 5/Respiratory-Disease-Classification/data/processed/audio/cycles/221/2b2_Ar_001.wav,train
221,2b2,Ar,COPD,3,train,/Users/vs/Sem 5/Respiratory-Disease-Classification/data/processed/audio/cycles/221/2b2_Ar_002.wav,train
221,2b2,Ar,COPD,3,train,/Users/vs/Sem 5/Respiratory-Disease-Classification/data/processed/audio/cycles/221/2b2_Ar_003.wav,train
221,2b2,Ar,COPD,3,train,/Users/vs/Sem 5/Respiratory-Disease-Classification/data/processed/audio/cycles/221/2b2_Ar_004.wav,train
221,2b2,Ar,COPD,3,train,/Users/vs/Sem 5/Respiratory-Disease-Classification/data/processed/audio/cycles/221/2b2_Ar_005.wav,train
221,2b2,Ar,COPD,3,train,/Users/vs/Sem 5/Respiratory-Disease-Classification/data/processed/audio/cycles/221/2b2_Ar_006.wav,train
221,2b2,Lr,COPD,3,train,/Users/vs/Sem 5/Respiratory-Disease-Classification/data/processed/audio/cycles/221/2b2_Lr_001.wav,train
221,2b2,Lr,COPD,3,train,/Users/vs/Sem 5/Respiratory-Disease-Classification/data/processed/audio/cycles/221/2b2_Lr_002.wav,train
221,2b2,Lr,COPD,3,train,/Users/vs/Sem 5/Respiratory-Disease-Classification/data/processed/audio/cycles/221/2b2_Lr_003.wav,train
221,2b2,Lr,COPD,3,train,/Users/vs/Sem 5/Respiratory-Disease-Classification/data/processed/audio/cycles/221/2b2_Lr_004.wav,train
221,2b2,Lr,COPD,3,train,/Users/vs/Sem 5/Respiratory-Disease-Classification/data/processed/audio/cycles/221/2b2_Lr_005.wav,train
221,2b2,Pl,COPD,3,train,/Users/vs/Sem 5/Respiratory-Disease-Classification/data/processed/audio/cycles/221/2b2_Pl_001.wav,train
221,2b2,Pl,COPD,3,train,/Users/vs/Sem 5/Respiratory-Disease-Classification/data/processed/audio/cycles/221/2b2_Pl_002.wav,train
221,2b2,Pl,COPD,3,train,/Users/vs/Sem 5/Respiratory-Disease-Classification/data/processed/audio/cycles/221/2b2_Pl_003.wav,train
221,2b2,Pl,COPD,3,train,/Users/vs/Sem 5/Respiratory-Disease-Classification/data/processed/audio/cycles/221/2b2_Pl_004.wav,train
221,2b2,Pl,COPD,3,train,/Users/vs/Sem 5/Respiratory-Disease-Classification/data/processed/audio/cycles/221/2b2_Pl_005.wav,train
221,2b2,Pl,COPD,3,train,/Users/vs/Sem 5/Respiratory-Disease-Classification/data/processed/audio/cycles/221/2b2_Pl_006.wav,train
221,2b3,Al,COPD,3,train,/Users/vs/Sem 5/Respiratory-Disease-Classification/data/processed/audio/cycles/221/2b3_Al_001.wav,train
221,2b3,Al,COPD,3,train,/Users/vs/Sem 5/Respiratory-Disease-Classification/data/processed/audio/cycles/221/2b3_Al_002.wav,train
221,2b3,Al,COPD,3,train,/Users/vs/Sem 5/Respiratory-Disease-Classification/data/processed/audio/cycles/221/2b3_Al_003.wav,train
221,2b3,Al,COPD,3,train,/Users/vs/Sem 5/Respiratory-Disease-Classification/data/processed/audio/cycles/221/2b3_Al_004.wav,train
221,2b3,Al,COPD,3,train,/Users/vs/Sem 5/Respiratory-Disease-Classification/data/processed/audio/cycles/221/2b3_Al_005.wav,train
221,2b3,Ar,COPD,3,train,/Users/vs/Sem 5/Respiratory-Disease-Classification/data/processed/audio/cycles/221/2b3_Ar_001.wav,train
221,2b3,Ar,COPD,3,train,/Users/vs/Sem 5/Respiratory-Disease-Classification/data/processed/audio/cycles/221/2b3_Ar_002.wav,train
221,2b3,Ar,COPD,3,train,/Users/vs/Sem 5/Respiratory-Disease-Classification/data/processed/audio/cycles/221/2b3_Ar_003.wav,train
221,2b3,Ar,COPD,3,train,/Users/vs/Sem 5/Respiratory-Disease-Classification/data/processed/audio/cycles/221/2b3_Ar_004.wav,train
221,2b3,Ar,COPD,3,train,/Users/vs/Sem 5/Respiratory-Disease-Classification/data/processed/audio/cycles/221/2b3_Ar_005.wav,train
221,2b3,Lr,COPD,3,train,/Users/vs/Sem 5/Respiratory-Disease-Classification/data/processed/audio/cycles/221/2b3_Lr_001.wav,train
221,2b3,Lr,COPD,3,train,/Users/vs/Sem 5/Respiratory-Disease-Classification/data/processed/audio/cycles/221/2b3_Lr_002.wav,train
221,2b3,Lr,COPD,3,train,/Users/vs/Sem 5/Respiratory-Disease-Classification/data/processed/audio/cycles/221/2b3_Lr_003.wav,train
221,2b3,Lr,COPD,3,train,/Users/vs/Sem 5/Respiratory-Disease-Classification/data/processed/audio/cycles/221/2b3_Lr_004.wav,train
221,2b3,Lr,COPD,3,train,/Users/vs/Sem 5/Respiratory-Disease-Classification/data/processed/audio/cycles/221/2b3_Lr_005.wav,train
221,2b3,Pr,COPD,3,train,/Users/vs/Sem 5/Respiratory-Disease-Classification/data/processed/audio/cycles/221/2b3_Pr_001.wav,train
221,2b3,Pr,COPD,3,train,/Users/vs/Sem 5/Respiratory-Disease-Classification/data/processed/audio/cycles/221/2b3_Pr_002.wav,train
221,2b3,Pr,COPD,3,train,/Users/vs/Sem 5/Respiratory-Disease-Classification/data/processed/audio/cycles/221/2b3_Pr_003.wav,train
221,2b3,Pr,COPD,3,train,/Users/vs/Sem 5/Respiratory-Disease-Classification/data/processed/audio/cycles/221/2b3_Pr_004.wav,train
221,2b3,Pr,COPD,3,train,/Users/vs/Sem 5/Respiratory-Disease-Classification/data/processed/audio/cycles/221/2b3_Pr_005.wav,train
222,1b1,Ar,COPD,3,train,/Users/vs/Sem 5/Respiratory-Disease-Classification/data/processed/audio/cycles/222/1b1_Ar_001.wav,test
222,1b1,Ar,COPD,3,train,/Users/vs/Sem 5/Respiratory-Disease-Classification/data/processed/audio/cycles/222/1b1_Ar_002.wav,test
222,1b1,Ar,COPD,3,train,/Users/vs/Sem 5/Respiratory-Disease-Classification/data/processed/audio/cycles/222/1b1_Ar_003.wav,test
222,1b1,Ar,COPD,3,train,/Users/vs/Sem 5/Respiratory-Disease-Classification/data/processed/audio/cycles/222/1b1_Ar_004.wav,test
222,1b1,Ar,COPD,3,train,/Users/vs/Sem 5/Respiratory-Disease-Classification/data/processed/audio/cycles/222/1b1_Ar_005.wav,test
222,1b1,Ar,COPD,3,train,/Users/vs/Sem 5/Respiratory-Disease-Classification/data/processed/audio/cycles/222/1b1_Ar_006.wav,test
222,1b1,Ar,COPD,3,train,/Users/vs/Sem 5/Respiratory-Disease-Classification/data/processed/audio/cycles/222/1b1_Ar_007.wav,test
222,1b1,Ar,COPD,3,train,/Users/vs/Sem 5/Respiratory-Disease-Classification/data/processed/audio/cycles/222/1b1_Ar_008.wav,test
222,1b1,Ar,COPD,3,train,/Users/vs/Sem 5/Respiratory-Disease-Classification/data/processed/audio/cycles/222/1b1_Ar_009.wav,test
222,1b1,Ar,COPD,3,train,/Users/vs/Sem 5/Respiratory-Disease-Classification/data/processed/audio/cycles/222/1b1_Ar_010.wav,test
222,1b1,Lr,COPD,3,train,/Users/vs/Sem 5/Respiratory-Disease-Classification/data/processed/audio/cycles/222/1b1_Lr_001.wav,test
222,1b1,Lr,COPD,3,train,/Users/vs/Sem 5/Respiratory-Disease-Classification/data/processed/audio/cycles/222/1b1_Lr_002.wav,test
222,1b1,Lr,COPD,3,train,/Users/vs/Sem 5/Respiratory-Disease-Classification/data/processed/audio/cycles/222/1b1_Lr_003.wav,test
222,1b1,Lr,COPD,3,train,/Users/vs/Sem 5/Respiratory-Disease-Classification/data/processed/audio/cycles/222/1b1_Lr_004.wav,test
222,1b1,Lr,COPD,3,train,/Users/vs/Sem 5/Respiratory-Disease-Classification/data/processed/audio/cycles/222/1b1_Lr_005.wav,test
222,1b1,Lr,COPD,3,train,/Users/vs/Sem 5/Respiratory-Disease-Classification/data/processed/audio/cycles/222/1b1_Lr_006.wav,test
222,1b1,Lr,COPD,3,train,/Users/vs/Sem 5/Respiratory-Disease-Classification/data/processed/audio/cycles/222/1b1_Lr_007.wav,test
222,1b1,Lr,COPD,3,train,/Users/vs/Sem 5/Respiratory-Disease-Classification/data/processed/audio/cycles/222/1b1_Lr_008.wav,test
222,1b1,Lr,COPD,3,train,/Users/vs/Sem 5/Respiratory-Disease-Classification/data/processed/audio/cycles/222/1b1_Lr_009.wav,test
222,1b1,Lr,COPD,3,train,/Users/vs/Sem 5/Respiratory-Disease-Classification/data/processed/audio/cycles/222/1b1_Lr_010.wav,test
222,1b1,Lr,COPD,3,train,/Users/vs/Sem 5/Respiratory-Disease-Classification/data/processed/audio/cycles/222/1b1_Lr_011.wav,test
222,1b1,Lr,COPD,3,train,/Users/vs/Sem 5/Respiratory-Disease-Classification/data/processed/audio/cycles/222/1b1_Lr_012.wav,test
222,1b1,Lr,COPD,3,train,/Users/vs/Sem 5/Respiratory-Disease-Classification/data/processed/audio/cycles/222/1b1_Lr_013.wav,test
222,1b1,Lr,COPD,3,train,/Users/vs/Sem 5/Respiratory-Disease-Classification/data/processed/audio/cycles/222/1b1_Lr_014.wav,test
222,1b1,Lr,COPD,3,train,/Users/vs/Sem 5/Respiratory-Disease-Classification/data/processed/audio/cycles/222/1b1_Lr_015.wav,test
222,1b1,Lr,COPD,3,train,/Users/vs/Sem 5/Respiratory-Disease-Classification/data/processed/audio/cycles/222/1b1_Lr_016.wav,test
222,1b1,Lr,COPD,3,train,/Users/vs/Sem 5/Respiratory-Disease-Classification/data/processed/audio/cycles/222/1b1_Lr_017.wav,test
222,1b1,Lr,COPD,3,train,/Users/vs/Sem 5/Respiratory-Disease-Classification/data/processed/audio/cycles/222/1b1_Lr_018.wav,test
222,1b1,Lr,COPD,3,train,/Users/vs/Sem 5/Respiratory-Disease-Classification/data/processed/audio/cycles/222/1b1_Lr_019.wav,test
222,1b1,Lr,COPD,3,train,/Users/vs/Sem 5/Respiratory-Disease-Classification/data/processed/audio/cycles/222/1b1_Lr_020.wav,test
222,1b1,Pr,COPD,3,train,/Users/vs/Sem 5/Respiratory-Disease-Classification/data/processed/audio/cycles/222/1b1_Pr_001.wav,test
222,1b1,Pr,COPD,3,train,/Users/vs/Sem 5/Respiratory-Disease-Classification/data/processed/audio/cycles/222/1b1_Pr_002.wav,test
222,1b1,Pr,COPD,3,train,/Users/vs/Sem 5/Respiratory-Disease-Classification/data/processed/audio/cycles/222/1b1_Pr_003.wav,test
222,1b1,Pr,COPD,3,train,/Users/vs/Sem 5/Respiratory-Disease-Classification/data/processed/audio/cycles/222/1b1_Pr_004.wav,test
222,1b1,Pr,COPD,3,train,/Users/vs/Sem 5/Respiratory-Disease-Classification/data/processed/audio/cycles/222/1b1_Pr_005.wav,test
222,1b1,Pr,COPD,3,train,/Users/vs/Sem 5/Respiratory-Disease-Classification/data/processed/audio/cycles/222/1b1_Pr_006.wav,test
222,1b1,Pr,COPD,3,train,/Users/vs/Sem 5/Respiratory-Disease-Classification/data/processed/audio/cycles/222/1b1_Pr_007.wav,test
222,1b1,Pr,COPD,3,train,/Users/vs/Sem 5/Respiratory-Disease-Classification/data/processed/audio/cycles/222/1b1_Pr_008.wav,test
222,1b1,Pr,COPD,3,train,/Users/vs/Sem 5/Respiratory-Disease-Classification/data/processed/audio/cycles/222/1b1_Pr_009.wav,test
222,1b1,Pr,COPD,3,train,/Users/vs/Sem 5/Respiratory-Disease-Classification/data/processed/audio/cycles/222/1b1_Pr_010.wav,test
222,1b1,Pr,COPD,3,train,/Users/vs/Sem 5/Respiratory-Disease-Classification/data/processed/audio/cycles/222/1b1_Pr_011.wav,test
222,1b1,Pr,COPD,3,train,/Users/vs/Sem 5/Respiratory-Disease-Classification/data/processed/audio/cycles/222/1b1_Pr_012.wav,test
222,1b1,Pr,COPD,3,train,/Users/vs/Sem 5/Respiratory-Disease-Classification/data/processed/audio/cycles/222/1b1_Pr_013.wav,test
222,1b1,Pr,COPD,3,train,/Users/vs/Sem 5/Respiratory-Disease-Classification/data/processed/audio/cycles/222/1b1_Pr_014.wav,test
222,1b1,Pr,COPD,3,train,/Users/vs/Sem 5/Respiratory-Disease-Classification/data/processed/audio/cycles/222/1b1_Pr_015.wav,test
223,1b1,Al,COPD,3,test,/Users/vs/Sem 5/Respiratory-Disease-Classification/data/processed/audio/cycles/223/1b1_Al_001.wav,test
223,1b1,Al,COPD,3,test,/Users/vs/Sem 5/Respiratory-Disease-Classification/data/processed/audio/cycles/223/1b1_Al_002.wav,test
223,1b1,Al,COPD,3,test,/Users/vs/Sem 5/Respiratory-Disease-Classification/data/processed/audio/cycles/223/1b1_Al_003.wav,test
223,1b1,Al,COPD,3,test,/Users/vs/Sem 5/Respiratory-Disease-Classification/data/processed/audio/cycles/223/1b1_Al_004.wav,test
223,1b1,Al,COPD,3,test,/Users/vs/Sem 5/Respiratory-Disease-Classification/data/processed/audio/cycles/223/1b1_Al_005.wav,test
223,1b1,Al,COPD,3,test,/Users/vs/Sem 5/Respiratory-Disease-Classification/data/processed/audio/cycles/223/1b1_Al_006.wav,test
223,1b1,Al,COPD,3,test,/Users/vs/Sem 5/Respiratory-Disease-Classification/data/processed/audio/cycles/223/1b1_Al_007.wav,test
223,1b1,Al,COPD,3,test,/Users/vs/Sem 5/Respiratory-Disease-Classification/data/processed/audio/cycles/223/1b1_Al_008.wav,test
223,1b1,Al,COPD,3,test,/Users/vs/Sem 5/Respiratory-Disease-Classification/data/processed/audio/cycles/223/1b1_Al_009.wav,test
223,1b1,Al,COPD,3,test,/Users/vs/Sem 5/Respiratory-Disease-Classification/data/processed/audio/cycles/223/1b1_Al_010.wav,test
223,1b1,Ar,COPD,3,test,/Users/vs/Sem 5/Respiratory-Disease-Classification/data/processed/audio/cycles/223/1b1_Ar_001.wav,test
223,1b1,Ar,COPD,3,test,/Users/vs/Sem 5/Respiratory-Disease-Classification/data/processed/audio/cycles/223/1b1_Ar_002.wav,test
223,1b1,Ar,COPD,3,test,/Users/vs/Sem 5/Respiratory-Disease-Classification/data/processed/audio/cycles/223/1b1_Ar_003.wav,test
223,1b1,Ar,COPD,3,test,/Users/vs/Sem 5/Respiratory-Disease-Classification/data/processed/audio/cycles/223/1b1_Ar_004.wav,test
223,1b1,Ar,COPD,3,test,/Users/vs/Sem 5/Respiratory-Disease-Classification/data/processed/audio/cycles/223/1b1_Ar_005.wav,test
223,1b1,Ar,COPD,3,test,/Users/vs/Sem 5/Respiratory-Disease-Classification/data/processed/audio/cycles/223/1b1_Ar_006.wav,test
223,1b1,Ar,COPD,3,test,/Users/vs/Sem 5/Respiratory-Disease-Classification/data/processed/audio/cycles/223/1b1_Ar_007.wav,test
223,1b1,Ar,COPD,3,test,/Users/vs/Sem 5/Respiratory-Disease-Classification/data/processed/audio/cycles/223/1b1_Ar_008.wav,test
223,1b1,Ar,COPD,3,test,/Users/vs/Sem 5/Respiratory-Disease-Classification/data/processed/audio/cycles/223/1b1_Ar_009.wav,test
223,1b1,Ar,COPD,3,test,/Users/vs/Sem 5/Respiratory-Disease-Classification/data/processed/audio/cycles/223/1b1_Ar_010.wav,test
223,1b1,Ll,COPD,3,test,/Users/vs/Sem 5/Respiratory-Disease-Classification/data/processed/audio/cycles/223/1b1_Ll_001.wav,test
223,1b1,Ll,COPD,3,test,/Users/vs/Sem 5/Respiratory-Disease-Classification/data/processed/audio/cycles/223/1b1_Ll_002.wav,test
223,1b1,Ll,COPD,3,test,/Users/vs/Sem 5/Respiratory-Disease-Classification/data/processed/audio/cycles/223/1b1_Ll_003.wav,test
223,1b1,Ll,COPD,3,test,/Users/vs/Sem 5/Respiratory-Disease-Classification/data/processed/audio/cycles/223/1b1_Ll_004.wav,test
223,1b1,Ll,COPD,3,test,/Users/vs/Sem 5/Respiratory-Disease-Classification/data/processed/audio/cycles/223/1b1_Ll_005.wav,test
223,1b1,Ll,COPD,3,test,/Users/vs/Sem 5/Respiratory-Disease-Classification/data/processed/audio/cycles/223/1b1_Ll_006.wav,test
223,1b1,Ll,COPD,3,test,/Users/vs/Sem 5/Respiratory-Disease-Classification/data/processed/audio/cycles/223/1b1_Ll_007.wav,test
223,1b1,Ll,COPD,3,test,/Users/vs/Sem 5/Respiratory-Disease-Classification/data/processed/audio/cycles/223/1b1_Ll_008.wav,test
223,1b1,Ll,COPD,3,test,/Users/vs/Sem 5/Respiratory-Disease-Classification/data/processed/audio/cycles/223/1b1_Ll_009.wav,test
223,1b1,Ll,COPD,3,test,/Users/vs/Sem 5/Respiratory-Disease-Classification/data/processed/audio/cycles/223/1b1_Ll_010.wav,test
223,1b1,Lr,COPD,3,test,/Users/vs/Sem 5/Respiratory-Disease-Classification/data/processed/audio/cycles/223/1b1_Lr_001.wav,test
223,1b1,Lr,COPD,3,test,/Users/vs/Sem 5/Respiratory-Disease-Classification/data/processed/audio/cycles/223/1b1_Lr_002.wav,test
223,1b1,Lr,COPD,3,test,/Users/vs/Sem 5/Respiratory-Disease-Classification/data/processed/audio/cycles/223/1b1_Lr_003.wav,test
223,1b1,Lr,COPD,3,test,/Users/vs/Sem 5/Respiratory-Disease-Classification/data/processed/audio/cycles/223/1b1_Lr_004.wav,test
223,1b1,Lr,COPD,3,test,/Users/vs/Sem 5/Respiratory-Disease-Classification/data/processed/audio/cycles/223/1b1_Lr_005.wav,test
223,1b1,Lr,COPD,3,test,/Users/vs/Sem 5/Respiratory-Disease-Classification/data/processed/audio/cycles/223/1b1_Lr_006.wav,test
223,1b1,Lr,COPD,3,test,/Users/vs/Sem 5/Respiratory-Disease-Classification/data/processed/audio/cycles/223/1b1_Lr_007.wav,test
223,1b1,Lr,COPD,3,test,/Users/vs/Sem 5/Respiratory-Disease-Classification/data/processed/audio/cycles/223/1b1_Lr_008.wav,test
223,1b1,Lr,COPD,3,test,/Users/vs/Sem 5/Respiratory-Disease-Classification/data/processed/audio/cycles/223/1b1_Lr_009.wav,test
223,1b1,Lr,COPD,3,test,/Users/vs/Sem 5/Respiratory-Disease-Classification/data/processed/audio/cycles/223/1b1_Lr_010.wav,test
223,1b1,Pl,COPD,3,test,/Users/vs/Sem 5/Respiratory-Disease-Classification/data/processed/audio/cycles/223/1b1_Pl_001.wav,test
223,1b1,Pl,COPD,3,test,/Users/vs/Sem 5/Respiratory-Disease-Classification/data/processed/audio/cycles/223/1b1_Pl_002.wav,test
223,1b1,Pl,COPD,3,test,/Users/vs/Sem 5/Respiratory-Disease-Classification/data/processed/audio/cycles/223/1b1_Pl_003.wav,test
223,1b1,Pl,COPD,3,test,/Users/vs/Sem 5/Respiratory-Disease-Classification/data/processed/audio/cycles/223/1b1_Pl_004.wav,test
223,1b1,Pl,COPD,3,test,/Users/vs/Sem 5/Respiratory-Disease-Classification/data/processed/audio/cycles/223/1b1_Pl_005.wav,test
223,1b1,Pl,COPD,3,test,/Users/vs/Sem 5/Respiratory-Disease-Classification/data/processed/audio/cycles/223/1b1_Pl_006.wav,test
223,1b1,Pl,COPD,3,test,/Users/vs/Sem 5/Respiratory-Disease-Classification/data/processed/audio/cycles/223/1b1_Pl_007.wav,test
223,1b1,Pl,COPD,3,test,/Users/vs/Sem 5/Respiratory-Disease-Classification/data/processed/audio/cycles/223/1b1_Pl_008.wav,test
223,1b1,Pl,COPD,3,test,/Users/vs/Sem 5/Respiratory-Disease-Classification/data/processed/audio/cycles/223/1b1_Pl_009.wav,test
223,1b1,Pl,COPD,3,test,/Users/vs/Sem 5/Respiratory-Disease-Classification/data/processed/audio/cycles/223/1b1_Pl_010.wav,test
223,1b1,Pl,COPD,3,test,/Users/vs/Sem 5/Respiratory-Disease-Classification/data/processed/audio/cycles/223/1b1_Pl_011.wav,test
223,1b1,Pr,COPD,3,test,/Users/vs/Sem 5/Respiratory-Disease-Classification/data/processed/audio/cycles/223/1b1_Pr_001.wav,test
223,1b1,Pr,COPD,3,test,/Users/vs/Sem 5/Respiratory-Disease-Classification/data/processed/audio/cycles/223/1b1_Pr_002.wav,test
223,1b1,Pr,COPD,3,test,/Users/vs/Sem 5/Respiratory-Disease-Classification/data/processed/audio/cycles/223/1b1_Pr_003.wav,test
223,1b1,Pr,COPD,3,test,/Users/vs/Sem 5/Respiratory-Disease-Classification/data/processed/audio/cycles/223/1b1_Pr_004.wav,test
223,1b1,Pr,COPD,3,test,/Users/vs/Sem 5/Respiratory-Disease-Classification/data/processed/audio/cycles/223/1b1_Pr_005.wav,test
223,1b1,Pr,COPD,3,test,/Users/vs/Sem 5/Respiratory-Disease-Classification/data/processed/audio/cycles/223/1b1_Pr_006.wav,test
223,1b1,Pr,COPD,3,test,/Users/vs/Sem 5/Respiratory-Disease-Classification/data/processed/audio/cycles/223/1b1_Pr_007.wav,test
223,1b1,Pr,COPD,3,test,/Users/vs/Sem 5/Respiratory-Disease-Classification/data/processed/audio/cycles/223/1b1_Pr_008.wav,test
223,1b1,Pr,COPD,3,test,/Users/vs/Sem 5/Respiratory-Disease-Classification/data/processed/audio/cycles/223/1b1_Pr_009.wav,test
223,1b1,Pr,COPD,3,test,/Users/vs/Sem 5/Respiratory-Disease-Classification/data/processed/audio/cycles/223/1b1_Pr_010.wav,test
224,1b1,Tc,Healthy,4,test,/Users/vs/Sem 5/Respiratory-Disease-Classification/data/processed/audio/cycles/224/1b1_Tc_001.wav,validation
224,1b1,Tc,Healthy,4,test,/Users/vs/Sem 5/Respiratory-Disease-Classification/data/processed/audio/cycles/224/1b1_Tc_002.wav,validation
224,1b1,Tc,Healthy,4,test,/Users/vs/Sem 5/Respiratory-Disease-Classification/data/processed/audio/cycles/224/1b1_Tc_003.wav,validation
224,1b1,Tc,Healthy,4,test,/Users/vs/Sem 5/Respiratory-Disease-Classification/data/processed/audio/cycles/224/1b1_Tc_004.wav,validation
224,1b1,Tc,Healthy,4,test,/Users/vs/Sem 5/Respiratory-Disease-Classification/data/processed/audio/cycles/224/1b1_Tc_005.wav,validation
224,1b1,Tc,Healthy,4,test,/Users/vs/Sem 5/Respiratory-Disease-Classification/data/processed/audio/cycles/224/1b1_Tc_006.wav,validation
224,1b1,Tc,Healthy,4,test,/Users/vs/Sem 5/Respiratory-Disease-Classification/data/processed/audio/cycles/224/1b1_Tc_007.wav,validation
224,1b2,Al,Healthy,4,test,/Users/vs/Sem 5/Respiratory-Disease-Classification/data/processed/audio/cycles/224/1b2_Al_001.wav,validation
224,1b2,Al,Healthy,4,test,/Users/vs/Sem 5/Respiratory-Disease-Classification/data/processed/audio/cycles/224/1b2_Al_002.wav,validation
224,1b2,Al,Healthy,4,test,/Users/vs/Sem 5/Respiratory-Disease-Classification/data/processed/audio/cycles/224/1b2_Al_003.wav,validation
224,1b2,Al,Healthy,4,test,/Users/vs/Sem 5/Respiratory-Disease-Classification/data/processed/audio/cycles/224/1b2_Al_004.wav,validation
224,1b2,Al,Healthy,4,test,/Users/vs/Sem 5/Respiratory-Disease-Classification/data/processed/audio/cycles/224/1b2_Al_005.wav,validation
224,1b2,Al,Healthy,4,test,/Users/vs/Sem 5/Respiratory-Disease-Classification/data/processed/audio/cycles/224/1b2_Al_006.wav,validation
224,1b2,Al,Healthy,4,test,/Users/vs/Sem 5/Respiratory-Disease-Classification/data/processed/audio/cycles/224/1b2_Al_007.wav,validation
225,1b1,Pl,Healthy,4,test,/Users/vs/Sem 5/Respiratory-Disease-Classification/data/processed/audio/cycles/225/1b1_Pl_001.wav,validation
225,1b1,Pl,Healthy,4,test,/Users/vs/Sem 5/Respiratory-Disease-Classification/data/processed/audio/cycles/225/1b1_Pl_002.wav,validation
225,1b1,Pl,Healthy,4,test,/Users/vs/Sem 5/Respiratory-Disease-Classification/data/processed/audio/cycles/225/1b1_Pl_003.wav,validation
225,1b1,Pl,Healthy,4,test,/Users/vs/Sem 5/Respiratory-Disease-Classification/data/processed/audio/cycles/225/1b1_Pl_004.wav,validation
225,1b1,Pl,Healthy,4,test,/Users/vs/Sem 5/Respiratory-Disease-Classification/data/processed/audio/cycles/225/1b1_Pl_005.wav,validation
225,1b1,Pl,Healthy,4,test,/Users/vs/Sem 5/Respiratory-Disease-Classification/data/processed/audio/cycles/225/1b1_Pl_006.wav,validation
225,1b1,Pl,Healthy,4,test,/Users/vs/Sem 5/Respiratory-Disease-Classification/data/processed/audio/cycles/225/1b1_Pl_007.wav,validation
225,1b1,Pl,Healthy,4,test,/Users/vs/Sem 5/Respiratory-Disease-Classification/data/processed/audio/cycles/225/1b1_Pl_008.wav,validation
225,1b1,Pl,Healthy,4,test,/Users/vs/Sem 5/Respiratory-Disease-Classification/data/processed/audio/cycles/225/1b1_Pl_009.wav,validation
225,1b1,Pl,Healthy,4,test,/Users/vs/Sem 5/Respiratory-Disease-Classification/data/processed/audio/cycles/225/1b1_Pl_010.wav,validation
225,1b1,Pl,Healthy,4,test,/Users/vs/Sem 5/Respiratory-Disease-Classification/data/processed/audio/cycles/225/1b1_Pl_011.wav,validation
225,1b1,Pl,Healthy,4,test,/Users/vs/Sem 5/Respiratory-Disease-Classification/data/processed/audio/cycles/225/1b1_Pl_012.wav,validation
225,1b1,Pl,Healthy,4,test,/Users/vs/Sem 5/Respiratory-Disease-Classification/data/processed/audio/cycles/225/1b1_Pl_013.wav,validation
225,1b1,Pl,Healthy,4,test,/Users/vs/Sem 5/Respiratory-Disease-Classification/data/processed/audio/cycles/225/1b1_Pl_014.wav,validation
226,1b1,Al,Pneumonia,6,train,/Users/vs/Sem 5/Respiratory-Disease-Classification/data/processed/audio/cycles/226/1b1_Al_001.wav,train
226,1b1,Al,Pneumonia,6,train,/Users/vs/Sem 5/Respiratory-Disease-Classification/data/processed/audio/cycles/226/1b1_Al_002.wav,train
226,1b1,Al,Pneumonia,6,train,/Users/vs/Sem 5/Respiratory-Disease-Classification/data/processed/audio/cycles/226/1b1_Al_003.wav,train
226,1b1,Al,Pneumonia,6,train,/Users/vs/Sem 5/Respiratory-Disease-Classification/data/processed/audio/cycles/226/1b1_Al_004.wav,train
226,1b1,Al,Pneumonia,6,train,/Users/vs/Sem 5/Respiratory-Disease-Classification/data/processed/audio/cycles/226/1b1_Al_005.wav,train
226,1b1,Al,Pneumonia,6,train,/Users/vs/Sem 5/Respiratory-Disease-Classification/data/processed/audio/cycles/226/1b1_Al_006.wav,train
226,1b1,Al,Pneumonia,6,train,/Users/vs/Sem 5/Respiratory-Disease-Classification/data/processed/audio/cycles/226/1b1_Al_007.wav,train
226,1b1,Al,Pneumonia,6,train,/Users/vs/Sem 5/Respiratory-Disease-Classification/data/processed/audio/cycles/226/1b1_Al_008.wav,train
226,1b1,Al,Pneumonia,6,train,/Users/vs/Sem 5/Respiratory-Disease-Classification/data/processed/audio/cycles/226/1b1_Al_009.wav,train
226,1b1,Al,Pneumonia,6,train,/Users/vs/Sem 5/Respiratory-Disease-Classification/data/processed/audio/cycles/226/1b1_Al_010.wav,train
226,1b1,Ll,Pneumonia,6,train,/Users/vs/Sem 5/Respiratory-Disease-Classification/data/processed/audio/cycles/226/1b1_Ll_001.wav,train
226,1b1,Ll,Pneumonia,6,train,/Users/vs/Sem 5/Respiratory-Disease-Classification/data/processed/audio/cycles/226/1b1_Ll_002.wav,train
226,1b1,Ll,Pneumonia,6,train,/Users/vs/Sem 5/Respiratory-Disease-Classification/data/processed/audio/cycles/226/1b1_Ll_003.wav,train
226,1b1,Ll,Pneumonia,6,train,/Users/vs/Sem 5/Respiratory-Disease-Classification/data/processed/audio/cycles/226/1b1_Ll_004.wav,train
226,1b1,Ll,Pneumonia,6,train,/Users/vs/Sem 5/Respiratory-Disease-Classification/data/processed/audio/cycles/226/1b1_Ll_005.wav,train
226,1b1,Ll,Pneumonia,6,train,/Users/vs/Sem 5/Respiratory-Disease-Classification/data/processed/audio/cycles/226/1b1_Ll_006.wav,train
226,1b1,Ll,Pneumonia,6,train,/Users/vs/Sem 5/Respiratory-Disease-Classification/data/processed/audio/cycles/226/1b1_Ll_007.wav,train
226,1b1,Ll,Pneumonia,6,train,/Users/vs/Sem 5/Respiratory-Disease-Classification/data/processed/audio/cycles/226/1b1_Ll_008.wav,train
226,1b1,Ll,Pneumonia,6,train,/Users/vs/Sem 5/Respiratory-Disease-Classification/data/processed/audio/cycles/226/1b1_Ll_009.wav,train
226,1b1,Ll,Pneumonia,6,train,/Users/vs/Sem 5/Respiratory-Disease-Classification/data/processed/audio/cycles/226/1b1_Ll_010.wav,train
226,1b1,Pl,Pneumonia,6,train,/Users/vs/Sem 5/Respiratory-Disease-Classification/data/processed/audio/cycles/226/1b1_Pl_001.wav,train
226,1b1,Pl,Pneumonia,6,train,/Users/vs/Sem 5/Respiratory-Disease-Classification/data/processed/audio/cycles/226/1b1_Pl_002.wav,train
226,1b1,Pl,Pneumonia,6,train,/Users/vs/Sem 5/Respiratory-Disease-Classification/data/processed/audio/cycles/226/1b1_Pl_003.wav,train
226,1b1,Pl,Pneumonia,6,train,/Users/vs/Sem 5/Respiratory-Disease-Classification/data/processed/audio/cycles/226/1b1_Pl_004.wav,train
226,1b1,Pl,Pneumonia,6,train,/Users/vs/Sem 5/Respiratory-Disease-Classification/data/processed/audio/cycles/226/1b1_Pl_005.wav,train
226,1b1,Pl,Pneumonia,6,train,/Users/vs/Sem 5/Respiratory-Disease-Classification/data/processed/audio/cycles/226/1b1_Pl_006.wav,train
226,1b1,Pl,Pneumonia,6,train,/Users/vs/Sem 5/Respiratory-Disease-Classification/data/processed/audio/cycles/226/1b1_Pl_007.wav,train
226,1b1,Pl,Pneumonia,6,train,/Users/vs/Sem 5/Respiratory-Disease-Classification/data/processed/audio/cycles/226/1b1_Pl_008.wav,train
226,1b1,Pl,Pneumonia,6,train,/Users/vs/Sem 5/Respiratory-Disease-Classification/data/processed/audio/cycles/226/1b1_Pl_009.wav,train
226,1b1,Pl,Pneumonia,6,train,/Users/vs/Sem 5/Respiratory-Disease-Classification/data/processed/audio/cycles/226/1b1_Pl_010.wav,train
226,1b1,Pl,Pneumonia,6,train,/Users/vs/Sem 5/Respiratory-Disease-Classification/data/processed/audio/cycles/226/1b1_Pl_011.wav,train
