patient_id,recording_id,chest_location,diagnosis,disease_label,official_split,audio_path
101,1b1,Al,URTI,7,test,/Users/vs/Sem 5/Respiratory-Disease-Classification/data/processed/audio/cycles/101/1b1_Al_001.wav
101,1b1,Al,URTI,7,test,/Users/vs/Sem 5/Respiratory-Disease-Classification/data/processed/audio/cycles/101/1b1_Al_002.wav
101,1b1,Al,URTI,7,test,/Users/vs/Sem 5/Respiratory-Disease-Classification/data/processed/audio/cycles/101/1b1_Al_003.wav
101,1b1,Al,URTI,7,test,/Users/vs/Sem 5/Respiratory-Disease-Classification/data/processed/audio/cycles/101/1b1_Al_004.wav
101,1b1,Al,URTI,7,test,/Users/vs/Sem 5/Respiratory-Disease-Classification/data/processed/audio/cycles/101/1b1_Al_005.wav
101,1b1,Al,URTI,7,test,/Users/vs/Sem 5/Respiratory-Disease-Classification/data/processed/audio/cycles/101/1b1_Al_006.wav
101,1b1,Al,URTI,7,test,/Users/vs/Sem 5/Respiratory-Disease-Classification/data/processed/audio/cycles/101/1b1_Al_007.wav
101,1b1,Al,URTI,7,test,/Users/vs/Sem 5/Respiratory-Disease-Classification/data/processed/audio/cycles/101/1b1_Al_008.wav
101,1b1,Al,URTI,7,test,/Users/vs/Sem 5/Respiratory-Disease-Classification/data/processed/audio/cycles/101/1b1_Al_009.wav
101,1b1,Al,URTI,7,test,/Users/vs/Sem 5/Respiratory-Disease-Classification/data/processed/audio/cycles/101/1b1_Al_010.wav
101,1b1,Al,URTI,7,test,/Users/vs/Sem 5/Respiratory-Disease-Classification/data/processed/audio/cycles/101/1b1_Al_011.wav
101,1b1,Al,URTI,7,test,/Users/vs/Sem 5/Respiratory-Disease-Classification/data/processed/audio/cycles/101/1b1_Al_012.wav
101,1b1,Pr,URTI,7,test,/Users/vs/Sem 5/Respiratory-Disease-Classification/data/processed/audio/cycles/101/1b1_Pr_001.wav
101,1b1,Pr,URTI,7,test,/Users/vs/Sem 5/Respiratory-Disease-Classification/data/processed/audio/cycles/101/1b1_Pr_002.wav
101,1b1,Pr,URTI,7,test,/Users/vs/Sem 5/Respiratory-Disease-Classification/data/processed/audio/cycles/101/1b1_Pr_003.wav
101,1b1,Pr,URTI,7,test,/Users/vs/Sem 5/Respiratory-Disease-Classification/data/processed/audio/cycles/101/1b1_Pr_004.wav
101,1b1,Pr,URTI,7,test,/Users/vs/Sem 5/Respiratory-Disease-Classification/data/processed/audio/cycles/101/1b1_Pr_005.wav
101,1b1,Pr,URTI,7,test,/Users/vs/Sem 5/Respiratory-Disease-Classification/data/processed/audio/cycles/101/1b1_Pr_006.wav
101,1b1,Pr,URTI,7,test,/Users/vs/Sem 5/Respiratory-Disease-Classification/data/processed/audio/cycles/101/1b1_Pr_007.wav
101,1b1,Pr,URTI,7,test,/Users/vs/Sem 5/Respiratory-Disease-Classification/data/processed/audio/cycles/101/1b1_Pr_008.wav
101,1b1,Pr,URTI,7,test,/Users/vs/Sem 5/Respiratory-Disease-Classification/data/processed/audio/cycles/101/1b1_Pr_009.wav
101,1b1,Pr,URTI,7,test,/Users/vs/Sem 5/Respiratory-Disease-Classification/data/processed/audio/cycles/101/1b1_Pr_010.wav
101,1b1,Pr,URTI,7,test,/Users/vs/Sem 5/Respiratory-Disease-Classification/data/processed/audio/cycles/101/1b1_Pr_011.wav
102,1b1,Ar,Healthy,4,test,/Users/vs/Sem 5/Respiratory-Disease-Classification/data/processed/audio/cycles/102/1b1_Ar_001.wav
102,1b1,Ar,Healthy,4,test,/Users/vs/Sem 5/Respiratory-Disease-Classification/data/processed/audio/cycles/102/1b1_Ar_002.wav
102,1b1,Ar,Healthy,4,test,/Users/vs/Sem 5/Respiratory-Disease-Classification/data/processed/audio/cycles/102/1b1_Ar_003.wav
102,1b1,Ar,Healthy,4,test,/Users/vs/Sem 5/Respiratory-Disease-Classification/data/processed/audio/cycles/102/1b1_Ar_004.wav
102,1b1,Ar,Healthy,4,test,/Users/vs/Sem 5/Respiratory-Disease-Classification/data/processed/audio/cycles/102/1b1_Ar_005.wav
102,1b1,Ar,Healthy,4,test,/Users/vs/Sem 5/Respiratory-Disease-Classification/data/processed/audio/cycles/102/1b1_Ar_006.wav
102,1b1,Ar,Healthy,4,test,/Users/vs/Sem 5/Respiratory-Disease-Classification/data/processed/audio/cycles/102/1b1_Ar_007.wav
102,1b1,Ar,Healthy,4,test,/Users/vs/Sem 5/Respiratory-Disease-Classification/data/processed/audio/cycles/102/1b1_Ar_008.wav
102,1b1,Ar,Healthy,4,test,/Users/vs/Sem 5/Respiratory-Disease-Classification/data/processed/audio/cycles/102/1b1_Ar_009.wav
102,1b1,Ar,Healthy,4,test,/Users/vs/Sem 5/Respiratory-Disease-Classification/data/processed/audio/cycles/102/1b1_Ar_010.wav
102,1b1,Ar,Healthy,4,test,/Users/vs/Sem 5/Respiratory-Disease-Classification/data/processed/audio/cycles/102/1b1_Ar_011.wav
102,1b1,Ar,Healthy,4,test,/Users/vs/Sem 5/Respiratory-Disease-Classification/data/processed/audio/cycles/102/1b1_Ar_012.wav
102,1b1,Ar,Healthy,4,test,/Users/vs/Sem 5/Respiratory-Disease-Classification/data/processed/audio/cycles/102/1b1_Ar_013.wav
103,2b2,Ar,Asthma,0,train,/Users/vs/Sem 5/Respiratory-Disease-Classification/data/processed/audio/cycles/103/2b2_Ar_001.wav
103,2b2,Ar,Asthma,0,train,/Users/vs/Sem 5/Respiratory-Disease-Classification/data/processed/audio/cycles/103/2b2_Ar_002.wav
103,2b2,Ar,Asthma,0,train,/Users/vs/Sem 5/Respiratory-Disease-Classification/data/processed/audio/cycles/103/2b2_Ar_003.wav
103,2b2,Ar,Asthma,0,train,/Users/vs/Sem 5/Respiratory-Disease-Classification/data/processed/audio/cycles/103/2b2_Ar_004.wav
103,2b2,Ar,Asthma,0,train,/Users/vs/Sem 5/Respiratory-Disease-Classification/data/processed/audio/cycles/103/2b2_Ar_005.wav
103,2b2,Ar,Asthma,0,train,/Users/vs/Sem 5/Respiratory-Disease-Classification/data/processed/audio/cycles/103/2b2_Ar_006.wav
104,1b1,Al,COPD,3,test,/Users/vs/Sem 5/Respiratory-Disease-Classification/data/processed/audio/cycles/104/1b1_Al_001.wav
104,1b1,Al,COPD,3,test,/Users/vs/Sem 5/Respiratory-Disease-Classification/data/processed/audio/cycles/104/1b1_Al_002.wav
104,1b1,Al,COPD,3,test,/Users/vs/Sem 5/Respiratory-Disease-Classification/data/processed/audio/cycles/104/1b1_Al_003.wav
104,1b1,Al,COPD,3,test,/Users/vs/Sem 5/Respiratory-Disease-Classification/data/processed/audio/cycles/104/1b1_Al_004.wav
104,1b1,Al,COPD,3,test,/Users/vs/Sem 5/Respiratory-Disease-Classification/data/processed/audio/cycles/104/1b1_Al_005.wav
104,1b1,Al,COPD,3,test,/Users/vs/Sem 5/Respiratory-Disease-Classification/data/processed/audio/cycles/104/1b1_Al_006.wav
104,1b1,Ar,COPD,3,test,/Users/vs/Sem 5/Respiratory-Disease-Classification/data/processed/audio/cycles/104/1b1_Ar_001.wav
104,1b1,Ar,COPD,3,test,/Users/vs/Sem 5/Respiratory-Disease-Classification/data/processed/audio/cycles/104/1b1_Ar_002.wav
104,1b1,Ar,COPD,3,test,/Users/vs/Sem 5/Respiratory-Disease-Classification/data/processed/audio/cycles/104/1b1_Ar_003.wav
104,1b1,Ar,COPD,3,test,/Users/vs/Sem 5/Respiratory-Disease-Classification/data/processed/audio/cycles/104/1b1_Ar_004.wav
104,1b1,Ar,COPD,3,test,/Users/vs/Sem 5/Respiratory-Disease-Classification/data/processed/audio/cycles/104/1b1_Ar_005.wav
104,1b1,Ar,COPD,3,test,/Users/vs/Sem 5/Respiratory-Disease-Classification/data/processed/audio/cycles/104/1b1_Ar_006.wav
104,1b1,Ar,COPD,3,test,/Users/vs/Sem 5/Respiratory-Disease-Classification/data/processed/audio/cycles/104/1b1_Ar_007.wav
104,1b1,Ar,COPD,3,test,/Users/vs/Sem 5/Respiratory-Disease-Classification/data/processed/audio/cycles/104/1b1_Ar_008.wav
104,1b1,Ar,COPD,3,test,/Users/vs/Sem 5/Respiratory-Disease-Classification/data/processed/audio/cycles/104/1b1_Ar_009.wav
104,1b1,Ar,COPD,3,test,/Users/vs/Sem 5/Respiratory-Disease-Classification/data/processed/audio/cycles/104/1b1_Ar_010.wav
104,1b1,Ar,COPD,3,test,/Users/vs/Sem 5/Respiratory-Disease-Classification/data/processed/audio/cycles/104/1b1_Ar_011.wav
104,1b1,Ar,COPD,3,test,/Users/vs/Sem 5/Respiratory-Disease-Classification/data/processed/audio/cycles/104/1b1_Ar_012.wav
104,1b1,Ar,COPD,3,test,/Users/vs/Sem 5/Respiratory-Disease-Classification/data/processed/audio/cycles/104/1b1_Ar_013.wav
104,1b1,Ar,COPD,3,test,/Users/vs/Sem 5/Respiratory-Disease-Classification/data/processed/audio/cycles/104/1b1_Ar_014.wav
104,1b1,Ll,COPD,3,test,/Users/vs/Sem 5/Respiratory-Disease-Classification/data/processed/audio/cycles/104/1b1_Ll_001.wav
104,1b1,Ll,COPD,3,test,/Users/vs/Sem 5/Respiratory-Disease-Classification/data/processed/audio/cycles/104/1b1_Ll_002.wav
104,1b1,Ll,COPD,3,test,/Users/vs/Sem 5/Respiratory-Disease-Classification/data/processed/audio/cycles/104/1b1_Ll_003.wav
104,1b1,Ll,COPD,3,test,/Users/vs/Sem 5/Respiratory-Disease-Classification/data/processed/audio/cycles/104/1b1_Ll_004.wav
104,1b1,Ll,COPD,3,test,/Users/vs/Sem 5/Respiratory-Disease-Classification/data/processed/audio/cycles/104/1b1_Ll_005.wav
104,1b1,Ll,COPD,3,test,/Users/vs/Sem 5/Respiratory-Disease-Classification/data/processed/audio/cycles/104/1b1_Ll_006.wav
104,1b1,Ll,COPD,3,test,/Users/vs/Sem 5/Respiratory-Disease-Classification/data/processed/audio/cycles/104/1b1_Ll_007.wav
104,1b1,Lr,COPD,3,test,/Users/vs/Sem 5/Respiratory-Disease-Classification/data/processed/audio/cycles/104/1b1_Lr_001.wav
104,1b1,Lr,COPD,3,test,/Users/vs/Sem 5/Respiratory-Disease-Classification/data/processed/audio/cycles/104/1b1_Lr_002.wav
104,1b1,Lr,COPD,3,test,/Users/vs/Sem 5/Respiratory-Disease-Classification/data/processed/audio/cycles/104/1b1_Lr_003.wav
104,1b1,Lr,COPD,3,test,/Users/vs/Sem 5/Respiratory-Disease-Classification/data/processed/audio/cycles/104/1b1_Lr_004.wav
104,1b1,Lr,COPD,3,test,/Users/vs/Sem 5/Respiratory-Disease-Classification/data/processed/audio/cycles/104/1b1_Lr_005.wav
104,1b1,Pl,COPD,3,test,/Users/vs/Sem 5/Respiratory-Disease-Classification/data/processed/audio/cycles/104/1b1_Pl_001.wav
104,1b1,Pl,COPD,3,test,/Users/vs/Sem 5/Respiratory-Disease-Classification/data/processed/audio/cycles/104/1b1_Pl_002.wav
104,1b1,Pl,COPD,3,test,/Users/vs/Sem 5/Respiratory-Disease-Classification/data/processed/audio/cycles/104/1b1_Pl_003.wav
104,1b1,Pl,COPD,3,test,/Users/vs/Sem 5/Respiratory-Disease-Classification/data/processed/audio/cycles/104/1b1_Pl_004.wav
104,1b1,Pl,COPD,3,test,/Users/vs/Sem 5/Respiratory-Disease-Classification/data/processed/audio/cycles/104/1b1_Pl_005.wav
104,1b1,Pl,COPD,3,test,/Users/vs/Sem 5/Respiratory-Disease-Classification/data/processed/audio/cycles/104/1b1_Pl_006.wav
104,1b1,Pl,COPD,3,test,/Users/vs/Sem 5/Respiratory-Disease-Classification/data/processed/audio/cycles/104/1b1_Pl_007.wav
104,1b1,Pl,COPD,3,test,/Users/vs/Sem 5/Respiratory-Disease-Classification/data/processed/audio/cycles/104/1b1_Pl_008.wav
104,1b1,Pl,COPD,3,test,/Users/vs/Sem 5/Respiratory-Disease-Classification/data/processed/audio/cycles/104/1b1_Pl_009.wav
104,1b1,Pl,COPD,3,test,/Users/vs/Sem 5/Respiratory-Disease-Classification/data/processed/audio/cycles/104/1b1_Pl_010.wav
104,1b1,Pl,COPD,3,test,/Users/vs/Sem 5/Respiratory-Disease-Classification/data/processed/audio/cycles/104/1b1_Pl_011.wav
104,1b1,Pl,COPD,3,test,/Users/vs/Sem 5/Respiratory-Disease-Classification/data/processed/audio/cycles/104/1b1_Pl_012.wav
104,1b1,Pl,COPD,3,test,/Users/vs/Sem 5/Respiratory-Disease-Classification/data/processed/audio/cycles/104/1b1_Pl_013.wav
104,1b1,Pr,COPD,3,test,/Users/vs/Sem 5/Respiratory-Disease-Classification/data/processed/audio/cycles/104/1b1_Pr_001.wav
104,1b1,Pr,COPD,3,test,/Users/vs/Sem 5/Respiratory-Disease-Classification/data/processed/audio/cycles/104/1b1_Pr_002.wav
104,1b1,Pr,COPD,3,test,/Users/vs/Sem 5/Respiratory-Disease-Classification/data/processed/audio/cycles/104/1b1_Pr_003.wav
104,1b1,Pr,COPD,3,test,/Users/vs/Sem 5/Respiratory-Disease-Classification/data/processed/audio/cycles/104/1b1_Pr_004.wav
104,1b1,Pr,COPD,3,test,/Users/vs/Sem 5/Respiratory-Disease-Classification/data/processed/audio/cycles/104/1b1_Pr_005.wav
104,1b1,Pr,COPD,3,test,/Users/vs/Sem 5/Respiratory-Disease-Classification/data/processed/audio/cycles/104/1b1_Pr_006.wav
104,1b1,Pr,COPD,3,test,/Users/vs/Sem 5/Respiratory-Disease-Classification/data/processed/audio/cycles/104/1b1_Pr_007.wav
104,1b1,Pr,COPD,3,test,/Users/vs/Sem 5/Respiratory-Disease-Classification/data/processed/audio/cycles/104/1b1_Pr_008.wav
104,1b1,Pr,COPD,3,test,/Users/vs/Sem 5/Respiratory-Disease-Classification/data/processed/audio/cycles/104/1b1_Pr_009.wav
104,1b1,Pr,COPD,3,test,/Users/vs/Sem 5/Respiratory-Disease-Classification/data/processed/audio/cycles/104/1b1_Pr_010.wav
105,1b1,Tc,URTI,7,train,/Users/vs/Sem 5/Respiratory-Disease-Classification/data/processed/audio/cycles/105/1b1_Tc_001.wav
105,1b1,Tc,URTI,7,train,/Users/vs/Sem 5/Respiratory-Disease-Classification/data/processed/audio/cycles/105/1b1_Tc_002.wav
105,1b1,Tc,URTI,7,train,/Users/vs/Sem 5/Respiratory-Disease-Classification/data/processed/audio/cycles/105/1b1_Tc_003.wav
105,1b1,Tc,URTI,7,train,/Users/vs/Sem 5/Respiratory-Disease-Classification/data/processed/audio/cycles/105/1b1_Tc_004.wav
105,1b1,Tc,URTI,7,train,/Users/vs/Sem 5/Respiratory-Disease-Classification/data/processed/audio/cycles/105/1b1_Tc_005.wav
105,1b1,Tc,URTI,7,train,/Users/vs/Sem 5/Respiratory-Disease-Classification/data/processed/audio/cycles/105/1b1_Tc_006.wav
105,1b1,Tc,URTI,7,train,/Users/vs/Sem 5/Respiratory-Disease-Classification/data/processed/audio/cycles/105/1b1_Tc_007.wav
105,1b1,Tc,URTI,7,train,/Users/vs/Sem 5/Respiratory-Disease-Classification/data/processed/audio/cycles/105/1b1_Tc_008.wav
106,2b1,Pl,COPD,3,train,/Users/vs/Sem 5/Respiratory-Disease-Classification/data/processed/audio/cycles/106/2b1_Pl_001.wav
106,2b1,Pl,COPD,3,train,/Users/vs/Sem 5/Respiratory-Disease-Classification/data/processed/audio/cycles/106/2b1_Pl_002.wav
106,2b1,Pl,COPD,3,train,/Users/vs/Sem 5/Respiratory-Disease-Classification/data/processed/audio/cycles/106/2b1_Pl_003.wav
106,2b1,Pl,COPD,3,train,/Users/vs/Sem 5/Respiratory-Disease-Classification/data/processed/audio/cycles/106/2b1_Pl_004.wav
106,2b1,Pl,COPD,3,train,/Users/vs/Sem 5/Respiratory-Disease-Classification/data/processed/audio/cycles/106/2b1_Pl_005.wav
106,2b1,Pl,COPD,3,train,/Users/vs/Sem 5/Respiratory-Disease-Classification/data/processed/audio/cycles/106/2b1_Pl_006.wav
106,2b1,Pl,COPD,3,train,/Users/vs/Sem 5/Respiratory-Disease-Classification/data/processed/audio/cycles/106/2b1_Pl_007.wav
106,2b1,Pl,COPD,3,train,/Users/vs/Sem 5/Respiratory-Disease-Classification/data/processed/audio/cycles/106/2b1_Pl_008.wav
106,2b1,Pl,COPD,3,train,/Users/vs/Sem 5/Respiratory-Disease-Classification/data/processed/audio/cycles/106/2b1_Pl_009.wav
106,2b1,Pr,COPD,3,train,/Users/vs/Sem 5/Respiratory-Disease-Classification/data/processed/audio/cycles/106/2b1_Pr_001.wav
106,2b1,Pr,COPD,3,train,/Users/vs/Sem 5/Respiratory-Disease-Classification/data/processed/audio/cycles/106/2b1_Pr_002.wav
106,2b1,Pr,COPD,3,train,/Users/vs/Sem 5/Respiratory-Disease-Classification/data/processed/audio/cycles/106/2b1_Pr_003.wav
106,2b1,Pr,COPD,3,train,/Users/vs/Sem 5/Respiratory-Disease-Classification/data/processed/audio/cycles/106/2b1_Pr_004.wav
106,2b1,Pr,COPD,3,train,/Users/vs/Sem 5/Respiratory-Disease-Classification/data/processed/audio/cycles/106/2b1_Pr_005.wav
106,2b1,Pr,COPD,3,train,/Users/vs/Sem 5/Respiratory-Disease-Classification/data/processed/audio/cycles/106/2b1_Pr_006.wav
106,2b1,Pr,COPD,3,train,/Users/vs/Sem 5/Respiratory-Disease-Classification/data/processed/audio/cycles/106/2b1_Pr_007.wav
106,2b1,Pr,COPD,3,train,/Users/vs/Sem 5/Respiratory-Disease-Classification/data/processed/audio/cycles/106/2b1_Pr_008.wav
106,2b1,Pr,COPD,3,train,/Users/vs/Sem 5/Respiratory-Disease-Classification/data/processed/audio/cycles/106/2b1_Pr_009.wav
107,2b3,Al,COPD,3,train,/Users/vs/Sem 5/Respiratory-Disease-Classification/data/processed/audio/cycles/107/2b3_Al_001.wav
107,2b3,Al,COPD,3,train,/Users/vs/Sem 5/Respiratory-Disease-Classification/data/processed/audio/cycles/107/2b3_Al_002.wav
107,2b3,Al,COPD,3,train,/Users/vs/Sem 5/Respiratory-Disease-Classification/data/processed/audio/cycles/107/2b3_Al_003.wav
107,2b3,Al,COPD,3,train,/Users/vs/Sem 5/Respiratory-Disease-Classification/data/processed/audio/cycles/107/2b3_Al_004.wav
107,2b3,Al,COPD,3,train,/Users/vs/Sem 5/Respiratory-Disease-Classification/data/processed/audio/cycles/107/2b3_Al_005.wav
107,2b3,Al,COPD,3,train,/Users/vs/Sem 5/Respiratory-Disease-Classification/data/processed/audio/cycles/107/2b3_Al_006.wav
107,2b3,Al,COPD,3,train,/Users/vs/Sem 5/Respiratory-Disease-Classification/data/processed/audio/cycles/107/2b3_Al_007.wav
107,2b3,Al,COPD,3,train,/Users/vs/Sem 5/Respiratory-Disease-Classification/data/processed/audio/cycles/107/2b3_Al_008.wav
107,2b3,Ar,COPD,3,train,/Users/vs/Sem 5/Respiratory-Disease-Classification/data/processed/audio/cycles/107/2b3_Ar_001.wav
107,2b3,Ar,COPD,3,train,/Users/vs/Sem 5/Respiratory-Disease-Classification/data/processed/audio/cycles/107/2b3_Ar_002.wav
107,2b3,Ar,COPD,3,train,/Users/vs/Sem 5/Respiratory-Disease-Classification/data/processed/audio/cycles/107/2b3_Ar_003.wav
107,2b3,Ar,COPD,3,train,/Users/vs/Sem 5/Respiratory-Disease-Classification/data/processed/audio/cycles/107/2b3_Ar_004.wav
107,2b3,Ar,COPD,3,train,/Users/vs/Sem 5/Respiratory-Disease-Classification/data/processed/audio/cycles/107/2b3_Ar_005.wav
107,2b3,Ar,COPD,3,train,/Users/vs/Sem 5/Respiratory-Disease-Classification/data/processed/audio/cycles/107/2b3_Ar_006.wav
107,2b3,Ar,COPD,3,train,/Users/vs/Sem 5/Respiratory-Disease-Classification/data/processed/audio/cycles/107/2b3_Ar_007.wav
107,2b3,Ar,COPD,3,train,/Users/vs/Sem 5/Respiratory-Disease-Classification/data/processed/audio/cycles/107/2b3_Ar_008.wav
107,2b3,Ll,COPD,3,train,/Users/vs/Sem 5/Respiratory-Disease-Classification/data/processed/audio/cycles/107/2b3_Ll_001.wav
107,2b3,Ll,COPD,3,train,/Users/vs/Sem 5/Respiratory-Disease-Classification/data/processed/audio/cycles/107/2b3_Ll_002.wav
107,2b3,Ll,COPD,3,train,/Users/vs/Sem 5/Respiratory-Disease-Classification/data/processed/audio/cycles/107/2b3_Ll_003.wav
107,2b3,Ll,COPD,3,train,/Users/vs/Sem 5/Respiratory-Disease-Classification/data/processed/audio/cycles/107/2b3_Ll_004.wav
107,2b3,Ll,COPD,3,train,/Users/vs/Sem 5/Respiratory-Disease-Classification/data/processed/audio/cycles/107/2b3_Ll_005.wav
107,2b3,Ll,COPD,3,train,/Users/vs/Sem 5/Respiratory-Disease-Classification/data/processed/audio/cycles/107/2b3_Ll_006.wav
107,2b3,Ll,COPD,3,train,/Users/vs/Sem 5/Respiratory-Disease-Classification/data/processed/audio/cycles/107/2b3_Ll_007.wav
107,2b3,Ll,COPD,3,train,/Users/vs/Sem 5/Respiratory-Disease-Classification/data/processed/audio/cycles/107/2b3_Ll_008.wav
107,2b3,Lr,COPD,3,train,/Users/vs/Sem 5/Respiratory-Disease-Classification/data/processed/audio/cycles/107/2b3_Lr_001.wav
107,2b3,Lr,COPD,3,train,/Users/vs/Sem 5/Respiratory-Disease-Classification/data/processed/audio/cycles/107/2b3_Lr_002.wav
107,2b3,Lr,COPD,3,train,/Users/vs/Sem 5/Respiratory-Disease-Classification/data/processed/audio/cycles/107/2b3_Lr_003.wav
107,2b3,Lr,COPD,3,train,/Users/vs/Sem 5/Respiratory-Disease-Classification/data/processed/audio/cycles/107/2b3_Lr_004.wav
107,2b3,Lr,COPD,3,train,/Users/vs/Sem 5/Respiratory-Disease-Classification/data/processed/audio/cycles/107/2b3_Lr_005.wav
107,2b3,Lr,COPD,3,train,/Users/vs/Sem 5/Respiratory-Disease-Classification/data/processed/audio/cycles/107/2b3_Lr_006.wav
107,2b3,Lr,COPD,3,train,/Users/vs/Sem 5/Respiratory-Disease-Classification/data/processed/audio/cycles/107/2b3_Lr_007.wav
107,2b3,Lr,COPD,3,train,/Users/vs/Sem 5/Respiratory-Disease-Classification/data/processed/audio/cycles/107/2b3_Lr_008.wav
107,2b3,Pl,COPD,3,train,/Users/vs/Sem 5/Respiratory-Disease-Classification/data/processed/audio/cycles/107/2b3_Pl_001.wav
107,2b3,Pl,COPD,3,train,/Users/vs/Sem 5/Respiratory-Disease-Classification/data/processed/audio/cycles/107/2b3_Pl_002.wav
107,2b3,Pl,COPD,3,train,/Users/vs/Sem 5/Respiratory-Disease-Classification/data/processed/audio/cycles/107/2b3_Pl_003.wav
107,2b3,Pl,COPD,3,train,/Users/vs/Sem 5/Respiratory-Disease-Classification/data/processed/audio/cycles/107/2b3_Pl_004.wav
107,2b3,Pl,COPD,3,train,/Users/vs/Sem 5/Respiratory-Disease-Classification/data/processed/audio/cycles/107/2b3_Pl_005.wav
107,2b3,Pl,COPD,3,train,/Users/vs/Sem 5/Respiratory-Disease-Classification/data/processed/audio/cycles/107/2b3_Pl_006.wav
107,2b3,Pl,COPD,3,train,/Users/vs/Sem 5/Respiratory-Disease-Classification/data/processed/audio/cycles/107/2b3_Pl_007.wav
107,2b3,Pl,COPD,3,train,/Users/vs/Sem 5/Respiratory-Disease-Classification/data/processed/audio/cycles/107/2b3_Pl_008.wav
107,2b3,Pr,COPD,3,train,/Users/vs/Sem 5/Respiratory-Disease-Classification/data/processed/audio/cycles/107/2b3_Pr_001.wav
107,2b3,Pr,COPD,3,train,/Users/vs/Sem 5/Respiratory-Disease-Classification/data/processed/audio/cycles/107/2b3_Pr_002.wav
107,2b3,Pr,COPD,3,train,/Users/vs/Sem 5/Respiratory-Disease-Classification/data/processed/audio/cycles/107/2b3_Pr_003.wav
107,2b3,Pr,COPD,3,train,/Users/vs/Sem 5/Respiratory-Disease-Classification/data/processed/audio/cycles/107/2b3_Pr_004.wav
107,2b3,Pr,COPD,3,train,/Users/vs/Sem 5/Respiratory-Disease-Classification/data/processed/audio/cycles/107/2b3_Pr_005.wav
107,2b3,Pr,COPD,3,train,/Users/vs/Sem 5/Respiratory-Disease-Classification/data/processed/audio/cycles/107/2b3_Pr_006.wav
107,2b3,Pr,COPD,3,train,/Users/vs/Sem 5/Respiratory-Disease-Classification/data/processed/audio/cycles/107/2b3_Pr_007.wav
107,2b3,Pr,COPD,3,train,/Users/vs/Sem 5/Respiratory-Disease-Classification/data/processed/audio/cycles/107/2b3_Pr_008.wav
107,2b3,Tc,COPD,3,train,/Users/vs/Sem 5/Respiratory-Disease-Classification/data/processed/audio/cycles/107/2b3_Tc_001.wav
107,2b3,Tc,COPD,3,train,/Users/vs/Sem 5/Respiratory-Disease-Classification/data/processed/audio/cycles/107/2b3_Tc_002.wav
107,2b3,Tc,COPD,3,train,/Users/vs/Sem 5/Respiratory-Disease-Classification/data/processed/audio/cycles/107/2b3_Tc_003.wav
107,2b3,Tc,COPD,3,train,/Users/vs/Sem 5/Respiratory-Disease-Classification/data/processed/audio/cycles/107/2b3_Tc_004.wav
107,2b3,Tc,COPD,3,train,/Users/vs/Sem 5/Respiratory-Disease-Classification/data/processed/audio/cycles/107/2b3_Tc_005.wav
107,2b3,Tc,COPD,3,train,/Users/vs/Sem 5/Respiratory-Disease-Classification/data/processed/audio/cycles/107/2b3_Tc_006.wav
107,2b3,Tc,COPD,3,train,/Users/vs/Sem 5/Respiratory-Disease-Classification/data/processed/audio/cycles/107/2b3_Tc_007.wav
107,2b3,Tc,COPD,3,train,/Users/vs/Sem 5/Respiratory-Disease-Classification/data/processed/audio/cycles/107/2b3_Tc_008.wav
107,2b4,Al,COPD,3,train,/Users/vs/Sem 5/Respiratory-Disease-Classification/data/processed/audio/cycles/107/2b4_Al_001.wav
107,2b4,Al,COPD,3,train,/Users/vs/Sem 5/Respiratory-Disease-Classification/data/processed/audio/cycles/107/2b4_Al_002.wav
107,2b4,Al,COPD,3,train,/Users/vs/Sem 5/Respiratory-Disease-Classification/data/processed/audio/cycles/107/2b4_Al_003.wav
107,2b4,Al,COPD,3,train,/Users/vs/Sem 5/Respiratory-Disease-Classification/data/processed/audio/cycles/107/2b4_Al_004.wav
107,2b4,Al,COPD,3,train,/Users/vs/Sem 5/Respiratory-Disease-Classification/data/processed/audio/cycles/107/2b4_Al_005.wav
107,2b4,Al,COPD,3,train,/Users/vs/Sem 5/Respiratory-Disease-Classification/data/processed/audio/cycles/107/2b4_Al_006.wav
107,2b4,Al,COPD,3,train,/Users/vs/Sem 5/Respiratory-Disease-Classification/data/processed/audio/cycles/107/2b4_Al_007.wav
107,2b4,Al,COPD,3,train,/Users/vs/Sem 5/Respiratory-Disease-Classification/data/processed/audio/cycles/107/2b4_Al_008.wav
107,2b4,Ar,COPD,3,train,/Users/vs/Sem 5/Respiratory-Disease-Classification/data/processed/audio/cycles/107/2b4_Ar_001.wav
107,2b4,Ar,COPD,3,train,/Users/vs/Sem 5/Respiratory-Disease-Classification/data/processed/audio/cycles/107/2b4_Ar_002.wav
107,2b4,Ar,COPD,3,train,/Users/vs/Sem 5/Respiratory-Disease-Classification/data/processed/audio/cycles/107/2b4_Ar_003.wav
107,2b4,Ar,COPD,3,train,/Users/vs/Sem 5/Respiratory-Disease-Classification/data/processed/audio/cycles/107/2b4_Ar_004.wav
107,2b4,Ar,COPD,3,train,/Users/vs/Sem 5/Respiratory-Disease-Classification/data/processed/audio/cycles/107/2b4_Ar_005.wav
107,2b4,Ar,COPD,3,train,/Users/vs/Sem 5/Respiratory-Disease-Classification/data/processed/audio/cycles/107/2b4_Ar_006.wav
107,2b4,Ar,COPD,3,train,/Users/vs/Sem 5/Respiratory-Disease-Classification/data/processed/audio/cycles/107/2b4_Ar_007.wav
107,2b4,Ar,COPD,3,train,/Users/vs/Sem 5/Respiratory-Disease-Classification/data/processed/audio/cycles/107/2b4_Ar_008.wav
107,2b4,Ll,COPD,3,train,/Users/vs/Sem 5/Respiratory-Disease-Classification/data/processed/audio/cycles/107/2b4_Ll_001.wav
107,2b4,Ll,COPD,3,train,/Users/vs/Sem 5/Respiratory-Disease-Classification/data/processed/audio/cycles/107/2b4_Ll_002.wav
107,2b4,Ll,COPD,3,train,/Users/vs/Sem 5/Respiratory-Disease-Classification/data/processed/audio/cycles/107/2b4_Ll_003.wav
107,2b4,Ll,COPD,3,train,/Users/vs/Sem 5/Respiratory-Disease-Classification/data/processed/audio/cycles/107/2b4_Ll_004.wav
107,2b4,Ll,COPD,3,train,/Users/vs/Sem 5/Respiratory-Disease-Classification/data/processed/audio/cycles/107/2b4_Ll_005.wav
107,2b4,Ll,COPD,3,train,/Users/vs/Sem 5/Respiratory-Disease-Classification/data/processed/audio/cycles/107/2b4_Ll_006.wav
107,2b4,Ll,COPD,3,train,/Users/vs/Sem 5/Respiratory-Disease-Classification/data/processed/audio/cycles/107/2b4_Ll_007.wav
107,2b4,Ll,COPD,3,train,/Users/vs/Sem 5/Respiratory-Disease-Classification/data/processed/audio/cycles/107/2b4_Ll_008.wav
107,2b4,Lr,COPD,3,train,/Users/vs/Sem 5/Respiratory-Disease-Classification/data/processed/audio/cycles/107/2b4_Lr_001.wav
107,2b4,Lr,COPD,3,train,/Users/vs/Sem 5/Respiratory-Disease-Classification/data/processed/audio/cycles/107/2b4_Lr_002.wav
107,2b4,Lr,COPD,3,train,/Users/vs/Sem 5/Respiratory-Disease-Classification/data/processed/audio/cycles/107/2b4_Lr_003.wav
107,2b4,Lr,COPD,3,train,/Users/vs/Sem 5/Respiratory-Disease-Classification/data/processed/audio/cycles/107/2b4_Lr_004.wav
107,2b4,Lr,COPD,3,train,/Users/vs/Sem 5/Respiratory-Disease-Classification/data/processed/audio/cycles/107/2b4_Lr_005.wav
107,2b4,Lr,COPD,3,train,/Users/vs/Sem 5/Respiratory-Disease-Classification/data/processed/audio/cycles/107/2b4_Lr_006.wav
107,2b4,Lr,COPD,3,train,/Users/vs/Sem 5/Respiratory-Disease-Classification/data/processed/audio/cycles/107/2b4_Lr_007.wav
107,2b4,Lr,COPD,3,train,/Users/vs/Sem 5/Respiratory-Disease-Classification/data/processed/audio/cycles/107/2b4_Lr_008.wav
107,2b4,Pl,COPD,3,train,/Users/vs/Sem 5/Respiratory-Disease-Classification/data/processed/audio/cycles/107/2b4_Pl_001.wav
107,2b4,Pl,COPD,3,train,/Users/vs/Sem 5/Respiratory-Disease-Classification/data/processed/audio/cycles/107/2b4_Pl_002.wav
107,2b4,Pl,COPD,3,train,/Users/vs/Sem 5/Respiratory-Disease-Classification/data/processed/audio/cycles/107/2b4_Pl_003.wav
107,2b4,Pl,COPD,3,train,/Users/vs/Sem 5/Respiratory-Disease-Classification/data/processed/audio/cycles/107/2b4_Pl_004.wav
107,2b4,Pl,COPD,3,train,/Users/vs/Sem 5/Respiratory-Disease-Classification/data/processed/audio/cycles/107/2b4_Pl_005.wav
107,2b4,Pl,COPD,3,train,/Users/vs/Sem 5/Respiratory-Disease-Classification/data/processed/audio/cycles/107/2b4_Pl_006.wav
107,2b4,Pl,COPD,3,train,/Users/vs/Sem 5/Respiratory-Disease-Classification/data/processed/audio/cycles/107/2b4_Pl_007.wav
107,2b4,Pl,COPD,3,train,/Users/vs/Sem 5/Respiratory-Disease-Classification/data/processed/audio/cycles/107/2b4_Pl_008.wav
107,2b4,Pr,COPD,3,train,/Users/vs/Sem 5/Respiratory-Disease-Classification/data/processed/audio/cycles/107/2b4_Pr_001.wav
107,2b4,Pr,COPD,3,train,/Users/vs/Sem 5/Respiratory-Disease-Classification/data/processed/audio/cycles/107/2b4_Pr_002.wav
107,2b4,Pr,COPD,3,train,/Users/vs/Sem 5/Respiratory-Disease-Classification/data/processed/audio/cycles/107/2b4_Pr_003.wav
107,2b4,Pr,COPD,3,train,/Users/vs/Sem 5/Respiratory-Disease-Classification/data/processed/audio/cycles/107/2b4_Pr_004.wav
107,2b4,Pr,COPD,3,train,/Users/vs/Sem 5/Respiratory-Disease-Classification/data/processed/audio/cycles/107/2b4_Pr_005.wav
107,2b4,Pr,COPD,3,train,/Users/vs/Sem 5/Respiratory-Disease-Classification/data/processed/audio/cycles/107/2b4_Pr_006.wav
107,2b4,Pr,COPD,3,train,/Users/vs/Sem 5/Respiratory-Disease-Classification/data/processed/audio/cycles/107/2b4_Pr_007.wav
107,2b4,Pr,COPD,3,train,/Users/vs/Sem 5/Respiratory-Disease-Classification/data/processed/audio/cycles/107/2b4_Pr_008.wav
107,2b4,Tc,COPD,3,train,/Users/vs/Sem 5/Respiratory-Disease-Classification/data/processed/audio/cycles/107/2b4_Tc_001.wav
107,2b4,Tc,COPD,3,train,/Users/vs/Sem 5/Respiratory-Disease-Classification/data/processed/audio/cycles/107/2b4_Tc_002.wav
107,2b4,Tc,COPD,3,train,/Users/vs/Sem 5/Respiratory-Disease-Classification/data/processed/audio/cycles/107/2b4_Tc_003.wav
107,2b4,Tc,COPD,3,train,/Users/vs/Sem 5/Respiratory-Disease-Classification/data/processed/audio/cycles/107/2b4_Tc_004.wav
107,2b4,Tc,COPD,3,train,/Users/vs/Sem 5/Respiratory-Disease-Classification/data/processed/audio/cycles/107/2b4_Tc_005.wav
107,2b4,Tc,COPD,3,train,/Users/vs/Sem 5/Respiratory-Disease-Classification/data/processed/audio/cycles/107/2b4_Tc_006.wav
107,2b4,Tc,COPD,3,train,/Users/vs/Sem 5/Respiratory-Disease-Classification/data/processed/audio/cycles/107/2b4_Tc_007.wav
107,2b4,Tc,COPD,3,train,/Users/vs/Sem 5/Respiratory-Disease-Classification/data/processed/audio/cycles/107/2b4_Tc_008.wav
107,2b5,Al,COPD,3,train,/Users/vs/Sem 5/Respiratory-Disease-Classification/data/processed/audio/cycles/107/2b5_Al_001.wav
107,2b5,Al,COPD,3,train,/Users/vs/Sem 5/Respiratory-Disease-Classification/data/processed/audio/cycles/107/2b5_Al_002.wav
107,2b5,Al,COPD,3,train,/Users/vs/Sem 5/Respiratory-Disease-Classification/data/processed/audio/cycles/107/2b5_Al_003.wav
107,2b5,Al,COPD,3,train,/Users/vs/Sem 5/Respiratory-Disease-Classification/data/processed/audio/cycles/107/2b5_Al_004.wav
107,2b5,Al,COPD,3,train,/Users/vs/Sem 5/Respiratory-Disease-Classification/data/processed/audio/cycles/107/2b5_Al_005.wav
107,2b5,Al,COPD,3,train,/Users/vs/Sem 5/Respiratory-Disease-Classification/data/processed/audio/cycles/107/2b5_Al_006.wav
107,2b5,Al,COPD,3,train,/Users/vs/Sem 5/Respiratory-Disease-Classification/data/processed/audio/cycles/107/2b5_Al_007.wav
107,2b5,Al,COPD,3,train,/Users/vs/Sem 5/Respiratory-Disease-Classification/data/processed/audio/cycles/107/2b5_Al_008.wav
107,2b5,Ar,COPD,3,train,/Users/vs/Sem 5/Respiratory-Disease-Classification/data/processed/audio/cycles/107/2b5_Ar_001.wav
107,2b5,Ar,COPD,3,train,/Users/vs/Sem 5/Respiratory-Disease-Classification/data/processed/audio/cycles/107/2b5_Ar_002.wav
107,2b5,Ar,COPD,3,train,/Users/vs/Sem 5/Respiratory-Disease-Classification/data/processed/audio/cycles/107/2b5_Ar_003.wav
107,2b5,Ar,COPD,3,train,/Users/vs/Sem 5/Respiratory-Disease-Classification/data/processed/audio/cycles/107/2b5_Ar_004.wav
107,2b5,Ar,COPD,3,train,/Users/vs/Sem 5/Respiratory-Disease-Classification/data/processed/audio/cycles/107/2b5_Ar_005.wav
107,2b5,Ar,COPD,3,train,/Users/vs/Sem 5/Respiratory-Disease-Classification/data/processed/audio/cycles/107/2b5_Ar_006.wav
107,2b5,Ar,COPD,3,train,/Users/vs/Sem 5/Respiratory-Disease-Classification/data/processed/audio/cycles/107/2b5_Ar_007.wav
107,2b5,Ar,COPD,3,train,/Users/vs/Sem 5/Respiratory-Disease-Classification/data/processed/audio/cycles/107/2b5_Ar_008.wav
107,2b5,Ll,COPD,3,train,/Users/vs/Sem 5/Respiratory-Disease-Classification/data/processed/audio/cycles/107/2b5_Ll_001.wav
107,2b5,Ll,COPD,3,train,/Users/vs/Sem 5/Respiratory-Disease-Classification/data/processed/audio/cycles/107/2b5_Ll_002.wav
107,2b5,Ll,COPD,3,train,/Users/vs/Sem 5/Respiratory-Disease-Classification/data/processed/audio/cycles/107/2b5_Ll_003.wav
107,2b5,Ll,COPD,3,train,/Users/vs/Sem 5/Respiratory-Disease-Classification/data/processed/audio/cycles/107/2b5_Ll_004.wav
107,2b5,Ll,COPD,3,train,/Users/vs/Sem 5/Respiratory-Disease-Classification/data/processed/audio/cycles/107/2b5_Ll_005.wav
107,2b5,Ll,COPD,3,train,/Users/vs/Sem 5/Respiratory-Disease-Classification/data/processed/audio/cycles/107/2b5_Ll_006.wav
107,2b5,Ll,COPD,3,train,/Users/vs/Sem 5/Respiratory-Disease-Classification/data/processed/audio/cycles/107/2b5_Ll_007.wav
107,2b5,Ll,COPD,3,train,/Users/vs/Sem 5/Respiratory-Disease-Classification/data/processed/audio/cycles/107/2b5_Ll_008.wav
107,2b5,Lr,COPD,3,train,/Users/vs/Sem 5/Respiratory-Disease-Classification/data/processed/audio/cycles/107/2b5_Lr_001.wav
107,2b5,Lr,COPD,3,train,/Users/vs/Sem 5/Respiratory-Disease-Classification/data/processed/audio/cycles/107/2b5_Lr_002.wav
107,2b5,Lr,COPD,3,train,/Users/vs/Sem 5/Respiratory-Disease-Classification/data/processed/audio/cycles/107/2b5_Lr_003.wav
107,2b5,Lr,COPD,3,train,/Users/vs/Sem 5/Respiratory-Disease-Classification/data/processed/audio/cycles/107/2b5_Lr_004.wav
107,2b5,Lr,COPD,3,train,/Users/vs/Sem 5/Respiratory-Disease-Classification/data/processed/audio/cycles/107/2b5_Lr_005.wav
107,2b5,Lr,COPD,3,train,/Users/vs/Sem 5/Respiratory-Disease-Classification/data/processed/audio/cycles/107/2b5_Lr_006.wav
107,2b5,Lr,COPD,3,train,/Users/vs/Sem 5/Respiratory-Disease-Classification/data/processed/audio/cycles/107/2b5_Lr_007.wav
107,2b5,Lr,COPD,3,train,/Users/vs/Sem 5/Respiratory-Disease-Classification/data/processed/audio/cycles/107/2b5_Lr_008.wav
107,2b5,Pl,COPD,3,train,/Users/vs/Sem 5/Respiratory-Disease-Classification/data/processed/audio/cycles/107/2b5_Pl_001.wav
107,2b5,Pl,COPD,3,train,/Users/vs/Sem 5/Respiratory-Disease-Classification/data/processed/audio/cycles/107/2b5_Pl_002.wav
107,2b5,Pl,COPD,3,train,/Users/vs/Sem 5/Respiratory-Disease-Classification/data/processed/audio/cycles/107/2b5_Pl_003.wav
107,2b5,Pl,COPD,3,train,/Users/vs/Sem 5/Respiratory-Disease-Classification/data/processed/audio/cycles/107/2b5_Pl_004.wav
107,2b5,Pl,COPD,3,train,/Users/vs/Sem 5/Respiratory-Disease-Classification/data/processed/audio/cycles/107/2b5_Pl_005.wav
107,2b5,Pl,COPD,3,train,/Users/vs/Sem 5/Respiratory-Disease-Classification/data/processed/audio/cycles/107/2b5_Pl_006.wav
107,2b5,Pl,COPD,3,train,/Users/vs/Sem 5/Respiratory-Disease-Classification/data/processed/audio/cycles/107/2b5_Pl_007.wav
107,2b5,Pl,COPD,3,train,/Users/vs/Sem 5/Respiratory-Disease-Classification/data/processed/audio/cycles/107/2b5_Pl_008.wav
107,2b5,Pr,COPD,3,train,/Users/vs/Sem 5/Respiratory-Disease-Classification/data/processed/audio/cycles/107/2b5_Pr_001.wav
107,2b5,Pr,COPD,3,train,/Users/vs/Sem 5/Respiratory-Disease-Classification/data/processed/audio/cycles/107/2b5_Pr_002.wav
107,2b5,Pr,COPD,3,train,/Users/vs/Sem 5/Respiratory-Disease-Classification/data/processed/audio/cycles/107/2b5_Pr_003.wav
107,2b5,Pr,COPD,3,train,/Users/vs/Sem 5/Respiratory-Disease-Classification/data/processed/audio/cycles/107/2b5_Pr_004.wav
107,2b5,Pr,COPD,3,train,/Users/vs/Sem 5/Respiratory-Disease-Classification/data/processed/audio/cycles/107/2b5_Pr_005.wav
107,2b5,Pr,COPD,3,train,/Users/vs/Sem 5/Respiratory-Disease-Classification/data/processed/audio/cycles/107/2b5_Pr_006.wav
107,2b5,Pr,COPD,3,train,/Users/vs/Sem 5/Respiratory-Disease-Classification/data/processed/audio/cycles/107/2b5_Pr_007.wav
107,2b5,Pr,COPD,3,train,/Users/vs/Sem 5/Respiratory-Disease-Classification/data/processed/audio/cycles/107/2b5_Pr_008.wav
107,2b5,Tc,COPD,3,train,/Users/vs/Sem 5/Respiratory-Disease-Classification/data/processed/audio/cycles/107/2b5_Tc_001.wav
107,2b5,Tc,COPD,3,train,/Users/vs/Sem 5/Respiratory-Disease-Classification/data/processed/audio/cycles/107/2b5_Tc_002.wav
107,2b5,Tc,COPD,3,train,/Users/vs/Sem 5/Respiratory-Disease-Classification/data/processed/audio/cycles/107/2b5_Tc_003.wav
107,2b5,Tc,COPD,3,train,/Users/vs/Sem 5/Respiratory-Disease-Classification/data/processed/audio/cycles/107/2b5_Tc_004.wav
107,2b5,Tc,COPD,3,train,/Users/vs/Sem 5/Respiratory-Disease-Classification/data/processed/audio/cycles/107/2b5_Tc_005.wav
107,2b5,Tc,COPD,3,train,/Users/vs/Sem 5/Respiratory-Disease-Classification/data/processed/audio/cycles/107/2b5_Tc_006.wav
107,2b5,Tc,COPD,3,train,/Users/vs/Sem 5/Respiratory-Disease-Classification/data/processed/audio/cycles/107/2b5_Tc_007.wav
107,2b5,Tc,COPD,3,train,/Users/vs/Sem 5/Respiratory-Disease-Classification/data/processed/audio/cycles/107/2b5_Tc_008.wav
107,3p2,Al,COPD,3,train,/Users/vs/Sem 5/Respiratory-Disease-Classification/data/processed/audio/cycles/107/3p2_Al_001.wav
107,3p2,Al,COPD,3,train,/Users/vs/Sem 5/Respiratory-Disease-Classification/data/processed/audio/cycles/107/3p2_Al_002.wav
107,3p2,Al,COPD,3,train,/Users/vs/Sem 5/Respiratory-Disease-Classification/data/processed/audio/cycles/107/3p2_Al_003.wav
107,3p2,Al,COPD,3,train,/Users/vs/Sem 5/Respiratory-Disease-Classification/data/processed/audio/cycles/107/3p2_Al_004.wav
107,3p2,Al,COPD,3,train,/Users/vs/Sem 5/Respiratory-Disease-Classification/data/processed/audio/cycles/107/3p2_Al_005.wav
107,3p2,Al,COPD,3,train,/Users/vs/Sem 5/Respiratory-Disease-Classification/data/processed/audio/cycles/107/3p2_Al_006.wav
107,3p2,Al,COPD,3,train,/Users/vs/Sem 5/Respiratory-Disease-Classification/data/processed/audio/cycles/107/3p2_Al_007.wav
107,3p2,Al,COPD,3,train,/Users/vs/Sem 5/Respiratory-Disease-Classification/data/processed/audio/cycles/107/3p2_Al_008.wav
107,3p2,Al,COPD,3,train,/Users/vs/Sem 5/Respiratory-Disease-Classification/data/processed/audio/cycles/107/3p2_Al_009.wav
107,3p2,Ar,COPD,3,train,/Users/vs/Sem 5/Respiratory-Disease-Classification/data/processed/audio/cycles/107/3p2_Ar_001.wav
107,3p2,Ar,COPD,3,train,/Users/vs/Sem 5/Respiratory-Disease-Classification/data/processed/audio/cycles/107/3p2_Ar_002.wav
107,3p2,Ar,COPD,3,train,/Users/vs/Sem 5/Respiratory-Disease-Classification/data/processed/audio/cycles/107/3p2_Ar_003.wav
107,3p2,Ar,COPD,3,train,/Users/vs/Sem 5/Respiratory-Disease-Classification/data/processed/audio/cycles/107/3p2_Ar_004.wav
107,3p2,Ar,COPD,3,train,/Users/vs/Sem 5/Respiratory-Disease-Classification/data/processed/audio/cycles/107/3p2_Ar_005.wav
107,3p2,Ar,COPD,3,train,/Users/vs/Sem 5/Respiratory-Disease-Classification/data/processed/audio/cycles/107/3p2_Ar_006.wav
107,3p2,Ar,COPD,3,train,/Users/vs/Sem 5/Respiratory-Disease-Classification/data/processed/audio/cycles/107/3p2_Ar_007.wav
107,3p2,Ar,COPD,3,train,/Users/vs/Sem 5/Respiratory-Disease-Classification/data/processed/audio/cycles/107/3p2_Ar_008.wav
107,3p2,Ar,COPD,3,train,/Users/vs/Sem 5/Respiratory-Disease-Classification/data/processed/audio/cycles/107/3p2_Ar_009.wav
107,3p2,Ll,COPD,3,train,/Users/vs/Sem 5/Respiratory-Disease-Classification/data/processed/audio/cycles/107/3p2_Ll_001.wav
107,3p2,Ll,COPD,3,train,/Users/vs/Sem 5/Respiratory-Disease-Classification/data/processed/audio/cycles/107/3p2_Ll_002.wav
107,3p2,Ll,COPD,3,train,/Users/vs/Sem 5/Respiratory-Disease-Classification/data/processed/audio/cycles/107/3p2_Ll_003.wav
107,3p2,Ll,COPD,3,train,/Users/vs/Sem 5/Respiratory-Disease-Classification/data/processed/audio/cycles/107/3p2_Ll_004.wav
107,3p2,Ll,COPD,3,train,/Users/vs/Sem 5/Respiratory-Disease-Classification/data/processed/audio/cycles/107/3p2_Ll_005.wav
107,3p2,Ll,COPD,3,train,/Users/vs/Sem 5/Respiratory-Disease-Classification/data/processed/audio/cycles/107/3p2_Ll_006.wav
107,3p2,Ll,COPD,3,train,/Users/vs/Sem 5/Respiratory-Disease-Classification/data/processed/audio/cycles/107/3p2_Ll_007.wav
107,3p2,Ll,COPD,3,train,/Users/vs/Sem 5/Respiratory-Disease-Classification/data/processed/audio/cycles/107/3p2_Ll_008.wav
107,3p2,Ll,COPD,3,train,/Users/vs/Sem 5/Respiratory-Disease-Classification/data/processed/audio/cycles/107/3p2_Ll_009.wav
107,3p2,Lr,COPD,3,train,/Users/vs/Sem 5/Respiratory-Disease-Classification/data/processed/audio/cycles/107/3p2_Lr_001.wav
107,3p2,Lr,COPD,3,train,/Users/vs/Sem 5/Respiratory-Disease-Classification/data/processed/audio/cycles/107/3p2_Lr_002.wav
107,3p2,Lr,COPD,3,train,/Users/vs/Sem 5/Respiratory-Disease-Classification/data/processed/audio/cycles/107/3p2_Lr_003.wav
107,3p2,Lr,COPD,3,train,/Users/vs/Sem 5/Respiratory-Disease-Classification/data/processed/audio/cycles/107/3p2_Lr_004.wav
107,3p2,Lr,COPD,3,train,/Users/vs/Sem 5/Respiratory-Disease-Classification/data/processed/audio/cycles/107/3p2_Lr_005.wav
107,3p2,Lr,COPD,3,train,/Users/vs/Sem 5/Respiratory-Disease-Classification/data/processed/audio/cycles/107/3p2_Lr_006.wav
107,3p2,Lr,COPD,3,train,/Users/vs/Sem 5/Respiratory-Disease-Classification/data/processed/audio/cycles/107/3p2_Lr_007.wav
107,3p2,Lr,COPD,3,train,/Users/vs/Sem 5/Respiratory-Disease-Classification/data/processed/audio/cycles/107/3p2_Lr_008.wav
107,3p2,Lr,COPD,3,train,/Users/vs/Sem 5/Respiratory-Disease-Classification/data/processed/audio/cycles/107/3p2_Lr_009.wav
107,3p2,Pl,COPD,3,train,/Users/vs/Sem 5/Respiratory-Disease-Classification/data/processed/audio/cycles/107/3p2_Pl_001.wav
107,3p2,Pl,COPD,3,train,/Users/vs/Sem 5/Respiratory-Disease-Classification/data/processed/audio/cycles/107/3p2_Pl_002.wav
107,3p2,Pl,COPD,3,train,/Users/vs/Sem 5/Respiratory-Disease-Classification/data/processed/audio/cycles/107/3p2_Pl_003.wav
107,3p2,Pl,COPD,3,train,/Users/vs/Sem 5/Respiratory-Disease-Classification/data/processed/audio/cycles/107/3p2_Pl_004.wav
107,3p2,Pl,COPD,3,train,/Users/vs/Sem 5/Respiratory-Disease-Classification/data/processed/audio/cycles/107/3p2_Pl_005.wav
107,3p2,Pl,COPD,3,train,/Users/vs/Sem 5/Respiratory-Disease-Classification/data/processed/audio/cycles/107/3p2_Pl_006.wav
107,3p2,Pl,COPD,3,train,/Users/vs/Sem 5/Respiratory-Disease-Classification/data/processed/audio/cycles/107/3p2_Pl_007.wav
107,3p2,Pl,COPD,3,train,/Users/vs/Sem 5/Respiratory-Disease-Classification/data/processed/audio/cycles/107/3p2_Pl_008.wav
107,3p2,Pl,COPD,3,train,/Users/vs/Sem 5/Respiratory-Disease-Classification/data/processed/audio/cycles/107/3p2_Pl_009.wav
107,3p2,Pr,COPD,3,train,/Users/vs/Sem 5/Respiratory-Disease-Classification/data/processed/audio/cycles/107/3p2_Pr_001.wav
107,3p2,Pr,COPD,3,train,/Users/vs/Sem 5/Respiratory-Disease-Classification/data/processed/audio/cycles/107/3p2_Pr_002.wav
107,3p2,Pr,COPD,3,train,/Users/vs/Sem 5/Respiratory-Disease-Classification/data/processed/audio/cycles/107/3p2_Pr_003.wav
107,3p2,Pr,COPD,3,train,/Users/vs/Sem 5/Respiratory-Disease-Classification/data/processed/audio/cycles/107/3p2_Pr_004.wav
107,3p2,Pr,COPD,3,train,/Users/vs/Sem 5/Respiratory-Disease-Classification/data/processed/audio/cycles/107/3p2_Pr_005.wav
107,3p2,Pr,COPD,3,train,/Users/vs/Sem 5/Respiratory-Disease-Classification/data/processed/audio/cycles/107/3p2_Pr_006.wav
107,3p2,Pr,COPD,3,train,/Users/vs/Sem 5/Respiratory-Disease-Classification/data/processed/audio/cycles/107/3p2_Pr_007.wav
107,3p2,Pr,COPD,3,train,/Users/vs/Sem 5/Respiratory-Disease-Classification/data/processed/audio/cycles/107/3p2_Pr_008.wav
107,3p2,Pr,COPD,3,train,/Users/vs/Sem 5/Respiratory-Disease-Classification/data/processed/audio/cycles/107/3p2_Pr_009.wav
107,3p2,Tc,COPD,3,train,/Users/vs/Sem 5/Respiratory-Disease-Classification/data/processed/audio/cycles/107/3p2_Tc_001.wav
107,3p2,Tc,COPD,3,train,/Users/vs/Sem 5/Respiratory-Disease-Classification/data/processed/audio/cycles/107/3p2_Tc_002.wav
107,3p2,Tc,COPD,3,train,/Users/vs/Sem 5/Respiratory-Disease-Classification/data/processed/audio/cycles/107/3p2_Tc_003.wav
107,3p2,Tc,COPD,3,train,/Users/vs/Sem 5/Respiratory-Disease-Classification/data/processed/audio/cycles/107/3p2_Tc_004.wav
107,3p2,Tc,COPD,3,train,/Users/vs/Sem 5/Respiratory-Disease-Classification/data/processed/audio/cycles/107/3p2_Tc_005.wav
107,3p2,Tc,COPD,3,train,/Users/vs/Sem 5/Respiratory-Disease-Classification/data/processed/audio/cycles/107/3p2_Tc_006.wav
107,3p2,Tc,COPD,3,train,/Users/vs/Sem 5/Respiratory-Disease-Classification/data/processed/audio/cycles/107/3p2_Tc_007.wav
107,3p2,Tc,COPD,3,train,/Users/vs/Sem 5/Respiratory-Disease-Classification/data/processed/audio/cycles/107/3p2_Tc_008.wav
107,3p2,Tc,COPD,3,train,/Users/vs/Sem 5/Respiratory-Disease-Classification/data/processed/audio/cycles/107/3p2_Tc_009.wav
108,1b1,Al,LRTI,5,train,/Users/vs/Sem 5/Respiratory-Disease-Classification/data/processed/audio/cycles/108/1b1_Al_001.wav
108,1b1,Al,LRTI,5,train,/Users/vs/Sem 5/Respiratory-Disease-Classification/data/processed/audio/cycles/108/1b1_Al_002.wav
108,1b1,Al,LRTI,5,train,/Users/vs/Sem 5/Respiratory-Disease-Classification/data/processed/audio/cycles/108/1b1_Al_003.wav
108,1b1,Al,LRTI,5,train,/Users/vs/Sem 5/Respiratory-Disease-Classification/data/processed/audio/cycles/108/1b1_Al_004.wav
108,1b1,Al,LRTI,5,train,/Users/vs/Sem 5/Respiratory-Disease-Classification/data/processed/audio/cycles/108/1b1_Al_005.wav
108,1b1,Al,LRTI,5,train,/Users/vs/Sem 5/Respiratory-Disease-Classification/data/processed/audio/cycles/108/1b1_Al_006.wav
108,1b1,Al,LRTI,5,train,/Users/vs/Sem 5/Respiratory-Disease-Classification/data/processed/audio/cycles/108/1b1_Al_007.wav
108,1b1,Al,LRTI,5,train,/Users/vs/Sem 5/Respiratory-Disease-Classification/data/processed/audio/cycles/108/1b1_Al_008.wav
109,1b1,Al,COPD,3,test,/Users/vs/Sem 5/Respiratory-Disease-Classification/data/processed/audio/cycles/109/1b1_Al_001.wav
109,1b1,Al,COPD,3,test,/Users/vs/Sem 5/Respiratory-Disease-Classification/data/processed/audio/cycles/109/1b1_Al_002.wav
109,1b1,Al,COPD,3,test,/Users/vs/Sem 5/Respiratory-Disease-Classification/data/processed/audio/cycles/109/1b1_Al_003.wav
109,1b1,Al,COPD,3,test,/Users/vs/Sem 5/Respiratory-Disease-Classification/data/processed/audio/cycles/109/1b1_Al_004.wav
109,1b1,Al,COPD,3,test,/Users/vs/Sem 5/Respiratory-Disease-Classification/data/processed/audio/cycles/109/1b1_Al_005.wav
109,1b1,Al,COPD,3,test,/Users/vs/Sem 5/Respiratory-Disease-Classification/data/processed/audio/cycles/109/1b1_Al_006.wav
109,1b1,Al,COPD,3,test,/Users/vs/Sem 5/Respiratory-Disease-Classification/data/processed/audio/cycles/109/1b1_Al_007.wav
109,1b1,Al,COPD,3,test,/Users/vs/Sem 5/Respiratory-Disease-Classification/data/processed/audio/cycles/109/1b1_Al_008.wav
109,1b1,Al,COPD,3,test,/Users/vs/Sem 5/Respiratory-Disease-Classification/data/processed/audio/cycles/109/1b1_Al_009.wav
109,1b1,Ar,COPD,3,test,/Users/vs/Sem 5/Respiratory-Disease-Classification/data/processed/audio/cycles/109/1b1_Ar_001.wav
109,1b1,Ar,COPD,3,test,/Users/vs/Sem 5/Respiratory-Disease-Classification/data/processed/audio/cycles/109/1b1_Ar_002.wav
109,1b1,Ar,COPD,3,test,/Users/vs/Sem 5/Respiratory-Disease-Classification/data/processed/audio/cycles/109/1b1_Ar_003.wav
109,1b1,Ar,COPD,3,test,/Users/vs/Sem 5/Respiratory-Disease-Classification/data/processed/audio/cycles/109/1b1_Ar_004.wav
109,1b1,Ar,COPD,3,test,/Users/vs/Sem 5/Respiratory-Disease-Classification/data/processed/audio/cycles/109/1b1_Ar_005.wav
109,1b1,Ar,COPD,3,test,/Users/vs/Sem 5/Respiratory-Disease-Classification/data/processed/audio/cycles/109/1b1_Ar_006.wav
109,1b1,Ar,COPD,3,test,/Users/vs/Sem 5/Respiratory-Disease-Classification/data/processed/audio/cycles/109/1b1_Ar_007.wav
109,1b1,Ar,COPD,3,test,/Users/vs/Sem 5/Respiratory-Disease-Classification/data/processed/audio/cycles/109/1b1_Ar_008.wav
109,1b1,Ar,COPD,3,test,/Users/vs/Sem 5/Respiratory-Disease-Classification/data/processed/audio/cycles/109/1b1_Ar_009.wav
109,1b1,Ar,COPD,3,test,/Users/vs/Sem 5/Respiratory-Disease-Classification/data/processed/audio/cycles/109/1b1_Ar_010.wav
109,1b1,Ll,COPD,3,test,/Users/vs/Sem 5/Respiratory-Disease-Classification/data/processed/audio/cycles/109/1b1_Ll_001.wav
109,1b1,Ll,COPD,3,test,/Users/vs/Sem 5/Respiratory-Disease-Classification/data/processed/audio/cycles/109/1b1_Ll_002.wav
109,1b1,Ll,COPD,3,test,/Users/vs/Sem 5/Respiratory-Disease-Classification/data/processed/audio/cycles/109/1b1_Ll_003.wav
109,1b1,Ll,COPD,3,test,/Users/vs/Sem 5/Respiratory-Disease-Classification/data/processed/audio/cycles/109/1b1_Ll_004.wav
109,1b1,Ll,COPD,3,test,/Users/vs/Sem 5/Respiratory-Disease-Classification/data/processed/audio/cycles/109/1b1_Ll_005.wav
109,1b1,Ll,COPD,3,test,/Users/vs/Sem 5/Respiratory-Disease-Classification/data/processed/audio/cycles/109/1b1_Ll_006.wav
109,1b1,Ll,COPD,3,test,/Users/vs/Sem 5/Respiratory-Disease-Classification/data/processed/audio/cycles/109/1b1_Ll_007.wav
109,1b1,Ll,COPD,3,test,/Users/vs/Sem 5/Respiratory-Disease-Classification/data/processed/audio/cycles/109/1b1_Ll_008.wav
109,1b1,Lr,COPD,3,test,/Users/vs/Sem 5/Respiratory-Disease-Classification/data/processed/audio/cycles/109/1b1_Lr_001.wav
109,1b1,Lr,COPD,3,test,/Users/vs/Sem 5/Respiratory-Disease-Classification/data/processed/audio/cycles/109/1b1_Lr_002.wav
109,1b1,Lr,COPD,3,test,/Users/vs/Sem 5/Respiratory-Disease-Classification/data/processed/audio/cycles/109/1b1_Lr_003.wav
109,1b1,Lr,COPD,3,test,/Users/vs/Sem 5/Respiratory-Disease-Classification/data/processed/audio/cycles/109/1b1_Lr_004.wav
109,1b1,Lr,COPD,3,test,/Users/vs/Sem 5/Respiratory-Disease-Classification/data/processed/audio/cycles/109/1b1_Lr_005.wav
109,1b1,Lr,COPD,3,test,/Users/vs/Sem 5/Respiratory-Disease-Classification/data/processed/audio/cycles/109/1b1_Lr_006.wav
109,1b1,Lr,COPD,3,test,/Users/vs/Sem 5/Respiratory-Disease-Classification/data/processed/audio/cycles/109/1b1_Lr_007.wav
109,1b1,Lr,COPD,3,test,/Users/vs/Sem 5/Respiratory-Disease-Classification/data/processed/audio/cycles/109/1b1_Lr_008.wav
109,1b1,Pl,COPD,3,test,/Users/vs/Sem 5/Respiratory-Disease-Classification/data/processed/audio/cycles/109/1b1_Pl_001.wav
109,1b1,Pl,COPD,3,test,/Users/vs/Sem 5/Respiratory-Disease-Classification/data/processed/audio/cycles/109/1b1_Pl_002.wav
109,1b1,Pl,COPD,3,test,/Users/vs/Sem 5/Respiratory-Disease-Classification/data/processed/audio/cycles/109/1b1_Pl_003.wav
109,1b1,Pl,COPD,3,test,/Users/vs/Sem 5/Respiratory-Disease-Classification/data/processed/audio/cycles/109/1b1_Pl_004.wav
109,1b1,Pl,COPD,3,test,/Users/vs/Sem 5/Respiratory-Disease-Classification/data/processed/audio/cycles/109/1b1_Pl_005.wav
109,1b1,Pl,COPD,3,test,/Users/vs/Sem 5/Respiratory-Disease-Classification/data/processed/audio/cycles/109/1b1_Pl_006.wav
109,1b1,Pl,COPD,3,test,/Users/vs/Sem 5/Respiratory-Disease-Classification/data/processed/audio/cycles/109/1b1_Pl_007.wav
109,1b1,Pl,COPD,3,test,/Users/vs/Sem 5/Respiratory-Disease-Classification/data/processed/audio/cycles/109/1b1_Pl_008.wav
109,1b1,Pl,COPD,3,test,/Users/vs/Sem 5/Respiratory-Disease-Classification/data/processed/audio/cycles/109/1b1_Pl_009.wav
109,1b1,Pr,COPD,3,test,/Users/vs/Sem 5/Respiratory-Disease-Classification/data/processed/audio/cycles/109/1b1_Pr_001.wav
109,1b1,Pr,COPD,3,test,/Users/vs/Sem 5/Respiratory-Disease-Classification/data/processed/audio/cycles/109/1b1_Pr_002.wav
109,1b1,Pr,COPD,3,test,/Users/vs/Sem 5/Respiratory-Disease-Classification/data/processed/audio/cycles/109/1b1_Pr_003.wav
109,1b1,Pr,COPD,3,test,/Users/vs/Sem 5/Respiratory-Disease-Classification/data/processed/audio/cycles/109/1b1_Pr_004.wav
109,1b1,Pr,COPD,3,test,/Users/vs/Sem 5/Respiratory-Disease-Classification/data/processed/audio/cycles/109/1b1_Pr_005.wav
109,1b1,Pr,COPD,3,test,/Users/vs/Sem 5/Respiratory-Disease-Classification/data/processed/audio/cycles/109/1b1_Pr_006.wav
109,1b1,Pr,COPD,3,test,/Users/vs/Sem 5/Respiratory-Disease-Classification/data/processed/audio/cycles/109/1b1_Pr_007.wav
109,1b1,Pr,COPD,3,test,/Users/vs/Sem 5/Respiratory-Disease-Classification/data/processed/audio/cycles/109/1b1_Pr_008.wav
109,1b1,Pr,COPD,3,test,/Users/vs/Sem 5/Respiratory-Disease-Classification/data/processed/audio/cycles/109/1b1_Pr_009.wav
109,1b1,Pr,COPD,3,test,/Users/vs/Sem 5/Respiratory-Disease-Classification/data/processed/audio/cycles/109/1b1_Pr_010.wav
109,1b1,Pr,COPD,3,test,/Users/vs/Sem 5/Respiratory-Disease-Classification/data/processed/audio/cycles/109/1b1_Pr_011.wav
109,1b1,Pr,COPD,3,test,/Users/vs/Sem 5/Respiratory-Disease-Classification/data/processed/audio/cycles/109/1b1_Pr_012.wav
109,1b1,Pr,COPD,3,test,/Users/vs/Sem 5/Respiratory-Disease-Classification/data/processed/audio/cycles/109/1b1_Pr_013.wav
109,1b1,Pr,COPD,3,test,/Users/vs/Sem 5/Respiratory-Disease-Classification/data/processed/audio/cycles/109/1b1_Pr_014.wav
109,1b1,Pr,COPD,3,test,/Users/vs/Sem 5/Respiratory-Disease-Classification/data/processed/audio/cycles/109/1b1_Pr_015.wav
109,1b1,Pr,COPD,3,test,/Users/vs/Sem 5/Respiratory-Disease-Classification/data/processed/audio/cycles/109/1b1_Pr_016.wav
109,1b1,Pr,COPD,3,test,/Users/vs/Sem 5/Respiratory-Disease-Classification/data/processed/audio/cycles/109/1b1_Pr_017.wav
110,1b1,Pr,COPD,3,train,/Users/vs/Sem 5/Respiratory-Disease-Classification/data/processed/audio/cycles/110/1b1_Pr_001.wav
110,1b1,Pr,COPD,3,train,/Users/vs/Sem 5/Respiratory-Disease-Classification/data/processed/audio/cycles/110/1b1_Pr_002.wav
110,1b1,Pr,COPD,3,train,/Users/vs/Sem 5/Respiratory-Disease-Classification/data/processed/audio/cycles/110/1b1_Pr_003.wav
110,1b1,Pr,COPD,3,train,/Users/vs/Sem 5/Respiratory-Disease-Classification/data/processed/audio/cycles/110/1b1_Pr_004.wav
110,1b1,Pr,COPD,3,train,/Users/vs/Sem 5/Respiratory-Disease-Classification/data/processed/audio/cycles/110/1b1_Pr_005.wav
110,1b1,Pr,COPD,3,train,/Users/vs/Sem 5/Respiratory-Disease-Classification/data/processed/audio/cycles/110/1b1_Pr_006.wav
110,1b1,Pr,COPD,3,train,/Users/vs/Sem 5/Respiratory-Disease-Classification/data/processed/audio/cycles/110/1b1_Pr_007.wav
110,1b1,Pr,COPD,3,train,/Users/vs/Sem 5/Respiratory-Disease-Classification/data/processed/audio/cycles/110/1b1_Pr_008.wav
110,1b1,Pr,COPD,3,train,/Users/vs/Sem 5/Respiratory-Disease-Classification/data/processed/audio/cycles/110/1b1_Pr_009.wav
110,1b1,Pr,COPD,3,train,/Users/vs/Sem 5/Respiratory-Disease-Classification/data/processed/audio/cycles/110/1b1_Pr_010.wav
110,1b1,Pr,COPD,3,train,/Users/vs/Sem 5/Respiratory-Disease-Classification/data/processed/audio/cycles/110/1b1_Pr_011.wav
110,1b1,Pr,COPD,3,train,/Users/vs/Sem 5/Respiratory-Disease-Classification/data/processed/audio/cycles/110/1b1_Pr_012.wav
110,1b1,Pr,COPD,3,train,/Users/vs/Sem 5/Respiratory-Disease-Classification/data/processed/audio/cycles/110/1b1_Pr_013.wav
110,1b1,Pr,COPD,3,train,/Users/vs/Sem 5/Respiratory-Disease-Classification/data/processed/audio/cycles/110/1b1_Pr_014.wav
110,1b1,Pr,COPD,3,train,/Users/vs/Sem 5/Respiratory-Disease-Classification/data/processed/audio/cycles/110/1b1_Pr_015.wav
110,1p1,Al,COPD,3,train,/Users/vs/Sem 5/Respiratory-Disease-Classification/data/processed/audio/cycles/110/1p1_Al_001.wav
110,1p1,Al,COPD,3,train,/Users/vs/Sem 5/Respiratory-Disease-Classification/data/processed/audio/cycles/110/1p1_Al_002.wav
110,1p1,Al,COPD,3,train,/Users/vs/Sem 5/Respiratory-Disease-Classification/data/processed/audio/cycles/110/1p1_Al_003.wav
110,1p1,Al,COPD,3,train,/Users/vs/Sem 5/Respiratory-Disease-Classification/data/processed/audio/cycles/110/1p1_Al_004.wav
110,1p1,Al,COPD,3,train,/Users/vs/Sem 5/Respiratory-Disease-Classification/data/processed/audio/cycles/110/1p1_Al_005.wav
110,1p1,Al,COPD,3,train,/Users/vs/Sem 5/Respiratory-Disease-Classification/data/processed/audio/cycles/110/1p1_Al_006.wav
110,1p1,Al,COPD,3,train,/Users/vs/Sem 5/Respiratory-Disease-Classification/data/processed/audio/cycles/110/1p1_Al_007.wav
110,1p1,Ll,COPD,3,train,/Users/vs/Sem 5/Respiratory-Disease-Classification/data/processed/audio/cycles/110/1p1_Ll_001.wav
110,1p1,Ll,COPD,3,train,/Users/vs/Sem 5/Respiratory-Disease-Classification/data/processed/audio/cycles/110/1p1_Ll_002.wav
110,1p1,Ll,COPD,3,train,/Users/vs/Sem 5/Respiratory-Disease-Classification/data/processed/audio/cycles/110/1p1_Ll_003.wav
110,1p1,Ll,COPD,3,train,/Users/vs/Sem 5/Respiratory-Disease-Classification/data/processed/audio/cycles/110/1p1_Ll_004.wav
110,1p1,Ll,COPD,3,train,/Users/vs/Sem 5/Respiratory-Disease-Classification/data/processed/audio/cycles/110/1p1_Ll_005.wav
110,1p1,Ll,COPD,3,train,/Users/vs/Sem 5/Respiratory-Disease-Classification/data/processed/audio/cycles/110/1p1_Ll_006.wav
110,1p1,Ll,COPD,3,train,/Users/vs/Sem 5/Respiratory-Disease-Classification/data/processed/audio/cycles/110/1p1_Ll_007.wav
110,1p1,Lr,COPD,3,train,/Users/vs/Sem 5/Respiratory-Disease-Classification/data/processed/audio/cycles/110/1p1_Lr_001.wav
110,1p1,Lr,COPD,3,train,/Users/vs/Sem 5/Respiratory-Disease-Classification/data/processed/audio/cycles/110/1p1_Lr_002.wav
110,1p1,Lr,COPD,3,train,/Users/vs/Sem 5/Respiratory-Disease-Classification/data/processed/audio/cycles/110/1p1_Lr_003.wav
110,1p1,Lr,COPD,3,train,/Users/vs/Sem 5/Respiratory-Disease-Classification/data/processed/audio/cycles/110/1p1_Lr_004.wav
110,1p1,Lr,COPD,3,train,/Users/vs/Sem 5/Respiratory-Disease-Classification/data/processed/audio/cycles/110/1p1_Lr_005.wav
110,1p1,Lr,COPD,3,train,/Users/vs/Sem 5/Respiratory-Disease-Classification/data/processed/audio/cycles/110/1p1_Lr_006.wav
110,1p1,Lr,COPD,3,train,/Users/vs/Sem 5/Respiratory-Disease-Classification/data/processed/audio/cycles/110/1p1_Lr_007.wav
110,1p1,Pr,COPD,3,train,/Users/vs/Sem 5/Respiratory-Disease-Classification/data/processed/audio/cycles/110/1p1_Pr_001.wav
110,1p1,Pr,COPD,3,train,/Users/vs/Sem 5/Respiratory-Disease-Classification/data/processed/audio/cycles/110/1p1_Pr_002.wav
110,1p1,Pr,COPD,3,train,/Users/vs/Sem 5/Respiratory-Disease-Classification/data/processed/audio/cycles/110/1p1_Pr_003.wav
110,1p1,Pr,COPD,3,train,/Users/vs/Sem 5/Respiratory-Disease-Classification/data/processed/audio/cycles/110/1p1_Pr_004.wav
110,1p1,Pr,COPD,3,train,/Users/vs/Sem 5/Respiratory-Disease-Classification/data/processed/audio/cycles/110/1p1_Pr_005.wav
110,1p1,Pr,COPD,3,train,/Users/vs/Sem 5/Respiratory-Disease-Classification/data/processed/audio/cycles/110/1p1_Pr_006.wav
110,1p1,Pr,COPD,3,train,/Users/vs/Sem 5/Respiratory-Disease-Classification/data/processed/audio/cycles/110/1p1_Pr_007.wav
110,1p1,Pr,COPD,3,train,/Users/vs/Sem 5/Respiratory-Disease-Classification/data/processed/audio/cycles/110/1p1_Pr_008.wav
110,1p1,Pr,COPD,3,train,/Users/vs/Sem 5/Respiratory-Disease-Classification/data/processed/audio/cycles/110/1p1_Pr_009.wav
110,1p1,Pr,COPD,3,train,/Users/vs/Sem 5/Respiratory-Disease-Classification/data/processed/audio/cycles/110/1p1_Pr_010.wav
110,1p1,Pr,COPD,3,train,/Users/vs/Sem 5/Respiratory-Disease-Classification/data/processed/audio/cycles/110/1p1_Pr_011.wav
110,1p1,Pr,COPD,3,train,/Users/vs/Sem 5/Respiratory-Disease-Classification/data/processed/audio/cycles/110/1p1_Pr_012.wav
110,1p1,Pr,COPD,3,train,/Users/vs/Sem 5/Respiratory-Disease-Classification/data/processed/audio/cycles/110/1p1_Pr_013.wav
110,1p1,Pr,COPD,3,train,/Users/vs/Sem 5/Respiratory-Disease-Classification/data/processed/audio/cycles/110/1p1_Pr_014.wav
110,1p1,Pr,COPD,3,train,/Users/vs/Sem 5/Respiratory-Disease-Classification/data/processed/audio/cycles/110/1p1_Pr_015.wav
110,1p1,Pr,COPD,3,train,/Users/vs/Sem 5/Respiratory-Disease-Classification/data/processed/audio/cycles/110/1p1_Pr_016.wav
111,1b2,Tc,Bronchiectasis,1,train,/Users/vs/Sem 5/Respiratory-Disease-Classification/data/processed/audio/cycles/111/1b2_Tc_001.wav
111,1b2,Tc,Bronchiectasis,1,train,/Users/vs/Sem 5/Respiratory-Disease-Classification/data/processed/audio/cycles/111/1b2_Tc_002.wav
111,1b2,Tc,Bronchiectasis,1,train,/Users/vs/Sem 5/Respiratory-Disease-Classification/data/processed/audio/cycles/111/1b2_Tc_003.wav
111,1b2,Tc,Bronchiectasis,1,train,/Users/vs/Sem 5/Respiratory-Disease-Classification/data/processed/audio/cycles/111/1b2_Tc_004.wav
111,1b2,Tc,Bronchiectasis,1,train,/Users/vs/Sem 5/Respiratory-Disease-Classification/data/processed/audio/cycles/111/1b2_Tc_005.wav
111,1b2,Tc,Bronchiectasis,1,train,/Users/vs/Sem 5/Respiratory-Disease-Classification/data/processed/audio/cycles/111/1b2_Tc_006.wav
111,1b2,Tc,Bronchiectasis,1,train,/Users/vs/Sem 5/Respiratory-Disease-Classification/data/processed/audio/cycles/111/1b2_Tc_007.wav
111,1b2,Tc,Bronchiectasis,1,train,/Users/vs/Sem 5/Respiratory-Disease-Classification/data/processed/audio/cycles/111/1b2_Tc_008.wav
111,1b3,Tc,Bronchiectasis,1,train,/Users/vs/Sem 5/Respiratory-Disease-Classification/data/processed/audio/cycles/111/1b3_Tc_001.wav
111,1b3,Tc,Bronchiectasis,1,train,/Users/vs/Sem 5/Respiratory-Disease-Classification/data/processed/audio/cycles/111/1b3_Tc_002.wav
111,1b3,Tc,Bronchiectasis,1,train,/Users/vs/Sem 5/Respiratory-Disease-Classification/data/processed/audio/cycles/111/1b3_Tc_003.wav
111,1b3,Tc,Bronchiectasis,1,train,/Users/vs/Sem 5/Respiratory-Disease-Classification/data/processed/audio/cycles/111/1b3_Tc_004.wav
111,1b3,Tc,Bronchiectasis,1,train,/Users/vs/Sem 5/Respiratory-Disease-Classification/data/processed/audio/cycles/111/1b3_Tc_005.wav
111,1b3,Tc,Bronchiectasis,1,train,/Users/vs/Sem 5/Respiratory-Disease-Classification/data/processed/audio/cycles/111/1b3_Tc_006.wav
111,1b3,Tc,Bronchiectasis,1,train,/Users/vs/Sem 5/Respiratory-Disease-Classification/data/processed/audio/cycles/111/1b3_Tc_007.wav
111,1b3,Tc,Bronchiectasis,1,train,/Users/vs/Sem 5/Respiratory-Disease-Classification/data/processed/audio/cycles/111/1b3_Tc_008.wav
111,1b3,Tc,Bronchiectasis,1,train,/Users/vs/Sem 5/Respiratory-Disease-Classification/data/processed/audio/cycles/111/1b3_Tc_009.wav
112,1b1,Ar,COPD,3,train,/Users/vs/Sem 5/Respiratory-Disease-Classification/data/processed/audio/cycles/112/1b1_Ar_001.wav
112,1b1,Ar,COPD,3,train,/Users/vs/Sem 5/Respiratory-Disease-Classification/data/processed/audio/cycles/112/1b1_Ar_002.wav
112,1b1,Ar,COPD,3,train,/Users/vs/Sem 5/Respiratory-Disease-Classification/data/processed/audio/cycles/112/1b1_Ar_003.wav
112,1b1,Ar,COPD,3,train,/Users/vs/Sem 5/Respiratory-Disease-Classification/data/processed/audio/cycles/112/1b1_Ar_004.wav
112,1b1,Ar,COPD,3,train,/Users/vs/Sem 5/Respiratory-Disease-Classification/data/processed/audio/cycles/112/1b1_Ar_005.wav
112,1b1,Ar,COPD,3,train,/Users/vs/Sem 5/Respiratory-Disease-Classification/data/processed/audio/cycles/112/1b1_Ar_006.wav
112,1b1,Ar,COPD,3,train,/Users/vs/Sem 5/Respiratory-Disease-Classification/data/processed/audio/cycles/112/1b1_Ar_007.wav
112,1b1,Ar,COPD,3,train,/Users/vs/Sem 5/Respiratory-Disease-Classification/data/processed/audio/cycles/112/1b1_Ar_008.wav
112,1b1,Ar,COPD,3,train,/Users/vs/Sem 5/Respiratory-Disease-Classification/data/processed/audio/cycles/112/1b1_Ar_009.wav
112,1b1,Ar,COPD,3,train,/Users/vs/Sem 5/Respiratory-Disease-Classification/data/processed/audio/cycles/112/1b1_Ar_010.wav
112,1b1,Ar,COPD,3,train,/Users/vs/Sem 5/Respiratory-Disease-Classification/data/processed/audio/cycles/112/1b1_Ar_011.wav
112,1b1,Ar,COPD,3,train,/Users/vs/Sem 5/Respiratory-Disease-Classification/data/processed/audio/cycles/112/1b1_Ar_012.wav
112,1b1,Ar,COPD,3,train,/Users/vs/Sem 5/Respiratory-Disease-Classification/data/processed/audio/cycles/112/1b1_Ar_013.wav
112,1b1,Ar,COPD,3,train,/Users/vs/Sem 5/Respiratory-Disease-Classification/data/processed/audio/cycles/112/1b1_Ar_014.wav
112,1b1,Ar,COPD,3,train,/Users/vs/Sem 5/Respiratory-Disease-Classification/data/processed/audio/cycles/112/1b1_Ar_015.wav
112,1b1,Ar,COPD,3,train,/Users/vs/Sem 5/Respiratory-Disease-Classification/data/processed/audio/cycles/112/1b1_Ar_016.wav
112,1b1,Ar,COPD,3,train,/Users/vs/Sem 5/Respiratory-Disease-Classification/data/processed/audio/cycles/112/1b1_Ar_017.wav
112,1b1,Lr,COPD,3,train,/Users/vs/Sem 5/Respiratory-Disease-Classification/data/processed/audio/cycles/112/1b1_Lr_001.wav
112,1b1,Lr,COPD,3,train,/Users/vs/Sem 5/Respiratory-Disease-Classification/data/processed/audio/cycles/112/1b1_Lr_002.wav
112,1b1,Lr,COPD,3,train,/Users/vs/Sem 5/Respiratory-Disease-Classification/data/processed/audio/cycles/112/1b1_Lr_003.wav
112,1b1,Lr,COPD,3,train,/Users/vs/Sem 5/Respiratory-Disease-Classification/data/processed/audio/cycles/112/1b1_Lr_004.wav
112,1b1,Lr,COPD,3,train,/Users/vs/Sem 5/Respiratory-Disease-Classification/data/processed/audio/cycles/112/1b1_Lr_005.wav
112,1b1,Lr,COPD,3,train,/Users/vs/Sem 5/Respiratory-Disease-Classification/data/processed/audio/cycles/112/1b1_Lr_006.wav
112,1b1,Lr,COPD,3,train,/Users/vs/Sem 5/Respiratory-Disease-Classification/data/processed/audio/cycles/112/1b1_Lr_007.wav
112,1b1,Lr,COPD,3,train,/Users/vs/Sem 5/Respiratory-Disease-Classification/data/processed/audio/cycles/112/1b1_Lr_008.wav
112,1b1,Lr,COPD,3,train,/Users/vs/Sem 5/Respiratory-Disease-Classification/data/processed/audio/cycles/112/1b1_Lr_009.wav
112,1b1,Lr,COPD,3,train,/Users/vs/Sem 5/Respiratory-Disease-Classification/data/processed/audio/cycles/112/1b1_Lr_010.wav
112,1b1,Lr,COPD,3,train,/Users/vs/Sem 5/Respiratory-Disease-Classification/data/processed/audio/cycles/112/1b1_Lr_011.wav
112,1b1,Lr,COPD,3,train,/Users/vs/Sem 5/Respiratory-Disease-Classification/data/processed/audio/cycles/112/1b1_Lr_012.wav
112,1p1,Ll,COPD,3,train,/Users/vs/Sem 5/Respiratory-Disease-Classification/data/processed/audio/cycles/112/1p1_Ll_001.wav
112,1p1,Ll,COPD,3,train,/Users/vs/Sem 5/Respiratory-Disease-Classification/data/processed/audio/cycles/112/1p1_Ll_002.wav
112,1p1,Ll,COPD,3,train,/Users/vs/Sem 5/Respiratory-Disease-Classification/data/processed/audio/cycles/112/1p1_Ll_003.wav
112,1p1,Ll,COPD,3,train,/Users/vs/Sem 5/Respiratory-Disease-Classification/data/processed/audio/cycles/112/1p1_Ll_004.wav
112,1p1,Ll,COPD,3,train,/Users/vs/Sem 5/Respiratory-Disease-Classification/data/processed/audio/cycles/112/1p1_Ll_005.wav
112,1p1,Ll,COPD,3,train,/Users/vs/Sem 5/Respiratory-Disease-Classification/data/processed/audio/cycles/112/1p1_Ll_006.wav
112,1p1,Ll,COPD,3,train,/Users/vs/Sem 5/Respiratory-Disease-Classification/data/processed/audio/cycles/112/1p1_Ll_007.wav
112,1p1,Ll,COPD,3,train,/Users/vs/Sem 5/Respiratory-Disease-Classification/data/processed/audio/cycles/112/1p1_Ll_008.wav
112,1p1,Ll,COPD,3,train,/Users/vs/Sem 5/Respiratory-Disease-Classification/data/processed/audio/cycles/112/1p1_Ll_009.wav
112,1p1,Ll,COPD,3,train,/Users/vs/Sem 5/Respiratory-Disease-Classification/data/processed/audio/cycles/112/1p1_Ll_010.wav
112,1p1,Pl,COPD,3,train,/Users/vs/Sem 5/Respiratory-Disease-Classification/data/processed/audio/cycles/112/1p1_Pl_001.wav
112,1p1,Pl,COPD,3,train,/Users/vs/Sem 5/Respiratory-Disease-Classification/data/processed/audio/cycles/112/1p1_Pl_002.wav
112,1p1,Pl,COPD,3,train,/Users/vs/Sem 5/Respiratory-Disease-Classification/data/processed/audio/cycles/112/1p1_Pl_003.wav
112,1p1,Pl,COPD,3,train,/Users/vs/Sem 5/Respiratory-Disease-Classification/data/processed/audio/cycles/112/1p1_Pl_004.wav
112,1p1,Pl,COPD,3,train,/Users/vs/Sem 5/Respiratory-Disease-Classification/data/processed/audio/cycles/112/1p1_Pl_005.wav
112,1p1,Pl,COPD,3,train,/Users/vs/Sem 5/Respiratory-Disease-Classification/data/processed/audio/cycles/112/1p1_Pl_006.wav
112,1p1,Pl,COPD,3,train,/Users/vs/Sem 5/Respiratory-Disease-Classification/data/processed/audio/cycles/112/1p1_Pl_007.wav
112,1p1,Pl,COPD,3,train,/Users/vs/Sem 5/Respiratory-Disease-Classification/data/processed/audio/cycles/112/1p1_Pl_008.wav
112,1p1,Pl,COPD,3,train,/Users/vs/Sem 5/Respiratory-Disease-Classification/data/processed/audio/cycles/112/1p1_Pl_009.wav
112,1p1,Pr,COPD,3,train,/Users/vs/Sem 5/Respiratory-Disease-Classification/data/processed/audio/cycles/112/1p1_Pr_001.wav
112,1p1,Pr,COPD,3,train,/Users/vs/Sem 5/Respiratory-Disease-Classification/data/processed/audio/cycles/112/1p1_Pr_002.wav
112,1p1,Pr,COPD,3,train,/Users/vs/Sem 5/Respiratory-Disease-Classification/data/processed/audio/cycles/112/1p1_Pr_003.wav
112,1p1,Pr,COPD,3,train,/Users/vs/Sem 5/Respiratory-Disease-Classification/data/processed/audio/cycles/112/1p1_Pr_004.wav
112,1p1,Pr,COPD,3,train,/Users/vs/Sem 5/Respiratory-Disease-Classification/data/processed/audio/cycles/112/1p1_Pr_005.wav
112,1p1,Pr,COPD,3,train,/Users/vs/Sem 5/Respiratory-Disease-Classification/data/processed/audio/cycles/112/1p1_Pr_006.wav
112,1p1,Pr,COPD,3,train,/Users/vs/Sem 5/Respiratory-Disease-Classification/data/processed/audio/cycles/112/1p1_Pr_007.wav
112,1p1,Pr,COPD,3,train,/Users/vs/Sem 5/Respiratory-Disease-Classification/data/processed/audio/cycles/112/1p1_Pr_008.wav
112,1p1,Pr,COPD,3,train,/Users/vs/Sem 5/Respiratory-Disease-Classification/data/processed/audio/cycles/112/1p1_Pr_009.wav
113,1b1,Al,COPD,3,test,/Users/vs/Sem 5/Respiratory-Disease-Classification/data/processed/audio/cycles/113/1b1_Al_001.wav
113,1b1,Al,COPD,3,test,/Users/vs/Sem 5/Respiratory-Disease-Classification/data/processed/audio/cycles/113/1b1_Al_002.wav
113,1b1,Al,COPD,3,test,/Users/vs/Sem 5/Respiratory-Disease-Classification/data/processed/audio/cycles/113/1b1_Al_003.wav
113,1b1,Al,COPD,3,test,/Users/vs/Sem 5/Respiratory-Disease-Classification/data/processed/audio/cycles/113/1b1_Al_004.wav
113,1b1,Al,COPD,3,test,/Users/vs/Sem 5/Respiratory-Disease-Classification/data/processed/audio/cycles/113/1b1_Al_005.wav
113,1b1,Al,COPD,3,test,/Users/vs/Sem 5/Respiratory-Disease-Classification/data/processed/audio/cycles/113/1b1_Al_006.wav
113,1b1,Al,COPD,3,test,/Users/vs/Sem 5/Respiratory-Disease-Classification/data/processed/audio/cycles/113/1b1_Al_007.wav
113,1b1,Ar,COPD,3,test,/Users/vs/Sem 5/Respiratory-Disease-Classification/data/processed/audio/cycles/113/1b1_Ar_001.wav
113,1b1,Ar,COPD,3,test,/Users/vs/Sem 5/Respiratory-Disease-Classification/data/processed/audio/cycles/113/1b1_Ar_002.wav
113,1b1,Ar,COPD,3,test,/Users/vs/Sem 5/Respiratory-Disease-Classification/data/processed/audio/cycles/113/1b1_Ar_003.wav
113,1b1,Ar,COPD,3,test,/Users/vs/Sem 5/Respiratory-Disease-Classification/data/processed/audio/cycles/113/1b1_Ar_004.wav
113,1b1,Ar,COPD,3,test,/Users/vs/Sem 5/Respiratory-Disease-Classification/data/processed/audio/cycles/113/1b1_Ar_005.wav
113,1b1,Ar,COPD,3,test,/Users/vs/Sem 5/Respiratory-Disease-Classification/data/processed/audio/cycles/113/1b1_Ar_006.wav
113,1b1,Ar,COPD,3,test,/Users/vs/Sem 5/Respiratory-Disease-Classification/data/processed/audio/cycles/113/1b1_Ar_007.wav
113,1b1,Ar,COPD,3,test,/Users/vs/Sem 5/Respiratory-Disease-Classification/data/processed/audio/cycles/113/1b1_Ar_008.wav
113,1b1,Ll,COPD,3,test,/Users/vs/Sem 5/Respiratory-Disease-Classification/data/processed/audio/cycles/113/1b1_Ll_001.wav
113,1b1,Ll,COPD,3,test,/Users/vs/Sem 5/Respiratory-Disease-Classification/data/processed/audio/cycles/113/1b1_Ll_002.wav
113,1b1,Ll,COPD,3,test,/Users/vs/Sem 5/Respiratory-Disease-Classification/data/processed/audio/cycles/113/1b1_Ll_003.wav
113,1b1,Ll,COPD,3,test,/Users/vs/Sem 5/Respiratory-Disease-Classification/data/processed/audio/cycles/113/1b1_Ll_004.wav
113,1b1,Ll,COPD,3,test,/Users/vs/Sem 5/Respiratory-Disease-Classification/data/processed/audio/cycles/113/1b1_Ll_005.wav
113,1b1,Ll,COPD,3,test,/Users/vs/Sem 5/Respiratory-Disease-Classification/data/processed/audio/cycles/113/1b1_Ll_006.wav
113,1b1,Ll,COPD,3,test,/Users/vs/Sem 5/Respiratory-Disease-Classification/data/processed/audio/cycles/113/1b1_Ll_007.wav
113,1b1,Ll,COPD,3,test,/Users/vs/Sem 5/Respiratory-Disease-Classification/data/processed/audio/cycles/113/1b1_Ll_008.wav
113,1b1,Ll,COPD,3,test,/Users/vs/Sem 5/Respiratory-Disease-Classification/data/processed/audio/cycles/113/1b1_Ll_009.wav
113,1b1,Ll,COPD,3,test,/Users/vs/Sem 5/Respiratory-Disease-Classification/data/processed/audio/cycles/113/1b1_Ll_010.wav
113,1b1,Ll,COPD,3,test,/Users/vs/Sem 5/Respiratory-Disease-Classification/data/processed/audio/cycles/113/1b1_Ll_011.wav
113,1b1,Lr,COPD,3,test,/Users/vs/Sem 5/Respiratory-Disease-Classification/data/processed/audio/cycles/113/1b1_Lr_001.wav
113,1b1,Lr,COPD,3,test,/Users/vs/Sem 5/Respiratory-Disease-Classification/data/processed/audio/cycles/113/1b1_Lr_002.wav
113,1b1,Lr,COPD,3,test,/Users/vs/Sem 5/Respiratory-Disease-Classification/data/processed/audio/cycles/113/1b1_Lr_003.wav
113,1b1,Lr,COPD,3,test,/Users/vs/Sem 5/Respiratory-Disease-Classification/data/processed/audio/cycles/113/1b1_Lr_004.wav
113,1b1,Lr,COPD,3,test,/Users/vs/Sem 5/Respiratory-Disease-Classification/data/processed/audio/cycles/113/1b1_Lr_005.wav
113,1b1,Lr,COPD,3,test,/Users/vs/Sem 5/Respiratory-Disease-Classification/data/processed/audio/cycles/113/1b1_Lr_006.wav
113,1b1,Lr,COPD,3,test,/Users/vs/Sem 5/Respiratory-Disease-Classification/data/processed/audio/cycles/113/1b1_Lr_007.wav
113,1b1,Pl,COPD,3,test,/Users/vs/Sem 5/Respiratory-Disease-Classification/data/processed/audio/cycles/113/1b1_Pl_001.wav
113,1b1,Pl,COPD,3,test,/Users/vs/Sem 5/Respiratory-Disease-Classification/data/processed/audio/cycles/113/1b1_Pl_002.wav
113,1b1,Pl,COPD,3,test,/Users/vs/Sem 5/Respiratory-Disease-Classification/data/processed/audio/cycles/113/1b1_Pl_003.wav
113,1b1,Pl,COPD,3,test,/Users/vs/Sem 5/Respiratory-Disease-Classification/data/processed/audio/cycles/113/1b1_Pl_004.wav
113,1b1,Pl,COPD,3,test,/Users/vs/Sem 5/Respiratory-Disease-Classification/data/processed/audio/cycles/113/1b1_Pl_005.wav
113,1b1,Pl,COPD,3,test,/Users/vs/Sem 5/Respiratory-Disease-Classification/data/processed/audio/cycles/113/1b1_Pl_006.wav
113,1b1,Pl,COPD,3,test,/Users/vs/Sem 5/Respiratory-Disease-Classification/data/processed/audio/cycles/113/1b1_Pl_007.wav
113,1b1,Pl,COPD,3,test,/Users/vs/Sem 5/Respiratory-Disease-Classification/data/processed/audio/cycles/113/1b1_Pl_008.wav
113,1b1,Pr,COPD,3,test,/Users/vs/Sem 5/Respiratory-Disease-Classification/data/processed/audio/cycles/113/1b1_Pr_001.wav
113,1b1,Pr,COPD,3,test,/Users/vs/Sem 5/Respiratory-Disease-Classification/data/processed/audio/cycles/113/1b1_Pr_002.wav
113,1b1,Pr,COPD,3,test,/Users/vs/Sem 5/Respiratory-Disease-Classification/data/processed/audio/cycles/113/1b1_Pr_003.wav
113,1b1,Pr,COPD,3,test,/Users/vs/Sem 5/Respiratory-Disease-Classification/data/processed/audio/cycles/113/1b1_Pr_004.wav
113,1b1,Pr,COPD,3,test,/Users/vs/Sem 5/Respiratory-Disease-Classification/data/processed/audio/cycles/113/1b1_Pr_005.wav
113,1b1,Pr,COPD,3,test,/Users/vs/Sem 5/Respiratory-Disease-Classification/data/processed/audio/cycles/113/1b1_Pr_006.wav
113,1b1,Pr,COPD,3,test,/Users/vs/Sem 5/Respiratory-Disease-Classification/data/processed/audio/cycles/113/1b1_Pr_007.wav
113,1b1,Pr,COPD,3,test,/Users/vs/Sem 5/Respiratory-Disease-Classification/data/processed/audio/cycles/113/1b1_Pr_008.wav
113,1b1,Pr,COPD,3,test,/Users/vs/Sem 5/Respiratory-Disease-Classification/data/processed/audio/cycles/113/1b1_Pr_009.wav
114,1b4,Al,COPD,3,train,/Users/vs/Sem 5/Respiratory-Disease-Classification/data/processed/audio/cycles/114/1b4_Al_001.wav
114,1b4,Al,COPD,3,train,/Users/vs/Sem 5/Respiratory-Disease-Classification/data/processed/audio/cycles/114/1b4_Al_002.wav
114,1b4,Al,COPD,3,train,/Users/vs/Sem 5/Respiratory-Disease-Classification/data/processed/audio/cycles/114/1b4_Al_003.wav
114,1b4,Al,COPD,3,train,/Users/vs/Sem 5/Respiratory-Disease-Classification/data/processed/audio/cycles/114/1b4_Al_004.wav
114,1b4,Al,COPD,3,train,/Users/vs/Sem 5/Respiratory-Disease-Classification/data/processed/audio/cycles/114/1b4_Al_005.wav
114,1b4,Al,COPD,3,train,/Users/vs/Sem 5/Respiratory-Disease-Classification/data/processed/audio/cycles/114/1b4_Al_006.wav
114,1b4,Al,COPD,3,train,/Users/vs/Sem 5/Respiratory-Disease-Classification/data/processed/audio/cycles/114/1b4_Al_007.wav
114,1b4,Ar,COPD,3,train,/Users/vs/Sem 5/Respiratory-Disease-Classification/data/processed/audio/cycles/114/1b4_Ar_001.wav
114,1b4,Ar,COPD,3,train,/Users/vs/Sem 5/Respiratory-Disease-Classification/data/processed/audio/cycles/114/1b4_Ar_002.wav
114,1b4,Ar,COPD,3,train,/Users/vs/Sem 5/Respiratory-Disease-Classification/data/processed/audio/cycles/114/1b4_Ar_003.wav
114,1b4,Ar,COPD,3,train,/Users/vs/Sem 5/Respiratory-Disease-Classification/data/processed/audio/cycles/114/1b4_Ar_004.wav
114,1b4,Ar,COPD,3,train,/Users/vs/Sem 5/Respiratory-Disease-Classification/data/processed/audio/cycles/114/1b4_Ar_005.wav
114,1b4,Ar,COPD,3,train,/Users/vs/Sem 5/Respiratory-Disease-Classification/data/processed/audio/cycles/114/1b4_Ar_006.wav
114,1b4,Ar,COPD,3,train,/Users/vs/Sem 5/Respiratory-Disease-Classification/data/processed/audio/cycles/114/1b4_Ar_007.wav
114,1b4,Lr,COPD,3,train,/Users/vs/Sem 5/Respiratory-Disease-Classification/data/processed/audio/cycles/114/1b4_Lr_001.wav
114,1b4,Lr,COPD,3,train,/Users/vs/Sem 5/Respiratory-Disease-Classification/data/processed/audio/cycles/114/1b4_Lr_002.wav
114,1b4,Lr,COPD,3,train,/Users/vs/Sem 5/Respiratory-Disease-Classification/data/processed/audio/cycles/114/1b4_Lr_003.wav
114,1b4,Lr,COPD,3,train,/Users/vs/Sem 5/Respiratory-Disease-Classification/data/processed/audio/cycles/114/1b4_Lr_004.wav
114,1b4,Lr,COPD,3,train,/Users/vs/Sem 5/Respiratory-Disease-Classification/data/processed/audio/cycles/114/1b4_Lr_005.wav
114,1b4,Lr,COPD,3,train,/Users/vs/Sem 5/Respiratory-Disease-Classification/data/processed/audio/cycles/114/1b4_Lr_006.wav
114,1b4,Lr,COPD,3,train,/Users/vs/Sem 5/Respiratory-Disease-Classification/data/processed/audio/cycles/114/1b4_Lr_007.wav
114,1b4,Pl,COPD,3,train,/Users/vs/Sem 5/Respiratory-Disease-Classification/data/processed/audio/cycles/114/1b4_Pl_001.wav
114,1b4,Pl,COPD,3,train,/Users/vs/Sem 5/Respiratory-Disease-Classification/data/processed/audio/cycles/114/1b4_Pl_002.wav
114,1b4,Pl,COPD,3,train,/Users/vs/Sem 5/Respiratory-Disease-Classification/data/processed/audio/cycles/114/1b4_Pl_003.wav
114,1b4,Pl,COPD,3,train,/Users/vs/Sem 5/Respiratory-Disease-Classification/data/processed/audio/cycles/114/1b4_Pl_004.wav
114,1b4,Pl,COPD,3,train,/Users/vs/Sem 5/Respiratory-Disease-Classification/data/processed/audio/cycles/114/1b4_Pl_005.wav
114,1b4,Pl,COPD,3,train,/Users/vs/Sem 5/Respiratory-Disease-Classification/data/processed/audio/cycles/114/1b4_Pl_006.wav
114,1b4,Pl,COPD,3,train,/Users/vs/Sem 5/Respiratory-Disease-Classification/data/processed/audio/cycles/114/1b4_Pl_007.wav
114,1b4,Pr,COPD,3,train,/Users/vs/Sem 5/Respiratory-Disease-Classification/data/processed/audio/cycles/114/1b4_Pr_001.wav
114,1b4,Pr,COPD,3,train,/Users/vs/Sem 5/Respiratory-Disease-Classification/data/processed/audio/cycles/114/1b4_Pr_002.wav
114,1b4,Pr,COPD,3,train,/Users/vs/Sem 5/Respiratory-Disease-Classification/data/processed/audio/cycles/114/1b4_Pr_003.wav
114,1b4,Pr,COPD,3,train,/Users/vs/Sem 5/Respiratory-Disease-Classification/data/processed/audio/cycles/114/1b4_Pr_004.wav
114,1b4,Pr,COPD,3,train,/Users/vs/Sem 5/Respiratory-Disease-Classification/data/processed/audio/cycles/114/1b4_Pr_005.wav
114,1b4,Pr,COPD,3,train,/Users/vs/Sem 5/Respiratory-Disease-Classification/data/processed/audio/cycles/114/1b4_Pr_006.wav
114,1b4,Pr,COPD,3,train,/Users/vs/Sem 5/Respiratory-Disease-Classification/data/processed/audio/cycles/114/1b4_Pr_007.wav
115,1b1,Ar,LRTI,5,train,/Users/vs/Sem 5/Respiratory-Disease-Classification/data/processed/audio/cycles/115/1b1_Ar_001.wav
115,1b1,Ar,LRTI,5,train,/Users/vs/Sem 5/Respiratory-Disease-Classification/data/processed/audio/cycles/115/1b1_Ar_002.wav
115,1b1,Ar,LRTI,5,train,/Users/vs/Sem 5/Respiratory-Disease-Classification/data/processed/audio/cycles/115/1b1_Ar_003.wav
115,1b1,Ar,LRTI,5,train,/Users/vs/Sem 5/Respiratory-Disease-Classification/data/processed/audio/cycles/115/1b1_Ar_004.wav
115,1b1,Ar,LRTI,5,train,/Users/vs/Sem 5/Respiratory-Disease-Classification/data/processed/audio/cycles/115/1b1_Ar_005.wav
115,1b1,Ar,LRTI,5,train,/Users/vs/Sem 5/Respiratory-Disease-Classification/data/processed/audio/cycles/115/1b1_Ar_006.wav
115,1b1,Ar,LRTI,5,train,/Users/vs/Sem 5/Respiratory-Disease-Classification/data/processed/audio/cycles/115/1b1_Ar_007.wav
115,1b1,Ar,LRTI,5,train,/Users/vs/Sem 5/Respiratory-Disease-Classification/data/processed/audio/cycles/115/1b1_Ar_008.wav
115,1b1,Ar,LRTI,5,train,/Users/vs/Sem 5/Respiratory-Disease-Classification/data/processed/audio/cycles/115/1b1_Ar_009.wav
115,1b1,Ar,LRTI,5,train,/Users/vs/Sem 5/Respiratory-Disease-Classification/data/processed/audio/cycles/115/1b1_Ar_010.wav
115,1b1,Ar,LRTI,5,train,/Users/vs/Sem 5/Respiratory-Disease-Classification/data/processed/audio/cycles/115/1b1_Ar_011.wav
115,1b1,Ar,LRTI,5,train,/Users/vs/Sem 5/Respiratory-Disease-Classification/data/processed/audio/cycles/115/1b1_Ar_012.wav
115,1b1,Ar,LRTI,5,train,/Users/vs/Sem 5/Respiratory-Disease-Classification/data/processed/audio/cycles/115/1b1_Ar_013.wav
115,1b1,Ar,LRTI,5,train,/Users/vs/Sem 5/Respiratory-Disease-Classification/data/processed/audio/cycles/115/1b1_Ar_014.wav
115,1b1,Ar,LRTI,5,train,/Users/vs/Sem 5/Respiratory-Disease-Classification/data/processed/audio/cycles/115/1b1_Ar_015.wav
115,1b1,Ar,LRTI,5,train,/Users/vs/Sem 5/Respiratory-Disease-Classification/data/processed/audio/cycles/115/1b1_Ar_016.wav
115,1b1,Ar,LRTI,5,train,/Users/vs/Sem 5/Respiratory-Disease-Classification/data/processed/audio/cycles/115/1b1_Ar_017.wav
115,1b1,Ar,LRTI,5,train,/Users/vs/Sem 5/Respiratory-Disease-Classification/data/processed/audio/cycles/115/1b1_Ar_018.wav
115,1b1,Ar,LRTI,5,train,/Users/vs/Sem 5/Respiratory-Disease-Classification/data/processed/audio/cycles/115/1b1_Ar_019.wav
115,1b1,Ar,LRTI,5,train,/Users/vs/Sem 5/Respiratory-Disease-Classification/data/processed/audio/cycles/115/1b1_Ar_020.wav
115,1b1,Ar,LRTI,5,train,/Users/vs/Sem 5/Respiratory-Disease-Classification/data/processed/audio/cycles/115/1b1_Ar_021.wav
115,1b1,Ar,LRTI,5,train,/Users/vs/Sem 5/Respiratory-Disease-Classification/data/processed/audio/cycles/115/1b1_Ar_022.wav
115,1b1,Ar,LRTI,5,train,/Users/vs/Sem 5/Respiratory-Disease-Classification/data/processed/audio/cycles/115/1b1_Ar_023.wav
115,1b1,Ar,LRTI,5,train,/Users/vs/Sem 5/Respiratory-Disease-Classification/data/processed/audio/cycles/115/1b1_Ar_024.wav
116,1b2,Pl,Bronchiectasis,1,train,/Users/vs/Sem 5/Respiratory-Disease-Classification/data/processed/audio/cycles/116/1b2_Pl_001.wav
116,1b2,Pl,Bronchiectasis,1,train,/Users/vs/Sem 5/Respiratory-Disease-Classification/data/processed/audio/cycles/116/1b2_Pl_002.wav
116,1b2,Pl,Bronchiectasis,1,train,/Users/vs/Sem 5/Respiratory-Disease-Classification/data/processed/audio/cycles/116/1b2_Pl_003.wav
116,1b2,Pl,Bronchiectasis,1,train,/Users/vs/Sem 5/Respiratory-Disease-Classification/data/processed/audio/cycles/116/1b2_Pl_004.wav
116,1b2,Tc,Bronchiectasis,1,train,/Users/vs/Sem 5/Respiratory-Disease-Classification/data/processed/audio/cycles/116/1b2_Tc_001.wav
116,1b2,Tc,Bronchiectasis,1,train,/Users/vs/Sem 5/Respiratory-Disease-Classification/data/processed/audio/cycles/116/1b2_Tc_002.wav
116,1b2,Tc,Bronchiectasis,1,train,/Users/vs/Sem 5/Respiratory-Disease-Classification/data/processed/audio/cycles/116/1b2_Tc_003.wav
116,1b2,Tc,Bronchiectasis,1,train,/Users/vs/Sem 5/Respiratory-Disease-Classification/data/processed/audio/cycles/116/1b2_Tc_004.wav
117,1b2,Tc,COPD,3,train,/Users/vs/Sem 5/Respiratory-Disease-Classification/data/processed/audio/cycles/117/1b2_Tc_001.wav
117,1b2,Tc,COPD,3,train,/Users/vs/Sem 5/Respiratory-Disease-Classification/data/processed/audio/cycles/117/1b2_Tc_002.wav
117,1b2,Tc,COPD,3,train,/Users/vs/Sem 5/Respiratory-Disease-Classification/data/processed/audio/cycles/117/1b2_Tc_003.wav
117,1b2,Tc,COPD,3,train,/Users/vs/Sem 5/Respiratory-Disease-Classification/data/processed/audio/cycles/117/1b2_Tc_004.wav
117,1b2,Tc,COPD,3,train,/Users/vs/Sem 5/Respiratory-Disease-Classification/data/processed/audio/cycles/117/1b2_Tc_005.wav
117,1b2,Tc,COPD,3,train,/Users/vs/Sem 5/Respiratory-Disease-Classification/data/processed/audio/cycles/117/1b2_Tc_006.wav
117,1b2,Tc,COPD,3,train,/Users/vs/Sem 5/Respiratory-Disease-Classification/data/processed/audio/cycles/117/1b2_Tc_007.wav
117,1b3,Tc,COPD,3,train,/Users/vs/Sem 5/Respiratory-Disease-Classification/data/processed/audio/cycles/117/1b3_Tc_001.wav
117,1b3,Tc,COPD,3,train,/Users/vs/Sem 5/Respiratory-Disease-Classification/data/processed/audio/cycles/117/1b3_Tc_002.wav
117,1b3,Tc,COPD,3,train,/Users/vs/Sem 5/Respiratory-Disease-Classification/data/processed/audio/cycles/117/1b3_Tc_003.wav
117,1b3,Tc,COPD,3,train,/Users/vs/Sem 5/Respiratory-Disease-Classification/data/processed/audio/cycles/117/1b3_Tc_004.wav
117,1b3,Tc,COPD,3,train,/Users/vs/Sem 5/Respiratory-Disease-Classification/data/processed/audio/cycles/117/1b3_Tc_005.wav
118,1b1,Al,COPD,3,test,/Users/vs/Sem 5/Respiratory-Disease-Classification/data/processed/audio/cycles/118/1b1_Al_001.wav
118,1b1,Al,COPD,3,test,/Users/vs/Sem 5/Respiratory-Disease-Classification/data/processed/audio/cycles/118/1b1_Al_002.wav
118,1b1,Al,COPD,3,test,/Users/vs/Sem 5/Respiratory-Disease-Classification/data/processed/audio/cycles/118/1b1_Al_003.wav
118,1b1,Al,COPD,3,test,/Users/vs/Sem 5/Respiratory-Disease-Classification/data/processed/audio/cycles/118/1b1_Al_004.wav
118,1b1,Al,COPD,3,test,/Users/vs/Sem 5/Respiratory-Disease-Classification/data/processed/audio/cycles/118/1b1_Al_005.wav
118,1b1,Al,COPD,3,test,/Users/vs/Sem 5/Respiratory-Disease-Classification/data/processed/audio/cycles/118/1b1_Al_006.wav
118,1b1,Al,COPD,3,test,/Users/vs/Sem 5/Respiratory-Disease-Classification/data/processed/audio/cycles/118/1b1_Al_007.wav
118,1b1,Al,COPD,3,test,/Users/vs/Sem 5/Respiratory-Disease-Classification/data/processed/audio/cycles/118/1b1_Al_008.wav
118,1b1,Al,COPD,3,test,/Users/vs/Sem 5/Respiratory-Disease-Classification/data/processed/audio/cycles/118/1b1_Al_009.wav
118,1b1,Ar,COPD,3,test,/Users/vs/Sem 5/Respiratory-Disease-Classification/data/processed/audio/cycles/118/1b1_Ar_001.wav
118,1b1,Ar,COPD,3,test,/Users/vs/Sem 5/Respiratory-Disease-Classification/data/processed/audio/cycles/118/1b1_Ar_002.wav
118,1b1,Ar,COPD,3,test,/Users/vs/Sem 5/Respiratory-Disease-Classification/data/processed/audio/cycles/118/1b1_Ar_003.wav
118,1b1,Ar,COPD,3,test,/Users/vs/Sem 5/Respiratory-Disease-Classification/data/processed/audio/cycles/118/1b1_Ar_004.wav
118,1b1,Ar,COPD,3,test,/Users/vs/Sem 5/Respiratory-Disease-Classification/data/processed/audio/cycles/118/1b1_Ar_005.wav
118,1b1,Ar,COPD,3,test,/Users/vs/Sem 5/Respiratory-Disease-Classification/data/processed/audio/cycles/118/1b1_Ar_006.wav
118,1b1,Ar,COPD,3,test,/Users/vs/Sem 5/Respiratory-Disease-Classification/data/processed/audio/cycles/118/1b1_Ar_007.wav
118,1b1,Ar,COPD,3,test,/Users/vs/Sem 5/Respiratory-Disease-Classification/data/processed/audio/cycles/118/1b1_Ar_008.wav
118,1b1,Ar,COPD,3,test,/Users/vs/Sem 5/Respiratory-Disease-Classification/data/processed/audio/cycles/118/1b1_Ar_009.wav
118,1b1,Ll,COPD,3,test,/Users/vs/Sem 5/Respiratory-Disease-Classification/data/processed/audio/cycles/118/1b1_Ll_001.wav
118,1b1,Ll,COPD,3,test,/Users/vs/Sem 5/Respiratory-Disease-Classification/data/processed/audio/cycles/118/1b1_Ll_002.wav
118,1b1,Ll,COPD,3,test,/Users/vs/Sem 5/Respiratory-Disease-Classification/data/processed/audio/cycles/118/1b1_Ll_003.wav
118,1b1,Ll,COPD,3,test,/Users/vs/Sem 5/Respiratory-Disease-Classification/data/processed/audio/cycles/118/1b1_Ll_004.wav
118,1b1,Ll,COPD,3,test,/Users/vs/Sem 5/Respiratory-Disease-Classification/data/processed/audio/cycles/118/1b1_Ll_005.wav
118,1b1,Lr,COPD,3,test,/Users/vs/Sem 5/Respiratory-Disease-Classification/data/processed/audio/cycles/118/1b1_Lr_001.wav
118,1b1,Lr,COPD,3,test,/Users/vs/Sem 5/Respiratory-Disease-Classification/data/processed/audio/cycles/118/1b1_Lr_002.wav
118,1b1,Lr,COPD,3,test,/Users/vs/Sem 5/Respiratory-Disease-Classification/data/processed/audio/cycles/118/1b1_Lr_003.wav
118,1b1,Lr,COPD,3,test,/Users/vs/Sem 5/Respiratory-Disease-Classification/data/processed/audio/cycles/118/1b1_Lr_004.wav
118,1b1,Lr,COPD,3,test,/Users/vs/Sem 5/Respiratory-Disease-Classification/data/processed/audio/cycles/118/1b1_Lr_005.wav
118,1b1,Lr,COPD,3,test,/Users/vs/Sem 5/Respiratory-Disease-Classification/data/processed/audio/cycles/118/1b1_Lr_006.wav
118,1b1,Lr,COPD,3,test,/Users/vs/Sem 5/Respiratory-Disease-Classification/data/processed/audio/cycles/118/1b1_Lr_007.wav
118,1b1,Pl,COPD,3,test,/Users/vs/Sem 5/Respiratory-Disease-Classification/data/processed/audio/cycles/118/1b1_Pl_001.wav
118,1b1,Pl,COPD,3,test,/Users/vs/Sem 5/Respiratory-Disease-Classification/data/processed/audio/cycles/118/1b1_Pl_002.wav
118,1b1,Pl,COPD,3,test,/Users/vs/Sem 5/Respiratory-Disease-Classification/data/processed/audio/cycles/118/1b1_Pl_003.wav
118,1b1,Pl,COPD,3,test,/Users/vs/Sem 5/Respiratory-Disease-Classification/data/processed/audio/cycles/118/1b1_Pl_004.wav
118,1b1,Pl,COPD,3,test,/Users/vs/Sem 5/Respiratory-Disease-Classification/data/processed/audio/cycles/118/1b1_Pl_005.wav
118,1b1,Pr,COPD,3,test,/Users/vs/Sem 5/Respiratory-Disease-Classification/data/processed/audio/cycles/118/1b1_Pr_001.wav
118,1b1,Pr,COPD,3,test,/Users/vs/Sem 5/Respiratory-Disease-Classification/data/processed/audio/cycles/118/1b1_Pr_002.wav
118,1b1,Pr,COPD,3,test,/Users/vs/Sem 5/Respiratory-Disease-Classification/data/processed/audio/cycles/118/1b1_Pr_003.wav
118,1b1,Pr,COPD,3,test,/Users/vs/Sem 5/Respiratory-Disease-Classification/data/processed/audio/cycles/118/1b1_Pr_004.wav
118,1b1,Pr,COPD,3,test,/Users/vs/Sem 5/Respiratory-Disease-Classification/data/processed/audio/cycles/118/1b1_Pr_005.wav
119,1b1,Ar,URTI,7,test,/Users/vs/Sem 5/Respiratory-Disease-Classification/data/processed/audio/cycles/119/1b1_Ar_001.wav
119,1b1,Ar,URTI,7,test,/Users/vs/Sem 5/Respiratory-Disease-Classification/data/processed/audio/cycles/119/1b1_Ar_002.wav
119,1b1,Ar,URTI,7,test,/Users/vs/Sem 5/Respiratory-Disease-Classification/data/processed/audio/cycles/119/1b1_Ar_003.wav
119,1b1,Ar,URTI,7,test,/Users/vs/Sem 5/Respiratory-Disease-Classification/data/processed/audio/cycles/119/1b1_Ar_004.wav
119,1b1,Ar,URTI,7,test,/Users/vs/Sem 5/Respiratory-Disease-Classification/data/processed/audio/cycles/119/1b1_Ar_005.wav
119,1b1,Ar,URTI,7,test,/Users/vs/Sem 5/Respiratory-Disease-Classification/data/processed/audio/cycles/119/1b1_Ar_006.wav
119,1b1,Ar,URTI,7,test,/Users/vs/Sem 5/Respiratory-Disease-Classification/data/processed/audio/cycles/119/1b1_Ar_007.wav
119,1b1,Ar,URTI,7,test,/Users/vs/Sem 5/Respiratory-Disease-Classification/data/processed/audio/cycles/119/1b1_Ar_008.wav
119,1b1,Ar,URTI,7,test,/Users/vs/Sem 5/Respiratory-Disease-Classification/data/processed/audio/cycles/119/1b1_Ar_009.wav
120,1b1,Al,COPD,3,train,/Users/vs/Sem 5/Respiratory-Disease-Classification/data/processed/audio/cycles/120/1b1_Al_001.wav
120,1b1,Al,COPD,3,train,/Users/vs/Sem 5/Respiratory-Disease-Classification/data/processed/audio/cycles/120/1b1_Al_002.wav
120,1b1,Al,COPD,3,train,/Users/vs/Sem 5/Respiratory-Disease-Classification/data/processed/audio/cycles/120/1b1_Al_003.wav
120,1b1,Al,COPD,3,train,/Users/vs/Sem 5/Respiratory-Disease-Classification/data/processed/audio/cycles/120/1b1_Al_004.wav
120,1b1,Al,COPD,3,train,/Users/vs/Sem 5/Respiratory-Disease-Classification/data/processed/audio/cycles/120/1b1_Al_005.wav
120,1b1,Al,COPD,3,train,/Users/vs/Sem 5/Respiratory-Disease-Classification/data/processed/audio/cycles/120/1b1_Al_006.wav
120,1b1,Al,COPD,3,train,/Users/vs/Sem 5/Respiratory-Disease-Classification/data/processed/audio/cycles/120/1b1_Al_007.wav
120,1b1,Al,COPD,3,train,/Users/vs/Sem 5/Respiratory-Disease-Classification/data/processed/audio/cycles/120/1b1_Al_008.wav
120,1b1,Al,COPD,3,train,/Users/vs/Sem 5/Respiratory-Disease-Classification/data/processed/audio/cycles/120/1b1_Al_009.wav
120,1b1,Al,COPD,3,train,/Users/vs/Sem 5/Respiratory-Disease-Classification/data/processed/audio/cycles/120/1b1_Al_010.wav
120,1b1,Al,COPD,3,train,/Users/vs/Sem 5/Respiratory-Disease-Classification/data/processed/audio/cycles/120/1b1_Al_011.wav
120,1b1,Al,COPD,3,train,/Users/vs/Sem 5/Respiratory-Disease-Classification/data/processed/audio/cycles/120/1b1_Al_012.wav
120,1b1,Al,COPD,3,train,/Users/vs/Sem 5/Respiratory-Disease-Classification/data/processed/audio/cycles/120/1b1_Al_013.wav
120,1b1,Al,COPD,3,train,/Users/vs/Sem 5/Respiratory-Disease-Classification/data/processed/audio/cycles/120/1b1_Al_014.wav
120,1b1,Al,COPD,3,train,/Users/vs/Sem 5/Respiratory-Disease-Classification/data/processed/audio/cycles/120/1b1_Al_015.wav
120,1b1,Al,COPD,3,train,/Users/vs/Sem 5/Respiratory-Disease-Classification/data/processed/audio/cycles/120/1b1_Al_016.wav
120,1b1,Al,COPD,3,train,/Users/vs/Sem 5/Respiratory-Disease-Classification/data/processed/audio/cycles/120/1b1_Al_017.wav
120,1b1,Al,COPD,3,train,/Users/vs/Sem 5/Respiratory-Disease-Classification/data/processed/audio/cycles/120/1b1_Al_018.wav
120,1b1,Al,COPD,3,train,/Users/vs/Sem 5/Respiratory-Disease-Classification/data/processed/audio/cycles/120/1b1_Al_019.wav
120,1b1,Ar,COPD,3,train,/Users/vs/Sem 5/Respiratory-Disease-Classification/data/processed/audio/cycles/120/1b1_Ar_001.wav
120,1b1,Ar,COPD,3,train,/Users/vs/Sem 5/Respiratory-Disease-Classification/data/processed/audio/cycles/120/1b1_Ar_002.wav
120,1b1,Ar,COPD,3,train,/Users/vs/Sem 5/Respiratory-Disease-Classification/data/processed/audio/cycles/120/1b1_Ar_003.wav
120,1b1,Ar,COPD,3,train,/Users/vs/Sem 5/Respiratory-Disease-Classification/data/processed/audio/cycles/120/1b1_Ar_004.wav
120,1b1,Ar,COPD,3,train,/Users/vs/Sem 5/Respiratory-Disease-Classification/data/processed/audio/cycles/120/1b1_Ar_005.wav
120,1b1,Ar,COPD,3,train,/Users/vs/Sem 5/Respiratory-Disease-Classification/data/processed/audio/cycles/120/1b1_Ar_006.wav
120,1b1,Ar,COPD,3,train,/Users/vs/Sem 5/Respiratory-Disease-Classification/data/processed/audio/cycles/120/1b1_Ar_007.wav
120,1b1,Ar,COPD,3,train,/Users/vs/Sem 5/Respiratory-Disease-Classification/data/processed/audio/cycles/120/1b1_Ar_008.wav
120,1b1,Ar,COPD,3,train,/Users/vs/Sem 5/Respiratory-Disease-Classification/data/processed/audio/cycles/120/1b1_Ar_009.wav
120,1b1,Ar,COPD,3,train,/Users/vs/Sem 5/Respiratory-Disease-Classification/data/processed/audio/cycles/120/1b1_Ar_010.wav
120,1b1,Ar,COPD,3,train,/Users/vs/Sem 5/Respiratory-Disease-Classification/data/processed/audio/cycles/120/1b1_Ar_011.wav
120,1b1,Ar,COPD,3,train,/Users/vs/Sem 5/Respiratory-Disease-Classification/data/processed/audio/cycles/120/1b1_Ar_012.wav
120,1b1,Ar,COPD,3,train,/Users/vs/Sem 5/Respiratory-Disease-Classification/data/processed/audio/cycles/120/1b1_Ar_013.wav
120,1b1,Ar,COPD,3,train,/Users/vs/Sem 5/Respiratory-Disease-Classification/data/processed/audio/cycles/120/1b1_Ar_014.wav
120,1b1,Ar,COPD,3,train,/Users/vs/Sem 5/Respiratory-Disease-Classification/data/processed/audio/cycles/120/1b1_Ar_015.wav
120,1b1,Ar,COPD,3,train,/Users/vs/Sem 5/Respiratory-Disease-Classification/data/processed/audio/cycles/120/1b1_Ar_016.wav
120,1b1,Ar,COPD,3,train,/Users/vs/Sem 5/Respiratory-Disease-Classification/data/processed/audio/cycles/120/1b1_Ar_017.wav
120,1b1,Ar,COPD,3,train,/Users/vs/Sem 5/Respiratory-Disease-Classification/data/processed/audio/cycles/120/1b1_Ar_018.wav
120,1b1,Ar,COPD,3,train,/Users/vs/Sem 5/Respiratory-Disease-Classification/data/processed/audio/cycles/120/1b1_Ar_019.wav
120,1b1,Ar,COPD,3,train,/Users/vs/Sem 5/Respiratory-Disease-Classification/data/processed/audio/cycles/120/1b1_Ar_020.wav
120,1b1,Lr,COPD,3,train,/Users/vs/Sem 5/Respiratory-Disease-Classification/data/processed/audio/cycles/120/1b1_Lr_001.wav
120,1b1,Lr,COPD,3,train,/Users/vs/Sem 5/Respiratory-Disease-Classification/data/processed/audio/cycles/120/1b1_Lr_002.wav
120,1b1,Lr,COPD,3,train,/Users/vs/Sem 5/Respiratory-Disease-Classification/data/processed/audio/cycles/120/1b1_Lr_003.wav
120,1b1,Lr,COPD,3,train,/Users/vs/Sem 5/Respiratory-Disease-Classification/data/processed/audio/cycles/120/1b1_Lr_004.wav
120,1b1,Lr,COPD,3,train,/Users/vs/Sem 5/Respiratory-Disease-Classification/data/processed/audio/cycles/120/1b1_Lr_005.wav
120,1b1,Lr,COPD,3,train,/Users/vs/Sem 5/Respiratory-Disease-Classification/data/processed/audio/cycles/120/1b1_Lr_006.wav
120,1b1,Lr,COPD,3,train,/Users/vs/Sem 5/Respiratory-Disease-Classification/data/processed/audio/cycles/120/1b1_Lr_007.wav
120,1b1,Lr,COPD,3,train,/Users/vs/Sem 5/Respiratory-Disease-Classification/data/processed/audio/cycles/120/1b1_Lr_008.wav
120,1b1,Lr,COPD,3,train,/Users/vs/Sem 5/Respiratory-Disease-Classification/data/processed/audio/cycles/120/1b1_Lr_009.wav
120,1b1,Lr,COPD,3,train,/Users/vs/Sem 5/Respiratory-Disease-Classification/data/processed/audio/cycles/120/1b1_Lr_010.wav
120,1b1,Lr,COPD,3,train,/Users/vs/Sem 5/Respiratory-Disease-Classification/data/processed/audio/cycles/120/1b1_Lr_011.wav
120,1b1,Lr,COPD,3,train,/Users/vs/Sem 5/Respiratory-Disease-Classification/data/processed/audio/cycles/120/1b1_Lr_012.wav
120,1b1,Lr,COPD,3,train,/Users/vs/Sem 5/Respiratory-Disease-Classification/data/processed/audio/cycles/120/1b1_Lr_013.wav
120,1b1,Lr,COPD,3,train,/Users/vs/Sem 5/Respiratory-Disease-Classification/data/processed/audio/cycles/120/1b1_Lr_014.wav
120,1b1,Lr,COPD,3,train,/Users/vs/Sem 5/Respiratory-Disease-Classification/data/processed/audio/cycles/120/1b1_Lr_015.wav
120,1b1,Lr,COPD,3,train,/Users/vs/Sem 5/Respiratory-Disease-Classification/data/processed/audio/cycles/120/1b1_Lr_016.wav
120,1b1,Lr,COPD,3,train,/Users/vs/Sem 5/Respiratory-Disease-Classification/data/processed/audio/cycles/120/1b1_Lr_017.wav
120,1b1,Lr,COPD,3,train,/Users/vs/Sem 5/Respiratory-Disease-Classification/data/processed/audio/cycles/120/1b1_Lr_018.wav
120,1b1,Lr,COPD,3,train,/Users/vs/Sem 5/Respiratory-Disease-Classification/data/processed/audio/cycles/120/1b1_Lr_019.wav
120,1b1,Lr,COPD,3,train,/Users/vs/Sem 5/Respiratory-Disease-Classification/data/processed/audio/cycles/120/1b1_Lr_020.wav
120,1b1,Lr,COPD,3,train,/Users/vs/Sem 5/Respiratory-Disease-Classification/data/processed/audio/cycles/120/1b1_Lr_021.wav
120,1b1,Lr,COPD,3,train,/Users/vs/Sem 5/Respiratory-Disease-Classification/data/processed/audio/cycles/120/1b1_Lr_022.wav
120,1b1,Lr,COPD,3,train,/Users/vs/Sem 5/Respiratory-Disease-Classification/data/processed/audio/cycles/120/1b1_Lr_023.wav
120,1b1,Lr,COPD,3,train,/Users/vs/Sem 5/Respiratory-Disease-Classification/data/processed/audio/cycles/120/1b1_Lr_024.wav
120,1b1,Lr,COPD,3,train,/Users/vs/Sem 5/Respiratory-Disease-Classification/data/processed/audio/cycles/120/1b1_Lr_025.wav
120,1b1,Lr,COPD,3,train,/Users/vs/Sem 5/Respiratory-Disease-Classification/data/processed/audio/cycles/120/1b1_Lr_026.wav
120,1b1,Lr,COPD,3,train,/Users/vs/Sem 5/Respiratory-Disease-Classification/data/processed/audio/cycles/120/1b1_Lr_027.wav
120,1b1,Lr,COPD,3,train,/Users/vs/Sem 5/Respiratory-Disease-Classification/data/processed/audio/cycles/120/1b1_Lr_028.wav
120,1b1,Lr,COPD,3,train,/Users/vs/Sem 5/Respiratory-Disease-Classification/data/processed/audio/cycles/120/1b1_Lr_029.wav
120,1b1,Lr,COPD,3,train,/Users/vs/Sem 5/Respiratory-Disease-Classification/data/processed/audio/cycles/120/1b1_Lr_030.wav
120,1b1,Lr,COPD,3,train,/Users/vs/Sem 5/Respiratory-Disease-Classification/data/processed/audio/cycles/120/1b1_Lr_031.wav
120,1b1,Lr,COPD,3,train,/Users/vs/Sem 5/Respiratory-Disease-Classification/data/processed/audio/cycles/120/1b1_Lr_032.wav
120,1b1,Lr,COPD,3,train,/Users/vs/Sem 5/Respiratory-Disease-Classification/data/processed/audio/cycles/120/1b1_Lr_033.wav
120,1b1,Pl,COPD,3,train,/Users/vs/Sem 5/Respiratory-Disease-Classification/data/processed/audio/cycles/120/1b1_Pl_001.wav
120,1b1,Pl,COPD,3,train,/Users/vs/Sem 5/Respiratory-Disease-Classification/data/processed/audio/cycles/120/1b1_Pl_002.wav
120,1b1,Pl,COPD,3,train,/Users/vs/Sem 5/Respiratory-Disease-Classification/data/processed/audio/cycles/120/1b1_Pl_003.wav
120,1b1,Pl,COPD,3,train,/Users/vs/Sem 5/Respiratory-Disease-Classification/data/processed/audio/cycles/120/1b1_Pl_004.wav
120,1b1,Pl,COPD,3,train,/Users/vs/Sem 5/Respiratory-Disease-Classification/data/processed/audio/cycles/120/1b1_Pl_005.wav
120,1b1,Pl,COPD,3,train,/Users/vs/Sem 5/Respiratory-Disease-Classification/data/processed/audio/cycles/120/1b1_Pl_006.wav
120,1b1,Pl,COPD,3,train,/Users/vs/Sem 5/Respiratory-Disease-Classification/data/processed/audio/cycles/120/1b1_Pl_007.wav
120,1b1,Pl,COPD,3,train,/Users/vs/Sem 5/Respiratory-Disease-Classification/data/processed/audio/cycles/120/1b1_Pl_008.wav
120,1b1,Pl,COPD,3,train,/Users/vs/Sem 5/Respiratory-Disease-Classification/data/processed/audio/cycles/120/1b1_Pl_009.wav
120,1b1,Pl,COPD,3,train,/Users/vs/Sem 5/Respiratory-Disease-Classification/data/processed/audio/cycles/120/1b1_Pl_010.wav
120,1b1,Pl,COPD,3,train,/Users/vs/Sem 5/Respiratory-Disease-Classification/data/processed/audio/cycles/120/1b1_Pl_011.wav
120,1b1,Pl,COPD,3,train,/Users/vs/Sem 5/Respiratory-Disease-Classification/data/processed/audio/cycles/120/1b1_Pl_012.wav
120,1b1,Pl,COPD,3,train,/Users/vs/Sem 5/Respiratory-Disease-Classification/data/processed/audio/cycles/120/1b1_Pl_013.wav
120,1b1,Pl,COPD,3,train,/Users/vs/Sem 5/Respiratory-Disease-Classification/data/processed/audio/cycles/120/1b1_Pl_014.wav
120,1b1,Pl,COPD,3,train,/Users/vs/Sem 5/Respiratory-Disease-Classification/data/processed/audio/cycles/120/1b1_Pl_015.wav
120,1b1,Pl,COPD,3,train,/Users/vs/Sem 5/Respiratory-Disease-Classification/data/processed/audio/cycles/120/1b1_Pl_016.wav
120,1b1,Pl,COPD,3,train,/Users/vs/Sem 5/Respiratory-Disease-Classification/data/processed/audio/cycles/120/1b1_Pl_017.wav
120,1b1,Pl,COPD,3,train,/Users/vs/Sem 5/Respiratory-Disease-Classification/data/processed/audio/cycles/120/1b1_Pl_018.wav
120,1b1,Pl,COPD,3,train,/Users/vs/Sem 5/Respiratory-Disease-Classification/data/processed/audio/cycles/120/1b1_Pl_019.wav
120,1b1,Pl,COPD,3,train,/Users/vs/Sem 5/Respiratory-Disease-Classification/data/processed/audio/cycles/120/1b1_Pl_020.wav
120,1b1,Pl,COPD,3,train,/Users/vs/Sem 5/Respiratory-Disease-Classification/data/processed/audio/cycles/120/1b1_Pl_021.wav
120,1b1,Pl,COPD,3,train,/Users/vs/Sem 5/Respiratory-Disease-Classification/data/processed/audio/cycles/120/1b1_Pl_022.wav
120,1b1,Pl,COPD,3,train,/Users/vs/Sem 5/Respiratory-Disease-Classification/data/processed/audio/cycles/120/1b1_Pl_023.wav
120,1b1,Pl,COPD,3,train,/Users/vs/Sem 5/Respiratory-Disease-Classification/data/processed/audio/cycles/120/1b1_Pl_024.wav
120,1b1,Pl,COPD,3,train,/Users/vs/Sem 5/Respiratory-Disease-Classification/data/processed/audio/cycles/120/1b1_Pl_025.wav
120,1b1,Pl,COPD,3,train,/Users/vs/Sem 5/Respiratory-Disease-Classification/data/processed/audio/cycles/120/1b1_Pl_026.wav
120,1b1,Pl,COPD,3,train,/Users/vs/Sem 5/Respiratory-Disease-Classification/data/processed/audio/cycles/120/1b1_Pl_027.wav
120,1b1,Pl,COPD,3,train,/Users/vs/Sem 5/Respiratory-Disease-Classification/data/processed/audio/cycles/120/1b1_Pl_028.wav
120,1b1,Pl,COPD,3,train,/Users/vs/Sem 5/Respiratory-Disease-Classification/data/processed/audio/cycles/120/1b1_Pl_029.wav
120,1b1,Pl,COPD,3,train,/Users/vs/Sem 5/Respiratory-Disease-Classification/data/processed/audio/cycles/120/1b1_Pl_030.wav
120,1b1,Pr,COPD,3,train,/Users/vs/Sem 5/Respiratory-Disease-Classification/data/processed/audio/cycles/120/1b1_Pr_001.wav
120,1b1,Pr,COPD,3,train,/Users/vs/Sem 5/Respiratory-Disease-Classification/data/processed/audio/cycles/120/1b1_Pr_002.wav
120,1b1,Pr,COPD,3,train,/Users/vs/Sem 5/Respiratory-Disease-Classification/data/processed/audio/cycles/120/1b1_Pr_003.wav
120,1b1,Pr,COPD,3,train,/Users/vs/Sem 5/Respiratory-Disease-Classification/data/processed/audio/cycles/120/1b1_Pr_004.wav
120,1b1,Pr,COPD,3,train,/Users/vs/Sem 5/Respiratory-Disease-Classification/data/processed/audio/cycles/120/1b1_Pr_005.wav
120,1b1,Pr,COPD,3,train,/Users/vs/Sem 5/Respiratory-Disease-Classification/data/processed/audio/cycles/120/1b1_Pr_006.wav
120,1b1,Pr,COPD,3,train,/Users/vs/Sem 5/Respiratory-Disease-Classification/data/processed/audio/cycles/120/1b1_Pr_007.wav
120,1b1,Pr,COPD,3,train,/Users/vs/Sem 5/Respiratory-Disease-Classification/data/processed/audio/cycles/120/1b1_Pr_008.wav
120,1b1,Pr,COPD,3,train,/Users/vs/Sem 5/Respiratory-Disease-Classification/data/processed/audio/cycles/120/1b1_Pr_009.wav
120,1b1,Pr,COPD,3,train,/Users/vs/Sem 5/Respiratory-Disease-Classification/data/processed/audio/cycles/120/1b1_Pr_010.wav
120,1b1,Pr,COPD,3,train,/Users/vs/Sem 5/Respiratory-Disease-Classification/data/processed/audio/cycles/120/1b1_Pr_011.wav
120,1b1,Pr,COPD,3,train,/Users/vs/Sem 5/Respiratory-Disease-Classification/data/processed/audio/cycles/120/1b1_Pr_012.wav
120,1b1,Pr,COPD,3,train,/Users/vs/Sem 5/Respiratory-Disease-Classification/data/processed/audio/cycles/120/1b1_Pr_013.wav
120,1b1,Pr,COPD,3,train,/Users/vs/Sem 5/Respiratory-Disease-Classification/data/processed/audio/cycles/120/1b1_Pr_014.wav
120,1b1,Pr,COPD,3,train,/Users/vs/Sem 5/Respiratory-Disease-Classification/data/processed/audio/cycles/120/1b1_Pr_015.wav
120,1b1,Pr,COPD,3,train,/Users/vs/Sem 5/Respiratory-Disease-Classification/data/processed/audio/cycles/120/1b1_Pr_016.wav
120,1b1,Pr,COPD,3,train,/Users/vs/Sem 5/Respiratory-Disease-Classification/data/processed/audio/cycles/120/1b1_Pr_017.wav
120,1b1,Pr,COPD,3,train,/Users/vs/Sem 5/Respiratory-Disease-Classification/data/processed/audio/cycles/120/1b1_Pr_018.wav
120,1b1,Pr,COPD,3,train,/Users/vs/Sem 5/Respiratory-Disease-Classification/data/processed/audio/cycles/120/1b1_Pr_019.wav
120,1b1,Pr,COPD,3,train,/Users/vs/Sem 5/Respiratory-Disease-Classification/data/processed/audio/cycles/120/1b1_Pr_020.wav
120,1b1,Pr,COPD,3,train,/Users/vs/Sem 5/Respiratory-Disease-Classification/data/processed/audio/cycles/120/1b1_Pr_021.wav
121,1b1,Tc,Healthy,4,train,/Users/vs/Sem 5/Respiratory-Disease-Classification/data/processed/audio/cycles/121/1b1_Tc_001.wav
121,1b1,Tc,Healthy,4,train,/Users/vs/Sem 5/Respiratory-Disease-Classification/data/processed/audio/cycles/121/1b1_Tc_002.wav
121,1b1,Tc,Healthy,4,train,/Users/vs/Sem 5/Respiratory-Disease-Classification/data/processed/audio/cycles/121/1b1_Tc_003.wav
121,1b1,Tc,Healthy,4,train,/Users/vs/Sem 5/Respiratory-Disease-Classification/data/processed/audio/cycles/121/1b1_Tc_004.wav
121,1b1,Tc,Healthy,4,train,/Users/vs/Sem 5/Respiratory-Disease-Classification/data/processed/audio/cycles/121/1b1_Tc_005.wav
121,1b1,Tc,Healthy,4,train,/Users/vs/Sem 5/Respiratory-Disease-Classification/data/processed/audio/cycles/121/1b1_Tc_006.wav
121,1p1,Tc,Healthy,4,train,/Users/vs/Sem 5/Respiratory-Disease-Classification/data/processed/audio/cycles/121/1p1_Tc_001.wav
121,1p1,Tc,Healthy,4,train,/Users/vs/Sem 5/Respiratory-Disease-Classification/data/processed/audio/cycles/121/1p1_Tc_002.wav
121,1p1,Tc,Healthy,4,train,/Users/vs/Sem 5/Respiratory-Disease-Classification/data/processed/audio/cycles/121/1p1_Tc_003.wav
121,1p1,Tc,Healthy,4,train,/Users/vs/Sem 5/Respiratory-Disease-Classification/data/processed/audio/cycles/121/1p1_Tc_004.wav
121,1p1,Tc,Healthy,4,train,/Users/vs/Sem 5/Respiratory-Disease-Classification/data/processed/audio/cycles/121/1p1_Tc_005.wav
121,1p1,Tc,Healthy,4,train,/Users/vs/Sem 5/Respiratory-Disease-Classification/data/processed/audio/cycles/121/1p1_Tc_006.wav
121,1p1,Tc,Healthy,4,train,/Users/vs/Sem 5/Respiratory-Disease-Classification/data/processed/audio/cycles/121/1p1_Tc_007.wav
121,1p1,Tc,Healthy,4,train,/Users/vs/Sem 5/Respiratory-Disease-Classification/data/processed/audio/cycles/121/1p1_Tc_008.wav
122,2b1,Al,Pneumonia,6,train,/Users/vs/Sem 5/Respiratory-Disease-Classification/data/processed/audio/cycles/122/2b1_Al_001.wav
122,2b1,Al,Pneumonia,6,train,/Users/vs/Sem 5/Respiratory-Disease-Classification/data/processed/audio/cycles/122/2b1_Al_002.wav
122,2b1,Al,Pneumonia,6,train,/Users/vs/Sem 5/Respiratory-Disease-Classification/data/processed/audio/cycles/122/2b1_Al_003.wav
122,2b1,Al,Pneumonia,6,train,/Users/vs/Sem 5/Respiratory-Disease-Classification/data/processed/audio/cycles/122/2b1_Al_004.wav
122,2b1,Al,Pneumonia,6,train,/Users/vs/Sem 5/Respiratory-Disease-Classification/data/processed/audio/cycles/122/2b1_Al_005.wav
122,2b1,Al,Pneumonia,6,train,/Users/vs/Sem 5/Respiratory-Disease-Classification/data/processed/audio/cycles/122/2b1_Al_006.wav
122,2b1,Ar,Pneumonia,6,train,/Users/vs/Sem 5/Respiratory-Disease-Classification/data/processed/audio/cycles/122/2b1_Ar_001.wav
122,2b1,Ar,Pneumonia,6,train,/Users/vs/Sem 5/Respiratory-Disease-Classification/data/processed/audio/cycles/122/2b1_Ar_002.wav
122,2b1,Ar,Pneumonia,6,train,/Users/vs/Sem 5/Respiratory-Disease-Classification/data/processed/audio/cycles/122/2b1_Ar_003.wav
122,2b1,Ar,Pneumonia,6,train,/Users/vs/Sem 5/Respiratory-Disease-Classification/data/processed/audio/cycles/122/2b1_Ar_004.wav
122,2b1,Ar,Pneumonia,6,train,/Users/vs/Sem 5/Respiratory-Disease-Classification/data/processed/audio/cycles/122/2b1_Ar_005.wav
122,2b1,Ar,Pneumonia,6,train,/Users/vs/Sem 5/Respiratory-Disease-Classification/data/processed/audio/cycles/122/2b1_Ar_006.wav
122,2b1,Tc,Pneumonia,6,train,/Users/vs/Sem 5/Respiratory-Disease-Classification/data/processed/audio/cycles/122/2b1_Tc_001.wav
122,2b1,Tc,Pneumonia,6,train,/Users/vs/Sem 5/Respiratory-Disease-Classification/data/processed/audio/cycles/122/2b1_Tc_002.wav
122,2b1,Tc,Pneumonia,6,train,/Users/vs/Sem 5/Respiratory-Disease-Classification/data/processed/audio/cycles/122/2b1_Tc_003.wav
122,2b1,Tc,Pneumonia,6,train,/Users/vs/Sem 5/Respiratory-Disease-Classification/data/processed/audio/cycles/122/2b1_Tc_004.wav
122,2b1,Tc,Pneumonia,6,train,/Users/vs/Sem 5/Respiratory-Disease-Classification/data/processed/audio/cycles/122/2b1_Tc_005.wav
122,2b1,Tc,Pneumonia,6,train,/Users/vs/Sem 5/Respiratory-Disease-Classification/data/processed/audio/cycles/122/2b1_Tc_006.wav
122,2b2,Al,Pneumonia,6,train,/Users/vs/Sem 5/Respiratory-Disease-Classification/data/processed/audio/cycles/122/2b2_Al_001.wav
122,2b2,Al,Pneumonia,6,train,/Users/vs/Sem 5/Respiratory-Disease-Classification/data/processed/audio/cycles/122/2b2_Al_002.wav
122,2b2,Al,Pneumonia,6,train,/Users/vs/Sem 5/Respiratory-Disease-Classification/data/processed/audio/cycles/122/2b2_Al_003.wav
122,2b2,Al,Pneumonia,6,train,/Users/vs/Sem 5/Respiratory-Disease-Classification/data/processed/audio/cycles/122/2b2_Al_004.wav
122,2b2,Al,Pneumonia,6,train,/Users/vs/Sem 5/Respiratory-Disease-Classification/data/processed/audio/cycles/122/2b2_Al_005.wav
122,2b2,Al,Pneumonia,6,train,/Users/vs/Sem 5/Respiratory-Disease-Classification/data/processed/audio/cycles/122/2b2_Al_006.wav
122,2b2,Ar,Pneumonia,6,train,/Users/vs/Sem 5/Respiratory-Disease-Classification/data/processed/audio/cycles/122/2b2_Ar_001.wav
122,2b2,Ar,Pneumonia,6,train,/Users/vs/Sem 5/Respiratory-Disease-Classification/data/processed/audio/cycles/122/2b2_Ar_002.wav
122,2b2,Ar,Pneumonia,6,train,/Users/vs/Sem 5/Respiratory-Disease-Classification/data/processed/audio/cycles/122/2b2_Ar_003.wav
122,2b2,Ar,Pneumonia,6,train,/Users/vs/Sem 5/Respiratory-Disease-Classification/data/processed/audio/cycles/122/2b2_Ar_004.wav
122,2b2,Ar,Pneumonia,6,train,/Users/vs/Sem 5/Respiratory-Disease-Classification/data/processed/audio/cycles/122/2b2_Ar_005.wav
122,2b2,Ar,Pneumonia,6,train,/Users/vs/Sem 5/Respiratory-Disease-Classification/data/processed/audio/cycles/122/2b2_Ar_006.wav
122,2b2,Ar,Pneumonia,6,train,/Users/vs/Sem 5/Respiratory-Disease-Classification/data/processed/audio/cycles/122/2b2_Ar_007.wav
122,2b2,Tc,Pneumonia,6,train,/Users/vs/Sem 5/Respiratory-Disease-Classification/data/processed/audio/cycles/122/2b2_Tc_001.wav
122,2b2,Tc,Pneumonia,6,train,/Users/vs/Sem 5/Respiratory-Disease-Classification/data/processed/audio/cycles/122/2b2_Tc_002.wav
122,2b2,Tc,Pneumonia,6,train,/Users/vs/Sem 5/Respiratory-Disease-Classification/data/processed/audio/cycles/122/2b2_Tc_003.wav
122,2b2,Tc,Pneumonia,6,train,/Users/vs/Sem 5/Respiratory-Disease-Classification/data/processed/audio/cycles/122/2b2_Tc_004.wav
122,2b2,Tc,Pneumonia,6,train,/Users/vs/Sem 5/Respiratory-Disease-Classification/data/processed/audio/cycles/122/2b2_Tc_005.wav
122,2b2,Tc,Pneumonia,6,train,/Users/vs/Sem 5/Respiratory-Disease-Classification/data/processed/audio/cycles/122/2b2_Tc_006.wav
122,2b3,Al,Pneumonia,6,train,/Users/vs/Sem 5/Respiratory-Disease-Classification/data/processed/audio/cycles/122/2b3_Al_001.wav
122,2b3,Al,Pneumonia,6,train,/Users/vs/Sem 5/Respiratory-Disease-Classification/data/processed/audio/cycles/122/2b3_Al_002.wav
122,2b3,Al,Pneumonia,6,train,/Users/vs/Sem 5/Respiratory-Disease-Classification/data/processed/audio/cycles/122/2b3_Al_003.wav
122,2b3,Al,Pneumonia,6,train,/Users/vs/Sem 5/Respiratory-Disease-Classification/data/processed/audio/cycles/122/2b3_Al_004.wav
122,2b3,Al,Pneumonia,6,train,/Users/vs/Sem 5/Respiratory-Disease-Classification/data/processed/audio/cycles/122/2b3_Al_005.wav
122,2b3,Ar,Pneumonia,6,train,/Users/vs/Sem 5/Respiratory-Disease-Classification/data/processed/audio/cycles/122/2b3_Ar_001.wav
122,2b3,Ar,Pneumonia,6,train,/Users/vs/Sem 5/Respiratory-Disease-Classification/data/processed/audio/cycles/122/2b3_Ar_002.wav
122,2b3,Ar,Pneumonia,6,train,/Users/vs/Sem 5/Respiratory-Disease-Classification/data/processed/audio/cycles/122/2b3_Ar_003.wav
122,2b3,Ar,Pneumonia,6,train,/Users/vs/Sem 5/Respiratory-Disease-Classification/data/processed/audio/cycles/122/2b3_Ar_004.wav
122,2b3,Ar,Pneumonia,6,train,/Users/vs/Sem 5/Respiratory-Disease-Classification/data/processed/audio/cycles/122/2b3_Ar_005.wav
122,2b3,Tc,Pneumonia,6,train,/Users/vs/Sem 5/Respiratory-Disease-Classification/data/processed/audio/cycles/122/2b3_Tc_001.wav
122,2b3,Tc,Pneumonia,6,train,/Users/vs/Sem 5/Respiratory-Disease-Classification/data/processed/audio/cycles/122/2b3_Tc_002.wav
122,2b3,Tc,Pneumonia,6,train,/Users/vs/Sem 5/Respiratory-Disease-Classification/data/processed/audio/cycles/122/2b3_Tc_003.wav
122,2b3,Tc,Pneumonia,6,train,/Users/vs/Sem 5/Respiratory-Disease-Classification/data/processed/audio/cycles/122/2b3_Tc_004.wav
122,2b3,Tc,Pneumonia,6,train,/Users/vs/Sem 5/Respiratory-Disease-Classification/data/processed/audio/cycles/122/2b3_Tc_005.wav
123,1b1,Al,Healthy,4,test,/Users/vs/Sem 5/Respiratory-Disease-Classification/data/processed/audio/cycles/123/1b1_Al_001.wav
123,1b1,Al,Healthy,4,test,/Users/vs/Sem 5/Respiratory-Disease-Classification/data/processed/audio/cycles/123/1b1_Al_002.wav
123,1b1,Al,Healthy,4,test,/Users/vs/Sem 5/Respiratory-Disease-Classification/data/processed/audio/cycles/123/1b1_Al_003.wav
123,1b1,Al,Healthy,4,test,/Users/vs/Sem 5/Respiratory-Disease-Classification/data/processed/audio/cycles/123/1b1_Al_004.wav
123,1b1,Al,Healthy,4,test,/Users/vs/Sem 5/Respiratory-Disease-Classification/data/processed/audio/cycles/123/1b1_Al_005.wav
123,1b1,Al,Healthy,4,test,/Users/vs/Sem 5/Respiratory-Disease-Classification/data/processed/audio/cycles/123/1b1_Al_006.wav
123,1b1,Al,Healthy,4,test,/Users/vs/Sem 5/Respiratory-Disease-Classification/data/processed/audio/cycles/123/1b1_Al_007.wav
123,1b1,Al,Healthy,4,test,/Users/vs/Sem 5/Respiratory-Disease-Classification/data/processed/audio/cycles/123/1b1_Al_008.wav
124,1b1,Al,COPD,3,test,/Users/vs/Sem 5/Respiratory-Disease-Classification/data/processed/audio/cycles/124/1b1_Al_001.wav
124,1b1,Al,COPD,3,test,/Users/vs/Sem 5/Respiratory-Disease-Classification/data/processed/audio/cycles/124/1b1_Al_002.wav
124,1b1,Al,COPD,3,test,/Users/vs/Sem 5/Respiratory-Disease-Classification/data/processed/audio/cycles/124/1b1_Al_003.wav
124,1b1,Al,COPD,3,test,/Users/vs/Sem 5/Respiratory-Disease-Classification/data/processed/audio/cycles/124/1b1_Al_004.wav
124,1b1,Al,COPD,3,test,/Users/vs/Sem 5/Respiratory-Disease-Classification/data/processed/audio/cycles/124/1b1_Al_005.wav
124,1b1,Al,COPD,3,test,/Users/vs/Sem 5/Respiratory-Disease-Classification/data/processed/audio/cycles/124/1b1_Al_006.wav
124,1b1,Al,COPD,3,test,/Users/vs/Sem 5/Respiratory-Disease-Classification/data/processed/audio/cycles/124/1b1_Al_007.wav
124,1b1,Al,COPD,3,test,/Users/vs/Sem 5/Respiratory-Disease-Classification/data/processed/audio/cycles/124/1b1_Al_008.wav
124,1b1,Ar,COPD,3,test,/Users/vs/Sem 5/Respiratory-Disease-Classification/data/processed/audio/cycles/124/1b1_Ar_001.wav
124,1b1,Ar,COPD,3,test,/Users/vs/Sem 5/Respiratory-Disease-Classification/data/processed/audio/cycles/124/1b1_Ar_002.wav
124,1b1,Ar,COPD,3,test,/Users/vs/Sem 5/Respiratory-Disease-Classification/data/processed/audio/cycles/124/1b1_Ar_003.wav
124,1b1,Ar,COPD,3,test,/Users/vs/Sem 5/Respiratory-Disease-Classification/data/processed/audio/cycles/124/1b1_Ar_004.wav
124,1b1,Ar,COPD,3,test,/Users/vs/Sem 5/Respiratory-Disease-Classification/data/processed/audio/cycles/124/1b1_Ar_005.wav
124,1b1,Ar,COPD,3,test,/Users/vs/Sem 5/Respiratory-Disease-Classification/data/processed/audio/cycles/124/1b1_Ar_006.wav
124,1b1,Ar,COPD,3,test,/Users/vs/Sem 5/Respiratory-Disease-Classification/data/processed/audio/cycles/124/1b1_Ar_007.wav
124,1b1,Ll,COPD,3,test,/Users/vs/Sem 5/Respiratory-Disease-Classification/data/processed/audio/cycles/124/1b1_Ll_001.wav
124,1b1,Ll,COPD,3,test,/Users/vs/Sem 5/Respiratory-Disease-Classification/data/processed/audio/cycles/124/1b1_Ll_002.wav
124,1b1,Ll,COPD,3,test,/Users/vs/Sem 5/Respiratory-Disease-Classification/data/processed/audio/cycles/124/1b1_Ll_003.wav
124,1b1,Ll,COPD,3,test,/Users/vs/Sem 5/Respiratory-Disease-Classification/data/processed/audio/cycles/124/1b1_Ll_004.wav
124,1b1,Ll,COPD,3,test,/Users/vs/Sem 5/Respiratory-Disease-Classification/data/processed/audio/cycles/124/1b1_Ll_005.wav
124,1b1,Ll,COPD,3,test,/Users/vs/Sem 5/Respiratory-Disease-Classification/data/processed/audio/cycles/124/1b1_Ll_006.wav
124,1b1,Ll,COPD,3,test,/Users/vs/Sem 5/Respiratory-Disease-Classification/data/processed/audio/cycles/124/1b1_Ll_007.wav
124,1b1,Ll,COPD,3,test,/Users/vs/Sem 5/Respiratory-Disease-Classification/data/processed/audio/cycles/124/1b1_Ll_008.wav
124,1b1,Ll,COPD,3,test,/Users/vs/Sem 5/Respiratory-Disease-Classification/data/processed/audio/cycles/124/1b1_Ll_009.wav
124,1b1,Ll,COPD,3,test,/Users/vs/Sem 5/Respiratory-Disease-Classification/data/processed/audio/cycles/124/1b1_Ll_010.wav
124,1b1,Lr,COPD,3,test,/Users/vs/Sem 5/Respiratory-Disease-Classification/data/processed/audio/cycles/124/1b1_Lr_001.wav
124,1b1,Lr,COPD,3,test,/Users/vs/Sem 5/Respiratory-Disease-Classification/data/processed/audio/cycles/124/1b1_Lr_002.wav
124,1b1,Lr,COPD,3,test,/Users/vs/Sem 5/Respiratory-Disease-Classification/data/processed/audio/cycles/124/1b1_Lr_003.wav
124,1b1,Lr,COPD,3,test,/Users/vs/Sem 5/Respiratory-Disease-Classification/data/processed/audio/cycles/124/1b1_Lr_004.wav
124,1b1,Lr,COPD,3,test,/Users/vs/Sem 5/Respiratory-Disease-Classification/data/processed/audio/cycles/124/1b1_Lr_005.wav
124,1b1,Lr,COPD,3,test,/Users/vs/Sem 5/Respiratory-Disease-Classification/data/processed/audio/cycles/124/1b1_Lr_006.wav
124,1b1,Lr,COPD,3,test,/Users/vs/Sem 5/Respiratory-Disease-Classification/data/processed/audio/cycles/124/1b1_Lr_007.wav
124,1b1,Lr,COPD,3,test,/Users/vs/Sem 5/Respiratory-Disease-Classification/data/processed/audio/cycles/124/1b1_Lr_008.wav
124,1b1,Lr,COPD,3,test,/Users/vs/Sem 5/Respiratory-Disease-Classification/data/processed/audio/cycles/124/1b1_Lr_009.wav
124,1b1,Lr,COPD,3,test,/Users/vs/Sem 5/Respiratory-Disease-Classification/data/processed/audio/cycles/124/1b1_Lr_010.wav
124,1b1,Pl,COPD,3,test,/Users/vs/Sem 5/Respiratory-Disease-Classification/data/processed/audio/cycles/124/1b1_Pl_001.wav
124,1b1,Pl,COPD,3,test,/Users/vs/Sem 5/Respiratory-Disease-Classification/data/processed/audio/cycles/124/1b1_Pl_002.wav
124,1b1,Pl,COPD,3,test,/Users/vs/Sem 5/Respiratory-Disease-Classification/data/processed/audio/cycles/124/1b1_Pl_003.wav
124,1b1,Pl,COPD,3,test,/Users/vs/Sem 5/Respiratory-Disease-Classification/data/processed/audio/cycles/124/1b1_Pl_004.wav
124,1b1,Pl,COPD,3,test,/Users/vs/Sem 5/Respiratory-Disease-Classification/data/processed/audio/cycles/124/1b1_Pl_005.wav
124,1b1,Pl,COPD,3,test,/Users/vs/Sem 5/Respiratory-Disease-Classification/data/processed/audio/cycles/124/1b1_Pl_006.wav
124,1b1,Pl,COPD,3,test,/Users/vs/Sem 5/Respiratory-Disease-Classification/data/processed/audio/cycles/124/1b1_Pl_007.wav
124,1b1,Pr,COPD,3,test,/Users/vs/Sem 5/Respiratory-Disease-Classification/data/processed/audio/cycles/124/1b1_Pr_001.wav
124,1b1,Pr,COPD,3,test,/Users/vs/Sem 5/Respiratory-Disease-Classification/data/processed/audio/cycles/124/1b1_Pr_002.wav
124,1b1,Pr,COPD,3,test,/Users/vs/Sem 5/Respiratory-Disease-Classification/data/processed/audio/cycles/124/1b1_Pr_003.wav
124,1b1,Pr,COPD,3,test,/Users/vs/Sem 5/Respiratory-Disease-Classification/data/processed/audio/cycles/124/1b1_Pr_004.wav
124,1b1,Pr,COPD,3,test,/Users/vs/Sem 5/Respiratory-Disease-Classification/data/processed/audio/cycles/124/1b1_Pr_005.wav
124,1b1,Pr,COPD,3,test,/Users/vs/Sem 5/Respiratory-Disease-Classification/data/processed/audio/cycles/124/1b1_Pr_006.wav
125,1b1,Tc,Healthy,4,train,/Users/vs/Sem 5/Respiratory-Disease-Classification/data/processed/audio/cycles/125/1b1_Tc_001.wav
125,1b1,Tc,Healthy,4,train,/Users/vs/Sem 5/Respiratory-Disease-Classification/data/processed/audio/cycles/125/1b1_Tc_002.wav
125,1b1,Tc,Healthy,4,train,/Users/vs/Sem 5/Respiratory-Disease-Classification/data/processed/audio/cycles/125/1b1_Tc_003.wav
125,1b1,Tc,Healthy,4,train,/Users/vs/Sem 5/Respiratory-Disease-Classification/data/processed/audio/cycles/125/1b1_Tc_004.wav
125,1b1,Tc,Healthy,4,train,/Users/vs/Sem 5/Respiratory-Disease-Classification/data/processed/audio/cycles/125/1b1_Tc_005.wav
125,1b1,Tc,Healthy,4,train,/Users/vs/Sem 5/Respiratory-Disease-Classification/data/processed/audio/cycles/125/1b1_Tc_006.wav
126,1b1,Al,Healthy,4,test,/Users/vs/Sem 5/Respiratory-Disease-Classification/data/processed/audio/cycles/126/1b1_Al_001.wav
126,1b1,Al,Healthy,4,test,/Users/vs/Sem 5/Respiratory-Disease-Classification/data/processed/audio/cycles/126/1b1_Al_002.wav
126,1b1,Al,Healthy,4,test,/Users/vs/Sem 5/Respiratory-Disease-Classification/data/processed/audio/cycles/126/1b1_Al_003.wav
126,1b1,Al,Healthy,4,test,/Users/vs/Sem 5/Respiratory-Disease-Classification/data/processed/audio/cycles/126/1b1_Al_004.wav
126,1b1,Al,Healthy,4,test,/Users/vs/Sem 5/Respiratory-Disease-Classification/data/processed/audio/cycles/126/1b1_Al_005.wav
126,1b1,Al,Healthy,4,test,/Users/vs/Sem 5/Respiratory-Disease-Classification/data/processed/audio/cycles/126/1b1_Al_006.wav
126,1b1,Al,Healthy,4,test,/Users/vs/Sem 5/Respiratory-Disease-Classification/data/processed/audio/cycles/126/1b1_Al_007.wav
126,1b1,Al,Healthy,4,test,/Users/vs/Sem 5/Respiratory-Disease-Classification/data/processed/audio/cycles/126/1b1_Al_008.wav
126,1b1,Al,Healthy,4,test,/Users/vs/Sem 5/Respiratory-Disease-Classification/data/processed/audio/cycles/126/1b1_Al_009.wav
126,1b1,Al,Healthy,4,test,/Users/vs/Sem 5/Respiratory-Disease-Classification/data/processed/audio/cycles/126/1b1_Al_010.wav
126,1b1,Al,Healthy,4,test,/Users/vs/Sem 5/Respiratory-Disease-Classification/data/processed/audio/cycles/126/1b1_Al_011.wav
127,1b1,Ar,Healthy,4,train,/Users/vs/Sem 5/Respiratory-Disease-Classification/data/processed/audio/cycles/127/1b1_Ar_001.wav
127,1b1,Ar,Healthy,4,train,/Users/vs/Sem 5/Respiratory-Disease-Classification/data/processed/audio/cycles/127/1b1_Ar_002.wav
127,1b1,Ar,Healthy,4,train,/Users/vs/Sem 5/Respiratory-Disease-Classification/data/processed/audio/cycles/127/1b1_Ar_003.wav
127,1b1,Ar,Healthy,4,train,/Users/vs/Sem 5/Respiratory-Disease-Classification/data/processed/audio/cycles/127/1b1_Ar_004.wav
127,1b1,Ar,Healthy,4,train,/Users/vs/Sem 5/Respiratory-Disease-Classification/data/processed/audio/cycles/127/1b1_Ar_005.wav
127,1b1,Ar,Healthy,4,train,/Users/vs/Sem 5/Respiratory-Disease-Classification/data/processed/audio/cycles/127/1b1_Ar_006.wav
127,1b1,Ar,Healthy,4,train,/Users/vs/Sem 5/Respiratory-Disease-Classification/data/processed/audio/cycles/127/1b1_Ar_007.wav
127,1b1,Ar,Healthy,4,train,/Users/vs/Sem 5/Respiratory-Disease-Classification/data/processed/audio/cycles/127/1b1_Ar_008.wav
127,1b1,Ar,Healthy,4,train,/Users/vs/Sem 5/Respiratory-Disease-Classification/data/processed/audio/cycles/127/1b1_Ar_009.wav
127,1b1,Ar,Healthy,4,train,/Users/vs/Sem 5/Respiratory-Disease-Classification/data/processed/audio/cycles/127/1b1_Ar_010.wav
128,1b3,Tc,COPD,3,train,/Users/vs/Sem 5/Respiratory-Disease-Classification/data/processed/audio/cycles/128/1b3_Tc_001.wav
128,1b3,Tc,COPD,3,train,/Users/vs/Sem 5/Respiratory-Disease-Classification/data/processed/audio/cycles/128/1b3_Tc_002.wav
128,1b3,Tc,COPD,3,train,/Users/vs/Sem 5/Respiratory-Disease-Classification/data/processed/audio/cycles/128/1b3_Tc_003.wav
128,1b3,Tc,COPD,3,train,/Users/vs/Sem 5/Respiratory-Disease-Classification/data/processed/audio/cycles/128/1b3_Tc_004.wav
128,1b3,Tc,COPD,3,train,/Users/vs/Sem 5/Respiratory-Disease-Classification/data/processed/audio/cycles/128/1b3_Tc_005.wav
129,1b1,Ar,URTI,7,train,/Users/vs/Sem 5/Respiratory-Disease-Classification/data/processed/audio/cycles/129/1b1_Ar_001.wav
129,1b1,Ar,URTI,7,train,/Users/vs/Sem 5/Respiratory-Disease-Classification/data/processed/audio/cycles/129/1b1_Ar_002.wav
129,1b1,Ar,URTI,7,train,/Users/vs/Sem 5/Respiratory-Disease-Classification/data/processed/audio/cycles/129/1b1_Ar_003.wav
129,1b1,Ar,URTI,7,train,/Users/vs/Sem 5/Respiratory-Disease-Classification/data/processed/audio/cycles/129/1b1_Ar_004.wav
129,1b1,Ar,URTI,7,train,/Users/vs/Sem 5/Respiratory-Disease-Classification/data/processed/audio/cycles/129/1b1_Ar_005.wav
129,1b1,Ar,URTI,7,train,/Users/vs/Sem 5/Respiratory-Disease-Classification/data/processed/audio/cycles/129/1b1_Ar_006.wav
129,1b1,Ar,URTI,7,train,/Users/vs/Sem 5/Respiratory-Disease-Classification/data/processed/audio/cycles/129/1b1_Ar_007.wav
129,1b1,Ar,URTI,7,train,/Users/vs/Sem 5/Respiratory-Disease-Classification/data/processed/audio/cycles/129/1b1_Ar_008.wav
129,1b1,Ar,URTI,7,train,/Users/vs/Sem 5/Respiratory-Disease-Classification/data/processed/audio/cycles/129/1b1_Ar_009.wav
130,1p2,Al,COPD,3,train,/Users/vs/Sem 5/Respiratory-Disease-Classification/data/processed/audio/cycles/130/1p2_Al_001.wav
130,1p2,Al,COPD,3,train,/Users/vs/Sem 5/Respiratory-Disease-Classification/data/processed/audio/cycles/130/1p2_Al_002.wav
130,1p2,Al,COPD,3,train,/Users/vs/Sem 5/Respiratory-Disease-Classification/data/processed/audio/cycles/130/1p2_Al_003.wav
130,1p2,Al,COPD,3,train,/Users/vs/Sem 5/Respiratory-Disease-Classification/data/processed/audio/cycles/130/1p2_Al_004.wav
130,1p2,Al,COPD,3,train,/Users/vs/Sem 5/Respiratory-Disease-Classification/data/processed/audio/cycles/130/1p2_Al_005.wav
130,1p2,Al,COPD,3,train,/Users/vs/Sem 5/Respiratory-Disease-Classification/data/processed/audio/cycles/130/1p2_Al_006.wav
130,1p2,Al,COPD,3,train,/Users/vs/Sem 5/Respiratory-Disease-Classification/data/processed/audio/cycles/130/1p2_Al_007.wav
130,1p2,Ar,COPD,3,train,/Users/vs/Sem 5/Respiratory-Disease-Classification/data/processed/audio/cycles/130/1p2_Ar_001.wav
130,1p2,Ar,COPD,3,train,/Users/vs/Sem 5/Respiratory-Disease-Classification/data/processed/audio/cycles/130/1p2_Ar_002.wav
130,1p2,Ar,COPD,3,train,/Users/vs/Sem 5/Respiratory-Disease-Classification/data/processed/audio/cycles/130/1p2_Ar_003.wav
130,1p2,Ar,COPD,3,train,/Users/vs/Sem 5/Respiratory-Disease-Classification/data/processed/audio/cycles/130/1p2_Ar_004.wav
130,1p2,Ar,COPD,3,train,/Users/vs/Sem 5/Respiratory-Disease-Classification/data/processed/audio/cycles/130/1p2_Ar_005.wav
130,1p2,Ar,COPD,3,train,/Users/vs/Sem 5/Respiratory-Disease-Classification/data/processed/audio/cycles/130/1p2_Ar_006.wav
130,1p2,Ar,COPD,3,train,/Users/vs/Sem 5/Respiratory-Disease-Classification/data/processed/audio/cycles/130/1p2_Ar_007.wav
130,1p2,Ll,COPD,3,train,/Users/vs/Sem 5/Respiratory-Disease-Classification/data/processed/audio/cycles/130/1p2_Ll_001.wav
130,1p2,Ll,COPD,3,train,/Users/vs/Sem 5/Respiratory-Disease-Classification/data/processed/audio/cycles/130/1p2_Ll_002.wav
130,1p2,Ll,COPD,3,train,/Users/vs/Sem 5/Respiratory-Disease-Classification/data/processed/audio/cycles/130/1p2_Ll_003.wav
130,1p2,Ll,COPD,3,train,/Users/vs/Sem 5/Respiratory-Disease-Classification/data/processed/audio/cycles/130/1p2_Ll_004.wav
130,1p2,Ll,COPD,3,train,/Users/vs/Sem 5/Respiratory-Disease-Classification/data/processed/audio/cycles/130/1p2_Ll_005.wav
130,1p2,Ll,COPD,3,train,/Users/vs/Sem 5/Respiratory-Disease-Classification/data/processed/audio/cycles/130/1p2_Ll_006.wav
130,1p2,Ll,COPD,3,train,/Users/vs/Sem 5/Respiratory-Disease-Classification/data/processed/audio/cycles/130/1p2_Ll_007.wav
130,1p2,Lr,COPD,3,train,/Users/vs/Sem 5/Respiratory-Disease-Classification/data/processed/audio/cycles/130/1p2_Lr_001.wav
130,1p2,Lr,COPD,3,train,/Users/vs/Sem 5/Respiratory-Disease-Classification/data/processed/audio/cycles/130/1p2_Lr_002.wav
130,1p2,Lr,COPD,3,train,/Users/vs/Sem 5/Respiratory-Disease-Classification/data/processed/audio/cycles/130/1p2_Lr_003.wav
130,1p2,Lr,COPD,3,train,/Users/vs/Sem 5/Respiratory-Disease-Classification/data/processed/audio/cycles/130/1p2_Lr_004.wav
130,1p2,Lr,COPD,3,train,/Users/vs/Sem 5/Respiratory-Disease-Classification/data/processed/audio/cycles/130/1p2_Lr_005.wav
130,1p2,Lr,COPD,3,train,/Users/vs/Sem 5/Respiratory-Disease-Classification/data/processed/audio/cycles/130/1p2_Lr_006.wav
130,1p2,Lr,COPD,3,train,/Users/vs/Sem 5/Respiratory-Disease-Classification/data/processed/audio/cycles/130/1p2_Lr_007.wav
130,1p2,Pl,COPD,3,train,/Users/vs/Sem 5/Respiratory-Disease-Classification/data/processed/audio/cycles/130/1p2_Pl_001.wav
130,1p2,Pl,COPD,3,train,/Users/vs/Sem 5/Respiratory-Disease-Classification/data/processed/audio/cycles/130/1p2_Pl_002.wav
130,1p2,Pl,COPD,3,train,/Users/vs/Sem 5/Respiratory-Disease-Classification/data/processed/audio/cycles/130/1p2_Pl_003.wav
130,1p2,Pl,COPD,3,train,/Users/vs/Sem 5/Respiratory-Disease-Classification/data/processed/audio/cycles/130/1p2_Pl_004.wav
130,1p2,Pl,COPD,3,train,/Users/vs/Sem 5/Respiratory-Disease-Classification/data/processed/audio/cycles/130/1p2_Pl_005.wav
130,1p2,Pl,COPD,3,train,/Users/vs/Sem 5/Respiratory-Disease-Classification/data/processed/audio/cycles/130/1p2_Pl_006.wav
130,1p2,Pl,COPD,3,train,/Users/vs/Sem 5/Respiratory-Disease-Classification/data/processed/audio/cycles/130/1p2_Pl_007.wav
130,1p2,Pr,COPD,3,train,/Users/vs/Sem 5/Respiratory-Disease-Classification/data/processed/audio/cycles/130/1p2_Pr_001.wav
130,1p2,Pr,COPD,3,train,/Users/vs/Sem 5/Respiratory-Disease-Classification/data/processed/audio/cycles/130/1p2_Pr_002.wav
130,1p2,Pr,COPD,3,train,/Users/vs/Sem 5/Respiratory-Disease-Classification/data/processed/audio/cycles/130/1p2_Pr_003.wav
130,1p2,Pr,COPD,3,train,/Users/vs/Sem 5/Respiratory-Disease-Classification/data/processed/audio/cycles/130/1p2_Pr_004.wav
130,1p2,Pr,COPD,3,train,/Users/vs/Sem 5/Respiratory-Disease-Classification/data/processed/audio/cycles/130/1p2_Pr_005.wav
130,1p2,Pr,COPD,3,train,/Users/vs/Sem 5/Respiratory-Disease-Classification/data/processed/audio/cycles/130/1p2_Pr_006.wav
130,1p2,Pr,COPD,3,train,/Users/vs/Sem 5/Respiratory-Disease-Classification/data/processed/audio/cycles/130/1p2_Pr_007.wav
130,1p2,Tc,COPD,3,train,/Users/vs/Sem 5/Respiratory-Disease-Classification/data/processed/audio/cycles/130/1p2_Tc_001.wav
130,1p2,Tc,COPD,3,train,/Users/vs/Sem 5/Respiratory-Disease-Classification/data/processed/audio/cycles/130/1p2_Tc_002.wav
130,1p2,Tc,COPD,3,train,/Users/vs/Sem 5/Respiratory-Disease-Classification/data/processed/audio/cycles/130/1p2_Tc_003.wav
130,1p2,Tc,COPD,3,train,/Users/vs/Sem 5/Respiratory-Disease-Classification/data/processed/audio/cycles/130/1p2_Tc_004.wav
130,1p2,Tc,COPD,3,train,/Users/vs/Sem 5/Respiratory-Disease-Classification/data/processed/audio/cycles/130/1p2_Tc_005.wav
130,1p2,Tc,COPD,3,train,/Users/vs/Sem 5/Respiratory-Disease-Classification/data/processed/audio/cycles/130/1p2_Tc_006.wav
130,1p2,Tc,COPD,3,train,/Users/vs/Sem 5/Respiratory-Disease-Classification/data/processed/audio/cycles/130/1p2_Tc_007.wav
130,1p3,Al,COPD,3,train,/Users/vs/Sem 5/Respiratory-Disease-Classification/data/processed/audio/cycles/130/1p3_Al_001.wav
130,1p3,Al,COPD,3,train,/Users/vs/Sem 5/Respiratory-Disease-Classification/data/processed/audio/cycles/130/1p3_Al_002.wav
130,1p3,Al,COPD,3,train,/Users/vs/Sem 5/Respiratory-Disease-Classification/data/processed/audio/cycles/130/1p3_Al_003.wav
130,1p3,Al,COPD,3,train,/Users/vs/Sem 5/Respiratory-Disease-Classification/data/processed/audio/cycles/130/1p3_Al_004.wav
130,1p3,Al,COPD,3,train,/Users/vs/Sem 5/Respiratory-Disease-Classification/data/processed/audio/cycles/130/1p3_Al_005.wav
130,1p3,Al,COPD,3,train,/Users/vs/Sem 5/Respiratory-Disease-Classification/data/processed/audio/cycles/130/1p3_Al_006.wav
130,1p3,Ar,COPD,3,train,/Users/vs/Sem 5/Respiratory-Disease-Classification/data/processed/audio/cycles/130/1p3_Ar_001.wav
130,1p3,Ar,COPD,3,train,/Users/vs/Sem 5/Respiratory-Disease-Classification/data/processed/audio/cycles/130/1p3_Ar_002.wav
130,1p3,Ar,COPD,3,train,/Users/vs/Sem 5/Respiratory-Disease-Classification/data/processed/audio/cycles/130/1p3_Ar_003.wav
130,1p3,Ar,COPD,3,train,/Users/vs/Sem 5/Respiratory-Disease-Classification/data/processed/audio/cycles/130/1p3_Ar_004.wav
130,1p3,Ar,COPD,3,train,/Users/vs/Sem 5/Respiratory-Disease-Classification/data/processed/audio/cycles/130/1p3_Ar_005.wav
130,1p3,Ar,COPD,3,train,/Users/vs/Sem 5/Respiratory-Disease-Classification/data/processed/audio/cycles/130/1p3_Ar_006.wav
130,1p3,Ll,COPD,3,train,/Users/vs/Sem 5/Respiratory-Disease-Classification/data/processed/audio/cycles/130/1p3_Ll_001.wav
130,1p3,Ll,COPD,3,train,/Users/vs/Sem 5/Respiratory-Disease-Classification/data/processed/audio/cycles/130/1p3_Ll_002.wav
130,1p3,Ll,COPD,3,train,/Users/vs/Sem 5/Respiratory-Disease-Classification/data/processed/audio/cycles/130/1p3_Ll_003.wav
130,1p3,Ll,COPD,3,train,/Users/vs/Sem 5/Respiratory-Disease-Classification/data/processed/audio/cycles/130/1p3_Ll_004.wav
130,1p3,Ll,COPD,3,train,/Users/vs/Sem 5/Respiratory-Disease-Classification/data/processed/audio/cycles/130/1p3_Ll_005.wav
130,1p3,Ll,COPD,3,train,/Users/vs/Sem 5/Respiratory-Disease-Classification/data/processed/audio/cycles/130/1p3_Ll_006.wav
130,1p3,Lr,COPD,3,train,/Users/vs/Sem 5/Respiratory-Disease-Classification/data/processed/audio/cycles/130/1p3_Lr_001.wav
130,1p3,Lr,COPD,3,train,/Users/vs/Sem 5/Respiratory-Disease-Classification/data/processed/audio/cycles/130/1p3_Lr_002.wav
130,1p3,Lr,COPD,3,train,/Users/vs/Sem 5/Respiratory-Disease-Classification/data/processed/audio/cycles/130/1p3_Lr_003.wav
130,1p3,Lr,COPD,3,train,/Users/vs/Sem 5/Respiratory-Disease-Classification/data/processed/audio/cycles/130/1p3_Lr_004.wav
130,1p3,Lr,COPD,3,train,/Users/vs/Sem 5/Respiratory-Disease-Classification/data/processed/audio/cycles/130/1p3_Lr_005.wav
130,1p3,Lr,COPD,3,train,/Users/vs/Sem 5/Respiratory-Disease-Classification/data/processed/audio/cycles/130/1p3_Lr_006.wav
130,1p3,Pl,COPD,3,train,/Users/vs/Sem 5/Respiratory-Disease-Classification/data/processed/audio/cycles/130/1p3_Pl_001.wav
130,1p3,Pl,COPD,3,train,/Users/vs/Sem 5/Respiratory-Disease-Classification/data/processed/audio/cycles/130/1p3_Pl_002.wav
130,1p3,Pl,COPD,3,train,/Users/vs/Sem 5/Respiratory-Disease-Classification/data/processed/audio/cycles/130/1p3_Pl_003.wav
130,1p3,Pl,COPD,3,train,/Users/vs/Sem 5/Respiratory-Disease-Classification/data/processed/audio/cycles/130/1p3_Pl_004.wav
130,1p3,Pl,COPD,3,train,/Users/vs/Sem 5/Respiratory-Disease-Classification/data/processed/audio/cycles/130/1p3_Pl_005.wav
130,1p3,Pl,COPD,3,train,/Users/vs/Sem 5/Respiratory-Disease-Classification/data/processed/audio/cycles/130/1p3_Pl_006.wav
130,1p3,Pr,COPD,3,train,/Users/vs/Sem 5/Respiratory-Disease-Classification/data/processed/audio/cycles/130/1p3_Pr_001.wav
130,1p3,Pr,COPD,3,train,/Users/vs/Sem 5/Respiratory-Disease-Classification/data/processed/audio/cycles/130/1p3_Pr_002.wav
130,1p3,Pr,COPD,3,train,/Users/vs/Sem 5/Respiratory-Disease-Classification/data/processed/audio/cycles/130/1p3_Pr_003.wav
130,1p3,Pr,COPD,3,train,/Users/vs/Sem 5/Respiratory-Disease-Classification/data/processed/audio/cycles/130/1p3_Pr_004.wav
130,1p3,Pr,COPD,3,train,/Users/vs/Sem 5/Respiratory-Disease-Classification/data/processed/audio/cycles/130/1p3_Pr_005.wav
130,1p3,Pr,COPD,3,train,/Users/vs/Sem 5/Respiratory-Disease-Classification/data/processed/audio/cycles/130/1p3_Pr_006.wav
130,1p3,Tc,COPD,3,train,/Users/vs/Sem 5/Respiratory-Disease-Classification/data/processed/audio/cycles/130/1p3_Tc_001.wav
130,1p3,Tc,COPD,3,train,/Users/vs/Sem 5/Respiratory-Disease-Classification/data/processed/audio/cycles/130/1p3_Tc_002.wav
130,1p3,Tc,COPD,3,train,/Users/vs/Sem 5/Respiratory-Disease-Classification/data/processed/audio/cycles/130/1p3_Tc_003.wav
130,1p3,Tc,COPD,3,train,/Users/vs/Sem 5/Respiratory-Disease-Classification/data/processed/audio/cycles/130/1p3_Tc_004.wav
130,1p3,Tc,COPD,3,train,/Users/vs/Sem 5/Respiratory-Disease-Classification/data/processed/audio/cycles/130/1p3_Tc_005.wav
130,1p3,Tc,COPD,3,train,/Users/vs/Sem 5/Respiratory-Disease-Classification/data/processed/audio/cycles/130/1p3_Tc_006.wav
130,1p4,Al,COPD,3,train,/Users/vs/Sem 5/Respiratory-Disease-Classification/data/processed/audio/cycles/130/1p4_Al_001.wav
130,1p4,Al,COPD,3,train,/Users/vs/Sem 5/Respiratory-Disease-Classification/data/processed/audio/cycles/130/1p4_Al_002.wav
130,1p4,Al,COPD,3,train,/Users/vs/Sem 5/Respiratory-Disease-Classification/data/processed/audio/cycles/130/1p4_Al_003.wav
130,1p4,Al,COPD,3,train,/Users/vs/Sem 5/Respiratory-Disease-Classification/data/processed/audio/cycles/130/1p4_Al_004.wav
130,1p4,Al,COPD,3,train,/Users/vs/Sem 5/Respiratory-Disease-Classification/data/processed/audio/cycles/130/1p4_Al_005.wav
130,1p4,Al,COPD,3,train,/Users/vs/Sem 5/Respiratory-Disease-Classification/data/processed/audio/cycles/130/1p4_Al_006.wav
130,1p4,Al,COPD,3,train,/Users/vs/Sem 5/Respiratory-Disease-Classification/data/processed/audio/cycles/130/1p4_Al_007.wav
130,1p4,Ar,COPD,3,train,/Users/vs/Sem 5/Respiratory-Disease-Classification/data/processed/audio/cycles/130/1p4_Ar_001.wav
130,1p4,Ar,COPD,3,train,/Users/vs/Sem 5/Respiratory-Disease-Classification/data/processed/audio/cycles/130/1p4_Ar_002.wav
130,1p4,Ar,COPD,3,train,/Users/vs/Sem 5/Respiratory-Disease-Classification/data/processed/audio/cycles/130/1p4_Ar_003.wav
130,1p4,Ar,COPD,3,train,/Users/vs/Sem 5/Respiratory-Disease-Classification/data/processed/audio/cycles/130/1p4_Ar_004.wav
130,1p4,Ar,COPD,3,train,/Users/vs/Sem 5/Respiratory-Disease-Classification/data/processed/audio/cycles/130/1p4_Ar_005.wav
130,1p4,Ar,COPD,3,train,/Users/vs/Sem 5/Respiratory-Disease-Classification/data/processed/audio/cycles/130/1p4_Ar_006.wav
130,1p4,Ar,COPD,3,train,/Users/vs/Sem 5/Respiratory-Disease-Classification/data/processed/audio/cycles/130/1p4_Ar_007.wav
130,1p4,Ll,COPD,3,train,/Users/vs/Sem 5/Respiratory-Disease-Classification/data/processed/audio/cycles/130/1p4_Ll_001.wav
130,1p4,Ll,COPD,3,train,/Users/vs/Sem 5/Respiratory-Disease-Classification/data/processed/audio/cycles/130/1p4_Ll_002.wav
130,1p4,Ll,COPD,3,train,/Users/vs/Sem 5/Respiratory-Disease-Classification/data/processed/audio/cycles/130/1p4_Ll_003.wav
130,1p4,Ll,COPD,3,train,/Users/vs/Sem 5/Respiratory-Disease-Classification/data/processed/audio/cycles/130/1p4_Ll_004.wav
130,1p4,Ll,COPD,3,train,/Users/vs/Sem 5/Respiratory-Disease-Classification/data/processed/audio/cycles/130/1p4_Ll_005.wav
130,1p4,Ll,COPD,3,train,/Users/vs/Sem 5/Respiratory-Disease-Classification/data/processed/audio/cycles/130/1p4_Ll_006.wav
130,1p4,Ll,COPD,3,train,/Users/vs/Sem 5/Respiratory-Disease-Classification/data/processed/audio/cycles/130/1p4_Ll_007.wav
130,1p4,Lr,COPD,3,train,/Users/vs/Sem 5/Respiratory-Disease-Classification/data/processed/audio/cycles/130/1p4_Lr_001.wav
130,1p4,Lr,COPD,3,train,/Users/vs/Sem 5/Respiratory-Disease-Classification/data/processed/audio/cycles/130/1p4_Lr_002.wav
130,1p4,Lr,COPD,3,train,/Users/vs/Sem 5/Respiratory-Disease-Classification/data/processed/audio/cycles/130/1p4_Lr_003.wav
130,1p4,Lr,COPD,3,train,/Users/vs/Sem 5/Respiratory-Disease-Classification/data/processed/audio/cycles/130/1p4_Lr_004.wav
130,1p4,Lr,COPD,3,train,/Users/vs/Sem 5/Respiratory-Disease-Classification/data/processed/audio/cycles/130/1p4_Lr_005.wav
130,1p4,Lr,COPD,3,train,/Users/vs/Sem 5/Respiratory-Disease-Classification/data/processed/audio/cycles/130/1p4_Lr_006.wav
130,1p4,Lr,COPD,3,train,/Users/vs/Sem 5/Respiratory-Disease-Classification/data/processed/audio/cycles/130/1p4_Lr_007.wav
130,1p4,Pl,COPD,3,train,/Users/vs/Sem 5/Respiratory-Disease-Classification/data/processed/audio/cycles/130/1p4_Pl_001.wav
130,1p4,Pl,COPD,3,train,/Users/vs/Sem 5/Respiratory-Disease-Classification/data/processed/audio/cycles/130/1p4_Pl_002.wav
130,1p4,Pl,COPD,3,train,/Users/vs/Sem 5/Respiratory-Disease-Classification/data/processed/audio/cycles/130/1p4_Pl_003.wav
130,1p4,Pl,COPD,3,train,/Users/vs/Sem 5/Respiratory-Disease-Classification/data/processed/audio/cycles/130/1p4_Pl_004.wav
130,1p4,Pl,COPD,3,train,/Users/vs/Sem 5/Respiratory-Disease-Classification/data/processed/audio/cycles/130/1p4_Pl_005.wav
130,1p4,Pl,COPD,3,train,/Users/vs/Sem 5/Respiratory-Disease-Classification/data/processed/audio/cycles/130/1p4_Pl_006.wav
130,1p4,Pl,COPD,3,train,/Users/vs/Sem 5/Respiratory-Disease-Classification/data/processed/audio/cycles/130/1p4_Pl_007.wav
130,1p4,Pr,COPD,3,train,/Users/vs/Sem 5/Respiratory-Disease-Classification/data/processed/audio/cycles/130/1p4_Pr_001.wav
130,1p4,Pr,COPD,3,train,/Users/vs/Sem 5/Respiratory-Disease-Classification/data/processed/audio/cycles/130/1p4_Pr_002.wav
130,1p4,Pr,COPD,3,train,/Users/vs/Sem 5/Respiratory-Disease-Classification/data/processed/audio/cycles/130/1p4_Pr_003.wav
130,1p4,Pr,COPD,3,train,/Users/vs/Sem 5/Respiratory-Disease-Classification/data/processed/audio/cycles/130/1p4_Pr_004.wav
130,1p4,Pr,COPD,3,train,/Users/vs/Sem 5/Respiratory-Disease-Classification/data/processed/audio/cycles/130/1p4_Pr_005.wav
130,1p4,Pr,COPD,3,train,/Users/vs/Sem 5/Respiratory-Disease-Classification/data/processed/audio/cycles/130/1p4_Pr_006.wav
130,1p4,Pr,COPD,3,train,/Users/vs/Sem 5/Respiratory-Disease-Classification/data/processed/audio/cycles/130/1p4_Pr_007.wav
130,1p4,Tc,COPD,3,train,/Users/vs/Sem 5/Respiratory-Disease-Classification/data/processed/audio/cycles/130/1p4_Tc_001.wav
130,1p4,Tc,COPD,3,train,/Users/vs/Sem 5/Respiratory-Disease-Classification/data/processed/audio/cycles/130/1p4_Tc_002.wav
130,1p4,Tc,COPD,3,train,/Users/vs/Sem 5/Respiratory-Disease-Classification/data/processed/audio/cycles/130/1p4_Tc_003.wav
130,1p4,Tc,COPD,3,train,/Users/vs/Sem 5/Respiratory-Disease-Classification/data/processed/audio/cycles/130/1p4_Tc_004.wav
130,1p4,Tc,COPD,3,train,/Users/vs/Sem 5/Respiratory-Disease-Classification/data/processed/audio/cycles/130/1p4_Tc_005.wav
130,1p4,Tc,COPD,3,train,/Users/vs/Sem 5/Respiratory-Disease-Classification/data/processed/audio/cycles/130/1p4_Tc_006.wav
130,1p4,Tc,COPD,3,train,/Users/vs/Sem 5/Respiratory-Disease-Classification/data/processed/audio/cycles/130/1p4_Tc_007.wav
130,1p4,Tc,COPD,3,train,/Users/vs/Sem 5/Respiratory-Disease-Classification/data/processed/audio/cycles/130/1p4_Tc_008.wav
130,2b2,Al,COPD,3,train,/Users/vs/Sem 5/Respiratory-Disease-Classification/data/processed/audio/cycles/130/2b2_Al_001.wav
130,2b2,Al,COPD,3,train,/Users/vs/Sem 5/Respiratory-Disease-Classification/data/processed/audio/cycles/130/2b2_Al_002.wav
130,2b2,Al,COPD,3,train,/Users/vs/Sem 5/Respiratory-Disease-Classification/data/processed/audio/cycles/130/2b2_Al_003.wav
130,2b2,Al,COPD,3,train,/Users/vs/Sem 5/Respiratory-Disease-Classification/data/processed/audio/cycles/130/2b2_Al_004.wav
130,2b2,Al,COPD,3,train,/Users/vs/Sem 5/Respiratory-Disease-Classification/data/processed/audio/cycles/130/2b2_Al_005.wav
130,2b2,Al,COPD,3,train,/Users/vs/Sem 5/Respiratory-Disease-Classification/data/processed/audio/cycles/130/2b2_Al_006.wav
130,2b2,Al,COPD,3,train,/Users/vs/Sem 5/Respiratory-Disease-Classification/data/processed/audio/cycles/130/2b2_Al_007.wav
130,2b2,Al,COPD,3,train,/Users/vs/Sem 5/Respiratory-Disease-Classification/data/processed/audio/cycles/130/2b2_Al_008.wav
130,2b2,Ar,COPD,3,train,/Users/vs/Sem 5/Respiratory-Disease-Classification/data/processed/audio/cycles/130/2b2_Ar_001.wav
130,2b2,Ar,COPD,3,train,/Users/vs/Sem 5/Respiratory-Disease-Classification/data/processed/audio/cycles/130/2b2_Ar_002.wav
130,2b2,Ar,COPD,3,train,/Users/vs/Sem 5/Respiratory-Disease-Classification/data/processed/audio/cycles/130/2b2_Ar_003.wav
130,2b2,Ar,COPD,3,train,/Users/vs/Sem 5/Respiratory-Disease-Classification/data/processed/audio/cycles/130/2b2_Ar_004.wav
130,2b2,Ar,COPD,3,train,/Users/vs/Sem 5/Respiratory-Disease-Classification/data/processed/audio/cycles/130/2b2_Ar_005.wav
130,2b2,Ar,COPD,3,train,/Users/vs/Sem 5/Respiratory-Disease-Classification/data/processed/audio/cycles/130/2b2_Ar_006.wav
130,2b2,Ar,COPD,3,train,/Users/vs/Sem 5/Respiratory-Disease-Classification/data/processed/audio/cycles/130/2b2_Ar_007.wav
130,2b2,Ar,COPD,3,train,/Users/vs/Sem 5/Respiratory-Disease-Classification/data/processed/audio/cycles/130/2b2_Ar_008.wav
130,2b2,Ll,COPD,3,train,/Users/vs/Sem 5/Respiratory-Disease-Classification/data/processed/audio/cycles/130/2b2_Ll_001.wav
130,2b2,Ll,COPD,3,train,/Users/vs/Sem 5/Respiratory-Disease-Classification/data/processed/audio/cycles/130/2b2_Ll_002.wav
130,2b2,Ll,COPD,3,train,/Users/vs/Sem 5/Respiratory-Disease-Classification/data/processed/audio/cycles/130/2b2_Ll_003.wav
130,2b2,Ll,COPD,3,train,/Users/vs/Sem 5/Respiratory-Disease-Classification/data/processed/audio/cycles/130/2b2_Ll_004.wav
130,2b2,Ll,COPD,3,train,/Users/vs/Sem 5/Respiratory-Disease-Classification/data/processed/audio/cycles/130/2b2_Ll_005.wav
130,2b2,Ll,COPD,3,train,/Users/vs/Sem 5/Respiratory-Disease-Classification/data/processed/audio/cycles/130/2b2_Ll_006.wav
130,2b2,Ll,COPD,3,train,/Users/vs/Sem 5/Respiratory-Disease-Classification/data/processed/audio/cycles/130/2b2_Ll_007.wav
130,2b2,Ll,COPD,3,train,/Users/vs/Sem 5/Respiratory-Disease-Classification/data/processed/audio/cycles/130/2b2_Ll_008.wav
130,2b2,Lr,COPD,3,train,/Users/vs/Sem 5/Respiratory-Disease-Classification/data/processed/audio/cycles/130/2b2_Lr_001.wav
130,2b2,Lr,COPD,3,train,/Users/vs/Sem 5/Respiratory-Disease-Classification/data/processed/audio/cycles/130/2b2_Lr_002.wav
130,2b2,Lr,COPD,3,train,/Users/vs/Sem 5/Respiratory-Disease-Classification/data/processed/audio/cycles/130/2b2_Lr_003.wav
130,2b2,Lr,COPD,3,train,/Users/vs/Sem 5/Respiratory-Disease-Classification/data/processed/audio/cycles/130/2b2_Lr_004.wav
130,2b2,Lr,COPD,3,train,/Users/vs/Sem 5/Respiratory-Disease-Classification/data/processed/audio/cycles/130/2b2_Lr_005.wav
130,2b2,Lr,COPD,3,train,/Users/vs/Sem 5/Respiratory-Disease-Classification/data/processed/audio/cycles/130/2b2_Lr_006.wav
130,2b2,Lr,COPD,3,train,/Users/vs/Sem 5/Respiratory-Disease-Classification/data/processed/audio/cycles/130/2b2_Lr_007.wav
130,2b2,Lr,COPD,3,train,/Users/vs/Sem 5/Respiratory-Disease-Classification/data/processed/audio/cycles/130/2b2_Lr_008.wav
130,2b2,Pl,COPD,3,train,/Users/vs/Sem 5/Respiratory-Disease-Classification/data/processed/audio/cycles/130/2b2_Pl_001.wav
130,2b2,Pl,COPD,3,train,/Users/vs/Sem 5/Respiratory-Disease-Classification/data/processed/audio/cycles/130/2b2_Pl_002.wav
130,2b2,Pl,COPD,3,train,/Users/vs/Sem 5/Respiratory-Disease-Classification/data/processed/audio/cycles/130/2b2_Pl_003.wav
130,2b2,Pl,COPD,3,train,/Users/vs/Sem 5/Respiratory-Disease-Classification/data/processed/audio/cycles/130/2b2_Pl_004.wav
130,2b2,Pl,COPD,3,train,/Users/vs/Sem 5/Respiratory-Disease-Classification/data/processed/audio/cycles/130/2b2_Pl_005.wav
130,2b2,Pl,COPD,3,train,/Users/vs/Sem 5/Respiratory-Disease-Classification/data/processed/audio/cycles/130/2b2_Pl_006.wav
130,2b2,Pl,COPD,3,train,/Users/vs/Sem 5/Respiratory-Disease-Classification/data/processed/audio/cycles/130/2b2_Pl_007.wav
130,2b2,Pl,COPD,3,train,/Users/vs/Sem 5/Respiratory-Disease-Classification/data/processed/audio/cycles/130/2b2_Pl_008.wav
130,2b2,Pr,COPD,3,train,/Users/vs/Sem 5/Respiratory-Disease-Classification/data/processed/audio/cycles/130/2b2_Pr_001.wav
130,2b2,Pr,COPD,3,train,/Users/vs/Sem 5/Respiratory-Disease-Classification/data/processed/audio/cycles/130/2b2_Pr_002.wav
130,2b2,Pr,COPD,3,train,/Users/vs/Sem 5/Respiratory-Disease-Classification/data/processed/audio/cycles/130/2b2_Pr_003.wav
130,2b2,Pr,COPD,3,train,/Users/vs/Sem 5/Respiratory-Disease-Classification/data/processed/audio/cycles/130/2b2_Pr_004.wav
130,2b2,Pr,COPD,3,train,/Users/vs/Sem 5/Respiratory-Disease-Classification/data/processed/audio/cycles/130/2b2_Pr_005.wav
130,2b2,Pr,COPD,3,train,/Users/vs/Sem 5/Respiratory-Disease-Classification/data/processed/audio/cycles/130/2b2_Pr_006.wav
130,2b2,Pr,COPD,3,train,/Users/vs/Sem 5/Respiratory-Disease-Classification/data/processed/audio/cycles/130/2b2_Pr_007.wav
130,2b2,Pr,COPD,3,train,/Users/vs/Sem 5/Respiratory-Disease-Classification/data/processed/audio/cycles/130/2b2_Pr_008.wav
130,2b2,Tc,COPD,3,train,/Users/vs/Sem 5/Respiratory-Disease-Classification/data/processed/audio/cycles/130/2b2_Tc_001.wav
130,2b2,Tc,COPD,3,train,/Users/vs/Sem 5/Respiratory-Disease-Classification/data/processed/audio/cycles/130/2b2_Tc_002.wav
130,2b2,Tc,COPD,3,train,/Users/vs/Sem 5/Respiratory-Disease-Classification/data/processed/audio/cycles/130/2b2_Tc_003.wav
130,2b2,Tc,COPD,3,train,/Users/vs/Sem 5/Respiratory-Disease-Classification/data/processed/audio/cycles/130/2b2_Tc_004.wav
130,2b2,Tc,COPD,3,train,/Users/vs/Sem 5/Respiratory-Disease-Classification/data/processed/audio/cycles/130/2b2_Tc_005.wav
130,2b2,Tc,COPD,3,train,/Users/vs/Sem 5/Respiratory-Disease-Classification/data/processed/audio/cycles/130/2b2_Tc_006.wav
130,2b2,Tc,COPD,3,train,/Users/vs/Sem 5/Respiratory-Disease-Classification/data/processed/audio/cycles/130/2b2_Tc_007.wav
130,2b2,Tc,COPD,3,train,/Users/vs/Sem 5/Respiratory-Disease-Classification/data/processed/audio/cycles/130/2b2_Tc_008.wav
130,2b3,Al,COPD,3,train,/Users/vs/Sem 5/Respiratory-Disease-Classification/data/processed/audio/cycles/130/2b3_Al_001.wav
130,2b3,Al,COPD,3,train,/Users/vs/Sem 5/Respiratory-Disease-Classification/data/processed/audio/cycles/130/2b3_Al_002.wav
130,2b3,Al,COPD,3,train,/Users/vs/Sem 5/Respiratory-Disease-Classification/data/processed/audio/cycles/130/2b3_Al_003.wav
130,2b3,Al,COPD,3,train,/Users/vs/Sem 5/Respiratory-Disease-Classification/data/processed/audio/cycles/130/2b3_Al_004.wav
130,2b3,Al,COPD,3,train,/Users/vs/Sem 5/Respiratory-Disease-Classification/data/processed/audio/cycles/130/2b3_Al_005.wav
130,2b3,Al,COPD,3,train,/Users/vs/Sem 5/Respiratory-Disease-Classification/data/processed/audio/cycles/130/2b3_Al_006.wav
130,2b3,Al,COPD,3,train,/Users/vs/Sem 5/Respiratory-Disease-Classification/data/processed/audio/cycles/130/2b3_Al_007.wav
130,2b3,Al,COPD,3,train,/Users/vs/Sem 5/Respiratory-Disease-Classification/data/processed/audio/cycles/130/2b3_Al_008.wav
130,2b3,Al,COPD,3,train,/Users/vs/Sem 5/Respiratory-Disease-Classification/data/processed/audio/cycles/130/2b3_Al_009.wav
130,2b3,Ar,COPD,3,train,/Users/vs/Sem 5/Respiratory-Disease-Classification/data/processed/audio/cycles/130/2b3_Ar_001.wav
130,2b3,Ar,COPD,3,train,/Users/vs/Sem 5/Respiratory-Disease-Classification/data/processed/audio/cycles/130/2b3_Ar_002.wav
130,2b3,Ar,COPD,3,train,/Users/vs/Sem 5/Respiratory-Disease-Classification/data/processed/audio/cycles/130/2b3_Ar_003.wav
130,2b3,Ar,COPD,3,train,/Users/vs/Sem 5/Respiratory-Disease-Classification/data/processed/audio/cycles/130/2b3_Ar_004.wav
130,2b3,Ar,COPD,3,train,/Users/vs/Sem 5/Respiratory-Disease-Classification/data/processed/audio/cycles/130/2b3_Ar_005.wav
130,2b3,Ar,COPD,3,train,/Users/vs/Sem 5/Respiratory-Disease-Classification/data/processed/audio/cycles/130/2b3_Ar_006.wav
130,2b3,Ar,COPD,3,train,/Users/vs/Sem 5/Respiratory-Disease-Classification/data/processed/audio/cycles/130/2b3_Ar_007.wav
130,2b3,Ar,COPD,3,train,/Users/vs/Sem 5/Respiratory-Disease-Classification/data/processed/audio/cycles/130/2b3_Ar_008.wav
130,2b3,Ar,COPD,3,train,/Users/vs/Sem 5/Respiratory-Disease-Classification/data/processed/audio/cycles/130/2b3_Ar_009.wav
130,2b3,Ll,COPD,3,train,/Users/vs/Sem 5/Respiratory-Disease-Classification/data/processed/audio/cycles/130/2b3_Ll_001.wav
130,2b3,Ll,COPD,3,train,/Users/vs/Sem 5/Respiratory-Disease-Classification/data/processed/audio/cycles/130/2b3_Ll_002.wav
130,2b3,Ll,COPD,3,train,/Users/vs/Sem 5/Respiratory-Disease-Classification/data/processed/audio/cycles/130/2b3_Ll_003.wav
130,2b3,Ll,COPD,3,train,/Users/vs/Sem 5/Respiratory-Disease-Classification/data/processed/audio/cycles/130/2b3_Ll_004.wav
130,2b3,Ll,COPD,3,train,/Users/vs/Sem 5/Respiratory-Disease-Classification/data/processed/audio/cycles/130/2b3_Ll_005.wav
130,2b3,Ll,COPD,3,train,/Users/vs/Sem 5/Respiratory-Disease-Classification/data/processed/audio/cycles/130/2b3_Ll_006.wav
130,2b3,Ll,COPD,3,train,/Users/vs/Sem 5/Respiratory-Disease-Classification/data/processed/audio/cycles/130/2b3_Ll_007.wav
130,2b3,Ll,COPD,3,train,/Users/vs/Sem 5/Respiratory-Disease-Classification/data/processed/audio/cycles/130/2b3_Ll_008.wav
130,2b3,Ll,COPD,3,train,/Users/vs/Sem 5/Respiratory-Disease-Classification/data/processed/audio/cycles/130/2b3_Ll_009.wav
130,2b3,Lr,COPD,3,train,/Users/vs/Sem 5/Respiratory-Disease-Classification/data/processed/audio/cycles/130/2b3_Lr_001.wav
130,2b3,Lr,COPD,3,train,/Users/vs/Sem 5/Respiratory-Disease-Classification/data/processed/audio/cycles/130/2b3_Lr_002.wav
130,2b3,Lr,COPD,3,train,/Users/vs/Sem 5/Respiratory-Disease-Classification/data/processed/audio/cycles/130/2b3_Lr_003.wav
130,2b3,Lr,COPD,3,train,/Users/vs/Sem 5/Respiratory-Disease-Classification/data/processed/audio/cycles/130/2b3_Lr_004.wav
130,2b3,Lr,COPD,3,train,/Users/vs/Sem 5/Respiratory-Disease-Classification/data/processed/audio/cycles/130/2b3_Lr_005.wav
130,2b3,Lr,COPD,3,train,/Users/vs/Sem 5/Respiratory-Disease-Classification/data/processed/audio/cycles/130/2b3_Lr_006.wav
130,2b3,Lr,COPD,3,train,/Users/vs/Sem 5/Respiratory-Disease-Classification/data/processed/audio/cycles/130/2b3_Lr_007.wav
130,2b3,Lr,COPD,3,train,/Users/vs/Sem 5/Respiratory-Disease-Classification/data/processed/audio/cycles/130/2b3_Lr_008.wav
130,2b3,Lr,COPD,3,train,/Users/vs/Sem 5/Respiratory-Disease-Classification/data/processed/audio/cycles/130/2b3_Lr_009.wav
130,2b3,Pl,COPD,3,train,/Users/vs/Sem 5/Respiratory-Disease-Classification/data/processed/audio/cycles/130/2b3_Pl_001.wav
130,2b3,Pl,COPD,3,train,/Users/vs/Sem 5/Respiratory-Disease-Classification/data/processed/audio/cycles/130/2b3_Pl_002.wav
130,2b3,Pl,COPD,3,train,/Users/vs/Sem 5/Respiratory-Disease-Classification/data/processed/audio/cycles/130/2b3_Pl_003.wav
130,2b3,Pl,COPD,3,train,/Users/vs/Sem 5/Respiratory-Disease-Classification/data/processed/audio/cycles/130/2b3_Pl_004.wav
130,2b3,Pl,COPD,3,train,/Users/vs/Sem 5/Respiratory-Disease-Classification/data/processed/audio/cycles/130/2b3_Pl_005.wav
130,2b3,Pl,COPD,3,train,/Users/vs/Sem 5/Respiratory-Disease-Classification/data/processed/audio/cycles/130/2b3_Pl_006.wav
130,2b3,Pl,COPD,3,train,/Users/vs/Sem 5/Respiratory-Disease-Classification/data/processed/audio/cycles/130/2b3_Pl_007.wav
130,2b3,Pl,COPD,3,train,/Users/vs/Sem 5/Respiratory-Disease-Classification/data/processed/audio/cycles/130/2b3_Pl_008.wav
130,2b3,Pl,COPD,3,train,/Users/vs/Sem 5/Respiratory-Disease-Classification/data/processed/audio/cycles/130/2b3_Pl_009.wav
130,2b3,Pr,COPD,3,train,/Users/vs/Sem 5/Respiratory-Disease-Classification/data/processed/audio/cycles/130/2b3_Pr_001.wav
130,2b3,Pr,COPD,3,train,/Users/vs/Sem 5/Respiratory-Disease-Classification/data/processed/audio/cycles/130/2b3_Pr_002.wav
130,2b3,Pr,COPD,3,train,/Users/vs/Sem 5/Respiratory-Disease-Classification/data/processed/audio/cycles/130/2b3_Pr_003.wav
130,2b3,Pr,COPD,3,train,/Users/vs/Sem 5/Respiratory-Disease-Classification/data/processed/audio/cycles/130/2b3_Pr_004.wav
130,2b3,Pr,COPD,3,train,/Users/vs/Sem 5/Respiratory-Disease-Classification/data/processed/audio/cycles/130/2b3_Pr_005.wav
130,2b3,Pr,COPD,3,train,/Users/vs/Sem 5/Respiratory-Disease-Classification/data/processed/audio/cycles/130/2b3_Pr_006.wav
130,2b3,Pr,COPD,3,train,/Users/vs/Sem 5/Respiratory-Disease-Classification/data/processed/audio/cycles/130/2b3_Pr_007.wav
130,2b3,Pr,COPD,3,train,/Users/vs/Sem 5/Respiratory-Disease-Classification/data/processed/audio/cycles/130/2b3_Pr_008.wav
130,2b3,Pr,COPD,3,train,/Users/vs/Sem 5/Respiratory-Disease-Classification/data/processed/audio/cycles/130/2b3_Pr_009.wav
130,2b3,Tc,COPD,3,train,/Users/vs/Sem 5/Respiratory-Disease-Classification/data/processed/audio/cycles/130/2b3_Tc_001.wav
130,2b3,Tc,COPD,3,train,/Users/vs/Sem 5/Respiratory-Disease-Classification/data/processed/audio/cycles/130/2b3_Tc_002.wav
130,2b3,Tc,COPD,3,train,/Users/vs/Sem 5/Respiratory-Disease-Classification/data/processed/audio/cycles/130/2b3_Tc_003.wav
130,2b3,Tc,COPD,3,train,/Users/vs/Sem 5/Respiratory-Disease-Classification/data/processed/audio/cycles/130/2b3_Tc_004.wav
130,2b3,Tc,COPD,3,train,/Users/vs/Sem 5/Respiratory-Disease-Classification/data/processed/audio/cycles/130/2b3_Tc_005.wav
130,2b3,Tc,COPD,3,train,/Users/vs/Sem 5/Respiratory-Disease-Classification/data/processed/audio/cycles/130/2b3_Tc_006.wav
130,2b3,Tc,COPD,3,train,/Users/vs/Sem 5/Respiratory-Disease-Classification/data/processed/audio/cycles/130/2b3_Tc_007.wav
130,2b3,Tc,COPD,3,train,/Users/vs/Sem 5/Respiratory-Disease-Classification/data/processed/audio/cycles/130/2b3_Tc_008.wav
130,2b3,Tc,COPD,3,train,/Users/vs/Sem 5/Respiratory-Disease-Classification/data/processed/audio/cycles/130/2b3_Tc_009.wav
130,2b4,Al,COPD,3,train,/Users/vs/Sem 5/Respiratory-Disease-Classification/data/processed/audio/cycles/130/2b4_Al_001.wav
130,2b4,Al,COPD,3,train,/Users/vs/Sem 5/Respiratory-Disease-Classification/data/processed/audio/cycles/130/2b4_Al_002.wav
130,2b4,Al,COPD,3,train,/Users/vs/Sem 5/Respiratory-Disease-Classification/data/processed/audio/cycles/130/2b4_Al_003.wav
130,2b4,Al,COPD,3,train,/Users/vs/Sem 5/Respiratory-Disease-Classification/data/processed/audio/cycles/130/2b4_Al_004.wav
130,2b4,Al,COPD,3,train,/Users/vs/Sem 5/Respiratory-Disease-Classification/data/processed/audio/cycles/130/2b4_Al_005.wav
130,2b4,Al,COPD,3,train,/Users/vs/Sem 5/Respiratory-Disease-Classification/data/processed/audio/cycles/130/2b4_Al_006.wav
130,2b4,Al,COPD,3,train,/Users/vs/Sem 5/Respiratory-Disease-Classification/data/processed/audio/cycles/130/2b4_Al_007.wav
130,2b4,Al,COPD,3,train,/Users/vs/Sem 5/Respiratory-Disease-Classification/data/processed/audio/cycles/130/2b4_Al_008.wav
130,2b4,Al,COPD,3,train,/Users/vs/Sem 5/Respiratory-Disease-Classification/data/processed/audio/cycles/130/2b4_Al_009.wav
130,2b4,Ar,COPD,3,train,/Users/vs/Sem 5/Respiratory-Disease-Classification/data/processed/audio/cycles/130/2b4_Ar_001.wav
130,2b4,Ar,COPD,3,train,/Users/vs/Sem 5/Respiratory-Disease-Classification/data/processed/audio/cycles/130/2b4_Ar_002.wav
130,2b4,Ar,COPD,3,train,/Users/vs/Sem 5/Respiratory-Disease-Classification/data/processed/audio/cycles/130/2b4_Ar_003.wav
130,2b4,Ar,COPD,3,train,/Users/vs/Sem 5/Respiratory-Disease-Classification/data/processed/audio/cycles/130/2b4_Ar_004.wav
130,2b4,Ar,COPD,3,train,/Users/vs/Sem 5/Respiratory-Disease-Classification/data/processed/audio/cycles/130/2b4_Ar_005.wav
130,2b4,Ar,COPD,3,train,/Users/vs/Sem 5/Respiratory-Disease-Classification/data/processed/audio/cycles/130/2b4_Ar_006.wav
130,2b4,Ar,COPD,3,train,/Users/vs/Sem 5/Respiratory-Disease-Classification/data/processed/audio/cycles/130/2b4_Ar_007.wav
130,2b4,Ar,COPD,3,train,/Users/vs/Sem 5/Respiratory-Disease-Classification/data/processed/audio/cycles/130/2b4_Ar_008.wav
130,2b4,Ar,COPD,3,train,/Users/vs/Sem 5/Respiratory-Disease-Classification/data/processed/audio/cycles/130/2b4_Ar_009.wav
130,2b4,Ll,COPD,3,train,/Users/vs/Sem 5/Respiratory-Disease-Classification/data/processed/audio/cycles/130/2b4_Ll_001.wav
130,2b4,Ll,COPD,3,train,/Users/vs/Sem 5/Respiratory-Disease-Classification/data/processed/audio/cycles/130/2b4_Ll_002.wav
130,2b4,Ll,COPD,3,train,/Users/vs/Sem 5/Respiratory-Disease-Classification/data/processed/audio/cycles/130/2b4_Ll_003.wav
130,2b4,Ll,COPD,3,train,/Users/vs/Sem 5/Respiratory-Disease-Classification/data/processed/audio/cycles/130/2b4_Ll_004.wav
130,2b4,Ll,COPD,3,train,/Users/vs/Sem 5/Respiratory-Disease-Classification/data/processed/audio/cycles/130/2b4_Ll_005.wav
130,2b4,Ll,COPD,3,train,/Users/vs/Sem 5/Respiratory-Disease-Classification/data/processed/audio/cycles/130/2b4_Ll_006.wav
130,2b4,Ll,COPD,3,train,/Users/vs/Sem 5/Respiratory-Disease-Classification/data/processed/audio/cycles/130/2b4_Ll_007.wav
130,2b4,Ll,COPD,3,train,/Users/vs/Sem 5/Respiratory-Disease-Classification/data/processed/audio/cycles/130/2b4_Ll_008.wav
130,2b4,Ll,COPD,3,train,/Users/vs/Sem 5/Respiratory-Disease-Classification/data/processed/audio/cycles/130/2b4_Ll_009.wav
130,2b4,Lr,COPD,3,train,/Users/vs/Sem 5/Respiratory-Disease-Classification/data/processed/audio/cycles/130/2b4_Lr_001.wav
130,2b4,Lr,COPD,3,train,/Users/vs/Sem 5/Respiratory-Disease-Classification/data/processed/audio/cycles/130/2b4_Lr_002.wav
130,2b4,Lr,COPD,3,train,/Users/vs/Sem 5/Respiratory-Disease-Classification/data/processed/audio/cycles/130/2b4_Lr_003.wav
130,2b4,Lr,COPD,3,train,/Users/vs/Sem 5/Respiratory-Disease-Classification/data/processed/audio/cycles/130/2b4_Lr_004.wav
130,2b4,Lr,COPD,3,train,/Users/vs/Sem 5/Respiratory-Disease-Classification/data/processed/audio/cycles/130/2b4_Lr_005.wav
130,2b4,Lr,COPD,3,train,/Users/vs/Sem 5/Respiratory-Disease-Classification/data/processed/audio/cycles/130/2b4_Lr_006.wav
130,2b4,Lr,COPD,3,train,/Users/vs/Sem 5/Respiratory-Disease-Classification/data/processed/audio/cycles/130/2b4_Lr_007.wav
130,2b4,Lr,COPD,3,train,/Users/vs/Sem 5/Respiratory-Disease-Classification/data/processed/audio/cycles/130/2b4_Lr_008.wav
130,2b4,Lr,COPD,3,train,/Users/vs/Sem 5/Respiratory-Disease-Classification/data/processed/audio/cycles/130/2b4_Lr_009.wav
130,2b4,Pl,COPD,3,train,/Users/vs/Sem 5/Respiratory-Disease-Classification/data/processed/audio/cycles/130/2b4_Pl_001.wav
130,2b4,Pl,COPD,3,train,/Users/vs/Sem 5/Respiratory-Disease-Classification/data/processed/audio/cycles/130/2b4_Pl_002.wav
130,2b4,Pl,COPD,3,train,/Users/vs/Sem 5/Respiratory-Disease-Classification/data/processed/audio/cycles/130/2b4_Pl_003.wav
130,2b4,Pl,COPD,3,train,/Users/vs/Sem 5/Respiratory-Disease-Classification/data/processed/audio/cycles/130/2b4_Pl_004.wav
130,2b4,Pl,COPD,3,train,/Users/vs/Sem 5/Respiratory-Disease-Classification/data/processed/audio/cycles/130/2b4_Pl_005.wav
130,2b4,Pl,COPD,3,train,/Users/vs/Sem 5/Respiratory-Disease-Classification/data/processed/audio/cycles/130/2b4_Pl_006.wav
130,2b4,Pl,COPD,3,train,/Users/vs/Sem 5/Respiratory-Disease-Classification/data/processed/audio/cycles/130/2b4_Pl_007.wav
130,2b4,Pl,COPD,3,train,/Users/vs/Sem 5/Respiratory-Disease-Classification/data/processed/audio/cycles/130/2b4_Pl_008.wav
130,2b4,Pl,COPD,3,train,/Users/vs/Sem 5/Respiratory-Disease-Classification/data/processed/audio/cycles/130/2b4_Pl_009.wav
130,2p3,Pl,COPD,3,train,/Users/vs/Sem 5/Respiratory-Disease-Classification/data/processed/audio/cycles/130/2p3_Pl_001.wav
130,2p3,Pl,COPD,3,train,/Users/vs/Sem 5/Respiratory-Disease-Classification/data/processed/audio/cycles/130/2p3_Pl_002.wav
130,2p3,Pl,COPD,3,train,/Users/vs/Sem 5/Respiratory-Disease-Classification/data/processed/audio/cycles/130/2p3_Pl_003.wav
130,2p3,Pl,COPD,3,train,/Users/vs/Sem 5/Respiratory-Disease-Classification/data/processed/audio/cycles/130/2p3_Pl_004.wav
130,2p3,Pl,COPD,3,train,/Users/vs/Sem 5/Respiratory-Disease-Classification/data/processed/audio/cycles/130/2p3_Pl_005.wav
130,2p3,Pl,COPD,3,train,/Users/vs/Sem 5/Respiratory-Disease-Classification/data/processed/audio/cycles/130/2p3_Pl_006.wav
130,2p3,Pl,COPD,3,train,/Users/vs/Sem 5/Respiratory-Disease-Classification/data/processed/audio/cycles/130/2p3_Pl_007.wav
130,2p3,Pl,COPD,3,train,/Users/vs/Sem 5/Respiratory-Disease-Classification/data/processed/audio/cycles/130/2p3_Pl_008.wav
130,2p3,Pl,COPD,3,train,/Users/vs/Sem 5/Respiratory-Disease-Classification/data/processed/audio/cycles/130/2p3_Pl_009.wav
130,2p3,Pl,COPD,3,train,/Users/vs/Sem 5/Respiratory-Disease-Classification/data/processed/audio/cycles/130/2p3_Pl_010.wav
130,2p5,Al,COPD,3,train,/Users/vs/Sem 5/Respiratory-Disease-Classification/data/processed/audio/cycles/130/2p5_Al_001.wav
130,2p5,Al,COPD,3,train,/Users/vs/Sem 5/Respiratory-Disease-Classification/data/processed/audio/cycles/130/2p5_Al_002.wav
130,2p5,Al,COPD,3,train,/Users/vs/Sem 5/Respiratory-Disease-Classification/data/processed/audio/cycles/130/2p5_Al_003.wav
130,2p5,Al,COPD,3,train,/Users/vs/Sem 5/Respiratory-Disease-Classification/data/processed/audio/cycles/130/2p5_Al_004.wav
130,2p5,Al,COPD,3,train,/Users/vs/Sem 5/Respiratory-Disease-Classification/data/processed/audio/cycles/130/2p5_Al_005.wav
130,2p5,Al,COPD,3,train,/Users/vs/Sem 5/Respiratory-Disease-Classification/data/processed/audio/cycles/130/2p5_Al_006.wav
130,2p5,Al,COPD,3,train,/Users/vs/Sem 5/Respiratory-Disease-Classification/data/processed/audio/cycles/130/2p5_Al_007.wav
130,2p5,Al,COPD,3,train,/Users/vs/Sem 5/Respiratory-Disease-Classification/data/processed/audio/cycles/130/2p5_Al_008.wav
130,2p5,Al,COPD,3,train,/Users/vs/Sem 5/Respiratory-Disease-Classification/data/processed/audio/cycles/130/2p5_Al_009.wav
130,2p5,Al,COPD,3,train,/Users/vs/Sem 5/Respiratory-Disease-Classification/data/processed/audio/cycles/130/2p5_Al_010.wav
130,2p5,Al,COPD,3,train,/Users/vs/Sem 5/Respiratory-Disease-Classification/data/processed/audio/cycles/130/2p5_Al_011.wav
130,2p5,Ar,COPD,3,train,/Users/vs/Sem 5/Respiratory-Disease-Classification/data/processed/audio/cycles/130/2p5_Ar_001.wav
130,2p5,Ar,COPD,3,train,/Users/vs/Sem 5/Respiratory-Disease-Classification/data/processed/audio/cycles/130/2p5_Ar_002.wav
130,2p5,Ar,COPD,3,train,/Users/vs/Sem 5/Respiratory-Disease-Classification/data/processed/audio/cycles/130/2p5_Ar_003.wav
130,2p5,Ar,COPD,3,train,/Users/vs/Sem 5/Respiratory-Disease-Classification/data/processed/audio/cycles/130/2p5_Ar_004.wav
130,2p5,Ar,COPD,3,train,/Users/vs/Sem 5/Respiratory-Disease-Classification/data/processed/audio/cycles/130/2p5_Ar_005.wav
130,2p5,Ar,COPD,3,train,/Users/vs/Sem 5/Respiratory-Disease-Classification/data/processed/audio/cycles/130/2p5_Ar_006.wav
130,2p5,Ar,COPD,3,train,/Users/vs/Sem 5/Respiratory-Disease-Classification/data/processed/audio/cycles/130/2p5_Ar_007.wav
130,2p5,Ar,COPD,3,train,/Users/vs/Sem 5/Respiratory-Disease-Classification/data/processed/audio/cycles/130/2p5_Ar_008.wav
130,2p5,Ar,COPD,3,train,/Users/vs/Sem 5/Respiratory-Disease-Classification/data/processed/audio/cycles/130/2p5_Ar_009.wav
130,2p5,Ar,COPD,3,train,/Users/vs/Sem 5/Respiratory-Disease-Classification/data/processed/audio/cycles/130/2p5_Ar_010.wav
130,2p5,Ar,COPD,3,train,/Users/vs/Sem 5/Respiratory-Disease-Classification/data/processed/audio/cycles/130/2p5_Ar_011.wav
130,2p5,Lr,COPD,3,train,/Users/vs/Sem 5/Respiratory-Disease-Classification/data/processed/audio/cycles/130/2p5_Lr_001.wav
130,2p5,Lr,COPD,3,train,/Users/vs/Sem 5/Respiratory-Disease-Classification/data/processed/audio/cycles/130/2p5_Lr_002.wav
130,2p5,Lr,COPD,3,train,/Users/vs/Sem 5/Respiratory-Disease-Classification/data/processed/audio/cycles/130/2p5_Lr_003.wav
130,2p5,Lr,COPD,3,train,/Users/vs/Sem 5/Respiratory-Disease-Classification/data/processed/audio/cycles/130/2p5_Lr_004.wav
130,2p5,Lr,COPD,3,train,/Users/vs/Sem 5/Respiratory-Disease-Classification/data/processed/audio/cycles/130/2p5_Lr_005.wav
130,2p5,Lr,COPD,3,train,/Users/vs/Sem 5/Respiratory-Disease-Classification/data/processed/audio/cycles/130/2p5_Lr_006.wav
130,2p5,Lr,COPD,3,train,/Users/vs/Sem 5/Respiratory-Disease-Classification/data/processed/audio/cycles/130/2p5_Lr_007.wav
130,2p5,Lr,COPD,3,train,/Users/vs/Sem 5/Respiratory-Disease-Classification/data/processed/audio/cycles/130/2p5_Lr_008.wav
130,2p5,Lr,COPD,3,train,/Users/vs/Sem 5/Respiratory-Disease-Classification/data/processed/audio/cycles/130/2p5_Lr_009.wav
130,2p5,Lr,COPD,3,train,/Users/vs/Sem 5/Respiratory-Disease-Classification/data/processed/audio/cycles/130/2p5_Lr_010.wav
130,2p5,Lr,COPD,3,train,/Users/vs/Sem 5/Respiratory-Disease-Classification/data/processed/audio/cycles/130/2p5_Lr_011.wav
130,2p5,Pl,COPD,3,train,/Users/vs/Sem 5/Respiratory-Disease-Classification/data/processed/audio/cycles/130/2p5_Pl_001.wav
130,2p5,Pl,COPD,3,train,/Users/vs/Sem 5/Respiratory-Disease-Classification/data/processed/audio/cycles/130/2p5_Pl_002.wav
130,2p5,Pl,COPD,3,train,/Users/vs/Sem 5/Respiratory-Disease-Classification/data/processed/audio/cycles/130/2p5_Pl_003.wav
130,2p5,Pl,COPD,3,train,/Users/vs/Sem 5/Respiratory-Disease-Classification/data/processed/audio/cycles/130/2p5_Pl_004.wav
130,2p5,Pl,COPD,3,train,/Users/vs/Sem 5/Respiratory-Disease-Classification/data/processed/audio/cycles/130/2p5_Pl_005.wav
130,2p5,Pl,COPD,3,train,/Users/vs/Sem 5/Respiratory-Disease-Classification/data/processed/audio/cycles/130/2p5_Pl_006.wav
130,2p5,Pl,COPD,3,train,/Users/vs/Sem 5/Respiratory-Disease-Classification/data/processed/audio/cycles/130/2p5_Pl_007.wav
130,2p5,Pl,COPD,3,train,/Users/vs/Sem 5/Respiratory-Disease-Classification/data/processed/audio/cycles/130/2p5_Pl_008.wav
130,2p5,Pl,COPD,3,train,/Users/vs/Sem 5/Respiratory-Disease-Classification/data/processed/audio/cycles/130/2p5_Pl_009.wav
130,2p5,Pl,COPD,3,train,/Users/vs/Sem 5/Respiratory-Disease-Classification/data/processed/audio/cycles/130/2p5_Pl_010.wav
130,2p5,Pl,COPD,3,train,/Users/vs/Sem 5/Respiratory-Disease-Classification/data/processed/audio/cycles/130/2p5_Pl_011.wav
130,2p5,Pr,COPD,3,train,/Users/vs/Sem 5/Respiratory-Disease-Classification/data/processed/audio/cycles/130/2p5_Pr_001.wav
130,2p5,Pr,COPD,3,train,/Users/vs/Sem 5/Respiratory-Disease-Classification/data/processed/audio/cycles/130/2p5_Pr_002.wav
130,2p5,Pr,COPD,3,train,/Users/vs/Sem 5/Respiratory-Disease-Classification/data/processed/audio/cycles/130/2p5_Pr_003.wav
130,2p5,Pr,COPD,3,train,/Users/vs/Sem 5/Respiratory-Disease-Classification/data/processed/audio/cycles/130/2p5_Pr_004.wav
130,2p5,Pr,COPD,3,train,/Users/vs/Sem 5/Respiratory-Disease-Classification/data/processed/audio/cycles/130/2p5_Pr_005.wav
130,2p5,Pr,COPD,3,train,/Users/vs/Sem 5/Respiratory-Disease-Classification/data/processed/audio/cycles/130/2p5_Pr_006.wav
130,2p5,Pr,COPD,3,train,/Users/vs/Sem 5/Respiratory-Disease-Classification/data/processed/audio/cycles/130/2p5_Pr_007.wav
130,2p5,Pr,COPD,3,train,/Users/vs/Sem 5/Respiratory-Disease-Classification/data/processed/audio/cycles/130/2p5_Pr_008.wav
130,2p5,Pr,COPD,3,train,/Users/vs/Sem 5/Respiratory-Disease-Classification/data/processed/audio/cycles/130/2p5_Pr_009.wav
130,2p5,Pr,COPD,3,train,/Users/vs/Sem 5/Respiratory-Disease-Classification/data/processed/audio/cycles/130/2p5_Pr_010.wav
130,2p5,Pr,COPD,3,train,/Users/vs/Sem 5/Respiratory-Disease-Classification/data/processed/audio/cycles/130/2p5_Pr_011.wav
130,2p5,Tc,COPD,3,train,/Users/vs/Sem 5/Respiratory-Disease-Classification/data/processed/audio/cycles/130/2p5_Tc_001.wav
130,2p5,Tc,COPD,3,train,/Users/vs/Sem 5/Respiratory-Disease-Classification/data/processed/audio/cycles/130/2p5_Tc_002.wav
130,2p5,Tc,COPD,3,train,/Users/vs/Sem 5/Respiratory-Disease-Classification/data/processed/audio/cycles/130/2p5_Tc_003.wav
130,2p5,Tc,COPD,3,train,/Users/vs/Sem 5/Respiratory-Disease-Classification/data/processed/audio/cycles/130/2p5_Tc_004.wav
130,2p5,Tc,COPD,3,train,/Users/vs/Sem 5/Respiratory-Disease-Classification/data/processed/audio/cycles/130/2p5_Tc_005.wav
130,2p5,Tc,COPD,3,train,/Users/vs/Sem 5/Respiratory-Disease-Classification/data/processed/audio/cycles/130/2p5_Tc_006.wav
130,2p5,Tc,COPD,3,train,/Users/vs/Sem 5/Respiratory-Disease-Classification/data/processed/audio/cycles/130/2p5_Tc_007.wav
130,2p5,Tc,COPD,3,train,/Users/vs/Sem 5/Respiratory-Disease-Classification/data/processed/audio/cycles/130/2p5_Tc_008.wav
130,2p5,Tc,COPD,3,train,/Users/vs/Sem 5/Respiratory-Disease-Classification/data/processed/audio/cycles/130/2p5_Tc_009.wav
130,2p5,Tc,COPD,3,train,/Users/vs/Sem 5/Respiratory-Disease-Classification/data/processed/audio/cycles/130/2p5_Tc_010.wav
130,2p5,Tc,COPD,3,train,/Users/vs/Sem 5/Respiratory-Disease-Classification/data/processed/audio/cycles/130/2p5_Tc_011.wav
130,3b3,Ll,COPD,3,train,/Users/vs/Sem 5/Respiratory-Disease-Classification/data/processed/audio/cycles/130/3b3_Ll_001.wav
130,3b3,Ll,COPD,3,train,/Users/vs/Sem 5/Respiratory-Disease-Classification/data/processed/audio/cycles/130/3b3_Ll_002.wav
130,3b3,Ll,COPD,3,train,/Users/vs/Sem 5/Respiratory-Disease-Classification/data/processed/audio/cycles/130/3b3_Ll_003.wav
130,3b3,Ll,COPD,3,train,/Users/vs/Sem 5/Respiratory-Disease-Classification/data/processed/audio/cycles/130/3b3_Ll_004.wav
130,3b3,Ll,COPD,3,train,/Users/vs/Sem 5/Respiratory-Disease-Classification/data/processed/audio/cycles/130/3b3_Ll_005.wav
130,3b3,Ll,COPD,3,train,/Users/vs/Sem 5/Respiratory-Disease-Classification/data/processed/audio/cycles/130/3b3_Ll_006.wav
130,3b4,Al,COPD,3,train,/Users/vs/Sem 5/Respiratory-Disease-Classification/data/processed/audio/cycles/130/3b4_Al_001.wav
130,3b4,Al,COPD,3,train,/Users/vs/Sem 5/Respiratory-Disease-Classification/data/processed/audio/cycles/130/3b4_Al_002.wav
130,3b4,Al,COPD,3,train,/Users/vs/Sem 5/Respiratory-Disease-Classification/data/processed/audio/cycles/130/3b4_Al_003.wav
130,3b4,Al,COPD,3,train,/Users/vs/Sem 5/Respiratory-Disease-Classification/data/processed/audio/cycles/130/3b4_Al_004.wav
130,3b4,Al,COPD,3,train,/Users/vs/Sem 5/Respiratory-Disease-Classification/data/processed/audio/cycles/130/3b4_Al_005.wav
130,3b4,Ar,COPD,3,train,/Users/vs/Sem 5/Respiratory-Disease-Classification/data/processed/audio/cycles/130/3b4_Ar_001.wav
130,3b4,Ar,COPD,3,train,/Users/vs/Sem 5/Respiratory-Disease-Classification/data/processed/audio/cycles/130/3b4_Ar_002.wav
130,3b4,Ar,COPD,3,train,/Users/vs/Sem 5/Respiratory-Disease-Classification/data/processed/audio/cycles/130/3b4_Ar_003.wav
130,3b4,Ar,COPD,3,train,/Users/vs/Sem 5/Respiratory-Disease-Classification/data/processed/audio/cycles/130/3b4_Ar_004.wav
130,3b4,Ar,COPD,3,train,/Users/vs/Sem 5/Respiratory-Disease-Classification/data/processed/audio/cycles/130/3b4_Ar_005.wav
130,3b4,Lr,COPD,3,train,/Users/vs/Sem 5/Respiratory-Disease-Classification/data/processed/audio/cycles/130/3b4_Lr_001.wav
130,3b4,Lr,COPD,3,train,/Users/vs/Sem 5/Respiratory-Disease-Classification/data/processed/audio/cycles/130/3b4_Lr_002.wav
130,3b4,Lr,COPD,3,train,/Users/vs/Sem 5/Respiratory-Disease-Classification/data/processed/audio/cycles/130/3b4_Lr_003.wav
130,3b4,Lr,COPD,3,train,/Users/vs/Sem 5/Respiratory-Disease-Classification/data/processed/audio/cycles/130/3b4_Lr_004.wav
130,3b4,Lr,COPD,3,train,/Users/vs/Sem 5/Respiratory-Disease-Classification/data/processed/audio/cycles/130/3b4_Lr_005.wav
130,3b4,Pl,COPD,3,train,/Users/vs/Sem 5/Respiratory-Disease-Classification/data/processed/audio/cycles/130/3b4_Pl_001.wav
130,3b4,Pl,COPD,3,train,/Users/vs/Sem 5/Respiratory-Disease-Classification/data/processed/audio/cycles/130/3b4_Pl_002.wav
130,3b4,Pl,COPD,3,train,/Users/vs/Sem 5/Respiratory-Disease-Classification/data/processed/audio/cycles/130/3b4_Pl_003.wav
130,3b4,Pl,COPD,3,train,/Users/vs/Sem 5/Respiratory-Disease-Classification/data/processed/audio/cycles/130/3b4_Pl_004.wav
130,3b4,Pl,COPD,3,train,/Users/vs/Sem 5/Respiratory-Disease-Classification/data/processed/audio/cycles/130/3b4_Pl_005.wav
130,3b4,Pr,COPD,3,train,/Users/vs/Sem 5/Respiratory-Disease-Classification/data/processed/audio/cycles/130/3b4_Pr_001.wav
130,3b4,Pr,COPD,3,train,/Users/vs/Sem 5/Respiratory-Disease-Classification/data/processed/audio/cycles/130/3b4_Pr_002.wav
130,3b4,Pr,COPD,3,train,/Users/vs/Sem 5/Respiratory-Disease-Classification/data/processed/audio/cycles/130/3b4_Pr_003.wav
130,3b4,Pr,COPD,3,train,/Users/vs/Sem 5/Respiratory-Disease-Classification/data/processed/audio/cycles/130/3b4_Pr_004.wav
130,3b4,Pr,COPD,3,train,/Users/vs/Sem 5/Respiratory-Disease-Classification/data/processed/audio/cycles/130/3b4_Pr_005.wav
130,3p2,Al,COPD,3,train,/Users/vs/Sem 5/Respiratory-Disease-Classification/data/processed/audio/cycles/130/3p2_Al_001.wav
130,3p2,Al,COPD,3,train,/Users/vs/Sem 5/Respiratory-Disease-Classification/data/processed/audio/cycles/130/3p2_Al_002.wav
130,3p2,Al,COPD,3,train,/Users/vs/Sem 5/Respiratory-Disease-Classification/data/processed/audio/cycles/130/3p2_Al_003.wav
130,3p2,Al,COPD,3,train,/Users/vs/Sem 5/Respiratory-Disease-Classification/data/processed/audio/cycles/130/3p2_Al_004.wav
130,3p2,Al,COPD,3,train,/Users/vs/Sem 5/Respiratory-Disease-Classification/data/processed/audio/cycles/130/3p2_Al_005.wav
130,3p2,Al,COPD,3,train,/Users/vs/Sem 5/Respiratory-Disease-Classification/data/processed/audio/cycles/130/3p2_Al_006.wav
130,3p2,Al,COPD,3,train,/Users/vs/Sem 5/Respiratory-Disease-Classification/data/processed/audio/cycles/130/3p2_Al_007.wav
130,3p2,Ar,COPD,3,train,/Users/vs/Sem 5/Respiratory-Disease-Classification/data/processed/audio/cycles/130/3p2_Ar_001.wav
130,3p2,Ar,COPD,3,train,/Users/vs/Sem 5/Respiratory-Disease-Classification/data/processed/audio/cycles/130/3p2_Ar_002.wav
130,3p2,Ar,COPD,3,train,/Users/vs/Sem 5/Respiratory-Disease-Classification/data/processed/audio/cycles/130/3p2_Ar_003.wav
130,3p2,Ar,COPD,3,train,/Users/vs/Sem 5/Respiratory-Disease-Classification/data/processed/audio/cycles/130/3p2_Ar_004.wav
130,3p2,Ar,COPD,3,train,/Users/vs/Sem 5/Respiratory-Disease-Classification/data/processed/audio/cycles/130/3p2_Ar_005.wav
130,3p2,Ar,COPD,3,train,/Users/vs/Sem 5/Respiratory-Disease-Classification/data/processed/audio/cycles/130/3p2_Ar_006.wav
130,3p2,Ar,COPD,3,train,/Users/vs/Sem 5/Respiratory-Disease-Classification/data/processed/audio/cycles/130/3p2_Ar_007.wav
130,3p2,Pl,COPD,3,train,/Users/vs/Sem 5/Respiratory-Disease-Classification/data/processed/audio/cycles/130/3p2_Pl_001.wav
130,3p2,Pl,COPD,3,train,/Users/vs/Sem 5/Respiratory-Disease-Classification/data/processed/audio/cycles/130/3p2_Pl_002.wav
130,3p2,Pl,COPD,3,train,/Users/vs/Sem 5/Respiratory-Disease-Classification/data/processed/audio/cycles/130/3p2_Pl_003.wav
130,3p2,Pl,COPD,3,train,/Users/vs/Sem 5/Respiratory-Disease-Classification/data/processed/audio/cycles/130/3p2_Pl_004.wav
130,3p2,Pl,COPD,3,train,/Users/vs/Sem 5/Respiratory-Disease-Classification/data/processed/audio/cycles/130/3p2_Pl_005.wav
130,3p2,Pl,COPD,3,train,/Users/vs/Sem 5/Respiratory-Disease-Classification/data/processed/audio/cycles/130/3p2_Pl_006.wav
130,3p2,Pl,COPD,3,train,/Users/vs/Sem 5/Respiratory-Disease-Classification/data/processed/audio/cycles/130/3p2_Pl_007.wav
130,3p2,Pr,COPD,3,train,/Users/vs/Sem 5/Respiratory-Disease-Classification/data/processed/audio/cycles/130/3p2_Pr_001.wav
130,3p2,Pr,COPD,3,train,/Users/vs/Sem 5/Respiratory-Disease-Classification/data/processed/audio/cycles/130/3p2_Pr_002.wav
130,3p2,Pr,COPD,3,train,/Users/vs/Sem 5/Respiratory-Disease-Classification/data/processed/audio/cycles/130/3p2_Pr_003.wav
130,3p2,Pr,COPD,3,train,/Users/vs/Sem 5/Respiratory-Disease-Classification/data/processed/audio/cycles/130/3p2_Pr_004.wav
130,3p2,Pr,COPD,3,train,/Users/vs/Sem 5/Respiratory-Disease-Classification/data/processed/audio/cycles/130/3p2_Pr_005.wav
130,3p2,Pr,COPD,3,train,/Users/vs/Sem 5/Respiratory-Disease-Classification/data/processed/audio/cycles/130/3p2_Pr_006.wav
130,3p2,Pr,COPD,3,train,/Users/vs/Sem 5/Respiratory-Disease-Classification/data/processed/audio/cycles/130/3p2_Pr_007.wav
130,3p2,Tc,COPD,3,train,/Users/vs/Sem 5/Respiratory-Disease-Classification/data/processed/audio/cycles/130/3p2_Tc_001.wav
130,3p2,Tc,COPD,3,train,/Users/vs/Sem 5/Respiratory-Disease-Classification/data/processed/audio/cycles/130/3p2_Tc_002.wav
130,3p2,Tc,COPD,3,train,/Users/vs/Sem 5/Respiratory-Disease-Classification/data/processed/audio/cycles/130/3p2_Tc_003.wav
130,3p2,Tc,COPD,3,train,/Users/vs/Sem 5/Respiratory-Disease-Classification/data/processed/audio/cycles/130/3p2_Tc_004.wav
130,3p2,Tc,COPD,3,train,/Users/vs/Sem 5/Respiratory-Disease-Classification/data/processed/audio/cycles/130/3p2_Tc_005.wav
130,3p2,Tc,COPD,3,train,/Users/vs/Sem 5/Respiratory-Disease-Classification/data/processed/audio/cycles/130/3p2_Tc_006.wav
130,3p2,Tc,COPD,3,train,/Users/vs/Sem 5/Respiratory-Disease-Classification/data/processed/audio/cycles/130/3p2_Tc_007.wav
130,3p3,Al,COPD,3,train,/Users/vs/Sem 5/Respiratory-Disease-Classification/data/processed/audio/cycles/130/3p3_Al_001.wav
130,3p3,Al,COPD,3,train,/Users/vs/Sem 5/Respiratory-Disease-Classification/data/processed/audio/cycles/130/3p3_Al_002.wav
130,3p3,Al,COPD,3,train,/Users/vs/Sem 5/Respiratory-Disease-Classification/data/processed/audio/cycles/130/3p3_Al_003.wav
130,3p3,Al,COPD,3,train,/Users/vs/Sem 5/Respiratory-Disease-Classification/data/processed/audio/cycles/130/3p3_Al_004.wav
130,3p3,Al,COPD,3,train,/Users/vs/Sem 5/Respiratory-Disease-Classification/data/processed/audio/cycles/130/3p3_Al_005.wav
130,3p3,Al,COPD,3,train,/Users/vs/Sem 5/Respiratory-Disease-Classification/data/processed/audio/cycles/130/3p3_Al_006.wav
130,3p3,Al,COPD,3,train,/Users/vs/Sem 5/Respiratory-Disease-Classification/data/processed/audio/cycles/130/3p3_Al_007.wav
130,3p3,Pl,COPD,3,train,/Users/vs/Sem 5/Respiratory-Disease-Classification/data/processed/audio/cycles/130/3p3_Pl_001.wav
130,3p3,Pl,COPD,3,train,/Users/vs/Sem 5/Respiratory-Disease-Classification/data/processed/audio/cycles/130/3p3_Pl_002.wav
130,3p3,Pl,COPD,3,train,/Users/vs/Sem 5/Respiratory-Disease-Classification/data/processed/audio/cycles/130/3p3_Pl_003.wav
130,3p3,Pl,COPD,3,train,/Users/vs/Sem 5/Respiratory-Disease-Classification/data/processed/audio/cycles/130/3p3_Pl_004.wav
130,3p3,Pl,COPD,3,train,/Users/vs/Sem 5/Respiratory-Disease-Classification/data/processed/audio/cycles/130/3p3_Pl_005.wav
130,3p3,Pl,COPD,3,train,/Users/vs/Sem 5/Respiratory-Disease-Classification/data/processed/audio/cycles/130/3p3_Pl_006.wav
130,3p3,Pl,COPD,3,train,/Users/vs/Sem 5/Respiratory-Disease-Classification/data/processed/audio/cycles/130/3p3_Pl_007.wav
130,3p3,Pr,COPD,3,train,/Users/vs/Sem 5/Respiratory-Disease-Classification/data/processed/audio/cycles/130/3p3_Pr_001.wav
130,3p3,Pr,COPD,3,train,/Users/vs/Sem 5/Respiratory-Disease-Classification/data/processed/audio/cycles/130/3p3_Pr_002.wav
130,3p3,Pr,COPD,3,train,/Users/vs/Sem 5/Respiratory-Disease-Classification/data/processed/audio/cycles/130/3p3_Pr_003.wav
130,3p3,Pr,COPD,3,train,/Users/vs/Sem 5/Respiratory-Disease-Classification/data/processed/audio/cycles/130/3p3_Pr_004.wav
130,3p3,Pr,COPD,3,train,/Users/vs/Sem 5/Respiratory-Disease-Classification/data/processed/audio/cycles/130/3p3_Pr_005.wav
130,3p3,Pr,COPD,3,train,/Users/vs/Sem 5/Respiratory-Disease-Classification/data/processed/audio/cycles/130/3p3_Pr_006.wav
130,3p3,Pr,COPD,3,train,/Users/vs/Sem 5/Respiratory-Disease-Classification/data/processed/audio/cycles/130/3p3_Pr_007.wav
130,3p3,Tc,COPD,3,train,/Users/vs/Sem 5/Respiratory-Disease-Classification/data/processed/audio/cycles/130/3p3_Tc_001.wav
130,3p3,Tc,COPD,3,train,/Users/vs/Sem 5/Respiratory-Disease-Classification/data/processed/audio/cycles/130/3p3_Tc_002.wav
130,3p3,Tc,COPD,3,train,/Users/vs/Sem 5/Respiratory-Disease-Classification/data/processed/audio/cycles/130/3p3_Tc_003.wav
130,3p3,Tc,COPD,3,train,/Users/vs/Sem 5/Respiratory-Disease-Classification/data/processed/audio/cycles/130/3p3_Tc_004.wav
130,3p3,Tc,COPD,3,train,/Users/vs/Sem 5/Respiratory-Disease-Classification/data/processed/audio/cycles/130/3p3_Tc_005.wav
130,3p3,Tc,COPD,3,train,/Users/vs/Sem 5/Respiratory-Disease-Classification/data/processed/audio/cycles/130/3p3_Tc_006.wav
130,3p3,Tc,COPD,3,train,/Users/vs/Sem 5/Respiratory-Disease-Classification/data/processed/audio/cycles/130/3p3_Tc_007.wav
130,3p4,Al,COPD,3,train,/Users/vs/Sem 5/Respiratory-Disease-Classification/data/processed/audio/cycles/130/3p4_Al_001.wav
130,3p4,Al,COPD,3,train,/Users/vs/Sem 5/Respiratory-Disease-Classification/data/processed/audio/cycles/130/3p4_Al_002.wav
130,3p4,Al,COPD,3,train,/Users/vs/Sem 5/Respiratory-Disease-Classification/data/processed/audio/cycles/130/3p4_Al_003.wav
130,3p4,Al,COPD,3,train,/Users/vs/Sem 5/Respiratory-Disease-Classification/data/processed/audio/cycles/130/3p4_Al_004.wav
130,3p4,Al,COPD,3,train,/Users/vs/Sem 5/Respiratory-Disease-Classification/data/processed/audio/cycles/130/3p4_Al_005.wav
130,3p4,Al,COPD,3,train,/Users/vs/Sem 5/Respiratory-Disease-Classification/data/processed/audio/cycles/130/3p4_Al_006.wav
130,3p4,Al,COPD,3,train,/Users/vs/Sem 5/Respiratory-Disease-Classification/data/processed/audio/cycles/130/3p4_Al_007.wav
130,3p4,Al,COPD,3,train,/Users/vs/Sem 5/Respiratory-Disease-Classification/data/processed/audio/cycles/130/3p4_Al_008.wav
130,3p4,Pl,COPD,3,train,/Users/vs/Sem 5/Respiratory-Disease-Classification/data/processed/audio/cycles/130/3p4_Pl_001.wav
130,3p4,Pl,COPD,3,train,/Users/vs/Sem 5/Respiratory-Disease-Classification/data/processed/audio/cycles/130/3p4_Pl_002.wav
130,3p4,Pl,COPD,3,train,/Users/vs/Sem 5/Respiratory-Disease-Classification/data/processed/audio/cycles/130/3p4_Pl_003.wav
130,3p4,Pl,COPD,3,train,/Users/vs/Sem 5/Respiratory-Disease-Classification/data/processed/audio/cycles/130/3p4_Pl_004.wav
130,3p4,Pl,COPD,3,train,/Users/vs/Sem 5/Respiratory-Disease-Classification/data/processed/audio/cycles/130/3p4_Pl_005.wav
130,3p4,Pl,COPD,3,train,/Users/vs/Sem 5/Respiratory-Disease-Classification/data/processed/audio/cycles/130/3p4_Pl_006.wav
130,3p4,Pl,COPD,3,train,/Users/vs/Sem 5/Respiratory-Disease-Classification/data/processed/audio/cycles/130/3p4_Pl_007.wav
130,3p4,Pl,COPD,3,train,/Users/vs/Sem 5/Respiratory-Disease-Classification/data/processed/audio/cycles/130/3p4_Pl_008.wav
130,3p4,Pr,COPD,3,train,/Users/vs/Sem 5/Respiratory-Disease-Classification/data/processed/audio/cycles/130/3p4_Pr_001.wav
130,3p4,Pr,COPD,3,train,/Users/vs/Sem 5/Respiratory-Disease-Classification/data/processed/audio/cycles/130/3p4_Pr_002.wav
130,3p4,Pr,COPD,3,train,/Users/vs/Sem 5/Respiratory-Disease-Classification/data/processed/audio/cycles/130/3p4_Pr_003.wav
130,3p4,Pr,COPD,3,train,/Users/vs/Sem 5/Respiratory-Disease-Classification/data/processed/audio/cycles/130/3p4_Pr_004.wav
130,3p4,Pr,COPD,3,train,/Users/vs/Sem 5/Respiratory-Disease-Classification/data/processed/audio/cycles/130/3p4_Pr_005.wav
130,3p4,Pr,COPD,3,train,/Users/vs/Sem 5/Respiratory-Disease-Classification/data/processed/audio/cycles/130/3p4_Pr_006.wav
130,3p4,Pr,COPD,3,train,/Users/vs/Sem 5/Respiratory-Disease-Classification/data/processed/audio/cycles/130/3p4_Pr_007.wav
130,3p4,Pr,COPD,3,train,/Users/vs/Sem 5/Respiratory-Disease-Classification/data/processed/audio/cycles/130/3p4_Pr_008.wav
130,3p4,Tc,COPD,3,train,/Users/vs/Sem 5/Respiratory-Disease-Classification/data/processed/audio/cycles/130/3p4_Tc_001.wav
130,3p4,Tc,COPD,3,train,/Users/vs/Sem 5/Respiratory-Disease-Classification/data/processed/audio/cycles/130/3p4_Tc_002.wav
130,3p4,Tc,COPD,3,train,/Users/vs/Sem 5/Respiratory-Disease-Classification/data/processed/audio/cycles/130/3p4_Tc_003.wav
130,3p4,Tc,COPD,3,train,/Users/vs/Sem 5/Respiratory-Disease-Classification/data/processed/audio/cycles/130/3p4_Tc_004.wav
130,3p4,Tc,COPD,3,train,/Users/vs/Sem 5/Respiratory-Disease-Classification/data/processed/audio/cycles/130/3p4_Tc_005.wav
130,3p4,Tc,COPD,3,train,/Users/vs/Sem 5/Respiratory-Disease-Classification/data/processed/audio/cycles/130/3p4_Tc_006.wav
130,3p4,Tc,COPD,3,train,/Users/vs/Sem 5/Respiratory-Disease-Classification/data/processed/audio/cycles/130/3p4_Tc_007.wav
130,3p4,Tc,COPD,3,train,/Users/vs/Sem 5/Respiratory-Disease-Classification/data/processed/audio/cycles/130/3p4_Tc_008.wav
131,1b1,Al,URTI,7,train,/Users/vs/Sem 5/Respiratory-Disease-Classification/data/processed/audio/cycles/131/1b1_Al_001.wav
131,1b1,Al,URTI,7,train,/Users/vs/Sem 5/Respiratory-Disease-Classification/data/processed/audio/cycles/131/1b1_Al_002.wav
131,1b1,Al,URTI,7,train,/Users/vs/Sem 5/Respiratory-Disease-Classification/data/processed/audio/cycles/131/1b1_Al_003.wav
131,1b1,Al,URTI,7,train,/Users/vs/Sem 5/Respiratory-Disease-Classification/data/processed/audio/cycles/131/1b1_Al_004.wav
131,1b1,Al,URTI,7,train,/Users/vs/Sem 5/Respiratory-Disease-Classification/data/processed/audio/cycles/131/1b1_Al_005.wav
131,1b1,Al,URTI,7,train,/Users/vs/Sem 5/Respiratory-Disease-Classification/data/processed/audio/cycles/131/1b1_Al_006.wav
131,1b1,Al,URTI,7,train,/Users/vs/Sem 5/Respiratory-Disease-Classification/data/processed/audio/cycles/131/1b1_Al_007.wav
131,1b1,Al,URTI,7,train,/Users/vs/Sem 5/Respiratory-Disease-Classification/data/processed/audio/cycles/131/1b1_Al_008.wav
131,1b1,Al,URTI,7,train,/Users/vs/Sem 5/Respiratory-Disease-Classification/data/processed/audio/cycles/131/1b1_Al_009.wav
131,1b1,Al,URTI,7,train,/Users/vs/Sem 5/Respiratory-Disease-Classification/data/processed/audio/cycles/131/1b1_Al_010.wav
131,1b1,Al,URTI,7,train,/Users/vs/Sem 5/Respiratory-Disease-Classification/data/processed/audio/cycles/131/1b1_Al_011.wav
132,2b1,Lr,COPD,3,train,/Users/vs/Sem 5/Respiratory-Disease-Classification/data/processed/audio/cycles/132/2b1_Lr_001.wav
132,2b1,Lr,COPD,3,train,/Users/vs/Sem 5/Respiratory-Disease-Classification/data/processed/audio/cycles/132/2b1_Lr_002.wav
132,2b1,Lr,COPD,3,train,/Users/vs/Sem 5/Respiratory-Disease-Classification/data/processed/audio/cycles/132/2b1_Lr_003.wav
132,2b1,Lr,COPD,3,train,/Users/vs/Sem 5/Respiratory-Disease-Classification/data/processed/audio/cycles/132/2b1_Lr_004.wav
132,2b1,Lr,COPD,3,train,/Users/vs/Sem 5/Respiratory-Disease-Classification/data/processed/audio/cycles/132/2b1_Lr_005.wav
132,2b1,Lr,COPD,3,train,/Users/vs/Sem 5/Respiratory-Disease-Classification/data/processed/audio/cycles/132/2b1_Lr_006.wav
132,2b1,Lr,COPD,3,train,/Users/vs/Sem 5/Respiratory-Disease-Classification/data/processed/audio/cycles/132/2b1_Lr_007.wav
132,2b1,Lr,COPD,3,train,/Users/vs/Sem 5/Respiratory-Disease-Classification/data/processed/audio/cycles/132/2b1_Lr_008.wav
132,2b1,Lr,COPD,3,train,/Users/vs/Sem 5/Respiratory-Disease-Classification/data/processed/audio/cycles/132/2b1_Lr_009.wav
132,2b2,Lr,COPD,3,train,/Users/vs/Sem 5/Respiratory-Disease-Classification/data/processed/audio/cycles/132/2b2_Lr_001.wav
132,2b2,Lr,COPD,3,train,/Users/vs/Sem 5/Respiratory-Disease-Classification/data/processed/audio/cycles/132/2b2_Lr_002.wav
132,2b2,Lr,COPD,3,train,/Users/vs/Sem 5/Respiratory-Disease-Classification/data/processed/audio/cycles/132/2b2_Lr_003.wav
132,2b2,Lr,COPD,3,train,/Users/vs/Sem 5/Respiratory-Disease-Classification/data/processed/audio/cycles/132/2b2_Lr_004.wav
132,2b2,Lr,COPD,3,train,/Users/vs/Sem 5/Respiratory-Disease-Classification/data/processed/audio/cycles/132/2b2_Lr_005.wav
132,2b2,Lr,COPD,3,train,/Users/vs/Sem 5/Respiratory-Disease-Classification/data/processed/audio/cycles/132/2b2_Lr_006.wav
132,2b2,Lr,COPD,3,train,/Users/vs/Sem 5/Respiratory-Disease-Classification/data/processed/audio/cycles/132/2b2_Lr_007.wav
132,2b2,Lr,COPD,3,train,/Users/vs/Sem 5/Respiratory-Disease-Classification/data/processed/audio/cycles/132/2b2_Lr_008.wav
132,2b2,Lr,COPD,3,train,/Users/vs/Sem 5/Respiratory-Disease-Classification/data/processed/audio/cycles/132/2b2_Lr_009.wav
132,2b2,Lr,COPD,3,train,/Users/vs/Sem 5/Respiratory-Disease-Classification/data/processed/audio/cycles/132/2b2_Lr_010.wav
133,2p2,Al,COPD,3,test,/Users/vs/Sem 5/Respiratory-Disease-Classification/data/processed/audio/cycles/133/2p2_Al_001.wav
133,2p2,Al,COPD,3,test,/Users/vs/Sem 5/Respiratory-Disease-Classification/data/processed/audio/cycles/133/2p2_Al_002.wav
133,2p2,Al,COPD,3,test,/Users/vs/Sem 5/Respiratory-Disease-Classification/data/processed/audio/cycles/133/2p2_Al_003.wav
133,2p2,Al,COPD,3,test,/Users/vs/Sem 5/Respiratory-Disease-Classification/data/processed/audio/cycles/133/2p2_Al_004.wav
133,2p2,Al,COPD,3,test,/Users/vs/Sem 5/Respiratory-Disease-Classification/data/processed/audio/cycles/133/2p2_Al_005.wav
133,2p2,Al,COPD,3,test,/Users/vs/Sem 5/Respiratory-Disease-Classification/data/processed/audio/cycles/133/2p2_Al_006.wav
133,2p2,Al,COPD,3,test,/Users/vs/Sem 5/Respiratory-Disease-Classification/data/processed/audio/cycles/133/2p2_Al_007.wav
133,2p2,Al,COPD,3,test,/Users/vs/Sem 5/Respiratory-Disease-Classification/data/processed/audio/cycles/133/2p2_Al_008.wav
133,2p2,Al,COPD,3,test,/Users/vs/Sem 5/Respiratory-Disease-Classification/data/processed/audio/cycles/133/2p2_Al_009.wav
133,2p2,Ar,COPD,3,test,/Users/vs/Sem 5/Respiratory-Disease-Classification/data/processed/audio/cycles/133/2p2_Ar_001.wav
133,2p2,Ar,COPD,3,test,/Users/vs/Sem 5/Respiratory-Disease-Classification/data/processed/audio/cycles/133/2p2_Ar_002.wav
133,2p2,Ar,COPD,3,test,/Users/vs/Sem 5/Respiratory-Disease-Classification/data/processed/audio/cycles/133/2p2_Ar_003.wav
133,2p2,Ar,COPD,3,test,/Users/vs/Sem 5/Respiratory-Disease-Classification/data/processed/audio/cycles/133/2p2_Ar_004.wav
133,2p2,Ar,COPD,3,test,/Users/vs/Sem 5/Respiratory-Disease-Classification/data/processed/audio/cycles/133/2p2_Ar_005.wav
133,2p2,Ar,COPD,3,test,/Users/vs/Sem 5/Respiratory-Disease-Classification/data/processed/audio/cycles/133/2p2_Ar_006.wav
133,2p2,Ar,COPD,3,test,/Users/vs/Sem 5/Respiratory-Disease-Classification/data/processed/audio/cycles/133/2p2_Ar_007.wav
133,2p2,Ar,COPD,3,test,/Users/vs/Sem 5/Respiratory-Disease-Classification/data/processed/audio/cycles/133/2p2_Ar_008.wav
133,2p2,Ar,COPD,3,test,/Users/vs/Sem 5/Respiratory-Disease-Classification/data/processed/audio/cycles/133/2p2_Ar_009.wav
133,2p2,Pl,COPD,3,test,/Users/vs/Sem 5/Respiratory-Disease-Classification/data/processed/audio/cycles/133/2p2_Pl_001.wav
133,2p2,Pl,COPD,3,test,/Users/vs/Sem 5/Respiratory-Disease-Classification/data/processed/audio/cycles/133/2p2_Pl_002.wav
133,2p2,Pl,COPD,3,test,/Users/vs/Sem 5/Respiratory-Disease-Classification/data/processed/audio/cycles/133/2p2_Pl_003.wav
133,2p2,Pl,COPD,3,test,/Users/vs/Sem 5/Respiratory-Disease-Classification/data/processed/audio/cycles/133/2p2_Pl_004.wav
133,2p2,Pl,COPD,3,test,/Users/vs/Sem 5/Respiratory-Disease-Classification/data/processed/audio/cycles/133/2p2_Pl_005.wav
133,2p2,Pl,COPD,3,test,/Users/vs/Sem 5/Respiratory-Disease-Classification/data/processed/audio/cycles/133/2p2_Pl_006.wav
133,2p2,Pl,COPD,3,test,/Users/vs/Sem 5/Respiratory-Disease-Classification/data/processed/audio/cycles/133/2p2_Pl_007.wav
133,2p2,Pl,COPD,3,test,/Users/vs/Sem 5/Respiratory-Disease-Classification/data/processed/audio/cycles/133/2p2_Pl_008.wav
133,2p2,Pl,COPD,3,test,/Users/vs/Sem 5/Respiratory-Disease-Classification/data/processed/audio/cycles/133/2p2_Pl_009.wav
133,2p2,Tc,COPD,3,test,/Users/vs/Sem 5/Respiratory-Disease-Classification/data/processed/audio/cycles/133/2p2_Tc_001.wav
133,2p2,Tc,COPD,3,test,/Users/vs/Sem 5/Respiratory-Disease-Classification/data/processed/audio/cycles/133/2p2_Tc_002.wav
133,2p2,Tc,COPD,3,test,/Users/vs/Sem 5/Respiratory-Disease-Classification/data/processed/audio/cycles/133/2p2_Tc_003.wav
133,2p2,Tc,COPD,3,test,/Users/vs/Sem 5/Respiratory-Disease-Classification/data/processed/audio/cycles/133/2p2_Tc_004.wav
133,2p2,Tc,COPD,3,test,/Users/vs/Sem 5/Respiratory-Disease-Classification/data/processed/audio/cycles/133/2p2_Tc_005.wav
133,2p2,Tc,COPD,3,test,/Users/vs/Sem 5/Respiratory-Disease-Classification/data/processed/audio/cycles/133/2p2_Tc_006.wav
133,2p2,Tc,COPD,3,test,/Users/vs/Sem 5/Respiratory-Disease-Classification/data/processed/audio/cycles/133/2p2_Tc_007.wav
133,2p2,Tc,COPD,3,test,/Users/vs/Sem 5/Respiratory-Disease-Classification/data/processed/audio/cycles/133/2p2_Tc_008.wav
133,2p2,Tc,COPD,3,test,/Users/vs/Sem 5/Respiratory-Disease-Classification/data/processed/audio/cycles/133/2p2_Tc_009.wav
133,2p3,Al,COPD,3,test,/Users/vs/Sem 5/Respiratory-Disease-Classification/data/processed/audio/cycles/133/2p3_Al_001.wav
133,2p3,Al,COPD,3,test,/Users/vs/Sem 5/Respiratory-Disease-Classification/data/processed/audio/cycles/133/2p3_Al_002.wav
133,2p3,Al,COPD,3,test,/Users/vs/Sem 5/Respiratory-Disease-Classification/data/processed/audio/cycles/133/2p3_Al_003.wav
133,2p3,Al,COPD,3,test,/Users/vs/Sem 5/Respiratory-Disease-Classification/data/processed/audio/cycles/133/2p3_Al_004.wav
133,2p3,Al,COPD,3,test,/Users/vs/Sem 5/Respiratory-Disease-Classification/data/processed/audio/cycles/133/2p3_Al_005.wav
133,2p3,Al,COPD,3,test,/Users/vs/Sem 5/Respiratory-Disease-Classification/data/processed/audio/cycles/133/2p3_Al_006.wav
133,2p3,Al,COPD,3,test,/Users/vs/Sem 5/Respiratory-Disease-Classification/data/processed/audio/cycles/133/2p3_Al_007.wav
133,2p3,Al,COPD,3,test,/Users/vs/Sem 5/Respiratory-Disease-Classification/data/processed/audio/cycles/133/2p3_Al_008.wav
133,2p3,Ar,COPD,3,test,/Users/vs/Sem 5/Respiratory-Disease-Classification/data/processed/audio/cycles/133/2p3_Ar_001.wav
133,2p3,Ar,COPD,3,test,/Users/vs/Sem 5/Respiratory-Disease-Classification/data/processed/audio/cycles/133/2p3_Ar_002.wav
133,2p3,Ar,COPD,3,test,/Users/vs/Sem 5/Respiratory-Disease-Classification/data/processed/audio/cycles/133/2p3_Ar_003.wav
133,2p3,Ar,COPD,3,test,/Users/vs/Sem 5/Respiratory-Disease-Classification/data/processed/audio/cycles/133/2p3_Ar_004.wav
133,2p3,Ar,COPD,3,test,/Users/vs/Sem 5/Respiratory-Disease-Classification/data/processed/audio/cycles/133/2p3_Ar_005.wav
133,2p3,Ar,COPD,3,test,/Users/vs/Sem 5/Respiratory-Disease-Classification/data/processed/audio/cycles/133/2p3_Ar_006.wav
133,2p3,Ar,COPD,3,test,/Users/vs/Sem 5/Respiratory-Disease-Classification/data/processed/audio/cycles/133/2p3_Ar_007.wav
133,2p3,Ar,COPD,3,test,/Users/vs/Sem 5/Respiratory-Disease-Classification/data/processed/audio/cycles/133/2p3_Ar_008.wav
133,2p3,Pl,COPD,3,test,/Users/vs/Sem 5/Respiratory-Disease-Classification/data/processed/audio/cycles/133/2p3_Pl_001.wav
133,2p3,Pl,COPD,3,test,/Users/vs/Sem 5/Respiratory-Disease-Classification/data/processed/audio/cycles/133/2p3_Pl_002.wav
133,2p3,Pl,COPD,3,test,/Users/vs/Sem 5/Respiratory-Disease-Classification/data/processed/audio/cycles/133/2p3_Pl_003.wav
133,2p3,Pl,COPD,3,test,/Users/vs/Sem 5/Respiratory-Disease-Classification/data/processed/audio/cycles/133/2p3_Pl_004.wav
133,2p3,Pl,COPD,3,test,/Users/vs/Sem 5/Respiratory-Disease-Classification/data/processed/audio/cycles/133/2p3_Pl_005.wav
133,2p3,Pl,COPD,3,test,/Users/vs/Sem 5/Respiratory-Disease-Classification/data/processed/audio/cycles/133/2p3_Pl_006.wav
133,2p3,Pl,COPD,3,test,/Users/vs/Sem 5/Respiratory-Disease-Classification/data/processed/audio/cycles/133/2p3_Pl_007.wav
133,2p3,Pl,COPD,3,test,/Users/vs/Sem 5/Respiratory-Disease-Classification/data/processed/audio/cycles/133/2p3_Pl_008.wav
133,2p3,Pr,COPD,3,test,/Users/vs/Sem 5/Respiratory-Disease-Classification/data/processed/audio/cycles/133/2p3_Pr_001.wav
133,2p3,Pr,COPD,3,test,/Users/vs/Sem 5/Respiratory-Disease-Classification/data/processed/audio/cycles/133/2p3_Pr_002.wav
133,2p3,Pr,COPD,3,test,/Users/vs/Sem 5/Respiratory-Disease-Classification/data/processed/audio/cycles/133/2p3_Pr_003.wav
133,2p3,Pr,COPD,3,test,/Users/vs/Sem 5/Respiratory-Disease-Classification/data/processed/audio/cycles/133/2p3_Pr_004.wav
133,2p3,Pr,COPD,3,test,/Users/vs/Sem 5/Respiratory-Disease-Classification/data/processed/audio/cycles/133/2p3_Pr_005.wav
133,2p3,Pr,COPD,3,test,/Users/vs/Sem 5/Respiratory-Disease-Classification/data/processed/audio/cycles/133/2p3_Pr_006.wav
133,2p3,Pr,COPD,3,test,/Users/vs/Sem 5/Respiratory-Disease-Classification/data/processed/audio/cycles/133/2p3_Pr_007.wav
133,2p3,Pr,COPD,3,test,/Users/vs/Sem 5/Respiratory-Disease-Classification/data/processed/audio/cycles/133/2p3_Pr_008.wav
133,2p3,Tc,COPD,3,test,/Users/vs/Sem 5/Respiratory-Disease-Classification/data/processed/audio/cycles/133/2p3_Tc_001.wav
133,2p3,Tc,COPD,3,test,/Users/vs/Sem 5/Respiratory-Disease-Classification/data/processed/audio/cycles/133/2p3_Tc_002.wav
133,2p3,Tc,COPD,3,test,/Users/vs/Sem 5/Respiratory-Disease-Classification/data/processed/audio/cycles/133/2p3_Tc_003.wav
133,2p3,Tc,COPD,3,test,/Users/vs/Sem 5/Respiratory-Disease-Classification/data/processed/audio/cycles/133/2p3_Tc_004.wav
133,2p3,Tc,COPD,3,test,/Users/vs/Sem 5/Respiratory-Disease-Classification/data/processed/audio/cycles/133/2p3_Tc_005.wav
133,2p3,Tc,COPD,3,test,/Users/vs/Sem 5/Respiratory-Disease-Classification/data/processed/audio/cycles/133/2p3_Tc_006.wav
133,2p3,Tc,COPD,3,test,/Users/vs/Sem 5/Respiratory-Disease-Classification/data/processed/audio/cycles/133/2p3_Tc_007.wav
133,2p3,Tc,COPD,3,test,/Users/vs/Sem 5/Respiratory-Disease-Classification/data/processed/audio/cycles/133/2p3_Tc_008.wav
133,2p4,Al,COPD,3,test,/Users/vs/Sem 5/Respiratory-Disease-Classification/data/processed/audio/cycles/133/2p4_Al_001.wav
133,2p4,Al,COPD,3,test,/Users/vs/Sem 5/Respiratory-Disease-Classification/data/processed/audio/cycles/133/2p4_Al_002.wav
133,2p4,Al,COPD,3,test,/Users/vs/Sem 5/Respiratory-Disease-Classification/data/processed/audio/cycles/133/2p4_Al_003.wav
133,2p4,Al,COPD,3,test,/Users/vs/Sem 5/Respiratory-Disease-Classification/data/processed/audio/cycles/133/2p4_Al_004.wav
133,2p4,Al,COPD,3,test,/Users/vs/Sem 5/Respiratory-Disease-Classification/data/processed/audio/cycles/133/2p4_Al_005.wav
133,2p4,Al,COPD,3,test,/Users/vs/Sem 5/Respiratory-Disease-Classification/data/processed/audio/cycles/133/2p4_Al_006.wav
133,2p4,Al,COPD,3,test,/Users/vs/Sem 5/Respiratory-Disease-Classification/data/processed/audio/cycles/133/2p4_Al_007.wav
133,2p4,Al,COPD,3,test,/Users/vs/Sem 5/Respiratory-Disease-Classification/data/processed/audio/cycles/133/2p4_Al_008.wav
133,2p4,Ar,COPD,3,test,/Users/vs/Sem 5/Respiratory-Disease-Classification/data/processed/audio/cycles/133/2p4_Ar_001.wav
133,2p4,Ar,COPD,3,test,/Users/vs/Sem 5/Respiratory-Disease-Classification/data/processed/audio/cycles/133/2p4_Ar_002.wav
133,2p4,Ar,COPD,3,test,/Users/vs/Sem 5/Respiratory-Disease-Classification/data/processed/audio/cycles/133/2p4_Ar_003.wav
133,2p4,Ar,COPD,3,test,/Users/vs/Sem 5/Respiratory-Disease-Classification/data/processed/audio/cycles/133/2p4_Ar_004.wav
133,2p4,Ar,COPD,3,test,/Users/vs/Sem 5/Respiratory-Disease-Classification/data/processed/audio/cycles/133/2p4_Ar_005.wav
133,2p4,Ar,COPD,3,test,/Users/vs/Sem 5/Respiratory-Disease-Classification/data/processed/audio/cycles/133/2p4_Ar_006.wav
133,2p4,Ar,COPD,3,test,/Users/vs/Sem 5/Respiratory-Disease-Classification/data/processed/audio/cycles/133/2p4_Ar_007.wav
133,2p4,Ar,COPD,3,test,/Users/vs/Sem 5/Respiratory-Disease-Classification/data/processed/audio/cycles/133/2p4_Ar_008.wav
133,2p4,Pl,COPD,3,test,/Users/vs/Sem 5/Respiratory-Disease-Classification/data/processed/audio/cycles/133/2p4_Pl_001.wav
133,2p4,Pl,COPD,3,test,/Users/vs/Sem 5/Respiratory-Disease-Classification/data/processed/audio/cycles/133/2p4_Pl_002.wav
133,2p4,Pl,COPD,3,test,/Users/vs/Sem 5/Respiratory-Disease-Classification/data/processed/audio/cycles/133/2p4_Pl_003.wav
133,2p4,Pl,COPD,3,test,/Users/vs/Sem 5/Respiratory-Disease-Classification/data/processed/audio/cycles/133/2p4_Pl_004.wav
133,2p4,Pl,COPD,3,test,/Users/vs/Sem 5/Respiratory-Disease-Classification/data/processed/audio/cycles/133/2p4_Pl_005.wav
133,2p4,Pl,COPD,3,test,/Users/vs/Sem 5/Respiratory-Disease-Classification/data/processed/audio/cycles/133/2p4_Pl_006.wav
133,2p4,Pl,COPD,3,test,/Users/vs/Sem 5/Respiratory-Disease-Classification/data/processed/audio/cycles/133/2p4_Pl_007.wav
133,2p4,Pl,COPD,3,test,/Users/vs/Sem 5/Respiratory-Disease-Classification/data/processed/audio/cycles/133/2p4_Pl_008.wav
133,2p4,Pr,COPD,3,test,/Users/vs/Sem 5/Respiratory-Disease-Classification/data/processed/audio/cycles/133/2p4_Pr_001.wav
133,2p4,Pr,COPD,3,test,/Users/vs/Sem 5/Respiratory-Disease-Classification/data/processed/audio/cycles/133/2p4_Pr_002.wav
133,2p4,Pr,COPD,3,test,/Users/vs/Sem 5/Respiratory-Disease-Classification/data/processed/audio/cycles/133/2p4_Pr_003.wav
133,2p4,Pr,COPD,3,test,/Users/vs/Sem 5/Respiratory-Disease-Classification/data/processed/audio/cycles/133/2p4_Pr_004.wav
133,2p4,Pr,COPD,3,test,/Users/vs/Sem 5/Respiratory-Disease-Classification/data/processed/audio/cycles/133/2p4_Pr_005.wav
133,2p4,Pr,COPD,3,test,/Users/vs/Sem 5/Respiratory-Disease-Classification/data/processed/audio/cycles/133/2p4_Pr_006.wav
133,2p4,Pr,COPD,3,test,/Users/vs/Sem 5/Respiratory-Disease-Classification/data/processed/audio/cycles/133/2p4_Pr_007.wav
133,2p4,Pr,COPD,3,test,/Users/vs/Sem 5/Respiratory-Disease-Classification/data/processed/audio/cycles/133/2p4_Pr_008.wav
133,2p4,Tc,COPD,3,test,/Users/vs/Sem 5/Respiratory-Disease-Classification/data/processed/audio/cycles/133/2p4_Tc_001.wav
133,2p4,Tc,COPD,3,test,/Users/vs/Sem 5/Respiratory-Disease-Classification/data/processed/audio/cycles/133/2p4_Tc_002.wav
133,2p4,Tc,COPD,3,test,/Users/vs/Sem 5/Respiratory-Disease-Classification/data/processed/audio/cycles/133/2p4_Tc_003.wav
133,2p4,Tc,COPD,3,test,/Users/vs/Sem 5/Respiratory-Disease-Classification/data/processed/audio/cycles/133/2p4_Tc_004.wav
133,2p4,Tc,COPD,3,test,/Users/vs/Sem 5/Respiratory-Disease-Classification/data/processed/audio/cycles/133/2p4_Tc_005.wav
133,2p4,Tc,COPD,3,test,/Users/vs/Sem 5/Respiratory-Disease-Classification/data/processed/audio/cycles/133/2p4_Tc_006.wav
133,2p4,Tc,COPD,3,test,/Users/vs/Sem 5/Respiratory-Disease-Classification/data/processed/audio/cycles/133/2p4_Tc_007.wav
133,2p4,Tc,COPD,3,test,/Users/vs/Sem 5/Respiratory-Disease-Classification/data/processed/audio/cycles/133/2p4_Tc_008.wav
133,3p2,Al,COPD,3,test,/Users/vs/Sem 5/Respiratory-Disease-Classification/data/processed/audio/cycles/133/3p2_Al_001.wav
133,3p2,Al,COPD,3,test,/Users/vs/Sem 5/Respiratory-Disease-Classification/data/processed/audio/cycles/133/3p2_Al_002.wav
133,3p2,Al,COPD,3,test,/Users/vs/Sem 5/Respiratory-Disease-Classification/data/processed/audio/cycles/133/3p2_Al_003.wav
133,3p2,Al,COPD,3,test,/Users/vs/Sem 5/Respiratory-Disease-Classification/data/processed/audio/cycles/133/3p2_Al_004.wav
133,3p2,Al,COPD,3,test,/Users/vs/Sem 5/Respiratory-Disease-Classification/data/processed/audio/cycles/133/3p2_Al_005.wav
133,3p2,Al,COPD,3,test,/Users/vs/Sem 5/Respiratory-Disease-Classification/data/processed/audio/cycles/133/3p2_Al_006.wav
133,3p2,Al,COPD,3,test,/Users/vs/Sem 5/Respiratory-Disease-Classification/data/processed/audio/cycles/133/3p2_Al_007.wav
133,3p2,Al,COPD,3,test,/Users/vs/Sem 5/Respiratory-Disease-Classification/data/processed/audio/cycles/133/3p2_Al_008.wav
133,3p2,Ar,COPD,3,test,/Users/vs/Sem 5/Respiratory-Disease-Classification/data/processed/audio/cycles/133/3p2_Ar_001.wav
133,3p2,Ar,COPD,3,test,/Users/vs/Sem 5/Respiratory-Disease-Classification/data/processed/audio/cycles/133/3p2_Ar_002.wav
133,3p2,Ar,COPD,3,test,/Users/vs/Sem 5/Respiratory-Disease-Classification/data/processed/audio/cycles/133/3p2_Ar_003.wav
133,3p2,Ar,COPD,3,test,/Users/vs/Sem 5/Respiratory-Disease-Classification/data/processed/audio/cycles/133/3p2_Ar_004.wav
133,3p2,Ar,COPD,3,test,/Users/vs/Sem 5/Respiratory-Disease-Classification/data/processed/audio/cycles/133/3p2_Ar_005.wav
133,3p2,Ar,COPD,3,test,/Users/vs/Sem 5/Respiratory-Disease-Classification/data/processed/audio/cycles/133/3p2_Ar_006.wav
133,3p2,Ar,COPD,3,test,/Users/vs/Sem 5/Respiratory-Disease-Classification/data/processed/audio/cycles/133/3p2_Ar_007.wav
133,3p2,Ar,COPD,3,test,/Users/vs/Sem 5/Respiratory-Disease-Classification/data/processed/audio/cycles/133/3p2_Ar_008.wav
133,3p2,Pl,COPD,3,test,/Users/vs/Sem 5/Respiratory-Disease-Classification/data/processed/audio/cycles/133/3p2_Pl_001.wav
133,3p2,Pl,COPD,3,test,/Users/vs/Sem 5/Respiratory-Disease-Classification/data/processed/audio/cycles/133/3p2_Pl_002.wav
133,3p2,Pl,COPD,3,test,/Users/vs/Sem 5/Respiratory-Disease-Classification/data/processed/audio/cycles/133/3p2_Pl_003.wav
133,3p2,Pl,COPD,3,test,/Users/vs/Sem 5/Respiratory-Disease-Classification/data/processed/audio/cycles/133/3p2_Pl_004.wav
133,3p2,Pl,COPD,3,test,/Users/vs/Sem 5/Respiratory-Disease-Classification/data/processed/audio/cycles/133/3p2_Pl_005.wav
133,3p2,Pl,COPD,3,test,/Users/vs/Sem 5/Respiratory-Disease-Classification/data/processed/audio/cycles/133/3p2_Pl_006.wav
133,3p2,Pl,COPD,3,test,/Users/vs/Sem 5/Respiratory-Disease-Classification/data/processed/audio/cycles/133/3p2_Pl_007.wav
133,3p2,Pl,COPD,3,test,/Users/vs/Sem 5/Respiratory-Disease-Classification/data/processed/audio/cycles/133/3p2_Pl_008.wav
133,3p2,Pr,COPD,3,test,/Users/vs/Sem 5/Respiratory-Disease-Classification/data/processed/audio/cycles/133/3p2_Pr_001.wav
133,3p2,Pr,COPD,3,test,/Users/vs/Sem 5/Respiratory-Disease-Classification/data/processed/audio/cycles/133/3p2_Pr_002.wav
133,3p2,Pr,COPD,3,test,/Users/vs/Sem 5/Respiratory-Disease-Classification/data/processed/audio/cycles/133/3p2_Pr_003.wav
133,3p2,Pr,COPD,3,test,/Users/vs/Sem 5/Respiratory-Disease-Classification/data/processed/audio/cycles/133/3p2_Pr_004.wav
133,3p2,Pr,COPD,3,test,/Users/vs/Sem 5/Respiratory-Disease-Classification/data/processed/audio/cycles/133/3p2_Pr_005.wav
133,3p2,Pr,COPD,3,test,/Users/vs/Sem 5/Respiratory-Disease-Classification/data/processed/audio/cycles/133/3p2_Pr_006.wav
133,3p2,Pr,COPD,3,test,/Users/vs/Sem 5/Respiratory-Disease-Classification/data/processed/audio/cycles/133/3p2_Pr_007.wav
133,3p2,Pr,COPD,3,test,/Users/vs/Sem 5/Respiratory-Disease-Classification/data/processed/audio/cycles/133/3p2_Pr_008.wav
133,3p4,Tc,COPD,3,test,/Users/vs/Sem 5/Respiratory-Disease-Classification/data/processed/audio/cycles/133/3p4_Tc_001.wav
133,3p4,Tc,COPD,3,test,/Users/vs/Sem 5/Respiratory-Disease-Classification/data/processed/audio/cycles/133/3p4_Tc_002.wav
133,3p4,Tc,COPD,3,test,/Users/vs/Sem 5/Respiratory-Disease-Classification/data/processed/audio/cycles/133/3p4_Tc_003.wav
133,3p4,Tc,COPD,3,test,/Users/vs/Sem 5/Respiratory-Disease-Classification/data/processed/audio/cycles/133/3p4_Tc_004.wav
133,3p4,Tc,COPD,3,test,/Users/vs/Sem 5/Respiratory-Disease-Classification/data/processed/audio/cycles/133/3p4_Tc_005.wav
133,3p4,Tc,COPD,3,test,/Users/vs/Sem 5/Respiratory-Disease-Classification/data/processed/audio/cycles/133/3p4_Tc_006.wav
133,3p4,Tc,COPD,3,test,/Users/vs/Sem 5/Respiratory-Disease-Classification/data/processed/audio/cycles/133/3p4_Tc_007.wav
133,3p4,Tc,COPD,3,test,/Users/vs/Sem 5/Respiratory-Disease-Classification/data/processed/audio/cycles/133/3p4_Tc_008.wav
134,2b1,Al,COPD,3,train,/Users/vs/Sem 5/Respiratory-Disease-Classification/data/processed/audio/cycles/134/2b1_Al_001.wav
134,2b1,Al,COPD,3,train,/Users/vs/Sem 5/Respiratory-Disease-Classification/data/processed/audio/cycles/134/2b1_Al_002.wav
134,2b1,Al,COPD,3,train,/Users/vs/Sem 5/Respiratory-Disease-Classification/data/processed/audio/cycles/134/2b1_Al_003.wav
134,2b1,Al,COPD,3,train,/Users/vs/Sem 5/Respiratory-Disease-Classification/data/processed/audio/cycles/134/2b1_Al_004.wav
134,2b1,Al,COPD,3,train,/Users/vs/Sem 5/Respiratory-Disease-Classification/data/processed/audio/cycles/134/2b1_Al_005.wav
134,2b1,Ar,COPD,3,train,/Users/vs/Sem 5/Respiratory-Disease-Classification/data/processed/audio/cycles/134/2b1_Ar_001.wav
134,2b1,Ar,COPD,3,train,/Users/vs/Sem 5/Respiratory-Disease-Classification/data/processed/audio/cycles/134/2b1_Ar_002.wav
134,2b1,Ar,COPD,3,train,/Users/vs/Sem 5/Respiratory-Disease-Classification/data/processed/audio/cycles/134/2b1_Ar_003.wav
134,2b1,Ar,COPD,3,train,/Users/vs/Sem 5/Respiratory-Disease-Classification/data/processed/audio/cycles/134/2b1_Ar_004.wav
134,2b1,Ar,COPD,3,train,/Users/vs/Sem 5/Respiratory-Disease-Classification/data/processed/audio/cycles/134/2b1_Ar_005.wav
134,2b2,Al,COPD,3,train,/Users/vs/Sem 5/Respiratory-Disease-Classification/data/processed/audio/cycles/134/2b2_Al_001.wav
134,2b2,Al,COPD,3,train,/Users/vs/Sem 5/Respiratory-Disease-Classification/data/processed/audio/cycles/134/2b2_Al_002.wav
134,2b2,Al,COPD,3,train,/Users/vs/Sem 5/Respiratory-Disease-Classification/data/processed/audio/cycles/134/2b2_Al_003.wav
134,2b2,Al,COPD,3,train,/Users/vs/Sem 5/Respiratory-Disease-Classification/data/processed/audio/cycles/134/2b2_Al_004.wav
134,2b2,Al,COPD,3,train,/Users/vs/Sem 5/Respiratory-Disease-Classification/data/processed/audio/cycles/134/2b2_Al_005.wav
134,2b2,Al,COPD,3,train,/Users/vs/Sem 5/Respiratory-Disease-Classification/data/processed/audio/cycles/134/2b2_Al_006.wav
134,2b2,Al,COPD,3,train,/Users/vs/Sem 5/Respiratory-Disease-Classification/data/processed/audio/cycles/134/2b2_Al_007.wav
134,2b2,Ar,COPD,3,train,/Users/vs/Sem 5/Respiratory-Disease-Classification/data/processed/audio/cycles/134/2b2_Ar_001.wav
134,2b2,Ar,COPD,3,train,/Users/vs/Sem 5/Respiratory-Disease-Classification/data/processed/audio/cycles/134/2b2_Ar_002.wav
134,2b2,Ar,COPD,3,train,/Users/vs/Sem 5/Respiratory-Disease-Classification/data/processed/audio/cycles/134/2b2_Ar_003.wav
134,2b2,Ar,COPD,3,train,/Users/vs/Sem 5/Respiratory-Disease-Classification/data/processed/audio/cycles/134/2b2_Ar_004.wav
134,2b2,Ar,COPD,3,train,/Users/vs/Sem 5/Respiratory-Disease-Classification/data/processed/audio/cycles/134/2b2_Ar_005.wav
134,2b2,Ar,COPD,3,train,/Users/vs/Sem 5/Respiratory-Disease-Classification/data/processed/audio/cycles/134/2b2_Ar_006.wav
134,2b2,Ar,COPD,3,train,/Users/vs/Sem 5/Respiratory-Disease-Classification/data/processed/audio/cycles/134/2b2_Ar_007.wav
134,2b3,Ar,COPD,3,train,/Users/vs/Sem 5/Respiratory-Disease-Classification/data/processed/audio/cycles/134/2b3_Ar_001.wav
134,2b3,Ar,COPD,3,train,/Users/vs/Sem 5/Respiratory-Disease-Classification/data/processed/audio/cycles/134/2b3_Ar_002.wav
134,2b3,Ar,COPD,3,train,/Users/vs/Sem 5/Respiratory-Disease-Classification/data/processed/audio/cycles/134/2b3_Ar_003.wav
134,2b3,Ar,COPD,3,train,/Users/vs/Sem 5/Respiratory-Disease-Classification/data/processed/audio/cycles/134/2b3_Ar_004.wav
134,2b3,Ar,COPD,3,train,/Users/vs/Sem 5/Respiratory-Disease-Classification/data/processed/audio/cycles/134/2b3_Ar_005.wav
134,2b3,Ar,COPD,3,train,/Users/vs/Sem 5/Respiratory-Disease-Classification/data/processed/audio/cycles/134/2b3_Ar_006.wav
135,2b1,Al,Pneumonia,6,train,/Users/vs/Sem 5/Respiratory-Disease-Classification/data/processed/audio/cycles/135/2b1_Al_001.wav
135,2b1,Al,Pneumonia,6,train,/Users/vs/Sem 5/Respiratory-Disease-Classification/data/processed/audio/cycles/135/2b1_Al_002.wav
135,2b1,Al,Pneumonia,6,train,/Users/vs/Sem 5/Respiratory-Disease-Classification/data/processed/audio/cycles/135/2b1_Al_003.wav
135,2b1,Al,Pneumonia,6,train,/Users/vs/Sem 5/Respiratory-Disease-Classification/data/processed/audio/cycles/135/2b1_Al_004.wav
135,2b1,Al,Pneumonia,6,train,/Users/vs/Sem 5/Respiratory-Disease-Classification/data/processed/audio/cycles/135/2b1_Al_005.wav
135,2b1,Al,Pneumonia,6,train,/Users/vs/Sem 5/Respiratory-Disease-Classification/data/processed/audio/cycles/135/2b1_Al_006.wav
135,2b1,Al,Pneumonia,6,train,/Users/vs/Sem 5/Respiratory-Disease-Classification/data/processed/audio/cycles/135/2b1_Al_007.wav
135,2b1,Al,Pneumonia,6,train,/Users/vs/Sem 5/Respiratory-Disease-Classification/data/processed/audio/cycles/135/2b1_Al_008.wav
135,2b1,Al,Pneumonia,6,train,/Users/vs/Sem 5/Respiratory-Disease-Classification/data/processed/audio/cycles/135/2b1_Al_009.wav
135,2b1,Ar,Pneumonia,6,train,/Users/vs/Sem 5/Respiratory-Disease-Classification/data/processed/audio/cycles/135/2b1_Ar_001.wav
135,2b1,Ar,Pneumonia,6,train,/Users/vs/Sem 5/Respiratory-Disease-Classification/data/processed/audio/cycles/135/2b1_Ar_002.wav
135,2b1,Ar,Pneumonia,6,train,/Users/vs/Sem 5/Respiratory-Disease-Classification/data/processed/audio/cycles/135/2b1_Ar_003.wav
135,2b1,Ar,Pneumonia,6,train,/Users/vs/Sem 5/Respiratory-Disease-Classification/data/processed/audio/cycles/135/2b1_Ar_004.wav
135,2b1,Ar,Pneumonia,6,train,/Users/vs/Sem 5/Respiratory-Disease-Classification/data/processed/audio/cycles/135/2b1_Ar_005.wav
135,2b1,Ar,Pneumonia,6,train,/Users/vs/Sem 5/Respiratory-Disease-Classification/data/processed/audio/cycles/135/2b1_Ar_006.wav
135,2b1,Ar,Pneumonia,6,train,/Users/vs/Sem 5/Respiratory-Disease-Classification/data/processed/audio/cycles/135/2b1_Ar_007.wav
135,2b1,Ar,Pneumonia,6,train,/Users/vs/Sem 5/Respiratory-Disease-Classification/data/processed/audio/cycles/135/2b1_Ar_008.wav
135,2b1,Ar,Pneumonia,6,train,/Users/vs/Sem 5/Respiratory-Disease-Classification/data/processed/audio/cycles/135/2b1_Ar_009.wav
135,2b1,Pl,Pneumonia,6,train,/Users/vs/Sem 5/Respiratory-Disease-Classification/data/processed/audio/cycles/135/2b1_Pl_001.wav
135,2b1,Pl,Pneumonia,6,train,/Users/vs/Sem 5/Respiratory-Disease-Classification/data/processed/audio/cycles/135/2b1_Pl_002.wav
135,2b1,Pl,Pneumonia,6,train,/Users/vs/Sem 5/Respiratory-Disease-Classification/data/processed/audio/cycles/135/2b1_Pl_003.wav
135,2b1,Pl,Pneumonia,6,train,/Users/vs/Sem 5/Respiratory-Disease-Classification/data/processed/audio/cycles/135/2b1_Pl_004.wav
135,2b1,Pl,Pneumonia,6,train,/Users/vs/Sem 5/Respiratory-Disease-Classification/data/processed/audio/cycles/135/2b1_Pl_005.wav
135,2b1,Pl,Pneumonia,6,train,/Users/vs/Sem 5/Respiratory-Disease-Classification/data/processed/audio/cycles/135/2b1_Pl_006.wav
135,2b1,Pl,Pneumonia,6,train,/Users/vs/Sem 5/Respiratory-Disease-Classification/data/processed/audio/cycles/135/2b1_Pl_007.wav
135,2b1,Pl,Pneumonia,6,train,/Users/vs/Sem 5/Respiratory-Disease-Classification/data/processed/audio/cycles/135/2b1_Pl_008.wav
135,2b1,Pl,Pneumonia,6,train,/Users/vs/Sem 5/Respiratory-Disease-Classification/data/processed/audio/cycles/135/2b1_Pl_009.wav
135,2b1,Tc,Pneumonia,6,train,/Users/vs/Sem 5/Respiratory-Disease-Classification/data/processed/audio/cycles/135/2b1_Tc_001.wav
135,2b1,Tc,Pneumonia,6,train,/Users/vs/Sem 5/Respiratory-Disease-Classification/data/processed/audio/cycles/135/2b1_Tc_002.wav
135,2b1,Tc,Pneumonia,6,train,/Users/vs/Sem 5/Respiratory-Disease-Classification/data/processed/audio/cycles/135/2b1_Tc_003.wav
135,2b1,Tc,Pneumonia,6,train,/Users/vs/Sem 5/Respiratory-Disease-Classification/data/processed/audio/cycles/135/2b1_Tc_004.wav
135,2b1,Tc,Pneumonia,6,train,/Users/vs/Sem 5/Respiratory-Disease-Classification/data/processed/audio/cycles/135/2b1_Tc_005.wav
135,2b1,Tc,Pneumonia,6,train,/Users/vs/Sem 5/Respiratory-Disease-Classification/data/processed/audio/cycles/135/2b1_Tc_006.wav
135,2b1,Tc,Pneumonia,6,train,/Users/vs/Sem 5/Respiratory-Disease-Classification/data/processed/audio/cycles/135/2b1_Tc_007.wav
135,2b1,Tc,Pneumonia,6,train,/Users/vs/Sem 5/Respiratory-Disease-Classification/data/processed/audio/cycles/135/2b1_Tc_008.wav
135,2b1,Tc,Pneumonia,6,train,/Users/vs/Sem 5/Respiratory-Disease-Classification/data/processed/audio/cycles/135/2b1_Tc_009.wav
135,2b2,Al,Pneumonia,6,train,/Users/vs/Sem 5/Respiratory-Disease-Classification/data/processed/audio/cycles/135/2b2_Al_001.wav
135,2b2,Al,Pneumonia,6,train,/Users/vs/Sem 5/Respiratory-Disease-Classification/data/processed/audio/cycles/135/2b2_Al_002.wav
135,2b2,Al,Pneumonia,6,train,/Users/vs/Sem 5/Respiratory-Disease-Classification/data/processed/audio/cycles/135/2b2_Al_003.wav
135,2b2,Al,Pneumonia,6,train,/Users/vs/Sem 5/Respiratory-Disease-Classification/data/processed/audio/cycles/135/2b2_Al_004.wav
135,2b2,Al,Pneumonia,6,train,/Users/vs/Sem 5/Respiratory-Disease-Classification/data/processed/audio/cycles/135/2b2_Al_005.wav
135,2b2,Al,Pneumonia,6,train,/Users/vs/Sem 5/Respiratory-Disease-Classification/data/processed/audio/cycles/135/2b2_Al_006.wav
135,2b2,Al,Pneumonia,6,train,/Users/vs/Sem 5/Respiratory-Disease-Classification/data/processed/audio/cycles/135/2b2_Al_007.wav
135,2b2,Al,Pneumonia,6,train,/Users/vs/Sem 5/Respiratory-Disease-Classification/data/processed/audio/cycles/135/2b2_Al_008.wav
135,2b2,Ar,Pneumonia,6,train,/Users/vs/Sem 5/Respiratory-Disease-Classification/data/processed/audio/cycles/135/2b2_Ar_001.wav
135,2b2,Ar,Pneumonia,6,train,/Users/vs/Sem 5/Respiratory-Disease-Classification/data/processed/audio/cycles/135/2b2_Ar_002.wav
135,2b2,Ar,Pneumonia,6,train,/Users/vs/Sem 5/Respiratory-Disease-Classification/data/processed/audio/cycles/135/2b2_Ar_003.wav
135,2b2,Ar,Pneumonia,6,train,/Users/vs/Sem 5/Respiratory-Disease-Classification/data/processed/audio/cycles/135/2b2_Ar_004.wav
135,2b2,Ar,Pneumonia,6,train,/Users/vs/Sem 5/Respiratory-Disease-Classification/data/processed/audio/cycles/135/2b2_Ar_005.wav
135,2b2,Ar,Pneumonia,6,train,/Users/vs/Sem 5/Respiratory-Disease-Classification/data/processed/audio/cycles/135/2b2_Ar_006.wav
135,2b2,Ar,Pneumonia,6,train,/Users/vs/Sem 5/Respiratory-Disease-Classification/data/processed/audio/cycles/135/2b2_Ar_007.wav
135,2b2,Ar,Pneumonia,6,train,/Users/vs/Sem 5/Respiratory-Disease-Classification/data/processed/audio/cycles/135/2b2_Ar_008.wav
135,2b2,Pl,Pneumonia,6,train,/Users/vs/Sem 5/Respiratory-Disease-Classification/data/processed/audio/cycles/135/2b2_Pl_001.wav
135,2b2,Pl,Pneumonia,6,train,/Users/vs/Sem 5/Respiratory-Disease-Classification/data/processed/audio/cycles/135/2b2_Pl_002.wav
135,2b2,Pl,Pneumonia,6,train,/Users/vs/Sem 5/Respiratory-Disease-Classification/data/processed/audio/cycles/135/2b2_Pl_003.wav
135,2b2,Pl,Pneumonia,6,train,/Users/vs/Sem 5/Respiratory-Disease-Classification/data/processed/audio/cycles/135/2b2_Pl_004.wav
135,2b2,Pl,Pneumonia,6,train,/Users/vs/Sem 5/Respiratory-Disease-Classification/data/processed/audio/cycles/135/2b2_Pl_005.wav
135,2b2,Pl,Pneumonia,6,train,/Users/vs/Sem 5/Respiratory-Disease-Classification/data/processed/audio/cycles/135/2b2_Pl_006.wav
135,2b2,Pl,Pneumonia,6,train,/Users/vs/Sem 5/Respiratory-Disease-Classification/data/processed/audio/cycles/135/2b2_Pl_007.wav
135,2b2,Tc,Pneumonia,6,train,/Users/vs/Sem 5/Respiratory-Disease-Classification/data/processed/audio/cycles/135/2b2_Tc_001.wav
135,2b2,Tc,Pneumonia,6,train,/Users/vs/Sem 5/Respiratory-Disease-Classification/data/processed/audio/cycles/135/2b2_Tc_002.wav
135,2b2,Tc,Pneumonia,6,train,/Users/vs/Sem 5/Respiratory-Disease-Classification/data/processed/audio/cycles/135/2b2_Tc_003.wav
135,2b2,Tc,Pneumonia,6,train,/Users/vs/Sem 5/Respiratory-Disease-Classification/data/processed/audio/cycles/135/2b2_Tc_004.wav
135,2b2,Tc,Pneumonia,6,train,/Users/vs/Sem 5/Respiratory-Disease-Classification/data/processed/audio/cycles/135/2b2_Tc_005.wav
135,2b2,Tc,Pneumonia,6,train,/Users/vs/Sem 5/Respiratory-Disease-Classification/data/processed/audio/cycles/135/2b2_Tc_006.wav
135,2b2,Tc,Pneumonia,6,train,/Users/vs/Sem 5/Respiratory-Disease-Classification/data/processed/audio/cycles/135/2b2_Tc_007.wav
135,2b2,Tc,Pneumonia,6,train,/Users/vs/Sem 5/Respiratory-Disease-Classification/data/processed/audio/cycles/135/2b2_Tc_008.wav
135,2b3,Al,Pneumonia,6,train,/Users/vs/Sem 5/Respiratory-Disease-Classification/data/processed/audio/cycles/135/2b3_Al_001.wav
135,2b3,Al,Pneumonia,6,train,/Users/vs/Sem 5/Respiratory-Disease-Classification/data/processed/audio/cycles/135/2b3_Al_002.wav
135,2b3,Al,Pneumonia,6,train,/Users/vs/Sem 5/Respiratory-Disease-Classification/data/processed/audio/cycles/135/2b3_Al_003.wav
135,2b3,Al,Pneumonia,6,train,/Users/vs/Sem 5/Respiratory-Disease-Classification/data/processed/audio/cycles/135/2b3_Al_004.wav
135,2b3,Al,Pneumonia,6,train,/Users/vs/Sem 5/Respiratory-Disease-Classification/data/processed/audio/cycles/135/2b3_Al_005.wav
135,2b3,Al,Pneumonia,6,train,/Users/vs/Sem 5/Respiratory-Disease-Classification/data/processed/audio/cycles/135/2b3_Al_006.wav
135,2b3,Al,Pneumonia,6,train,/Users/vs/Sem 5/Respiratory-Disease-Classification/data/processed/audio/cycles/135/2b3_Al_007.wav
135,2b3,Al,Pneumonia,6,train,/Users/vs/Sem 5/Respiratory-Disease-Classification/data/processed/audio/cycles/135/2b3_Al_008.wav
135,2b3,Al,Pneumonia,6,train,/Users/vs/Sem 5/Respiratory-Disease-Classification/data/processed/audio/cycles/135/2b3_Al_009.wav
135,2b3,Ar,Pneumonia,6,train,/Users/vs/Sem 5/Respiratory-Disease-Classification/data/processed/audio/cycles/135/2b3_Ar_001.wav
135,2b3,Ar,Pneumonia,6,train,/Users/vs/Sem 5/Respiratory-Disease-Classification/data/processed/audio/cycles/135/2b3_Ar_002.wav
135,2b3,Ar,Pneumonia,6,train,/Users/vs/Sem 5/Respiratory-Disease-Classification/data/processed/audio/cycles/135/2b3_Ar_003.wav
135,2b3,Ar,Pneumonia,6,train,/Users/vs/Sem 5/Respiratory-Disease-Classification/data/processed/audio/cycles/135/2b3_Ar_004.wav
135,2b3,Ar,Pneumonia,6,train,/Users/vs/Sem 5/Respiratory-Disease-Classification/data/processed/audio/cycles/135/2b3_Ar_005.wav
135,2b3,Ar,Pneumonia,6,train,/Users/vs/Sem 5/Respiratory-Disease-Classification/data/processed/audio/cycles/135/2b3_Ar_006.wav
135,2b3,Ar,Pneumonia,6,train,/Users/vs/Sem 5/Respiratory-Disease-Classification/data/processed/audio/cycles/135/2b3_Ar_007.wav
135,2b3,Ar,Pneumonia,6,train,/Users/vs/Sem 5/Respiratory-Disease-Classification/data/processed/audio/cycles/135/2b3_Ar_008.wav
135,2b3,Ar,Pneumonia,6,train,/Users/vs/Sem 5/Respiratory-Disease-Classification/data/processed/audio/cycles/135/2b3_Ar_009.wav
135,2b3,Pl,Pneumonia,6,train,/Users/vs/Sem 5/Respiratory-Disease-Classification/data/processed/audio/cycles/135/2b3_Pl_001.wav
135,2b3,Pl,Pneumonia,6,train,/Users/vs/Sem 5/Respiratory-Disease-Classification/data/processed/audio/cycles/135/2b3_Pl_002.wav
135,2b3,Pl,Pneumonia,6,train,/Users/vs/Sem 5/Respiratory-Disease-Classification/data/processed/audio/cycles/135/2b3_Pl_003.wav
135,2b3,Pl,Pneumonia,6,train,/Users/vs/Sem 5/Respiratory-Disease-Classification/data/processed/audio/cycles/135/2b3_Pl_004.wav
135,2b3,Pl,Pneumonia,6,train,/Users/vs/Sem 5/Respiratory-Disease-Classification/data/processed/audio/cycles/135/2b3_Pl_005.wav
135,2b3,Pl,Pneumonia,6,train,/Users/vs/Sem 5/Respiratory-Disease-Classification/data/processed/audio/cycles/135/2b3_Pl_006.wav
135,2b3,Pl,Pneumonia,6,train,/Users/vs/Sem 5/Respiratory-Disease-Classification/data/processed/audio/cycles/135/2b3_Pl_007.wav
135,2b3,Pl,Pneumonia,6,train,/Users/vs/Sem 5/Respiratory-Disease-Classification/data/processed/audio/cycles/135/2b3_Pl_008.wav
135,2b3,Pl,Pneumonia,6,train,/Users/vs/Sem 5/Respiratory-Disease-Classification/data/processed/audio/cycles/135/2b3_Pl_009.wav
135,2b3,Pr,Pneumonia,6,train,/Users/vs/Sem 5/Respiratory-Disease-Classification/data/processed/audio/cycles/135/2b3_Pr_001.wav
135,2b3,Pr,Pneumonia,6,train,/Users/vs/Sem 5/Respiratory-Disease-Classification/data/processed/audio/cycles/135/2b3_Pr_002.wav
135,2b3,Pr,Pneumonia,6,train,/Users/vs/Sem 5/Respiratory-Disease-Classification/data/processed/audio/cycles/135/2b3_Pr_003.wav
135,2b3,Pr,Pneumonia,6,train,/Users/vs/Sem 5/Respiratory-Disease-Classification/data/processed/audio/cycles/135/2b3_Pr_004.wav
135,2b3,Pr,Pneumonia,6,train,/Users/vs/Sem 5/Respiratory-Disease-Classification/data/processed/audio/cycles/135/2b3_Pr_005.wav
135,2b3,Pr,Pneumonia,6,train,/Users/vs/Sem 5/Respiratory-Disease-Classification/data/processed/audio/cycles/135/2b3_Pr_006.wav
135,2b3,Pr,Pneumonia,6,train,/Users/vs/Sem 5/Respiratory-Disease-Classification/data/processed/audio/cycles/135/2b3_Pr_007.wav
135,2b3,Pr,Pneumonia,6,train,/Users/vs/Sem 5/Respiratory-Disease-Classification/data/processed/audio/cycles/135/2b3_Pr_008.wav
135,2b3,Pr,Pneumonia,6,train,/Users/vs/Sem 5/Respiratory-Disease-Classification/data/processed/audio/cycles/135/2b3_Pr_009.wav
135,2b3,Tc,Pneumonia,6,train,/Users/vs/Sem 5/Respiratory-Disease-Classification/data/processed/audio/cycles/135/2b3_Tc_001.wav
135,2b3,Tc,Pneumonia,6,train,/Users/vs/Sem 5/Respiratory-Disease-Classification/data/processed/audio/cycles/135/2b3_Tc_002.wav
135,2b3,Tc,Pneumonia,6,train,/Users/vs/Sem 5/Respiratory-Disease-Classification/data/processed/audio/cycles/135/2b3_Tc_003.wav
135,2b3,Tc,Pneumonia,6,train,/Users/vs/Sem 5/Respiratory-Disease-Classification/data/processed/audio/cycles/135/2b3_Tc_004.wav
135,2b3,Tc,Pneumonia,6,train,/Users/vs/Sem 5/Respiratory-Disease-Classification/data/processed/audio/cycles/135/2b3_Tc_005.wav
135,2b3,Tc,Pneumonia,6,train,/Users/vs/Sem 5/Respiratory-Disease-Classification/data/processed/audio/cycles/135/2b3_Tc_006.wav
135,2b3,Tc,Pneumonia,6,train,/Users/vs/Sem 5/Respiratory-Disease-Classification/data/processed/audio/cycles/135/2b3_Tc_007.wav
135,2b3,Tc,Pneumonia,6,train,/Users/vs/Sem 5/Respiratory-Disease-Classification/data/processed/audio/cycles/135/2b3_Tc_008.wav
135,2b3,Tc,Pneumonia,6,train,/Users/vs/Sem 5/Respiratory-Disease-Classification/data/processed/audio/cycles/135/2b3_Tc_009.wav
136,1b1,Ar,Healthy,4,test,/Users/vs/Sem 5/Respiratory-Disease-Classification/data/processed/audio/cycles/136/1b1_Ar_001.wav
136,1b1,Ar,Healthy,4,test,/Users/vs/Sem 5/Respiratory-Disease-Classification/data/processed/audio/cycles/136/1b1_Ar_002.wav
136,1b1,Ar,Healthy,4,test,/Users/vs/Sem 5/Respiratory-Disease-Classification/data/processed/audio/cycles/136/1b1_Ar_003.wav
136,1b1,Ar,Healthy,4,test,/Users/vs/Sem 5/Respiratory-Disease-Classification/data/processed/audio/cycles/136/1b1_Ar_004.wav
136,1b1,Ar,Healthy,4,test,/Users/vs/Sem 5/Respiratory-Disease-Classification/data/processed/audio/cycles/136/1b1_Ar_005.wav
136,1b1,Ar,Healthy,4,test,/Users/vs/Sem 5/Respiratory-Disease-Classification/data/processed/audio/cycles/136/1b1_Ar_006.wav
136,1b1,Ar,Healthy,4,test,/Users/vs/Sem 5/Respiratory-Disease-Classification/data/processed/audio/cycles/136/1b1_Ar_007.wav
136,1b1,Ar,Healthy,4,test,/Users/vs/Sem 5/Respiratory-Disease-Classification/data/processed/audio/cycles/136/1b1_Ar_008.wav
136,1b1,Ar,Healthy,4,test,/Users/vs/Sem 5/Respiratory-Disease-Classification/data/processed/audio/cycles/136/1b1_Ar_009.wav
137,1b1,Ar,URTI,7,train,/Users/vs/Sem 5/Respiratory-Disease-Classification/data/processed/audio/cycles/137/1b1_Ar_001.wav
137,1b1,Ar,URTI,7,train,/Users/vs/Sem 5/Respiratory-Disease-Classification/data/processed/audio/cycles/137/1b1_Ar_002.wav
137,1b1,Ar,URTI,7,train,/Users/vs/Sem 5/Respiratory-Disease-Classification/data/processed/audio/cycles/137/1b1_Ar_003.wav
137,1b1,Ar,URTI,7,train,/Users/vs/Sem 5/Respiratory-Disease-Classification/data/processed/audio/cycles/137/1b1_Ar_004.wav
137,1b1,Ar,URTI,7,train,/Users/vs/Sem 5/Respiratory-Disease-Classification/data/processed/audio/cycles/137/1b1_Ar_005.wav
137,1b1,Ar,URTI,7,train,/Users/vs/Sem 5/Respiratory-Disease-Classification/data/processed/audio/cycles/137/1b1_Ar_006.wav
137,1b1,Ar,URTI,7,train,/Users/vs/Sem 5/Respiratory-Disease-Classification/data/processed/audio/cycles/137/1b1_Ar_007.wav
137,1b1,Ar,URTI,7,train,/Users/vs/Sem 5/Respiratory-Disease-Classification/data/processed/audio/cycles/137/1b1_Ar_008.wav
137,1b1,Ll,URTI,7,train,/Users/vs/Sem 5/Respiratory-Disease-Classification/data/processed/audio/cycles/137/1b1_Ll_001.wav
137,1b1,Ll,URTI,7,train,/Users/vs/Sem 5/Respiratory-Disease-Classification/data/processed/audio/cycles/137/1b1_Ll_002.wav
137,1b1,Ll,URTI,7,train,/Users/vs/Sem 5/Respiratory-Disease-Classification/data/processed/audio/cycles/137/1b1_Ll_003.wav
137,1b1,Ll,URTI,7,train,/Users/vs/Sem 5/Respiratory-Disease-Classification/data/processed/audio/cycles/137/1b1_Ll_004.wav
137,1b1,Ll,URTI,7,train,/Users/vs/Sem 5/Respiratory-Disease-Classification/data/processed/audio/cycles/137/1b1_Ll_005.wav
137,1b1,Ll,URTI,7,train,/Users/vs/Sem 5/Respiratory-Disease-Classification/data/processed/audio/cycles/137/1b1_Ll_006.wav
137,1b1,Ll,URTI,7,train,/Users/vs/Sem 5/Respiratory-Disease-Classification/data/processed/audio/cycles/137/1b1_Ll_007.wav
137,1b1,Ll,URTI,7,train,/Users/vs/Sem 5/Respiratory-Disease-Classification/data/processed/audio/cycles/137/1b1_Ll_008.wav
137,1b1,Ll,URTI,7,train,/Users/vs/Sem 5/Respiratory-Disease-Classification/data/processed/audio/cycles/137/1b1_Ll_009.wav
138,1p2,Al,COPD,3,train,/Users/vs/Sem 5/Respiratory-Disease-Classification/data/processed/audio/cycles/138/1p2_Al_001.wav
138,1p2,Al,COPD,3,train,/Users/vs/Sem 5/Respiratory-Disease-Classification/data/processed/audio/cycles/138/1p2_Al_002.wav
138,1p2,Al,COPD,3,train,/Users/vs/Sem 5/Respiratory-Disease-Classification/data/processed/audio/cycles/138/1p2_Al_003.wav
138,1p2,Al,COPD,3,train,/Users/vs/Sem 5/Respiratory-Disease-Classification/data/processed/audio/cycles/138/1p2_Al_004.wav
138,1p2,Al,COPD,3,train,/Users/vs/Sem 5/Respiratory-Disease-Classification/data/processed/audio/cycles/138/1p2_Al_005.wav
138,1p2,Ar,COPD,3,train,/Users/vs/Sem 5/Respiratory-Disease-Classification/data/processed/audio/cycles/138/1p2_Ar_001.wav
138,1p2,Ar,COPD,3,train,/Users/vs/Sem 5/Respiratory-Disease-Classification/data/processed/audio/cycles/138/1p2_Ar_002.wav
138,1p2,Ar,COPD,3,train,/Users/vs/Sem 5/Respiratory-Disease-Classification/data/processed/audio/cycles/138/1p2_Ar_003.wav
138,1p2,Ar,COPD,3,train,/Users/vs/Sem 5/Respiratory-Disease-Classification/data/processed/audio/cycles/138/1p2_Ar_004.wav
138,1p2,Ar,COPD,3,train,/Users/vs/Sem 5/Respiratory-Disease-Classification/data/processed/audio/cycles/138/1p2_Ar_005.wav
138,1p2,Ll,COPD,3,train,/Users/vs/Sem 5/Respiratory-Disease-Classification/data/processed/audio/cycles/138/1p2_Ll_001.wav
138,1p2,Ll,COPD,3,train,/Users/vs/Sem 5/Respiratory-Disease-Classification/data/processed/audio/cycles/138/1p2_Ll_002.wav
138,1p2,Ll,COPD,3,train,/Users/vs/Sem 5/Respiratory-Disease-Classification/data/processed/audio/cycles/138/1p2_Ll_003.wav
138,1p2,Ll,COPD,3,train,/Users/vs/Sem 5/Respiratory-Disease-Classification/data/processed/audio/cycles/138/1p2_Ll_004.wav
138,1p2,Ll,COPD,3,train,/Users/vs/Sem 5/Respiratory-Disease-Classification/data/processed/audio/cycles/138/1p2_Ll_005.wav
138,1p2,Lr,COPD,3,train,/Users/vs/Sem 5/Respiratory-Disease-Classification/data/processed/audio/cycles/138/1p2_Lr_001.wav
138,1p2,Lr,COPD,3,train,/Users/vs/Sem 5/Respiratory-Disease-Classification/data/processed/audio/cycles/138/1p2_Lr_002.wav
138,1p2,Lr,COPD,3,train,/Users/vs/Sem 5/Respiratory-Disease-Classification/data/processed/audio/cycles/138/1p2_Lr_003.wav
138,1p2,Lr,COPD,3,train,/Users/vs/Sem 5/Respiratory-Disease-Classification/data/processed/audio/cycles/138/1p2_Lr_004.wav
138,1p2,Lr,COPD,3,train,/Users/vs/Sem 5/Respiratory-Disease-Classification/data/processed/audio/cycles/138/1p2_Lr_005.wav
138,1p2,Pl,COPD,3,train,/Users/vs/Sem 5/Respiratory-Disease-Classification/data/processed/audio/cycles/138/1p2_Pl_001.wav
138,1p2,Pl,COPD,3,train,/Users/vs/Sem 5/Respiratory-Disease-Classification/data/processed/audio/cycles/138/1p2_Pl_002.wav
138,1p2,Pl,COPD,3,train,/Users/vs/Sem 5/Respiratory-Disease-Classification/data/processed/audio/cycles/138/1p2_Pl_003.wav
138,1p2,Pl,COPD,3,train,/Users/vs/Sem 5/Respiratory-Disease-Classification/data/processed/audio/cycles/138/1p2_Pl_004.wav
138,1p2,Pl,COPD,3,train,/Users/vs/Sem 5/Respiratory-Disease-Classification/data/processed/audio/cycles/138/1p2_Pl_005.wav
138,1p2,Pr,COPD,3,train,/Users/vs/Sem 5/Respiratory-Disease-Classification/data/processed/audio/cycles/138/1p2_Pr_001.wav
138,1p2,Pr,COPD,3,train,/Users/vs/Sem 5/Respiratory-Disease-Classification/data/processed/audio/cycles/138/1p2_Pr_002.wav
138,1p2,Pr,COPD,3,train,/Users/vs/Sem 5/Respiratory-Disease-Classification/data/processed/audio/cycles/138/1p2_Pr_003.wav
138,1p2,Pr,COPD,3,train,/Users/vs/Sem 5/Respiratory-Disease-Classification/data/processed/audio/cycles/138/1p2_Pr_004.wav
138,1p2,Pr,COPD,3,train,/Users/vs/Sem 5/Respiratory-Disease-Classification/data/processed/audio/cycles/138/1p2_Pr_005.wav
138,1p2,Tc,COPD,3,train,/Users/vs/Sem 5/Respiratory-Disease-Classification/data/processed/audio/cycles/138/1p2_Tc_001.wav
138,1p2,Tc,COPD,3,train,/Users/vs/Sem 5/Respiratory-Disease-Classification/data/processed/audio/cycles/138/1p2_Tc_002.wav
138,1p2,Tc,COPD,3,train,/Users/vs/Sem 5/Respiratory-Disease-Classification/data/processed/audio/cycles/138/1p2_Tc_003.wav
138,1p2,Tc,COPD,3,train,/Users/vs/Sem 5/Respiratory-Disease-Classification/data/processed/audio/cycles/138/1p2_Tc_004.wav
138,1p2,Tc,COPD,3,train,/Users/vs/Sem 5/Respiratory-Disease-Classification/data/processed/audio/cycles/138/1p2_Tc_005.wav
138,1p3,Al,COPD,3,train,/Users/vs/Sem 5/Respiratory-Disease-Classification/data/processed/audio/cycles/138/1p3_Al_001.wav
138,1p3,Al,COPD,3,train,/Users/vs/Sem 5/Respiratory-Disease-Classification/data/processed/audio/cycles/138/1p3_Al_002.wav
138,1p3,Al,COPD,3,train,/Users/vs/Sem 5/Respiratory-Disease-Classification/data/processed/audio/cycles/138/1p3_Al_003.wav
138,1p3,Al,COPD,3,train,/Users/vs/Sem 5/Respiratory-Disease-Classification/data/processed/audio/cycles/138/1p3_Al_004.wav
138,1p3,Al,COPD,3,train,/Users/vs/Sem 5/Respiratory-Disease-Classification/data/processed/audio/cycles/138/1p3_Al_005.wav
138,1p3,Ar,COPD,3,train,/Users/vs/Sem 5/Respiratory-Disease-Classification/data/processed/audio/cycles/138/1p3_Ar_001.wav
138,1p3,Ar,COPD,3,train,/Users/vs/Sem 5/Respiratory-Disease-Classification/data/processed/audio/cycles/138/1p3_Ar_002.wav
138,1p3,Ar,COPD,3,train,/Users/vs/Sem 5/Respiratory-Disease-Classification/data/processed/audio/cycles/138/1p3_Ar_003.wav
138,1p3,Ar,COPD,3,train,/Users/vs/Sem 5/Respiratory-Disease-Classification/data/processed/audio/cycles/138/1p3_Ar_004.wav
138,1p3,Ar,COPD,3,train,/Users/vs/Sem 5/Respiratory-Disease-Classification/data/processed/audio/cycles/138/1p3_Ar_005.wav
138,1p3,Ll,COPD,3,train,/Users/vs/Sem 5/Respiratory-Disease-Classification/data/processed/audio/cycles/138/1p3_Ll_001.wav
138,1p3,Ll,COPD,3,train,/Users/vs/Sem 5/Respiratory-Disease-Classification/data/processed/audio/cycles/138/1p3_Ll_002.wav
138,1p3,Ll,COPD,3,train,/Users/vs/Sem 5/Respiratory-Disease-Classification/data/processed/audio/cycles/138/1p3_Ll_003.wav
138,1p3,Ll,COPD,3,train,/Users/vs/Sem 5/Respiratory-Disease-Classification/data/processed/audio/cycles/138/1p3_Ll_004.wav
138,1p3,Ll,COPD,3,train,/Users/vs/Sem 5/Respiratory-Disease-Classification/data/processed/audio/cycles/138/1p3_Ll_005.wav
138,1p3,Lr,COPD,3,train,/Users/vs/Sem 5/Respiratory-Disease-Classification/data/processed/audio/cycles/138/1p3_Lr_001.wav
138,1p3,Lr,COPD,3,train,/Users/vs/Sem 5/Respiratory-Disease-Classification/data/processed/audio/cycles/138/1p3_Lr_002.wav
138,1p3,Lr,COPD,3,train,/Users/vs/Sem 5/Respiratory-Disease-Classification/data/processed/audio/cycles/138/1p3_Lr_003.wav
138,1p3,Lr,COPD,3,train,/Users/vs/Sem 5/Respiratory-Disease-Classification/data/processed/audio/cycles/138/1p3_Lr_004.wav
138,1p3,Lr,COPD,3,train,/Users/vs/Sem 5/Respiratory-Disease-Classification/data/processed/audio/cycles/138/1p3_Lr_005.wav
138,1p3,Pl,COPD,3,train,/Users/vs/Sem 5/Respiratory-Disease-Classification/data/processed/audio/cycles/138/1p3_Pl_001.wav
138,1p3,Pl,COPD,3,train,/Users/vs/Sem 5/Respiratory-Disease-Classification/data/processed/audio/cycles/138/1p3_Pl_002.wav
138,1p3,Pl,COPD,3,train,/Users/vs/Sem 5/Respiratory-Disease-Classification/data/processed/audio/cycles/138/1p3_Pl_003.wav
138,1p3,Pl,COPD,3,train,/Users/vs/Sem 5/Respiratory-Disease-Classification/data/processed/audio/cycles/138/1p3_Pl_004.wav
138,1p3,Pl,COPD,3,train,/Users/vs/Sem 5/Respiratory-Disease-Classification/data/processed/audio/cycles/138/1p3_Pl_005.wav
138,1p3,Pr,COPD,3,train,/Users/vs/Sem 5/Respiratory-Disease-Classification/data/processed/audio/cycles/138/1p3_Pr_001.wav
138,1p3,Pr,COPD,3,train,/Users/vs/Sem 5/Respiratory-Disease-Classification/data/processed/audio/cycles/138/1p3_Pr_002.wav
138,1p3,Pr,COPD,3,train,/Users/vs/Sem 5/Respiratory-Disease-Classification/data/processed/audio/cycles/138/1p3_Pr_003.wav
138,1p3,Pr,COPD,3,train,/Users/vs/Sem 5/Respiratory-Disease-Classification/data/processed/audio/cycles/138/1p3_Pr_004.wav
138,1p3,Pr,COPD,3,train,/Users/vs/Sem 5/Respiratory-Disease-Classification/data/processed/audio/cycles/138/1p3_Pr_005.wav
138,1p3,Tc,COPD,3,train,/Users/vs/Sem 5/Respiratory-Disease-Classification/data/processed/audio/cycles/138/1p3_Tc_001.wav
138,1p3,Tc,COPD,3,train,/Users/vs/Sem 5/Respiratory-Disease-Classification/data/processed/audio/cycles/138/1p3_Tc_002.wav
138,1p3,Tc,COPD,3,train,/Users/vs/Sem 5/Respiratory-Disease-Classification/data/processed/audio/cycles/138/1p3_Tc_003.wav
138,1p3,Tc,COPD,3,train,/Users/vs/Sem 5/Respiratory-Disease-Classification/data/processed/audio/cycles/138/1p3_Tc_004.wav
138,1p3,Tc,COPD,3,train,/Users/vs/Sem 5/Respiratory-Disease-Classification/data/processed/audio/cycles/138/1p3_Tc_005.wav
138,1p4,Ar,COPD,3,train,/Users/vs/Sem 5/Respiratory-Disease-Classification/data/processed/audio/cycles/138/1p4_Ar_001.wav
138,1p4,Ar,COPD,3,train,/Users/vs/Sem 5/Respiratory-Disease-Classification/data/processed/audio/cycles/138/1p4_Ar_002.wav
138,1p4,Ar,COPD,3,train,/Users/vs/Sem 5/Respiratory-Disease-Classification/data/processed/audio/cycles/138/1p4_Ar_003.wav
138,1p4,Ar,COPD,3,train,/Users/vs/Sem 5/Respiratory-Disease-Classification/data/processed/audio/cycles/138/1p4_Ar_004.wav
138,1p4,Ar,COPD,3,train,/Users/vs/Sem 5/Respiratory-Disease-Classification/data/processed/audio/cycles/138/1p4_Ar_005.wav
138,1p4,Ll,COPD,3,train,/Users/vs/Sem 5/Respiratory-Disease-Classification/data/processed/audio/cycles/138/1p4_Ll_001.wav
138,1p4,Ll,COPD,3,train,/Users/vs/Sem 5/Respiratory-Disease-Classification/data/processed/audio/cycles/138/1p4_Ll_002.wav
138,1p4,Ll,COPD,3,train,/Users/vs/Sem 5/Respiratory-Disease-Classification/data/processed/audio/cycles/138/1p4_Ll_003.wav
138,1p4,Ll,COPD,3,train,/Users/vs/Sem 5/Respiratory-Disease-Classification/data/processed/audio/cycles/138/1p4_Ll_004.wav
138,1p4,Ll,COPD,3,train,/Users/vs/Sem 5/Respiratory-Disease-Classification/data/processed/audio/cycles/138/1p4_Ll_005.wav
138,1p4,Lr,COPD,3,train,/Users/vs/Sem 5/Respiratory-Disease-Classification/data/processed/audio/cycles/138/1p4_Lr_001.wav
138,1p4,Lr,COPD,3,train,/Users/vs/Sem 5/Respiratory-Disease-Classification/data/processed/audio/cycles/138/1p4_Lr_002.wav
138,1p4,Lr,COPD,3,train,/Users/vs/Sem 5/Respiratory-Disease-Classification/data/processed/audio/cycles/138/1p4_Lr_003.wav
138,1p4,Lr,COPD,3,train,/Users/vs/Sem 5/Respiratory-Disease-Classification/data/processed/audio/cycles/138/1p4_Lr_004.wav
138,1p4,Lr,COPD,3,train,/Users/vs/Sem 5/Respiratory-Disease-Classification/data/processed/audio/cycles/138/1p4_Lr_005.wav
138,1p4,Pl,COPD,3,train,/Users/vs/Sem 5/Respiratory-Disease-Classification/data/processed/audio/cycles/138/1p4_Pl_001.wav
138,1p4,Pl,COPD,3,train,/Users/vs/Sem 5/Respiratory-Disease-Classification/data/processed/audio/cycles/138/1p4_Pl_002.wav
138,1p4,Pl,COPD,3,train,/Users/vs/Sem 5/Respiratory-Disease-Classification/data/processed/audio/cycles/138/1p4_Pl_003.wav
138,1p4,Pl,COPD,3,train,/Users/vs/Sem 5/Respiratory-Disease-Classification/data/processed/audio/cycles/138/1p4_Pl_004.wav
138,1p4,Pl,COPD,3,train,/Users/vs/Sem 5/Respiratory-Disease-Classification/data/processed/audio/cycles/138/1p4_Pl_005.wav
138,1p4,Pr,COPD,3,train,/Users/vs/Sem 5/Respiratory-Disease-Classification/data/processed/audio/cycles/138/1p4_Pr_001.wav
138,1p4,Pr,COPD,3,train,/Users/vs/Sem 5/Respiratory-Disease-Classification/data/processed/audio/cycles/138/1p4_Pr_002.wav
138,1p4,Pr,COPD,3,train,/Users/vs/Sem 5/Respiratory-Disease-Classification/data/processed/audio/cycles/138/1p4_Pr_003.wav
138,1p4,Pr,COPD,3,train,/Users/vs/Sem 5/Respiratory-Disease-Classification/data/processed/audio/cycles/138/1p4_Pr_004.wav
138,1p4,Pr,COPD,3,train,/Users/vs/Sem 5/Respiratory-Disease-Classification/data/processed/audio/cycles/138/1p4_Pr_005.wav
138,1p4,Tc,COPD,3,train,/Users/vs/Sem 5/Respiratory-Disease-Classification/data/processed/audio/cycles/138/1p4_Tc_001.wav
138,1p4,Tc,COPD,3,train,/Users/vs/Sem 5/Respiratory-Disease-Classification/data/processed/audio/cycles/138/1p4_Tc_002.wav
138,1p4,Tc,COPD,3,train,/Users/vs/Sem 5/Respiratory-Disease-Classification/data/processed/audio/cycles/138/1p4_Tc_003.wav
138,1p4,Tc,COPD,3,train,/Users/vs/Sem 5/Respiratory-Disease-Classification/data/processed/audio/cycles/138/1p4_Tc_004.wav
138,1p4,Tc,COPD,3,train,/Users/vs/Sem 5/Respiratory-Disease-Classification/data/processed/audio/cycles/138/1p4_Tc_005.wav
138,2p2,Al,COPD,3,train,/Users/vs/Sem 5/Respiratory-Disease-Classification/data/processed/audio/cycles/138/2p2_Al_001.wav
138,2p2,Al,COPD,3,train,/Users/vs/Sem 5/Respiratory-Disease-Classification/data/processed/audio/cycles/138/2p2_Al_002.wav
138,2p2,Al,COPD,3,train,/Users/vs/Sem 5/Respiratory-Disease-Classification/data/processed/audio/cycles/138/2p2_Al_003.wav
138,2p2,Al,COPD,3,train,/Users/vs/Sem 5/Respiratory-Disease-Classification/data/processed/audio/cycles/138/2p2_Al_004.wav
138,2p2,Al,COPD,3,train,/Users/vs/Sem 5/Respiratory-Disease-Classification/data/processed/audio/cycles/138/2p2_Al_005.wav
138,2p2,Al,COPD,3,train,/Users/vs/Sem 5/Respiratory-Disease-Classification/data/processed/audio/cycles/138/2p2_Al_006.wav
138,2p2,Al,COPD,3,train,/Users/vs/Sem 5/Respiratory-Disease-Classification/data/processed/audio/cycles/138/2p2_Al_007.wav
138,2p2,Ar,COPD,3,train,/Users/vs/Sem 5/Respiratory-Disease-Classification/data/processed/audio/cycles/138/2p2_Ar_001.wav
138,2p2,Ar,COPD,3,train,/Users/vs/Sem 5/Respiratory-Disease-Classification/data/processed/audio/cycles/138/2p2_Ar_002.wav
138,2p2,Ar,COPD,3,train,/Users/vs/Sem 5/Respiratory-Disease-Classification/data/processed/audio/cycles/138/2p2_Ar_003.wav
138,2p2,Ar,COPD,3,train,/Users/vs/Sem 5/Respiratory-Disease-Classification/data/processed/audio/cycles/138/2p2_Ar_004.wav
138,2p2,Ar,COPD,3,train,/Users/vs/Sem 5/Respiratory-Disease-Classification/data/processed/audio/cycles/138/2p2_Ar_005.wav
138,2p2,Ar,COPD,3,train,/Users/vs/Sem 5/Respiratory-Disease-Classification/data/processed/audio/cycles/138/2p2_Ar_006.wav
138,2p2,Ar,COPD,3,train,/Users/vs/Sem 5/Respiratory-Disease-Classification/data/processed/audio/cycles/138/2p2_Ar_007.wav
138,2p2,Ll,COPD,3,train,/Users/vs/Sem 5/Respiratory-Disease-Classification/data/processed/audio/cycles/138/2p2_Ll_001.wav
138,2p2,Ll,COPD,3,train,/Users/vs/Sem 5/Respiratory-Disease-Classification/data/processed/audio/cycles/138/2p2_Ll_002.wav
138,2p2,Ll,COPD,3,train,/Users/vs/Sem 5/Respiratory-Disease-Classification/data/processed/audio/cycles/138/2p2_Ll_003.wav
138,2p2,Ll,COPD,3,train,/Users/vs/Sem 5/Respiratory-Disease-Classification/data/processed/audio/cycles/138/2p2_Ll_004.wav
138,2p2,Ll,COPD,3,train,/Users/vs/Sem 5/Respiratory-Disease-Classification/data/processed/audio/cycles/138/2p2_Ll_005.wav
138,2p2,Ll,COPD,3,train,/Users/vs/Sem 5/Respiratory-Disease-Classification/data/processed/audio/cycles/138/2p2_Ll_006.wav
138,2p2,Ll,COPD,3,train,/Users/vs/Sem 5/Respiratory-Disease-Classification/data/processed/audio/cycles/138/2p2_Ll_007.wav
138,2p2,Lr,COPD,3,train,/Users/vs/Sem 5/Respiratory-Disease-Classification/data/processed/audio/cycles/138/2p2_Lr_001.wav
138,2p2,Lr,COPD,3,train,/Users/vs/Sem 5/Respiratory-Disease-Classification/data/processed/audio/cycles/138/2p2_Lr_002.wav
138,2p2,Lr,COPD,3,train,/Users/vs/Sem 5/Respiratory-Disease-Classification/data/processed/audio/cycles/138/2p2_Lr_003.wav
138,2p2,Lr,COPD,3,train,/Users/vs/Sem 5/Respiratory-Disease-Classification/data/processed/audio/cycles/138/2p2_Lr_004.wav
138,2p2,Lr,COPD,3,train,/Users/vs/Sem 5/Respiratory-Disease-Classification/data/processed/audio/cycles/138/2p2_Lr_005.wav
138,2p2,Lr,COPD,3,train,/Users/vs/Sem 5/Respiratory-Disease-Classification/data/processed/audio/cycles/138/2p2_Lr_006.wav
138,2p2,Lr,COPD,3,train,/Users/vs/Sem 5/Respiratory-Disease-Classification/data/processed/audio/cycles/138/2p2_Lr_007.wav
138,2p2,Pl,COPD,3,train,/Users/vs/Sem 5/Respiratory-Disease-Classification/data/processed/audio/cycles/138/2p2_Pl_001.wav
138,2p2,Pl,COPD,3,train,/Users/vs/Sem 5/Respiratory-Disease-Classification/data/processed/audio/cycles/138/2p2_Pl_002.wav
138,2p2,Pl,COPD,3,train,/Users/vs/Sem 5/Respiratory-Disease-Classification/data/processed/audio/cycles/138/2p2_Pl_003.wav
138,2p2,Pl,COPD,3,train,/Users/vs/Sem 5/Respiratory-Disease-Classification/data/processed/audio/cycles/138/2p2_Pl_004.wav
138,2p2,Pl,COPD,3,train,/Users/vs/Sem 5/Respiratory-Disease-Classification/data/processed/audio/cycles/138/2p2_Pl_005.wav
138,2p2,Pl,COPD,3,train,/Users/vs/Sem 5/Respiratory-Disease-Classification/data/processed/audio/cycles/138/2p2_Pl_006.wav
138,2p2,Pl,COPD,3,train,/Users/vs/Sem 5/Respiratory-Disease-Classification/data/processed/audio/cycles/138/2p2_Pl_007.wav
138,2p2,Pr,COPD,3,train,/Users/vs/Sem 5/Respiratory-Disease-Classification/data/processed/audio/cycles/138/2p2_Pr_001.wav
138,2p2,Pr,COPD,3,train,/Users/vs/Sem 5/Respiratory-Disease-Classification/data/processed/audio/cycles/138/2p2_Pr_002.wav
138,2p2,Pr,COPD,3,train,/Users/vs/Sem 5/Respiratory-Disease-Classification/data/processed/audio/cycles/138/2p2_Pr_003.wav
138,2p2,Pr,COPD,3,train,/Users/vs/Sem 5/Respiratory-Disease-Classification/data/processed/audio/cycles/138/2p2_Pr_004.wav
138,2p2,Pr,COPD,3,train,/Users/vs/Sem 5/Respiratory-Disease-Classification/data/processed/audio/cycles/138/2p2_Pr_005.wav
138,2p2,Pr,COPD,3,train,/Users/vs/Sem 5/Respiratory-Disease-Classification/data/processed/audio/cycles/138/2p2_Pr_006.wav
138,2p2,Pr,COPD,3,train,/Users/vs/Sem 5/Respiratory-Disease-Classification/data/processed/audio/cycles/138/2p2_Pr_007.wav
138,2p2,Tc,COPD,3,train,/Users/vs/Sem 5/Respiratory-Disease-Classification/data/processed/audio/cycles/138/2p2_Tc_001.wav
138,2p2,Tc,COPD,3,train,/Users/vs/Sem 5/Respiratory-Disease-Classification/data/processed/audio/cycles/138/2p2_Tc_002.wav
138,2p2,Tc,COPD,3,train,/Users/vs/Sem 5/Respiratory-Disease-Classification/data/processed/audio/cycles/138/2p2_Tc_003.wav
138,2p2,Tc,COPD,3,train,/Users/vs/Sem 5/Respiratory-Disease-Classification/data/processed/audio/cycles/138/2p2_Tc_004.wav
138,2p2,Tc,COPD,3,train,/Users/vs/Sem 5/Respiratory-Disease-Classification/data/processed/audio/cycles/138/2p2_Tc_005.wav
138,2p2,Tc,COPD,3,train,/Users/vs/Sem 5/Respiratory-Disease-Classification/data/processed/audio/cycles/138/2p2_Tc_006.wav
138,2p2,Tc,COPD,3,train,/Users/vs/Sem 5/Respiratory-Disease-Classification/data/processed/audio/cycles/138/2p2_Tc_007.wav
139,1b1,Al,COPD,3,test,/Users/vs/Sem 5/Respiratory-Disease-Classification/data/processed/audio/cycles/139/1b1_Al_001.wav
139,1b1,Al,COPD,3,test,/Users/vs/Sem 5/Respiratory-Disease-Classification/data/processed/audio/cycles/139/1b1_Al_002.wav
139,1b1,Al,COPD,3,test,/Users/vs/Sem 5/Respiratory-Disease-Classification/data/processed/audio/cycles/139/1b1_Al_003.wav
139,1b1,Al,COPD,3,test,/Users/vs/Sem 5/Respiratory-Disease-Classification/data/processed/audio/cycles/139/1b1_Al_004.wav
139,1b1,Al,COPD,3,test,/Users/vs/Sem 5/Respiratory-Disease-Classification/data/processed/audio/cycles/139/1b1_Al_005.wav
139,1b1,Al,COPD,3,test,/Users/vs/Sem 5/Respiratory-Disease-Classification/data/processed/audio/cycles/139/1b1_Al_006.wav
139,1b1,Al,COPD,3,test,/Users/vs/Sem 5/Respiratory-Disease-Classification/data/processed/audio/cycles/139/1b1_Al_007.wav
139,1b1,Al,COPD,3,test,/Users/vs/Sem 5/Respiratory-Disease-Classification/data/processed/audio/cycles/139/1b1_Al_008.wav
139,1b1,Al,COPD,3,test,/Users/vs/Sem 5/Respiratory-Disease-Classification/data/processed/audio/cycles/139/1b1_Al_009.wav
139,1b1,Al,COPD,3,test,/Users/vs/Sem 5/Respiratory-Disease-Classification/data/processed/audio/cycles/139/1b1_Al_010.wav
139,1b1,Ar,COPD,3,test,/Users/vs/Sem 5/Respiratory-Disease-Classification/data/processed/audio/cycles/139/1b1_Ar_001.wav
139,1b1,Ar,COPD,3,test,/Users/vs/Sem 5/Respiratory-Disease-Classification/data/processed/audio/cycles/139/1b1_Ar_002.wav
139,1b1,Ar,COPD,3,test,/Users/vs/Sem 5/Respiratory-Disease-Classification/data/processed/audio/cycles/139/1b1_Ar_003.wav
139,1b1,Ar,COPD,3,test,/Users/vs/Sem 5/Respiratory-Disease-Classification/data/processed/audio/cycles/139/1b1_Ar_004.wav
139,1b1,Ar,COPD,3,test,/Users/vs/Sem 5/Respiratory-Disease-Classification/data/processed/audio/cycles/139/1b1_Ar_005.wav
139,1b1,Ar,COPD,3,test,/Users/vs/Sem 5/Respiratory-Disease-Classification/data/processed/audio/cycles/139/1b1_Ar_006.wav
139,1b1,Ar,COPD,3,test,/Users/vs/Sem 5/Respiratory-Disease-Classification/data/processed/audio/cycles/139/1b1_Ar_007.wav
139,1b1,Ar,COPD,3,test,/Users/vs/Sem 5/Respiratory-Disease-Classification/data/processed/audio/cycles/139/1b1_Ar_008.wav
139,1b1,Ar,COPD,3,test,/Users/vs/Sem 5/Respiratory-Disease-Classification/data/processed/audio/cycles/139/1b1_Ar_009.wav
139,1b1,Ll,COPD,3,test,/Users/vs/Sem 5/Respiratory-Disease-Classification/data/processed/audio/cycles/139/1b1_Ll_001.wav
139,1b1,Ll,COPD,3,test,/Users/vs/Sem 5/Respiratory-Disease-Classification/data/processed/audio/cycles/139/1b1_Ll_002.wav
139,1b1,Ll,COPD,3,test,/Users/vs/Sem 5/Respiratory-Disease-Classification/data/processed/audio/cycles/139/1b1_Ll_003.wav
139,1b1,Ll,COPD,3,test,/Users/vs/Sem 5/Respiratory-Disease-Classification/data/processed/audio/cycles/139/1b1_Ll_004.wav
139,1b1,Ll,COPD,3,test,/Users/vs/Sem 5/Respiratory-Disease-Classification/data/processed/audio/cycles/139/1b1_Ll_005.wav
139,1b1,Ll,COPD,3,test,/Users/vs/Sem 5/Respiratory-Disease-Classification/data/processed/audio/cycles/139/1b1_Ll_006.wav
139,1b1,Ll,COPD,3,test,/Users/vs/Sem 5/Respiratory-Disease-Classification/data/processed/audio/cycles/139/1b1_Ll_007.wav
139,1b1,Ll,COPD,3,test,/Users/vs/Sem 5/Respiratory-Disease-Classification/data/processed/audio/cycles/139/1b1_Ll_008.wav
139,1b1,Lr,COPD,3,test,/Users/vs/Sem 5/Respiratory-Disease-Classification/data/processed/audio/cycles/139/1b1_Lr_001.wav
139,1b1,Lr,COPD,3,test,/Users/vs/Sem 5/Respiratory-Disease-Classification/data/processed/audio/cycles/139/1b1_Lr_002.wav
139,1b1,Lr,COPD,3,test,/Users/vs/Sem 5/Respiratory-Disease-Classification/data/processed/audio/cycles/139/1b1_Lr_003.wav
139,1b1,Lr,COPD,3,test,/Users/vs/Sem 5/Respiratory-Disease-Classification/data/processed/audio/cycles/139/1b1_Lr_004.wav
139,1b1,Lr,COPD,3,test,/Users/vs/Sem 5/Respiratory-Disease-Classification/data/processed/audio/cycles/139/1b1_Lr_005.wav
139,1b1,Lr,COPD,3,test,/Users/vs/Sem 5/Respiratory-Disease-Classification/data/processed/audio/cycles/139/1b1_Lr_006.wav
139,1b1,Pl,COPD,3,test,/Users/vs/Sem 5/Respiratory-Disease-Classification/data/processed/audio/cycles/139/1b1_Pl_001.wav
139,1b1,Pl,COPD,3,test,/Users/vs/Sem 5/Respiratory-Disease-Classification/data/processed/audio/cycles/139/1b1_Pl_002.wav
139,1b1,Pl,COPD,3,test,/Users/vs/Sem 5/Respiratory-Disease-Classification/data/processed/audio/cycles/139/1b1_Pl_003.wav
139,1b1,Pl,COPD,3,test,/Users/vs/Sem 5/Respiratory-Disease-Classification/data/processed/audio/cycles/139/1b1_Pl_004.wav
139,1b1,Pl,COPD,3,test,/Users/vs/Sem 5/Respiratory-Disease-Classification/data/processed/audio/cycles/139/1b1_Pl_005.wav
139,1b1,Pl,COPD,3,test,/Users/vs/Sem 5/Respiratory-Disease-Classification/data/processed/audio/cycles/139/1b1_Pl_006.wav
139,1b1,Pr,COPD,3,test,/Users/vs/Sem 5/Respiratory-Disease-Classification/data/processed/audio/cycles/139/1b1_Pr_001.wav
139,1b1,Pr,COPD,3,test,/Users/vs/Sem 5/Respiratory-Disease-Classification/data/processed/audio/cycles/139/1b1_Pr_002.wav
139,1b1,Pr,COPD,3,test,/Users/vs/Sem 5/Respiratory-Disease-Classification/data/processed/audio/cycles/139/1b1_Pr_003.wav
139,1b1,Pr,COPD,3,test,/Users/vs/Sem 5/Respiratory-Disease-Classification/data/processed/audio/cycles/139/1b1_Pr_004.wav
139,1b1,Pr,COPD,3,test,/Users/vs/Sem 5/Respiratory-Disease-Classification/data/processed/audio/cycles/139/1b1_Pr_005.wav
139,1b1,Pr,COPD,3,test,/Users/vs/Sem 5/Respiratory-Disease-Classification/data/processed/audio/cycles/139/1b1_Pr_006.wav
139,1b1,Pr,COPD,3,test,/Users/vs/Sem 5/Respiratory-Disease-Classification/data/processed/audio/cycles/139/1b1_Pr_007.wav
140,2b2,Ll,Pneumonia,6,train,/Users/vs/Sem 5/Respiratory-Disease-Classification/data/processed/audio/cycles/140/2b2_Ll_001.wav
140,2b2,Ll,Pneumonia,6,train,/Users/vs/Sem 5/Respiratory-Disease-Classification/data/processed/audio/cycles/140/2b2_Ll_002.wav
140,2b2,Ll,Pneumonia,6,train,/Users/vs/Sem 5/Respiratory-Disease-Classification/data/processed/audio/cycles/140/2b2_Ll_003.wav
140,2b2,Ll,Pneumonia,6,train,/Users/vs/Sem 5/Respiratory-Disease-Classification/data/processed/audio/cycles/140/2b2_Ll_004.wav
140,2b2,Ll,Pneumonia,6,train,/Users/vs/Sem 5/Respiratory-Disease-Classification/data/processed/audio/cycles/140/2b2_Ll_005.wav
140,2b2,Ll,Pneumonia,6,train,/Users/vs/Sem 5/Respiratory-Disease-Classification/data/processed/audio/cycles/140/2b2_Ll_006.wav
140,2b2,Ll,Pneumonia,6,train,/Users/vs/Sem 5/Respiratory-Disease-Classification/data/processed/audio/cycles/140/2b2_Ll_007.wav
140,2b2,Ll,Pneumonia,6,train,/Users/vs/Sem 5/Respiratory-Disease-Classification/data/processed/audio/cycles/140/2b2_Ll_008.wav
140,2b2,Ll,Pneumonia,6,train,/Users/vs/Sem 5/Respiratory-Disease-Classification/data/processed/audio/cycles/140/2b2_Ll_009.wav
140,2b2,Ll,Pneumonia,6,train,/Users/vs/Sem 5/Respiratory-Disease-Classification/data/processed/audio/cycles/140/2b2_Ll_010.wav
140,2b2,Ll,Pneumonia,6,train,/Users/vs/Sem 5/Respiratory-Disease-Classification/data/processed/audio/cycles/140/2b2_Ll_011.wav
140,2b2,Tc,Pneumonia,6,train,/Users/vs/Sem 5/Respiratory-Disease-Classification/data/processed/audio/cycles/140/2b2_Tc_001.wav
140,2b2,Tc,Pneumonia,6,train,/Users/vs/Sem 5/Respiratory-Disease-Classification/data/processed/audio/cycles/140/2b2_Tc_002.wav
140,2b2,Tc,Pneumonia,6,train,/Users/vs/Sem 5/Respiratory-Disease-Classification/data/processed/audio/cycles/140/2b2_Tc_003.wav
140,2b2,Tc,Pneumonia,6,train,/Users/vs/Sem 5/Respiratory-Disease-Classification/data/processed/audio/cycles/140/2b2_Tc_004.wav
140,2b2,Tc,Pneumonia,6,train,/Users/vs/Sem 5/Respiratory-Disease-Classification/data/processed/audio/cycles/140/2b2_Tc_005.wav
140,2b2,Tc,Pneumonia,6,train,/Users/vs/Sem 5/Respiratory-Disease-Classification/data/processed/audio/cycles/140/2b2_Tc_006.wav
140,2b2,Tc,Pneumonia,6,train,/Users/vs/Sem 5/Respiratory-Disease-Classification/data/processed/audio/cycles/140/2b2_Tc_007.wav
140,2b2,Tc,Pneumonia,6,train,/Users/vs/Sem 5/Respiratory-Disease-Classification/data/processed/audio/cycles/140/2b2_Tc_008.wav
140,2b2,Tc,Pneumonia,6,train,/Users/vs/Sem 5/Respiratory-Disease-Classification/data/processed/audio/cycles/140/2b2_Tc_009.wav
140,2b2,Tc,Pneumonia,6,train,/Users/vs/Sem 5/Respiratory-Disease-Classification/data/processed/audio/cycles/140/2b2_Tc_010.wav
140,2b3,Ll,Pneumonia,6,train,/Users/vs/Sem 5/Respiratory-Disease-Classification/data/processed/audio/cycles/140/2b3_Ll_001.wav
140,2b3,Ll,Pneumonia,6,train,/Users/vs/Sem 5/Respiratory-Disease-Classification/data/processed/audio/cycles/140/2b3_Ll_002.wav
140,2b3,Ll,Pneumonia,6,train,/Users/vs/Sem 5/Respiratory-Disease-Classification/data/processed/audio/cycles/140/2b3_Ll_003.wav
140,2b3,Ll,Pneumonia,6,train,/Users/vs/Sem 5/Respiratory-Disease-Classification/data/processed/audio/cycles/140/2b3_Ll_004.wav
140,2b3,Ll,Pneumonia,6,train,/Users/vs/Sem 5/Respiratory-Disease-Classification/data/processed/audio/cycles/140/2b3_Ll_005.wav
140,2b3,Ll,Pneumonia,6,train,/Users/vs/Sem 5/Respiratory-Disease-Classification/data/processed/audio/cycles/140/2b3_Ll_006.wav
140,2b3,Ll,Pneumonia,6,train,/Users/vs/Sem 5/Respiratory-Disease-Classification/data/processed/audio/cycles/140/2b3_Ll_007.wav
140,2b3,Ll,Pneumonia,6,train,/Users/vs/Sem 5/Respiratory-Disease-Classification/data/processed/audio/cycles/140/2b3_Ll_008.wav
140,2b3,Ll,Pneumonia,6,train,/Users/vs/Sem 5/Respiratory-Disease-Classification/data/processed/audio/cycles/140/2b3_Ll_009.wav
140,2b3,Tc,Pneumonia,6,train,/Users/vs/Sem 5/Respiratory-Disease-Classification/data/processed/audio/cycles/140/2b3_Tc_001.wav
140,2b3,Tc,Pneumonia,6,train,/Users/vs/Sem 5/Respiratory-Disease-Classification/data/processed/audio/cycles/140/2b3_Tc_002.wav
140,2b3,Tc,Pneumonia,6,train,/Users/vs/Sem 5/Respiratory-Disease-Classification/data/processed/audio/cycles/140/2b3_Tc_003.wav
140,2b3,Tc,Pneumonia,6,train,/Users/vs/Sem 5/Respiratory-Disease-Classification/data/processed/audio/cycles/140/2b3_Tc_004.wav
140,2b3,Tc,Pneumonia,6,train,/Users/vs/Sem 5/Respiratory-Disease-Classification/data/processed/audio/cycles/140/2b3_Tc_005.wav
140,2b3,Tc,Pneumonia,6,train,/Users/vs/Sem 5/Respiratory-Disease-Classification/data/processed/audio/cycles/140/2b3_Tc_006.wav
140,2b3,Tc,Pneumonia,6,train,/Users/vs/Sem 5/Respiratory-Disease-Classification/data/processed/audio/cycles/140/2b3_Tc_007.wav
140,2b3,Tc,Pneumonia,6,train,/Users/vs/Sem 5/Respiratory-Disease-Classification/data/processed/audio/cycles/140/2b3_Tc_008.wav
140,2b3,Tc,Pneumonia,6,train,/Users/vs/Sem 5/Respiratory-Disease-Classification/data/processed/audio/cycles/140/2b3_Tc_009.wav
140,2b3,Tc,Pneumonia,6,train,/Users/vs/Sem 5/Respiratory-Disease-Classification/data/processed/audio/cycles/140/2b3_Tc_010.wav
141,1b1,Pr,COPD,3,train,/Users/vs/Sem 5/Respiratory-Disease-Classification/data/processed/audio/cycles/141/1b1_Pr_001.wav
141,1b1,Pr,COPD,3,train,/Users/vs/Sem 5/Respiratory-Disease-Classification/data/processed/audio/cycles/141/1b1_Pr_002.wav
141,1b1,Pr,COPD,3,train,/Users/vs/Sem 5/Respiratory-Disease-Classification/data/processed/audio/cycles/141/1b1_Pr_003.wav
141,1b1,Pr,COPD,3,train,/Users/vs/Sem 5/Respiratory-Disease-Classification/data/processed/audio/cycles/141/1b1_Pr_004.wav
141,1b1,Pr,COPD,3,train,/Users/vs/Sem 5/Respiratory-Disease-Classification/data/processed/audio/cycles/141/1b1_Pr_005.wav
141,1b2,Ar,COPD,3,train,/Users/vs/Sem 5/Respiratory-Disease-Classification/data/processed/audio/cycles/141/1b2_Ar_001.wav
141,1b2,Ar,COPD,3,train,/Users/vs/Sem 5/Respiratory-Disease-Classification/data/processed/audio/cycles/141/1b2_Ar_002.wav
141,1b2,Ar,COPD,3,train,/Users/vs/Sem 5/Respiratory-Disease-Classification/data/processed/audio/cycles/141/1b2_Ar_003.wav
141,1b2,Ar,COPD,3,train,/Users/vs/Sem 5/Respiratory-Disease-Classification/data/processed/audio/cycles/141/1b2_Ar_004.wav
141,1b2,Ar,COPD,3,train,/Users/vs/Sem 5/Respiratory-Disease-Classification/data/processed/audio/cycles/141/1b2_Ar_005.wav
141,1b2,Ar,COPD,3,train,/Users/vs/Sem 5/Respiratory-Disease-Classification/data/processed/audio/cycles/141/1b2_Ar_006.wav
141,1b2,Lr,COPD,3,train,/Users/vs/Sem 5/Respiratory-Disease-Classification/data/processed/audio/cycles/141/1b2_Lr_001.wav
141,1b2,Lr,COPD,3,train,/Users/vs/Sem 5/Respiratory-Disease-Classification/data/processed/audio/cycles/141/1b2_Lr_002.wav
141,1b2,Lr,COPD,3,train,/Users/vs/Sem 5/Respiratory-Disease-Classification/data/processed/audio/cycles/141/1b2_Lr_003.wav
141,1b2,Lr,COPD,3,train,/Users/vs/Sem 5/Respiratory-Disease-Classification/data/processed/audio/cycles/141/1b2_Lr_004.wav
141,1b2,Lr,COPD,3,train,/Users/vs/Sem 5/Respiratory-Disease-Classification/data/processed/audio/cycles/141/1b2_Lr_005.wav
141,1b2,Pr,COPD,3,train,/Users/vs/Sem 5/Respiratory-Disease-Classification/data/processed/audio/cycles/141/1b2_Pr_001.wav
141,1b2,Pr,COPD,3,train,/Users/vs/Sem 5/Respiratory-Disease-Classification/data/processed/audio/cycles/141/1b2_Pr_002.wav
141,1b2,Pr,COPD,3,train,/Users/vs/Sem 5/Respiratory-Disease-Classification/data/processed/audio/cycles/141/1b2_Pr_003.wav
141,1b2,Pr,COPD,3,train,/Users/vs/Sem 5/Respiratory-Disease-Classification/data/processed/audio/cycles/141/1b2_Pr_004.wav
141,1b2,Pr,COPD,3,train,/Users/vs/Sem 5/Respiratory-Disease-Classification/data/processed/audio/cycles/141/1b2_Pr_005.wav
141,1b2,Pr,COPD,3,train,/Users/vs/Sem 5/Respiratory-Disease-Classification/data/processed/audio/cycles/141/1b2_Pr_006.wav
141,1b2,Tc,COPD,3,train,/Users/vs/Sem 5/Respiratory-Disease-Classification/data/processed/audio/cycles/141/1b2_Tc_001.wav
141,1b2,Tc,COPD,3,train,/Users/vs/Sem 5/Respiratory-Disease-Classification/data/processed/audio/cycles/141/1b2_Tc_002.wav
141,1b2,Tc,COPD,3,train,/Users/vs/Sem 5/Respiratory-Disease-Classification/data/processed/audio/cycles/141/1b2_Tc_003.wav
141,1b2,Tc,COPD,3,train,/Users/vs/Sem 5/Respiratory-Disease-Classification/data/processed/audio/cycles/141/1b2_Tc_004.wav
141,1b2,Tc,COPD,3,train,/Users/vs/Sem 5/Respiratory-Disease-Classification/data/processed/audio/cycles/141/1b2_Tc_005.wav
141,1b3,Al,COPD,3,train,/Users/vs/Sem 5/Respiratory-Disease-Classification/data/processed/audio/cycles/141/1b3_Al_001.wav
141,1b3,Al,COPD,3,train,/Users/vs/Sem 5/Respiratory-Disease-Classification/data/processed/audio/cycles/141/1b3_Al_002.wav
141,1b3,Al,COPD,3,train,/Users/vs/Sem 5/Respiratory-Disease-Classification/data/processed/audio/cycles/141/1b3_Al_003.wav
141,1b3,Al,COPD,3,train,/Users/vs/Sem 5/Respiratory-Disease-Classification/data/processed/audio/cycles/141/1b3_Al_004.wav
141,1b3,Al,COPD,3,train,/Users/vs/Sem 5/Respiratory-Disease-Classification/data/processed/audio/cycles/141/1b3_Al_005.wav
141,1b3,Ar,COPD,3,train,/Users/vs/Sem 5/Respiratory-Disease-Classification/data/processed/audio/cycles/141/1b3_Ar_001.wav
141,1b3,Ar,COPD,3,train,/Users/vs/Sem 5/Respiratory-Disease-Classification/data/processed/audio/cycles/141/1b3_Ar_002.wav
141,1b3,Ar,COPD,3,train,/Users/vs/Sem 5/Respiratory-Disease-Classification/data/processed/audio/cycles/141/1b3_Ar_003.wav
141,1b3,Ar,COPD,3,train,/Users/vs/Sem 5/Respiratory-Disease-Classification/data/processed/audio/cycles/141/1b3_Ar_004.wav
141,1b3,Ar,COPD,3,train,/Users/vs/Sem 5/Respiratory-Disease-Classification/data/processed/audio/cycles/141/1b3_Ar_005.wav
141,1b3,Pr,COPD,3,train,/Users/vs/Sem 5/Respiratory-Disease-Classification/data/processed/audio/cycles/141/1b3_Pr_001.wav
141,1b3,Pr,COPD,3,train,/Users/vs/Sem 5/Respiratory-Disease-Classification/data/processed/audio/cycles/141/1b3_Pr_002.wav
141,1b3,Pr,COPD,3,train,/Users/vs/Sem 5/Respiratory-Disease-Classification/data/processed/audio/cycles/141/1b3_Pr_003.wav
141,1b3,Pr,COPD,3,train,/Users/vs/Sem 5/Respiratory-Disease-Classification/data/processed/audio/cycles/141/1b3_Pr_004.wav
141,1b3,Pr,COPD,3,train,/Users/vs/Sem 5/Respiratory-Disease-Classification/data/processed/audio/cycles/141/1b3_Pr_005.wav
141,1b3,Pr,COPD,3,train,/Users/vs/Sem 5/Respiratory-Disease-Classification/data/processed/audio/cycles/141/1b3_Pr_006.wav
142,1b1,Pl,COPD,3,train,/Users/vs/Sem 5/Respiratory-Disease-Classification/data/processed/audio/cycles/142/1b1_Pl_001.wav
142,1b1,Pl,COPD,3,train,/Users/vs/Sem 5/Respiratory-Disease-Classification/data/processed/audio/cycles/142/1b1_Pl_002.wav
142,1b1,Pl,COPD,3,train,/Users/vs/Sem 5/Respiratory-Disease-Classification/data/processed/audio/cycles/142/1b1_Pl_003.wav
142,1b1,Pl,COPD,3,train,/Users/vs/Sem 5/Respiratory-Disease-Classification/data/processed/audio/cycles/142/1b1_Pl_004.wav
142,1b1,Pl,COPD,3,train,/Users/vs/Sem 5/Respiratory-Disease-Classification/data/processed/audio/cycles/142/1b1_Pl_005.wav
142,1b1,Pl,COPD,3,train,/Users/vs/Sem 5/Respiratory-Disease-Classification/data/processed/audio/cycles/142/1b1_Pl_006.wav
142,1b1,Pl,COPD,3,train,/Users/vs/Sem 5/Respiratory-Disease-Classification/data/processed/audio/cycles/142/1b1_Pl_007.wav
142,1b1,Pl,COPD,3,train,/Users/vs/Sem 5/Respiratory-Disease-Classification/data/processed/audio/cycles/142/1b1_Pl_008.wav
142,1b1,Pl,COPD,3,train,/Users/vs/Sem 5/Respiratory-Disease-Classification/data/processed/audio/cycles/142/1b1_Pl_009.wav
143,1b1,Al,Healthy,4,test,/Users/vs/Sem 5/Respiratory-Disease-Classification/data/processed/audio/cycles/143/1b1_Al_001.wav
143,1b1,Al,Healthy,4,test,/Users/vs/Sem 5/Respiratory-Disease-Classification/data/processed/audio/cycles/143/1b1_Al_002.wav
143,1b1,Al,Healthy,4,test,/Users/vs/Sem 5/Respiratory-Disease-Classification/data/processed/audio/cycles/143/1b1_Al_003.wav
143,1b1,Al,Healthy,4,test,/Users/vs/Sem 5/Respiratory-Disease-Classification/data/processed/audio/cycles/143/1b1_Al_004.wav
143,1b1,Al,Healthy,4,test,/Users/vs/Sem 5/Respiratory-Disease-Classification/data/processed/audio/cycles/143/1b1_Al_005.wav
143,1b1,Al,Healthy,4,test,/Users/vs/Sem 5/Respiratory-Disease-Classification/data/processed/audio/cycles/143/1b1_Al_006.wav
143,1b1,Al,Healthy,4,test,/Users/vs/Sem 5/Respiratory-Disease-Classification/data/processed/audio/cycles/143/1b1_Al_007.wav
143,1b1,Al,Healthy,4,test,/Users/vs/Sem 5/Respiratory-Disease-Classification/data/processed/audio/cycles/143/1b1_Al_008.wav
143,1b1,Al,Healthy,4,test,/Users/vs/Sem 5/Respiratory-Disease-Classification/data/processed/audio/cycles/143/1b1_Al_009.wav
143,1b1,Al,Healthy,4,test,/Users/vs/Sem 5/Respiratory-Disease-Classification/data/processed/audio/cycles/143/1b1_Al_010.wav
143,1b1,Al,Healthy,4,test,/Users/vs/Sem 5/Respiratory-Disease-Classification/data/processed/audio/cycles/143/1b1_Al_011.wav
143,1b1,Al,Healthy,4,test,/Users/vs/Sem 5/Respiratory-Disease-Classification/data/processed/audio/cycles/143/1b1_Al_012.wav
143,1b1,Al,Healthy,4,test,/Users/vs/Sem 5/Respiratory-Disease-Classification/data/processed/audio/cycles/143/1b1_Al_013.wav
143,1b1,Al,Healthy,4,test,/Users/vs/Sem 5/Respiratory-Disease-Classification/data/processed/audio/cycles/143/1b1_Al_014.wav
143,1b1,Al,Healthy,4,test,/Users/vs/Sem 5/Respiratory-Disease-Classification/data/processed/audio/cycles/143/1b1_Al_015.wav
143,1b1,Al,Healthy,4,test,/Users/vs/Sem 5/Respiratory-Disease-Classification/data/processed/audio/cycles/143/1b1_Al_016.wav
143,1b1,Al,Healthy,4,test,/Users/vs/Sem 5/Respiratory-Disease-Classification/data/processed/audio/cycles/143/1b1_Al_017.wav
143,1b1,Al,Healthy,4,test,/Users/vs/Sem 5/Respiratory-Disease-Classification/data/processed/audio/cycles/143/1b1_Al_018.wav
144,1b1,Al,Healthy,4,test,/Users/vs/Sem 5/Respiratory-Disease-Classification/data/processed/audio/cycles/144/1b1_Al_001.wav
144,1b1,Al,Healthy,4,test,/Users/vs/Sem 5/Respiratory-Disease-Classification/data/processed/audio/cycles/144/1b1_Al_002.wav
144,1b1,Al,Healthy,4,test,/Users/vs/Sem 5/Respiratory-Disease-Classification/data/processed/audio/cycles/144/1b1_Al_003.wav
144,1b1,Al,Healthy,4,test,/Users/vs/Sem 5/Respiratory-Disease-Classification/data/processed/audio/cycles/144/1b1_Al_004.wav
144,1b1,Al,Healthy,4,test,/Users/vs/Sem 5/Respiratory-Disease-Classification/data/processed/audio/cycles/144/1b1_Al_005.wav
144,1b1,Al,Healthy,4,test,/Users/vs/Sem 5/Respiratory-Disease-Classification/data/processed/audio/cycles/144/1b1_Al_006.wav
144,1b1,Al,Healthy,4,test,/Users/vs/Sem 5/Respiratory-Disease-Classification/data/processed/audio/cycles/144/1b1_Al_007.wav
144,1b1,Al,Healthy,4,test,/Users/vs/Sem 5/Respiratory-Disease-Classification/data/processed/audio/cycles/144/1b1_Al_008.wav
144,1b1,Al,Healthy,4,test,/Users/vs/Sem 5/Respiratory-Disease-Classification/data/processed/audio/cycles/144/1b1_Al_009.wav
144,1b1,Al,Healthy,4,test,/Users/vs/Sem 5/Respiratory-Disease-Classification/data/processed/audio/cycles/144/1b1_Al_010.wav
144,1b1,Tc,Healthy,4,test,/Users/vs/Sem 5/Respiratory-Disease-Classification/data/processed/audio/cycles/144/1b1_Tc_001.wav
144,1b1,Tc,Healthy,4,test,/Users/vs/Sem 5/Respiratory-Disease-Classification/data/processed/audio/cycles/144/1b1_Tc_002.wav
144,1b1,Tc,Healthy,4,test,/Users/vs/Sem 5/Respiratory-Disease-Classification/data/processed/audio/cycles/144/1b1_Tc_003.wav
144,1b1,Tc,Healthy,4,test,/Users/vs/Sem 5/Respiratory-Disease-Classification/data/processed/audio/cycles/144/1b1_Tc_004.wav
144,1b1,Tc,Healthy,4,test,/Users/vs/Sem 5/Respiratory-Disease-Classification/data/processed/audio/cycles/144/1b1_Tc_005.wav
144,1b1,Tc,Healthy,4,test,/Users/vs/Sem 5/Respiratory-Disease-Classification/data/processed/audio/cycles/144/1b1_Tc_006.wav
144,1b1,Tc,Healthy,4,test,/Users/vs/Sem 5/Respiratory-Disease-Classification/data/processed/audio/cycles/144/1b1_Tc_007.wav
144,1b1,Tc,Healthy,4,test,/Users/vs/Sem 5/Respiratory-Disease-Classification/data/processed/audio/cycles/144/1b1_Tc_008.wav
144,1b1,Tc,Healthy,4,test,/Users/vs/Sem 5/Respiratory-Disease-Classification/data/processed/audio/cycles/144/1b1_Tc_009.wav
144,1b1,Tc,Healthy,4,test,/Users/vs/Sem 5/Respiratory-Disease-Classification/data/processed/audio/cycles/144/1b1_Tc_010.wav
145,2b2,Al,COPD,3,test,/Users/vs/Sem 5/Respiratory-Disease-Classification/data/processed/audio/cycles/145/2b2_Al_001.wav
145,2b2,Al,COPD,3,test,/Users/vs/Sem 5/Respiratory-Disease-Classification/data/processed/audio/cycles/145/2b2_Al_002.wav
145,2b2,Al,COPD,3,test,/Users/vs/Sem 5/Respiratory-Disease-Classification/data/processed/audio/cycles/145/2b2_Al_003.wav
145,2b2,Al,COPD,3,test,/Users/vs/Sem 5/Respiratory-Disease-Classification/data/processed/audio/cycles/145/2b2_Al_004.wav
145,2b2,Al,COPD,3,test,/Users/vs/Sem 5/Respiratory-Disease-Classification/data/processed/audio/cycles/145/2b2_Al_005.wav
145,2b2,Ar,COPD,3,test,/Users/vs/Sem 5/Respiratory-Disease-Classification/data/processed/audio/cycles/145/2b2_Ar_001.wav
145,2b2,Ar,COPD,3,test,/Users/vs/Sem 5/Respiratory-Disease-Classification/data/processed/audio/cycles/145/2b2_Ar_002.wav
145,2b2,Ar,COPD,3,test,/Users/vs/Sem 5/Respiratory-Disease-Classification/data/processed/audio/cycles/145/2b2_Ar_003.wav
145,2b2,Ar,COPD,3,test,/Users/vs/Sem 5/Respiratory-Disease-Classification/data/processed/audio/cycles/145/2b2_Ar_004.wav
145,2b2,Ar,COPD,3,test,/Users/vs/Sem 5/Respiratory-Disease-Classification/data/processed/audio/cycles/145/2b2_Ar_005.wav
145,2b2,Lr,COPD,3,test,/Users/vs/Sem 5/Respiratory-Disease-Classification/data/processed/audio/cycles/145/2b2_Lr_001.wav
145,2b2,Lr,COPD,3,test,/Users/vs/Sem 5/Respiratory-Disease-Classification/data/processed/audio/cycles/145/2b2_Lr_002.wav
145,2b2,Lr,COPD,3,test,/Users/vs/Sem 5/Respiratory-Disease-Classification/data/processed/audio/cycles/145/2b2_Lr_003.wav
145,2b2,Lr,COPD,3,test,/Users/vs/Sem 5/Respiratory-Disease-Classification/data/processed/audio/cycles/145/2b2_Lr_004.wav
145,2b2,Lr,COPD,3,test,/Users/vs/Sem 5/Respiratory-Disease-Classification/data/processed/audio/cycles/145/2b2_Lr_005.wav
145,2b2,Pr,COPD,3,test,/Users/vs/Sem 5/Respiratory-Disease-Classification/data/processed/audio/cycles/145/2b2_Pr_001.wav
145,2b2,Pr,COPD,3,test,/Users/vs/Sem 5/Respiratory-Disease-Classification/data/processed/audio/cycles/145/2b2_Pr_002.wav
145,2b2,Pr,COPD,3,test,/Users/vs/Sem 5/Respiratory-Disease-Classification/data/processed/audio/cycles/145/2b2_Pr_003.wav
145,2b2,Pr,COPD,3,test,/Users/vs/Sem 5/Respiratory-Disease-Classification/data/processed/audio/cycles/145/2b2_Pr_004.wav
145,2b2,Pr,COPD,3,test,/Users/vs/Sem 5/Respiratory-Disease-Classification/data/processed/audio/cycles/145/2b2_Pr_005.wav
145,3b2,Ar,COPD,3,test,/Users/vs/Sem 5/Respiratory-Disease-Classification/data/processed/audio/cycles/145/3b2_Ar_001.wav
145,3b2,Ar,COPD,3,test,/Users/vs/Sem 5/Respiratory-Disease-Classification/data/processed/audio/cycles/145/3b2_Ar_002.wav
145,3b2,Ar,COPD,3,test,/Users/vs/Sem 5/Respiratory-Disease-Classification/data/processed/audio/cycles/145/3b2_Ar_003.wav
145,3b2,Ar,COPD,3,test,/Users/vs/Sem 5/Respiratory-Disease-Classification/data/processed/audio/cycles/145/3b2_Ar_004.wav
145,3b2,Ar,COPD,3,test,/Users/vs/Sem 5/Respiratory-Disease-Classification/data/processed/audio/cycles/145/3b2_Ar_005.wav
145,3b2,Ar,COPD,3,test,/Users/vs/Sem 5/Respiratory-Disease-Classification/data/processed/audio/cycles/145/3b2_Ar_006.wav
145,3b2,Lr,COPD,3,test,/Users/vs/Sem 5/Respiratory-Disease-Classification/data/processed/audio/cycles/145/3b2_Lr_001.wav
145,3b2,Lr,COPD,3,test,/Users/vs/Sem 5/Respiratory-Disease-Classification/data/processed/audio/cycles/145/3b2_Lr_002.wav
145,3b2,Lr,COPD,3,test,/Users/vs/Sem 5/Respiratory-Disease-Classification/data/processed/audio/cycles/145/3b2_Lr_003.wav
145,3b2,Lr,COPD,3,test,/Users/vs/Sem 5/Respiratory-Disease-Classification/data/processed/audio/cycles/145/3b2_Lr_004.wav
145,3b2,Lr,COPD,3,test,/Users/vs/Sem 5/Respiratory-Disease-Classification/data/processed/audio/cycles/145/3b2_Lr_005.wav
145,3b2,Lr,COPD,3,test,/Users/vs/Sem 5/Respiratory-Disease-Classification/data/processed/audio/cycles/145/3b2_Lr_006.wav
145,3b4,Pl,COPD,3,test,/Users/vs/Sem 5/Respiratory-Disease-Classification/data/processed/audio/cycles/145/3b4_Pl_001.wav
145,3b4,Pl,COPD,3,test,/Users/vs/Sem 5/Respiratory-Disease-Classification/data/processed/audio/cycles/145/3b4_Pl_002.wav
145,3b4,Pl,COPD,3,test,/Users/vs/Sem 5/Respiratory-Disease-Classification/data/processed/audio/cycles/145/3b4_Pl_003.wav
145,3b4,Pl,COPD,3,test,/Users/vs/Sem 5/Respiratory-Disease-Classification/data/processed/audio/cycles/145/3b4_Pl_004.wav
145,3b4,Pl,COPD,3,test,/Users/vs/Sem 5/Respiratory-Disease-Classification/data/processed/audio/cycles/145/3b4_Pl_005.wav
146,2b2,Pl,COPD,3,test,/Users/vs/Sem 5/Respiratory-Disease-Classification/data/processed/audio/cycles/146/2b2_Pl_001.wav
146,2b2,Pl,COPD,3,test,/Users/vs/Sem 5/Respiratory-Disease-Classification/data/processed/audio/cycles/146/2b2_Pl_002.wav
146,2b2,Pl,COPD,3,test,/Users/vs/Sem 5/Respiratory-Disease-Classification/data/processed/audio/cycles/146/2b2_Pl_003.wav
146,2b2,Pl,COPD,3,test,/Users/vs/Sem 5/Respiratory-Disease-Classification/data/processed/audio/cycles/146/2b2_Pl_004.wav
146,2b2,Pl,COPD,3,test,/Users/vs/Sem 5/Respiratory-Disease-Classification/data/processed/audio/cycles/146/2b2_Pl_005.wav
146,2b4,Al,COPD,3,test,/Users/vs/Sem 5/Respiratory-Disease-Classification/data/processed/audio/cycles/146/2b4_Al_001.wav
146,2b4,Al,COPD,3,test,/Users/vs/Sem 5/Respiratory-Disease-Classification/data/processed/audio/cycles/146/2b4_Al_002.wav
146,2b4,Al,COPD,3,test,/Users/vs/Sem 5/Respiratory-Disease-Classification/data/processed/audio/cycles/146/2b4_Al_003.wav
146,2b4,Al,COPD,3,test,/Users/vs/Sem 5/Respiratory-Disease-Classification/data/processed/audio/cycles/146/2b4_Al_004.wav
146,2b4,Al,COPD,3,test,/Users/vs/Sem 5/Respiratory-Disease-Classification/data/processed/audio/cycles/146/2b4_Al_005.wav
146,2b4,Al,COPD,3,test,/Users/vs/Sem 5/Respiratory-Disease-Classification/data/processed/audio/cycles/146/2b4_Al_006.wav
146,2b4,Ar,COPD,3,test,/Users/vs/Sem 5/Respiratory-Disease-Classification/data/processed/audio/cycles/146/2b4_Ar_001.wav
146,2b4,Ar,COPD,3,test,/Users/vs/Sem 5/Respiratory-Disease-Classification/data/processed/audio/cycles/146/2b4_Ar_002.wav
146,2b4,Ar,COPD,3,test,/Users/vs/Sem 5/Respiratory-Disease-Classification/data/processed/audio/cycles/146/2b4_Ar_003.wav
146,2b4,Ar,COPD,3,test,/Users/vs/Sem 5/Respiratory-Disease-Classification/data/processed/audio/cycles/146/2b4_Ar_004.wav
146,2b4,Ar,COPD,3,test,/Users/vs/Sem 5/Respiratory-Disease-Classification/data/processed/audio/cycles/146/2b4_Ar_005.wav
146,2b4,Ar,COPD,3,test,/Users/vs/Sem 5/Respiratory-Disease-Classification/data/processed/audio/cycles/146/2b4_Ar_006.wav
146,2b4,Ll,COPD,3,test,/Users/vs/Sem 5/Respiratory-Disease-Classification/data/processed/audio/cycles/146/2b4_Ll_001.wav
146,2b4,Ll,COPD,3,test,/Users/vs/Sem 5/Respiratory-Disease-Classification/data/processed/audio/cycles/146/2b4_Ll_002.wav
146,2b4,Ll,COPD,3,test,/Users/vs/Sem 5/Respiratory-Disease-Classification/data/processed/audio/cycles/146/2b4_Ll_003.wav
146,2b4,Ll,COPD,3,test,/Users/vs/Sem 5/Respiratory-Disease-Classification/data/processed/audio/cycles/146/2b4_Ll_004.wav
146,2b4,Ll,COPD,3,test,/Users/vs/Sem 5/Respiratory-Disease-Classification/data/processed/audio/cycles/146/2b4_Ll_005.wav
146,2b4,Ll,COPD,3,test,/Users/vs/Sem 5/Respiratory-Disease-Classification/data/processed/audio/cycles/146/2b4_Ll_006.wav
146,2b4,Lr,COPD,3,test,/Users/vs/Sem 5/Respiratory-Disease-Classification/data/processed/audio/cycles/146/2b4_Lr_001.wav
146,2b4,Lr,COPD,3,test,/Users/vs/Sem 5/Respiratory-Disease-Classification/data/processed/audio/cycles/146/2b4_Lr_002.wav
146,2b4,Lr,COPD,3,test,/Users/vs/Sem 5/Respiratory-Disease-Classification/data/processed/audio/cycles/146/2b4_Lr_003.wav
146,2b4,Lr,COPD,3,test,/Users/vs/Sem 5/Respiratory-Disease-Classification/data/processed/audio/cycles/146/2b4_Lr_004.wav
146,2b4,Lr,COPD,3,test,/Users/vs/Sem 5/Respiratory-Disease-Classification/data/processed/audio/cycles/146/2b4_Lr_005.wav
146,2b4,Lr,COPD,3,test,/Users/vs/Sem 5/Respiratory-Disease-Classification/data/processed/audio/cycles/146/2b4_Lr_006.wav
146,2b4,Pr,COPD,3,test,/Users/vs/Sem 5/Respiratory-Disease-Classification/data/processed/audio/cycles/146/2b4_Pr_001.wav
146,2b4,Pr,COPD,3,test,/Users/vs/Sem 5/Respiratory-Disease-Classification/data/processed/audio/cycles/146/2b4_Pr_002.wav
146,2b4,Pr,COPD,3,test,/Users/vs/Sem 5/Respiratory-Disease-Classification/data/processed/audio/cycles/146/2b4_Pr_003.wav
146,2b4,Pr,COPD,3,test,/Users/vs/Sem 5/Respiratory-Disease-Classification/data/processed/audio/cycles/146/2b4_Pr_004.wav
146,2b4,Pr,COPD,3,test,/Users/vs/Sem 5/Respiratory-Disease-Classification/data/processed/audio/cycles/146/2b4_Pr_005.wav
146,2b4,Pr,COPD,3,test,/Users/vs/Sem 5/Respiratory-Disease-Classification/data/processed/audio/cycles/146/2b4_Pr_006.wav
146,8p3,Al,COPD,3,test,/Users/vs/Sem 5/Respiratory-Disease-Classification/data/processed/audio/cycles/146/8p3_Al_001.wav
146,8p3,Al,COPD,3,test,/Users/vs/Sem 5/Respiratory-Disease-Classification/data/processed/audio/cycles/146/8p3_Al_002.wav
146,8p3,Al,COPD,3,test,/Users/vs/Sem 5/Respiratory-Disease-Classification/data/processed/audio/cycles/146/8p3_Al_003.wav
146,8p3,Al,COPD,3,test,/Users/vs/Sem 5/Respiratory-Disease-Classification/data/processed/audio/cycles/146/8p3_Al_004.wav
146,8p3,Al,COPD,3,test,/Users/vs/Sem 5/Respiratory-Disease-Classification/data/processed/audio/cycles/146/8p3_Al_005.wav
146,8p3,Al,COPD,3,test,/Users/vs/Sem 5/Respiratory-Disease-Classification/data/processed/audio/cycles/146/8p3_Al_006.wav
146,8p3,Al,COPD,3,test,/Users/vs/Sem 5/Respiratory-Disease-Classification/data/processed/audio/cycles/146/8p3_Al_007.wav
146,8p3,Al,COPD,3,test,/Users/vs/Sem 5/Respiratory-Disease-Classification/data/processed/audio/cycles/146/8p3_Al_008.wav
146,8p3,Al,COPD,3,test,/Users/vs/Sem 5/Respiratory-Disease-Classification/data/processed/audio/cycles/146/8p3_Al_009.wav
146,8p3,Ar,COPD,3,test,/Users/vs/Sem 5/Respiratory-Disease-Classification/data/processed/audio/cycles/146/8p3_Ar_001.wav
146,8p3,Ar,COPD,3,test,/Users/vs/Sem 5/Respiratory-Disease-Classification/data/processed/audio/cycles/146/8p3_Ar_002.wav
146,8p3,Ar,COPD,3,test,/Users/vs/Sem 5/Respiratory-Disease-Classification/data/processed/audio/cycles/146/8p3_Ar_003.wav
146,8p3,Ar,COPD,3,test,/Users/vs/Sem 5/Respiratory-Disease-Classification/data/processed/audio/cycles/146/8p3_Ar_004.wav
146,8p3,Ar,COPD,3,test,/Users/vs/Sem 5/Respiratory-Disease-Classification/data/processed/audio/cycles/146/8p3_Ar_005.wav
146,8p3,Ar,COPD,3,test,/Users/vs/Sem 5/Respiratory-Disease-Classification/data/processed/audio/cycles/146/8p3_Ar_006.wav
146,8p3,Ar,COPD,3,test,/Users/vs/Sem 5/Respiratory-Disease-Classification/data/processed/audio/cycles/146/8p3_Ar_007.wav
146,8p3,Ar,COPD,3,test,/Users/vs/Sem 5/Respiratory-Disease-Classification/data/processed/audio/cycles/146/8p3_Ar_008.wav
146,8p3,Ar,COPD,3,test,/Users/vs/Sem 5/Respiratory-Disease-Classification/data/processed/audio/cycles/146/8p3_Ar_009.wav
146,8p3,Lr,COPD,3,test,/Users/vs/Sem 5/Respiratory-Disease-Classification/data/processed/audio/cycles/146/8p3_Lr_001.wav
146,8p3,Lr,COPD,3,test,/Users/vs/Sem 5/Respiratory-Disease-Classification/data/processed/audio/cycles/146/8p3_Lr_002.wav
146,8p3,Lr,COPD,3,test,/Users/vs/Sem 5/Respiratory-Disease-Classification/data/processed/audio/cycles/146/8p3_Lr_003.wav
146,8p3,Lr,COPD,3,test,/Users/vs/Sem 5/Respiratory-Disease-Classification/data/processed/audio/cycles/146/8p3_Lr_004.wav
146,8p3,Lr,COPD,3,test,/Users/vs/Sem 5/Respiratory-Disease-Classification/data/processed/audio/cycles/146/8p3_Lr_005.wav
146,8p3,Lr,COPD,3,test,/Users/vs/Sem 5/Respiratory-Disease-Classification/data/processed/audio/cycles/146/8p3_Lr_006.wav
146,8p3,Lr,COPD,3,test,/Users/vs/Sem 5/Respiratory-Disease-Classification/data/processed/audio/cycles/146/8p3_Lr_007.wav
146,8p3,Lr,COPD,3,test,/Users/vs/Sem 5/Respiratory-Disease-Classification/data/processed/audio/cycles/146/8p3_Lr_008.wav
146,8p3,Lr,COPD,3,test,/Users/vs/Sem 5/Respiratory-Disease-Classification/data/processed/audio/cycles/146/8p3_Lr_009.wav
146,8p3,Pl,COPD,3,test,/Users/vs/Sem 5/Respiratory-Disease-Classification/data/processed/audio/cycles/146/8p3_Pl_001.wav
146,8p3,Pl,COPD,3,test,/Users/vs/Sem 5/Respiratory-Disease-Classification/data/processed/audio/cycles/146/8p3_Pl_002.wav
146,8p3,Pl,COPD,3,test,/Users/vs/Sem 5/Respiratory-Disease-Classification/data/processed/audio/cycles/146/8p3_Pl_003.wav
146,8p3,Pl,COPD,3,test,/Users/vs/Sem 5/Respiratory-Disease-Classification/data/processed/audio/cycles/146/8p3_Pl_004.wav
146,8p3,Pl,COPD,3,test,/Users/vs/Sem 5/Respiratory-Disease-Classification/data/processed/audio/cycles/146/8p3_Pl_005.wav
146,8p3,Pl,COPD,3,test,/Users/vs/Sem 5/Respiratory-Disease-Classification/data/processed/audio/cycles/146/8p3_Pl_006.wav
146,8p3,Pl,COPD,3,test,/Users/vs/Sem 5/Respiratory-Disease-Classification/data/processed/audio/cycles/146/8p3_Pl_007.wav
146,8p3,Pl,COPD,3,test,/Users/vs/Sem 5/Respiratory-Disease-Classification/data/processed/audio/cycles/146/8p3_Pl_008.wav
146,8p3,Pl,COPD,3,test,/Users/vs/Sem 5/Respiratory-Disease-Classification/data/processed/audio/cycles/146/8p3_Pl_009.wav
146,8p3,Pr,COPD,3,test,/Users/vs/Sem 5/Respiratory-Disease-Classification/data/processed/audio/cycles/146/8p3_Pr_001.wav
146,8p3,Pr,COPD,3,test,/Users/vs/Sem 5/Respiratory-Disease-Classification/data/processed/audio/cycles/146/8p3_Pr_002.wav
146,8p3,Pr,COPD,3,test,/Users/vs/Sem 5/Respiratory-Disease-Classification/data/processed/audio/cycles/146/8p3_Pr_003.wav
146,8p3,Pr,COPD,3,test,/Users/vs/Sem 5/Respiratory-Disease-Classification/data/processed/audio/cycles/146/8p3_Pr_004.wav
146,8p3,Pr,COPD,3,test,/Users/vs/Sem 5/Respiratory-Disease-Classification/data/processed/audio/cycles/146/8p3_Pr_005.wav
146,8p3,Pr,COPD,3,test,/Users/vs/Sem 5/Respiratory-Disease-Classification/data/processed/audio/cycles/146/8p3_Pr_006.wav
146,8p3,Pr,COPD,3,test,/Users/vs/Sem 5/Respiratory-Disease-Classification/data/processed/audio/cycles/146/8p3_Pr_007.wav
146,8p3,Pr,COPD,3,test,/Users/vs/Sem 5/Respiratory-Disease-Classification/data/processed/audio/cycles/146/8p3_Pr_008.wav
146,8p3,Pr,COPD,3,test,/Users/vs/Sem 5/Respiratory-Disease-Classification/data/processed/audio/cycles/146/8p3_Pr_009.wav
147,1b2,Tc,COPD,3,test,/Users/vs/Sem 5/Respiratory-Disease-Classification/data/processed/audio/cycles/147/1b2_Tc_001.wav
147,1b2,Tc,COPD,3,test,/Users/vs/Sem 5/Respiratory-Disease-Classification/data/processed/audio/cycles/147/1b2_Tc_002.wav
147,1b2,Tc,COPD,3,test,/Users/vs/Sem 5/Respiratory-Disease-Classification/data/processed/audio/cycles/147/1b2_Tc_003.wav
147,1b2,Tc,COPD,3,test,/Users/vs/Sem 5/Respiratory-Disease-Classification/data/processed/audio/cycles/147/1b2_Tc_004.wav
147,1b2,Tc,COPD,3,test,/Users/vs/Sem 5/Respiratory-Disease-Classification/data/processed/audio/cycles/147/1b2_Tc_005.wav
147,1b2,Tc,COPD,3,test,/Users/vs/Sem 5/Respiratory-Disease-Classification/data/processed/audio/cycles/147/1b2_Tc_006.wav
147,1b2,Tc,COPD,3,test,/Users/vs/Sem 5/Respiratory-Disease-Classification/data/processed/audio/cycles/147/1b2_Tc_007.wav
147,1b2,Tc,COPD,3,test,/Users/vs/Sem 5/Respiratory-Disease-Classification/data/processed/audio/cycles/147/1b2_Tc_008.wav
147,1b2,Tc,COPD,3,test,/Users/vs/Sem 5/Respiratory-Disease-Classification/data/processed/audio/cycles/147/1b2_Tc_009.wav
147,1b2,Tc,COPD,3,test,/Users/vs/Sem 5/Respiratory-Disease-Classification/data/processed/audio/cycles/147/1b2_Tc_010.wav
147,1b2,Tc,COPD,3,test,/Users/vs/Sem 5/Respiratory-Disease-Classification/data/processed/audio/cycles/147/1b2_Tc_011.wav
147,1b2,Tc,COPD,3,test,/Users/vs/Sem 5/Respiratory-Disease-Classification/data/processed/audio/cycles/147/1b2_Tc_012.wav
147,1b3,Tc,COPD,3,test,/Users/vs/Sem 5/Respiratory-Disease-Classification/data/processed/audio/cycles/147/1b3_Tc_001.wav
147,1b3,Tc,COPD,3,test,/Users/vs/Sem 5/Respiratory-Disease-Classification/data/processed/audio/cycles/147/1b3_Tc_002.wav
147,1b3,Tc,COPD,3,test,/Users/vs/Sem 5/Respiratory-Disease-Classification/data/processed/audio/cycles/147/1b3_Tc_003.wav
147,1b3,Tc,COPD,3,test,/Users/vs/Sem 5/Respiratory-Disease-Classification/data/processed/audio/cycles/147/1b3_Tc_004.wav
147,1b3,Tc,COPD,3,test,/Users/vs/Sem 5/Respiratory-Disease-Classification/data/processed/audio/cycles/147/1b3_Tc_005.wav
147,1b3,Tc,COPD,3,test,/Users/vs/Sem 5/Respiratory-Disease-Classification/data/processed/audio/cycles/147/1b3_Tc_006.wav
147,1b3,Tc,COPD,3,test,/Users/vs/Sem 5/Respiratory-Disease-Classification/data/processed/audio/cycles/147/1b3_Tc_007.wav
147,1b3,Tc,COPD,3,test,/Users/vs/Sem 5/Respiratory-Disease-Classification/data/processed/audio/cycles/147/1b3_Tc_008.wav
147,1b3,Tc,COPD,3,test,/Users/vs/Sem 5/Respiratory-Disease-Classification/data/processed/audio/cycles/147/1b3_Tc_009.wav
147,1b3,Tc,COPD,3,test,/Users/vs/Sem 5/Respiratory-Disease-Classification/data/processed/audio/cycles/147/1b3_Tc_010.wav
147,1b3,Tc,COPD,3,test,/Users/vs/Sem 5/Respiratory-Disease-Classification/data/processed/audio/cycles/147/1b3_Tc_011.wav
147,1b4,Tc,COPD,3,test,/Users/vs/Sem 5/Respiratory-Disease-Classification/data/processed/audio/cycles/147/1b4_Tc_001.wav
147,1b4,Tc,COPD,3,test,/Users/vs/Sem 5/Respiratory-Disease-Classification/data/processed/audio/cycles/147/1b4_Tc_002.wav
147,1b4,Tc,COPD,3,test,/Users/vs/Sem 5/Respiratory-Disease-Classification/data/processed/audio/cycles/147/1b4_Tc_003.wav
147,1b4,Tc,COPD,3,test,/Users/vs/Sem 5/Respiratory-Disease-Classification/data/processed/audio/cycles/147/1b4_Tc_004.wav
147,1b4,Tc,COPD,3,test,/Users/vs/Sem 5/Respiratory-Disease-Classification/data/processed/audio/cycles/147/1b4_Tc_005.wav
147,1b4,Tc,COPD,3,test,/Users/vs/Sem 5/Respiratory-Disease-Classification/data/processed/audio/cycles/147/1b4_Tc_006.wav
147,1b4,Tc,COPD,3,test,/Users/vs/Sem 5/Respiratory-Disease-Classification/data/processed/audio/cycles/147/1b4_Tc_007.wav
147,1b4,Tc,COPD,3,test,/Users/vs/Sem 5/Respiratory-Disease-Classification/data/processed/audio/cycles/147/1b4_Tc_008.wav
147,1b4,Tc,COPD,3,test,/Users/vs/Sem 5/Respiratory-Disease-Classification/data/processed/audio/cycles/147/1b4_Tc_009.wav
147,1b4,Tc,COPD,3,test,/Users/vs/Sem 5/Respiratory-Disease-Classification/data/processed/audio/cycles/147/1b4_Tc_010.wav
147,1b4,Tc,COPD,3,test,/Users/vs/Sem 5/Respiratory-Disease-Classification/data/processed/audio/cycles/147/1b4_Tc_011.wav
147,1b4,Tc,COPD,3,test,/Users/vs/Sem 5/Respiratory-Disease-Classification/data/processed/audio/cycles/147/1b4_Tc_012.wav
147,1b4,Tc,COPD,3,test,/Users/vs/Sem 5/Respiratory-Disease-Classification/data/processed/audio/cycles/147/1b4_Tc_013.wav
147,1b4,Tc,COPD,3,test,/Users/vs/Sem 5/Respiratory-Disease-Classification/data/processed/audio/cycles/147/1b4_Tc_014.wav
147,1b4,Tc,COPD,3,test,/Users/vs/Sem 5/Respiratory-Disease-Classification/data/processed/audio/cycles/147/1b4_Tc_015.wav
147,2b2,Al,COPD,3,test,/Users/vs/Sem 5/Respiratory-Disease-Classification/data/processed/audio/cycles/147/2b2_Al_001.wav
147,2b2,Al,COPD,3,test,/Users/vs/Sem 5/Respiratory-Disease-Classification/data/processed/audio/cycles/147/2b2_Al_002.wav
147,2b2,Al,COPD,3,test,/Users/vs/Sem 5/Respiratory-Disease-Classification/data/processed/audio/cycles/147/2b2_Al_003.wav
147,2b2,Al,COPD,3,test,/Users/vs/Sem 5/Respiratory-Disease-Classification/data/processed/audio/cycles/147/2b2_Al_004.wav
147,2b2,Al,COPD,3,test,/Users/vs/Sem 5/Respiratory-Disease-Classification/data/processed/audio/cycles/147/2b2_Al_005.wav
147,2b2,Ar,COPD,3,test,/Users/vs/Sem 5/Respiratory-Disease-Classification/data/processed/audio/cycles/147/2b2_Ar_001.wav
147,2b2,Ar,COPD,3,test,/Users/vs/Sem 5/Respiratory-Disease-Classification/data/processed/audio/cycles/147/2b2_Ar_002.wav
147,2b2,Ar,COPD,3,test,/Users/vs/Sem 5/Respiratory-Disease-Classification/data/processed/audio/cycles/147/2b2_Ar_003.wav
147,2b2,Ar,COPD,3,test,/Users/vs/Sem 5/Respiratory-Disease-Classification/data/processed/audio/cycles/147/2b2_Ar_004.wav
147,2b2,Ar,COPD,3,test,/Users/vs/Sem 5/Respiratory-Disease-Classification/data/processed/audio/cycles/147/2b2_Ar_005.wav
147,2b2,Pl,COPD,3,test,/Users/vs/Sem 5/Respiratory-Disease-Classification/data/processed/audio/cycles/147/2b2_Pl_001.wav
147,2b2,Pl,COPD,3,test,/Users/vs/Sem 5/Respiratory-Disease-Classification/data/processed/audio/cycles/147/2b2_Pl_002.wav
147,2b2,Pl,COPD,3,test,/Users/vs/Sem 5/Respiratory-Disease-Classification/data/processed/audio/cycles/147/2b2_Pl_003.wav
147,2b2,Pl,COPD,3,test,/Users/vs/Sem 5/Respiratory-Disease-Classification/data/processed/audio/cycles/147/2b2_Pl_004.wav
147,2b2,Pl,COPD,3,test,/Users/vs/Sem 5/Respiratory-Disease-Classification/data/processed/audio/cycles/147/2b2_Pl_005.wav
147,2b3,Al,COPD,3,test,/Users/vs/Sem 5/Respiratory-Disease-Classification/data/processed/audio/cycles/147/2b3_Al_001.wav
147,2b3,Al,COPD,3,test,/Users/vs/Sem 5/Respiratory-Disease-Classification/data/processed/audio/cycles/147/2b3_Al_002.wav
147,2b3,Al,COPD,3,test,/Users/vs/Sem 5/Respiratory-Disease-Classification/data/processed/audio/cycles/147/2b3_Al_003.wav
147,2b3,Al,COPD,3,test,/Users/vs/Sem 5/Respiratory-Disease-Classification/data/processed/audio/cycles/147/2b3_Al_004.wav
147,2b3,Al,COPD,3,test,/Users/vs/Sem 5/Respiratory-Disease-Classification/data/processed/audio/cycles/147/2b3_Al_005.wav
147,2b3,Ar,COPD,3,test,/Users/vs/Sem 5/Respiratory-Disease-Classification/data/processed/audio/cycles/147/2b3_Ar_001.wav
147,2b3,Ar,COPD,3,test,/Users/vs/Sem 5/Respiratory-Disease-Classification/data/processed/audio/cycles/147/2b3_Ar_002.wav
147,2b3,Ar,COPD,3,test,/Users/vs/Sem 5/Respiratory-Disease-Classification/data/processed/audio/cycles/147/2b3_Ar_003.wav
147,2b3,Ar,COPD,3,test,/Users/vs/Sem 5/Respiratory-Disease-Classification/data/processed/audio/cycles/147/2b3_Ar_004.wav
147,2b3,Ar,COPD,3,test,/Users/vs/Sem 5/Respiratory-Disease-Classification/data/processed/audio/cycles/147/2b3_Ar_005.wav
147,2b3,Ll,COPD,3,test,/Users/vs/Sem 5/Respiratory-Disease-Classification/data/processed/audio/cycles/147/2b3_Ll_001.wav
147,2b3,Ll,COPD,3,test,/Users/vs/Sem 5/Respiratory-Disease-Classification/data/processed/audio/cycles/147/2b3_Ll_002.wav
147,2b3,Ll,COPD,3,test,/Users/vs/Sem 5/Respiratory-Disease-Classification/data/processed/audio/cycles/147/2b3_Ll_003.wav
147,2b3,Ll,COPD,3,test,/Users/vs/Sem 5/Respiratory-Disease-Classification/data/processed/audio/cycles/147/2b3_Ll_004.wav
147,2b3,Ll,COPD,3,test,/Users/vs/Sem 5/Respiratory-Disease-Classification/data/processed/audio/cycles/147/2b3_Ll_005.wav
147,2b3,Lr,COPD,3,test,/Users/vs/Sem 5/Respiratory-Disease-Classification/data/processed/audio/cycles/147/2b3_Lr_001.wav
147,2b3,Lr,COPD,3,test,/Users/vs/Sem 5/Respiratory-Disease-Classification/data/processed/audio/cycles/147/2b3_Lr_002.wav
147,2b3,Lr,COPD,3,test,/Users/vs/Sem 5/Respiratory-Disease-Classification/data/processed/audio/cycles/147/2b3_Lr_003.wav
147,2b3,Lr,COPD,3,test,/Users/vs/Sem 5/Respiratory-Disease-Classification/data/processed/audio/cycles/147/2b3_Lr_004.wav
147,2b3,Lr,COPD,3,test,/Users/vs/Sem 5/Respiratory-Disease-Classification/data/processed/audio/cycles/147/2b3_Lr_005.wav
147,2b3,Pl,COPD,3,test,/Users/vs/Sem 5/Respiratory-Disease-Classification/data/processed/audio/cycles/147/2b3_Pl_001.wav
147,2b3,Pl,COPD,3,test,/Users/vs/Sem 5/Respiratory-Disease-Classification/data/processed/audio/cycles/147/2b3_Pl_002.wav
147,2b3,Pl,COPD,3,test,/Users/vs/Sem 5/Respiratory-Disease-Classification/data/processed/audio/cycles/147/2b3_Pl_003.wav
147,2b3,Pl,COPD,3,test,/Users/vs/Sem 5/Respiratory-Disease-Classification/data/processed/audio/cycles/147/2b3_Pl_004.wav
147,2b3,Pl,COPD,3,test,/Users/vs/Sem 5/Respiratory-Disease-Classification/data/processed/audio/cycles/147/2b3_Pl_005.wav
147,2b4,Al,COPD,3,test,/Users/vs/Sem 5/Respiratory-Disease-Classification/data/processed/audio/cycles/147/2b4_Al_001.wav
147,2b4,Al,COPD,3,test,/Users/vs/Sem 5/Respiratory-Disease-Classification/data/processed/audio/cycles/147/2b4_Al_002.wav
147,2b4,Al,COPD,3,test,/Users/vs/Sem 5/Respiratory-Disease-Classification/data/processed/audio/cycles/147/2b4_Al_003.wav
147,2b4,Al,COPD,3,test,/Users/vs/Sem 5/Respiratory-Disease-Classification/data/processed/audio/cycles/147/2b4_Al_004.wav
147,2b4,Al,COPD,3,test,/Users/vs/Sem 5/Respiratory-Disease-Classification/data/processed/audio/cycles/147/2b4_Al_005.wav
147,2b4,Ar,COPD,3,test,/Users/vs/Sem 5/Respiratory-Disease-Classification/data/processed/audio/cycles/147/2b4_Ar_001.wav
147,2b4,Ar,COPD,3,test,/Users/vs/Sem 5/Respiratory-Disease-Classification/data/processed/audio/cycles/147/2b4_Ar_002.wav
147,2b4,Ar,COPD,3,test,/Users/vs/Sem 5/Respiratory-Disease-Classification/data/processed/audio/cycles/147/2b4_Ar_003.wav
147,2b4,Ar,COPD,3,test,/Users/vs/Sem 5/Respiratory-Disease-Classification/data/processed/audio/cycles/147/2b4_Ar_004.wav
147,2b4,Ar,COPD,3,test,/Users/vs/Sem 5/Respiratory-Disease-Classification/data/processed/audio/cycles/147/2b4_Ar_005.wav
147,2b4,Ll,COPD,3,test,/Users/vs/Sem 5/Respiratory-Disease-Classification/data/processed/audio/cycles/147/2b4_Ll_001.wav
147,2b4,Ll,COPD,3,test,/Users/vs/Sem 5/Respiratory-Disease-Classification/data/processed/audio/cycles/147/2b4_Ll_002.wav
147,2b4,Ll,COPD,3,test,/Users/vs/Sem 5/Respiratory-Disease-Classification/data/processed/audio/cycles/147/2b4_Ll_003.wav
147,2b4,Ll,COPD,3,test,/Users/vs/Sem 5/Respiratory-Disease-Classification/data/processed/audio/cycles/147/2b4_Ll_004.wav
147,2b4,Ll,COPD,3,test,/Users/vs/Sem 5/Respiratory-Disease-Classification/data/processed/audio/cycles/147/2b4_Ll_005.wav
147,2b4,Lr,COPD,3,test,/Users/vs/Sem 5/Respiratory-Disease-Classification/data/processed/audio/cycles/147/2b4_Lr_001.wav
147,2b4,Lr,COPD,3,test,/Users/vs/Sem 5/Respiratory-Disease-Classification/data/processed/audio/cycles/147/2b4_Lr_002.wav
147,2b4,Lr,COPD,3,test,/Users/vs/Sem 5/Respiratory-Disease-Classification/data/processed/audio/cycles/147/2b4_Lr_003.wav
147,2b4,Lr,COPD,3,test,/Users/vs/Sem 5/Respiratory-Disease-Classification/data/processed/audio/cycles/147/2b4_Lr_004.wav
147,2b4,Lr,COPD,3,test,/Users/vs/Sem 5/Respiratory-Disease-Classification/data/processed/audio/cycles/147/2b4_Lr_005.wav
147,2b4,Pl,COPD,3,test,/Users/vs/Sem 5/Respiratory-Disease-Classification/data/processed/audio/cycles/147/2b4_Pl_001.wav
147,2b4,Pl,COPD,3,test,/Users/vs/Sem 5/Respiratory-Disease-Classification/data/processed/audio/cycles/147/2b4_Pl_002.wav
147,2b4,Pl,COPD,3,test,/Users/vs/Sem 5/Respiratory-Disease-Classification/data/processed/audio/cycles/147/2b4_Pl_003.wav
147,2b4,Pl,COPD,3,test,/Users/vs/Sem 5/Respiratory-Disease-Classification/data/processed/audio/cycles/147/2b4_Pl_004.wav
147,2b4,Pl,COPD,3,test,/Users/vs/Sem 5/Respiratory-Disease-Classification/data/processed/audio/cycles/147/2b4_Pl_005.wav
148,1b1,Al,URTI,7,train,/Users/vs/Sem 5/Respiratory-Disease-Classification/data/processed/audio/cycles/148/1b1_Al_001.wav
148,1b1,Al,URTI,7,train,/Users/vs/Sem 5/Respiratory-Disease-Classification/data/processed/audio/cycles/148/1b1_Al_002.wav
148,1b1,Al,URTI,7,train,/Users/vs/Sem 5/Respiratory-Disease-Classification/data/processed/audio/cycles/148/1b1_Al_003.wav
148,1b1,Al,URTI,7,train,/Users/vs/Sem 5/Respiratory-Disease-Classification/data/processed/audio/cycles/148/1b1_Al_004.wav
148,1b1,Al,URTI,7,train,/Users/vs/Sem 5/Respiratory-Disease-Classification/data/processed/audio/cycles/148/1b1_Al_005.wav
148,1b1,Al,URTI,7,train,/Users/vs/Sem 5/Respiratory-Disease-Classification/data/processed/audio/cycles/148/1b1_Al_006.wav
148,1b1,Al,URTI,7,train,/Users/vs/Sem 5/Respiratory-Disease-Classification/data/processed/audio/cycles/148/1b1_Al_007.wav
148,1b1,Al,URTI,7,train,/Users/vs/Sem 5/Respiratory-Disease-Classification/data/processed/audio/cycles/148/1b1_Al_008.wav
148,1b1,Al,URTI,7,train,/Users/vs/Sem 5/Respiratory-Disease-Classification/data/processed/audio/cycles/148/1b1_Al_009.wav
148,1b1,Al,URTI,7,train,/Users/vs/Sem 5/Respiratory-Disease-Classification/data/processed/audio/cycles/148/1b1_Al_010.wav
148,1b1,Al,URTI,7,train,/Users/vs/Sem 5/Respiratory-Disease-Classification/data/processed/audio/cycles/148/1b1_Al_011.wav
149,1b1,Al,Bronchiolitis,2,test,/Users/vs/Sem 5/Respiratory-Disease-Classification/data/processed/audio/cycles/149/1b1_Al_001.wav
149,1b1,Al,Bronchiolitis,2,test,/Users/vs/Sem 5/Respiratory-Disease-Classification/data/processed/audio/cycles/149/1b1_Al_002.wav
149,1b1,Al,Bronchiolitis,2,test,/Users/vs/Sem 5/Respiratory-Disease-Classification/data/processed/audio/cycles/149/1b1_Al_003.wav
149,1b1,Al,Bronchiolitis,2,test,/Users/vs/Sem 5/Respiratory-Disease-Classification/data/processed/audio/cycles/149/1b1_Al_004.wav
149,1b1,Al,Bronchiolitis,2,test,/Users/vs/Sem 5/Respiratory-Disease-Classification/data/processed/audio/cycles/149/1b1_Al_005.wav
149,1b1,Al,Bronchiolitis,2,test,/Users/vs/Sem 5/Respiratory-Disease-Classification/data/processed/audio/cycles/149/1b1_Al_006.wav
149,1b1,Al,Bronchiolitis,2,test,/Users/vs/Sem 5/Respiratory-Disease-Classification/data/processed/audio/cycles/149/1b1_Al_007.wav
149,1b1,Al,Bronchiolitis,2,test,/Users/vs/Sem 5/Respiratory-Disease-Classification/data/processed/audio/cycles/149/1b1_Al_008.wav
149,1b1,Al,Bronchiolitis,2,test,/Users/vs/Sem 5/Respiratory-Disease-Classification/data/processed/audio/cycles/149/1b1_Al_009.wav
149,1b1,Al,Bronchiolitis,2,test,/Users/vs/Sem 5/Respiratory-Disease-Classification/data/processed/audio/cycles/149/1b1_Al_010.wav
149,1b1,Al,Bronchiolitis,2,test,/Users/vs/Sem 5/Respiratory-Disease-Classification/data/processed/audio/cycles/149/1b1_Al_011.wav
149,1b1,Al,Bronchiolitis,2,test,/Users/vs/Sem 5/Respiratory-Disease-Classification/data/processed/audio/cycles/149/1b1_Al_012.wav
149,1b1,Al,Bronchiolitis,2,test,/Users/vs/Sem 5/Respiratory-Disease-Classification/data/processed/audio/cycles/149/1b1_Al_013.wav
149,1b1,Al,Bronchiolitis,2,test,/Users/vs/Sem 5/Respiratory-Disease-Classification/data/processed/audio/cycles/149/1b1_Al_014.wav
149,1b1,Al,Bronchiolitis,2,test,/Users/vs/Sem 5/Respiratory-Disease-Classification/data/processed/audio/cycles/149/1b1_Al_015.wav
149,1b1,Al,Bronchiolitis,2,test,/Users/vs/Sem 5/Respiratory-Disease-Classification/data/processed/audio/cycles/149/1b1_Al_016.wav
149,1b1,Al,Bronchiolitis,2,test,/Users/vs/Sem 5/Respiratory-Disease-Classification/data/processed/audio/cycles/149/1b1_Al_017.wav
149,1b1,Al,Bronchiolitis,2,test,/Users/vs/Sem 5/Respiratory-Disease-Classification/data/processed/audio/cycles/149/1b1_Al_018.wav
149,1b1,Lr,Bronchiolitis,2,test,/Users/vs/Sem 5/Respiratory-Disease-Classification/data/processed/audio/cycles/149/1b1_Lr_001.wav
149,1b1,Lr,Bronchiolitis,2,test,/Users/vs/Sem 5/Respiratory-Disease-Classification/data/processed/audio/cycles/149/1b1_Lr_002.wav
149,1b1,Lr,Bronchiolitis,2,test,/Users/vs/Sem 5/Respiratory-Disease-Classification/data/processed/audio/cycles/149/1b1_Lr_003.wav
149,1b1,Lr,Bronchiolitis,2,test,/Users/vs/Sem 5/Respiratory-Disease-Classification/data/processed/audio/cycles/149/1b1_Lr_004.wav
149,1b1,Lr,Bronchiolitis,2,test,/Users/vs/Sem 5/Respiratory-Disease-Classification/data/processed/audio/cycles/149/1b1_Lr_005.wav
149,1b1,Lr,Bronchiolitis,2,test,/Users/vs/Sem 5/Respiratory-Disease-Classification/data/processed/audio/cycles/149/1b1_Lr_006.wav
149,1b1,Lr,Bronchiolitis,2,test,/Users/vs/Sem 5/Respiratory-Disease-Classification/data/processed/audio/cycles/149/1b1_Lr_007.wav
149,1b1,Lr,Bronchiolitis,2,test,/Users/vs/Sem 5/Respiratory-Disease-Classification/data/processed/audio/cycles/149/1b1_Lr_008.wav
149,1b1,Lr,Bronchiolitis,2,test,/Users/vs/Sem 5/Respiratory-Disease-Classification/data/processed/audio/cycles/149/1b1_Lr_009.wav
149,1b1,Lr,Bronchiolitis,2,test,/Users/vs/Sem 5/Respiratory-Disease-Classification/data/processed/audio/cycles/149/1b1_Lr_010.wav
149,1b1,Lr,Bronchiolitis,2,test,/Users/vs/Sem 5/Respiratory-Disease-Classification/data/processed/audio/cycles/149/1b1_Lr_011.wav
149,1b1,Lr,Bronchiolitis,2,test,/Users/vs/Sem 5/Respiratory-Disease-Classification/data/processed/audio/cycles/149/1b1_Lr_012.wav
149,1b1,Lr,Bronchiolitis,2,test,/Users/vs/Sem 5/Respiratory-Disease-Classification/data/processed/audio/cycles/149/1b1_Lr_013.wav
149,1b1,Lr,Bronchiolitis,2,test,/Users/vs/Sem 5/Respiratory-Disease-Classification/data/processed/audio/cycles/149/1b1_Lr_014.wav
149,1b1,Lr,Bronchiolitis,2,test,/Users/vs/Sem 5/Respiratory-Disease-Classification/data/processed/audio/cycles/149/1b1_Lr_015.wav
149,1b1,Lr,Bronchiolitis,2,test,/Users/vs/Sem 5/Respiratory-Disease-Classification/data/processed/audio/cycles/149/1b1_Lr_016.wav
149,1b1,Pl,Bronchiolitis,2,test,/Users/vs/Sem 5/Respiratory-Disease-Classification/data/processed/audio/cycles/149/1b1_Pl_001.wav
149,1b1,Pl,Bronchiolitis,2,test,/Users/vs/Sem 5/Respiratory-Disease-Classification/data/processed/audio/cycles/149/1b1_Pl_002.wav
149,1b1,Pl,Bronchiolitis,2,test,/Users/vs/Sem 5/Respiratory-Disease-Classification/data/processed/audio/cycles/149/1b1_Pl_003.wav
149,1b1,Pl,Bronchiolitis,2,test,/Users/vs/Sem 5/Respiratory-Disease-Classification/data/processed/audio/cycles/149/1b1_Pl_004.wav
149,1b1,Pl,Bronchiolitis,2,test,/Users/vs/Sem 5/Respiratory-Disease-Classification/data/processed/audio/cycles/149/1b1_Pl_005.wav
149,1b1,Pl,Bronchiolitis,2,test,/Users/vs/Sem 5/Respiratory-Disease-Classification/data/processed/audio/cycles/149/1b1_Pl_006.wav
149,1b1,Pl,Bronchiolitis,2,test,/Users/vs/Sem 5/Respiratory-Disease-Classification/data/processed/audio/cycles/149/1b1_Pl_007.wav
149,1b1,Pl,Bronchiolitis,2,test,/Users/vs/Sem 5/Respiratory-Disease-Classification/data/processed/audio/cycles/149/1b1_Pl_008.wav
149,1b1,Pl,Bronchiolitis,2,test,/Users/vs/Sem 5/Respiratory-Disease-Classification/data/processed/audio/cycles/149/1b1_Pl_009.wav
149,1b1,Pl,Bronchiolitis,2,test,/Users/vs/Sem 5/Respiratory-Disease-Classification/data/processed/audio/cycles/149/1b1_Pl_010.wav
149,1b1,Pl,Bronchiolitis,2,test,/Users/vs/Sem 5/Respiratory-Disease-Classification/data/processed/audio/cycles/149/1b1_Pl_011.wav
149,1b1,Pl,Bronchiolitis,2,test,/Users/vs/Sem 5/Respiratory-Disease-Classification/data/processed/audio/cycles/149/1b1_Pl_012.wav
149,1b1,Pl,Bronchiolitis,2,test,/Users/vs/Sem 5/Respiratory-Disease-Classification/data/processed/audio/cycles/149/1b1_Pl_013.wav
149,1b1,Pl,Bronchiolitis,2,test,/Users/vs/Sem 5/Respiratory-Disease-Classification/data/processed/audio/cycles/149/1b1_Pl_014.wav
149,1b1,Pl,Bronchiolitis,2,test,/Users/vs/Sem 5/Respiratory-Disease-Classification/data/processed/audio/cycles/149/1b1_Pl_015.wav
149,1b1,Pl,Bronchiolitis,2,test,/Users/vs/Sem 5/Respiratory-Disease-Classification/data/processed/audio/cycles/149/1b1_Pl_016.wav
149,1b1,Pl,Bronchiolitis,2,test,/Users/vs/Sem 5/Respiratory-Disease-Classification/data/processed/audio/cycles/149/1b1_Pl_017.wav
150,1b2,Al,URTI,7,test,/Users/vs/Sem 5/Respiratory-Disease-Classification/data/processed/audio/cycles/150/1b2_Al_001.wav
150,1b2,Al,URTI,7,test,/Users/vs/Sem 5/Respiratory-Disease-Classification/data/processed/audio/cycles/150/1b2_Al_002.wav
150,1b2,Al,URTI,7,test,/Users/vs/Sem 5/Respiratory-Disease-Classification/data/processed/audio/cycles/150/1b2_Al_003.wav
150,1b2,Al,URTI,7,test,/Users/vs/Sem 5/Respiratory-Disease-Classification/data/processed/audio/cycles/150/1b2_Al_004.wav
150,1b2,Al,URTI,7,test,/Users/vs/Sem 5/Respiratory-Disease-Classification/data/processed/audio/cycles/150/1b2_Al_005.wav
150,1b2,Al,URTI,7,test,/Users/vs/Sem 5/Respiratory-Disease-Classification/data/processed/audio/cycles/150/1b2_Al_006.wav
150,1b2,Al,URTI,7,test,/Users/vs/Sem 5/Respiratory-Disease-Classification/data/processed/audio/cycles/150/1b2_Al_007.wav
150,1b2,Al,URTI,7,test,/Users/vs/Sem 5/Respiratory-Disease-Classification/data/processed/audio/cycles/150/1b2_Al_008.wav
150,1b2,Al,URTI,7,test,/Users/vs/Sem 5/Respiratory-Disease-Classification/data/processed/audio/cycles/150/1b2_Al_009.wav
150,1b2,Al,URTI,7,test,/Users/vs/Sem 5/Respiratory-Disease-Classification/data/processed/audio/cycles/150/1b2_Al_010.wav
150,1b2,Al,URTI,7,test,/Users/vs/Sem 5/Respiratory-Disease-Classification/data/processed/audio/cycles/150/1b2_Al_011.wav
150,1b2,Al,URTI,7,test,/Users/vs/Sem 5/Respiratory-Disease-Classification/data/processed/audio/cycles/150/1b2_Al_012.wav
150,1b2,Al,URTI,7,test,/Users/vs/Sem 5/Respiratory-Disease-Classification/data/processed/audio/cycles/150/1b2_Al_013.wav
150,1b2,Al,URTI,7,test,/Users/vs/Sem 5/Respiratory-Disease-Classification/data/processed/audio/cycles/150/1b2_Al_014.wav
150,1b2,Al,URTI,7,test,/Users/vs/Sem 5/Respiratory-Disease-Classification/data/processed/audio/cycles/150/1b2_Al_015.wav
150,1b2,Al,URTI,7,test,/Users/vs/Sem 5/Respiratory-Disease-Classification/data/processed/audio/cycles/150/1b2_Al_016.wav
150,1b2,Al,URTI,7,test,/Users/vs/Sem 5/Respiratory-Disease-Classification/data/processed/audio/cycles/150/1b2_Al_017.wav
151,2p2,Al,COPD,3,test,/Users/vs/Sem 5/Respiratory-Disease-Classification/data/processed/audio/cycles/151/2p2_Al_001.wav
151,2p2,Al,COPD,3,test,/Users/vs/Sem 5/Respiratory-Disease-Classification/data/processed/audio/cycles/151/2p2_Al_002.wav
151,2p2,Al,COPD,3,test,/Users/vs/Sem 5/Respiratory-Disease-Classification/data/processed/audio/cycles/151/2p2_Al_003.wav
151,2p2,Al,COPD,3,test,/Users/vs/Sem 5/Respiratory-Disease-Classification/data/processed/audio/cycles/151/2p2_Al_004.wav
151,2p2,Al,COPD,3,test,/Users/vs/Sem 5/Respiratory-Disease-Classification/data/processed/audio/cycles/151/2p2_Al_005.wav
151,2p2,Al,COPD,3,test,/Users/vs/Sem 5/Respiratory-Disease-Classification/data/processed/audio/cycles/151/2p2_Al_006.wav
151,2p2,Ar,COPD,3,test,/Users/vs/Sem 5/Respiratory-Disease-Classification/data/processed/audio/cycles/151/2p2_Ar_001.wav
151,2p2,Ar,COPD,3,test,/Users/vs/Sem 5/Respiratory-Disease-Classification/data/processed/audio/cycles/151/2p2_Ar_002.wav
151,2p2,Ar,COPD,3,test,/Users/vs/Sem 5/Respiratory-Disease-Classification/data/processed/audio/cycles/151/2p2_Ar_003.wav
151,2p2,Ar,COPD,3,test,/Users/vs/Sem 5/Respiratory-Disease-Classification/data/processed/audio/cycles/151/2p2_Ar_004.wav
151,2p2,Ar,COPD,3,test,/Users/vs/Sem 5/Respiratory-Disease-Classification/data/processed/audio/cycles/151/2p2_Ar_005.wav
151,2p2,Ar,COPD,3,test,/Users/vs/Sem 5/Respiratory-Disease-Classification/data/processed/audio/cycles/151/2p2_Ar_006.wav
151,2p2,Ll,COPD,3,test,/Users/vs/Sem 5/Respiratory-Disease-Classification/data/processed/audio/cycles/151/2p2_Ll_001.wav
151,2p2,Ll,COPD,3,test,/Users/vs/Sem 5/Respiratory-Disease-Classification/data/processed/audio/cycles/151/2p2_Ll_002.wav
151,2p2,Ll,COPD,3,test,/Users/vs/Sem 5/Respiratory-Disease-Classification/data/processed/audio/cycles/151/2p2_Ll_003.wav
151,2p2,Ll,COPD,3,test,/Users/vs/Sem 5/Respiratory-Disease-Classification/data/processed/audio/cycles/151/2p2_Ll_004.wav
151,2p2,Ll,COPD,3,test,/Users/vs/Sem 5/Respiratory-Disease-Classification/data/processed/audio/cycles/151/2p2_Ll_005.wav
151,2p2,Ll,COPD,3,test,/Users/vs/Sem 5/Respiratory-Disease-Classification/data/processed/audio/cycles/151/2p2_Ll_006.wav
151,2p2,Lr,COPD,3,test,/Users/vs/Sem 5/Respiratory-Disease-Classification/data/processed/audio/cycles/151/2p2_Lr_001.wav
151,2p2,Lr,COPD,3,test,/Users/vs/Sem 5/Respiratory-Disease-Classification/data/processed/audio/cycles/151/2p2_Lr_002.wav
151,2p2,Lr,COPD,3,test,/Users/vs/Sem 5/Respiratory-Disease-Classification/data/processed/audio/cycles/151/2p2_Lr_003.wav
151,2p2,Lr,COPD,3,test,/Users/vs/Sem 5/Respiratory-Disease-Classification/data/processed/audio/cycles/151/2p2_Lr_004.wav
151,2p2,Lr,COPD,3,test,/Users/vs/Sem 5/Respiratory-Disease-Classification/data/processed/audio/cycles/151/2p2_Lr_005.wav
151,2p2,Lr,COPD,3,test,/Users/vs/Sem 5/Respiratory-Disease-Classification/data/processed/audio/cycles/151/2p2_Lr_006.wav
151,2p2,Pl,COPD,3,test,/Users/vs/Sem 5/Respiratory-Disease-Classification/data/processed/audio/cycles/151/2p2_Pl_001.wav
151,2p2,Pl,COPD,3,test,/Users/vs/Sem 5/Respiratory-Disease-Classification/data/processed/audio/cycles/151/2p2_Pl_002.wav
151,2p2,Pl,COPD,3,test,/Users/vs/Sem 5/Respiratory-Disease-Classification/data/processed/audio/cycles/151/2p2_Pl_003.wav
151,2p2,Pl,COPD,3,test,/Users/vs/Sem 5/Respiratory-Disease-Classification/data/processed/audio/cycles/151/2p2_Pl_004.wav
151,2p2,Pl,COPD,3,test,/Users/vs/Sem 5/Respiratory-Disease-Classification/data/processed/audio/cycles/151/2p2_Pl_005.wav
151,2p2,Pl,COPD,3,test,/Users/vs/Sem 5/Respiratory-Disease-Classification/data/processed/audio/cycles/151/2p2_Pl_006.wav
151,2p2,Pr,COPD,3,test,/Users/vs/Sem 5/Respiratory-Disease-Classification/data/processed/audio/cycles/151/2p2_Pr_001.wav
151,2p2,Pr,COPD,3,test,/Users/vs/Sem 5/Respiratory-Disease-Classification/data/processed/audio/cycles/151/2p2_Pr_002.wav
151,2p2,Pr,COPD,3,test,/Users/vs/Sem 5/Respiratory-Disease-Classification/data/processed/audio/cycles/151/2p2_Pr_003.wav
151,2p2,Pr,COPD,3,test,/Users/vs/Sem 5/Respiratory-Disease-Classification/data/processed/audio/cycles/151/2p2_Pr_004.wav
151,2p2,Pr,COPD,3,test,/Users/vs/Sem 5/Respiratory-Disease-Classification/data/processed/audio/cycles/151/2p2_Pr_005.wav
151,2p2,Pr,COPD,3,test,/Users/vs/Sem 5/Respiratory-Disease-Classification/data/processed/audio/cycles/151/2p2_Pr_006.wav
151,2p2,Tc,COPD,3,test,/Users/vs/Sem 5/Respiratory-Disease-Classification/data/processed/audio/cycles/151/2p2_Tc_001.wav
151,2p2,Tc,COPD,3,test,/Users/vs/Sem 5/Respiratory-Disease-Classification/data/processed/audio/cycles/151/2p2_Tc_002.wav
151,2p2,Tc,COPD,3,test,/Users/vs/Sem 5/Respiratory-Disease-Classification/data/processed/audio/cycles/151/2p2_Tc_003.wav
151,2p2,Tc,COPD,3,test,/Users/vs/Sem 5/Respiratory-Disease-Classification/data/processed/audio/cycles/151/2p2_Tc_004.wav
151,2p2,Tc,COPD,3,test,/Users/vs/Sem 5/Respiratory-Disease-Classification/data/processed/audio/cycles/151/2p2_Tc_005.wav
151,2p2,Tc,COPD,3,test,/Users/vs/Sem 5/Respiratory-Disease-Classification/data/processed/audio/cycles/151/2p2_Tc_006.wav
151,2p3,Al,COPD,3,test,/Users/vs/Sem 5/Respiratory-Disease-Classification/data/processed/audio/cycles/151/2p3_Al_001.wav
151,2p3,Al,COPD,3,test,/Users/vs/Sem 5/Respiratory-Disease-Classification/data/processed/audio/cycles/151/2p3_Al_002.wav
151,2p3,Al,COPD,3,test,/Users/vs/Sem 5/Respiratory-Disease-Classification/data/processed/audio/cycles/151/2p3_Al_003.wav
151,2p3,Al,COPD,3,test,/Users/vs/Sem 5/Respiratory-Disease-Classification/data/processed/audio/cycles/151/2p3_Al_004.wav
151,2p3,Al,COPD,3,test,/Users/vs/Sem 5/Respiratory-Disease-Classification/data/processed/audio/cycles/151/2p3_Al_005.wav
151,2p3,Al,COPD,3,test,/Users/vs/Sem 5/Respiratory-Disease-Classification/data/processed/audio/cycles/151/2p3_Al_006.wav
151,2p3,Ar,COPD,3,test,/Users/vs/Sem 5/Respiratory-Disease-Classification/data/processed/audio/cycles/151/2p3_Ar_001.wav
151,2p3,Ar,COPD,3,test,/Users/vs/Sem 5/Respiratory-Disease-Classification/data/processed/audio/cycles/151/2p3_Ar_002.wav
151,2p3,Ar,COPD,3,test,/Users/vs/Sem 5/Respiratory-Disease-Classification/data/processed/audio/cycles/151/2p3_Ar_003.wav
151,2p3,Ar,COPD,3,test,/Users/vs/Sem 5/Respiratory-Disease-Classification/data/processed/audio/cycles/151/2p3_Ar_004.wav
151,2p3,Ar,COPD,3,test,/Users/vs/Sem 5/Respiratory-Disease-Classification/data/processed/audio/cycles/151/2p3_Ar_005.wav
151,2p3,Ar,COPD,3,test,/Users/vs/Sem 5/Respiratory-Disease-Classification/data/processed/audio/cycles/151/2p3_Ar_006.wav
151,2p3,Ll,COPD,3,test,/Users/vs/Sem 5/Respiratory-Disease-Classification/data/processed/audio/cycles/151/2p3_Ll_001.wav
151,2p3,Ll,COPD,3,test,/Users/vs/Sem 5/Respiratory-Disease-Classification/data/processed/audio/cycles/151/2p3_Ll_002.wav
151,2p3,Ll,COPD,3,test,/Users/vs/Sem 5/Respiratory-Disease-Classification/data/processed/audio/cycles/151/2p3_Ll_003.wav
151,2p3,Ll,COPD,3,test,/Users/vs/Sem 5/Respiratory-Disease-Classification/data/processed/audio/cycles/151/2p3_Ll_004.wav
151,2p3,Ll,COPD,3,test,/Users/vs/Sem 5/Respiratory-Disease-Classification/data/processed/audio/cycles/151/2p3_Ll_005.wav
151,2p3,Ll,COPD,3,test,/Users/vs/Sem 5/Respiratory-Disease-Classification/data/processed/audio/cycles/151/2p3_Ll_006.wav
151,2p3,Lr,COPD,3,test,/Users/vs/Sem 5/Respiratory-Disease-Classification/data/processed/audio/cycles/151/2p3_Lr_001.wav
151,2p3,Lr,COPD,3,test,/Users/vs/Sem 5/Respiratory-Disease-Classification/data/processed/audio/cycles/151/2p3_Lr_002.wav
151,2p3,Lr,COPD,3,test,/Users/vs/Sem 5/Respiratory-Disease-Classification/data/processed/audio/cycles/151/2p3_Lr_003.wav
151,2p3,Lr,COPD,3,test,/Users/vs/Sem 5/Respiratory-Disease-Classification/data/processed/audio/cycles/151/2p3_Lr_004.wav
151,2p3,Lr,COPD,3,test,/Users/vs/Sem 5/Respiratory-Disease-Classification/data/processed/audio/cycles/151/2p3_Lr_005.wav
151,2p3,Lr,COPD,3,test,/Users/vs/Sem 5/Respiratory-Disease-Classification/data/processed/audio/cycles/151/2p3_Lr_006.wav
151,2p3,Pl,COPD,3,test,/Users/vs/Sem 5/Respiratory-Disease-Classification/data/processed/audio/cycles/151/2p3_Pl_001.wav
151,2p3,Pl,COPD,3,test,/Users/vs/Sem 5/Respiratory-Disease-Classification/data/processed/audio/cycles/151/2p3_Pl_002.wav
151,2p3,Pl,COPD,3,test,/Users/vs/Sem 5/Respiratory-Disease-Classification/data/processed/audio/cycles/151/2p3_Pl_003.wav
151,2p3,Pl,COPD,3,test,/Users/vs/Sem 5/Respiratory-Disease-Classification/data/processed/audio/cycles/151/2p3_Pl_004.wav
151,2p3,Pl,COPD,3,test,/Users/vs/Sem 5/Respiratory-Disease-Classification/data/processed/audio/cycles/151/2p3_Pl_005.wav
151,2p3,Pl,COPD,3,test,/Users/vs/Sem 5/Respiratory-Disease-Classification/data/processed/audio/cycles/151/2p3_Pl_006.wav
151,2p3,Pr,COPD,3,test,/Users/vs/Sem 5/Respiratory-Disease-Classification/data/processed/audio/cycles/151/2p3_Pr_001.wav
151,2p3,Pr,COPD,3,test,/Users/vs/Sem 5/Respiratory-Disease-Classification/data/processed/audio/cycles/151/2p3_Pr_002.wav
151,2p3,Pr,COPD,3,test,/Users/vs/Sem 5/Respiratory-Disease-Classification/data/processed/audio/cycles/151/2p3_Pr_003.wav
151,2p3,Pr,COPD,3,test,/Users/vs/Sem 5/Respiratory-Disease-Classification/data/processed/audio/cycles/151/2p3_Pr_004.wav
151,2p3,Pr,COPD,3,test,/Users/vs/Sem 5/Respiratory-Disease-Classification/data/processed/audio/cycles/151/2p3_Pr_005.wav
151,2p3,Pr,COPD,3,test,/Users/vs/Sem 5/Respiratory-Disease-Classification/data/processed/audio/cycles/151/2p3_Pr_006.wav
151,2p3,Tc,COPD,3,test,/Users/vs/Sem 5/Respiratory-Disease-Classification/data/processed/audio/cycles/151/2p3_Tc_001.wav
151,2p3,Tc,COPD,3,test,/Users/vs/Sem 5/Respiratory-Disease-Classification/data/processed/audio/cycles/151/2p3_Tc_002.wav
151,2p3,Tc,COPD,3,test,/Users/vs/Sem 5/Respiratory-Disease-Classification/data/processed/audio/cycles/151/2p3_Tc_003.wav
151,2p3,Tc,COPD,3,test,/Users/vs/Sem 5/Respiratory-Disease-Classification/data/processed/audio/cycles/151/2p3_Tc_004.wav
151,2p3,Tc,COPD,3,test,/Users/vs/Sem 5/Respiratory-Disease-Classification/data/processed/audio/cycles/151/2p3_Tc_005.wav
151,2p3,Tc,COPD,3,test,/Users/vs/Sem 5/Respiratory-Disease-Classification/data/processed/audio/cycles/151/2p3_Tc_006.wav
151,2p4,Al,COPD,3,test,/Users/vs/Sem 5/Respiratory-Disease-Classification/data/processed/audio/cycles/151/2p4_Al_001.wav
151,2p4,Al,COPD,3,test,/Users/vs/Sem 5/Respiratory-Disease-Classification/data/processed/audio/cycles/151/2p4_Al_002.wav
151,2p4,Al,COPD,3,test,/Users/vs/Sem 5/Respiratory-Disease-Classification/data/processed/audio/cycles/151/2p4_Al_003.wav
151,2p4,Al,COPD,3,test,/Users/vs/Sem 5/Respiratory-Disease-Classification/data/processed/audio/cycles/151/2p4_Al_004.wav
151,2p4,Al,COPD,3,test,/Users/vs/Sem 5/Respiratory-Disease-Classification/data/processed/audio/cycles/151/2p4_Al_005.wav
151,2p4,Al,COPD,3,test,/Users/vs/Sem 5/Respiratory-Disease-Classification/data/processed/audio/cycles/151/2p4_Al_006.wav
151,2p4,Ar,COPD,3,test,/Users/vs/Sem 5/Respiratory-Disease-Classification/data/processed/audio/cycles/151/2p4_Ar_001.wav
151,2p4,Ar,COPD,3,test,/Users/vs/Sem 5/Respiratory-Disease-Classification/data/processed/audio/cycles/151/2p4_Ar_002.wav
151,2p4,Ar,COPD,3,test,/Users/vs/Sem 5/Respiratory-Disease-Classification/data/processed/audio/cycles/151/2p4_Ar_003.wav
151,2p4,Ar,COPD,3,test,/Users/vs/Sem 5/Respiratory-Disease-Classification/data/processed/audio/cycles/151/2p4_Ar_004.wav
151,2p4,Ar,COPD,3,test,/Users/vs/Sem 5/Respiratory-Disease-Classification/data/processed/audio/cycles/151/2p4_Ar_005.wav
151,2p4,Ar,COPD,3,test,/Users/vs/Sem 5/Respiratory-Disease-Classification/data/processed/audio/cycles/151/2p4_Ar_006.wav
151,2p4,Ll,COPD,3,test,/Users/vs/Sem 5/Respiratory-Disease-Classification/data/processed/audio/cycles/151/2p4_Ll_001.wav
151,2p4,Ll,COPD,3,test,/Users/vs/Sem 5/Respiratory-Disease-Classification/data/processed/audio/cycles/151/2p4_Ll_002.wav
151,2p4,Ll,COPD,3,test,/Users/vs/Sem 5/Respiratory-Disease-Classification/data/processed/audio/cycles/151/2p4_Ll_003.wav
151,2p4,Ll,COPD,3,test,/Users/vs/Sem 5/Respiratory-Disease-Classification/data/processed/audio/cycles/151/2p4_Ll_004.wav
151,2p4,Ll,COPD,3,test,/Users/vs/Sem 5/Respiratory-Disease-Classification/data/processed/audio/cycles/151/2p4_Ll_005.wav
151,2p4,Ll,COPD,3,test,/Users/vs/Sem 5/Respiratory-Disease-Classification/data/processed/audio/cycles/151/2p4_Ll_006.wav
151,2p4,Lr,COPD,3,test,/Users/vs/Sem 5/Respiratory-Disease-Classification/data/processed/audio/cycles/151/2p4_Lr_001.wav
151,2p4,Lr,COPD,3,test,/Users/vs/Sem 5/Respiratory-Disease-Classification/data/processed/audio/cycles/151/2p4_Lr_002.wav
151,2p4,Lr,COPD,3,test,/Users/vs/Sem 5/Respiratory-Disease-Classification/data/processed/audio/cycles/151/2p4_Lr_003.wav
151,2p4,Lr,COPD,3,test,/Users/vs/Sem 5/Respiratory-Disease-Classification/data/processed/audio/cycles/151/2p4_Lr_004.wav
151,2p4,Lr,COPD,3,test,/Users/vs/Sem 5/Respiratory-Disease-Classification/data/processed/audio/cycles/151/2p4_Lr_005.wav
151,2p4,Lr,COPD,3,test,/Users/vs/Sem 5/Respiratory-Disease-Classification/data/processed/audio/cycles/151/2p4_Lr_006.wav
151,2p4,Pl,COPD,3,test,/Users/vs/Sem 5/Respiratory-Disease-Classification/data/processed/audio/cycles/151/2p4_Pl_001.wav
151,2p4,Pl,COPD,3,test,/Users/vs/Sem 5/Respiratory-Disease-Classification/data/processed/audio/cycles/151/2p4_Pl_002.wav
151,2p4,Pl,COPD,3,test,/Users/vs/Sem 5/Respiratory-Disease-Classification/data/processed/audio/cycles/151/2p4_Pl_003.wav
151,2p4,Pl,COPD,3,test,/Users/vs/Sem 5/Respiratory-Disease-Classification/data/processed/audio/cycles/151/2p4_Pl_004.wav
151,2p4,Pl,COPD,3,test,/Users/vs/Sem 5/Respiratory-Disease-Classification/data/processed/audio/cycles/151/2p4_Pl_005.wav
151,2p4,Pl,COPD,3,test,/Users/vs/Sem 5/Respiratory-Disease-Classification/data/processed/audio/cycles/151/2p4_Pl_006.wav
151,2p4,Pr,COPD,3,test,/Users/vs/Sem 5/Respiratory-Disease-Classification/data/processed/audio/cycles/151/2p4_Pr_001.wav
151,2p4,Pr,COPD,3,test,/Users/vs/Sem 5/Respiratory-Disease-Classification/data/processed/audio/cycles/151/2p4_Pr_002.wav
151,2p4,Pr,COPD,3,test,/Users/vs/Sem 5/Respiratory-Disease-Classification/data/processed/audio/cycles/151/2p4_Pr_003.wav
151,2p4,Pr,COPD,3,test,/Users/vs/Sem 5/Respiratory-Disease-Classification/data/processed/audio/cycles/151/2p4_Pr_004.wav
151,2p4,Pr,COPD,3,test,/Users/vs/Sem 5/Respiratory-Disease-Classification/data/processed/audio/cycles/151/2p4_Pr_005.wav
151,2p4,Pr,COPD,3,test,/Users/vs/Sem 5/Respiratory-Disease-Classification/data/processed/audio/cycles/151/2p4_Pr_006.wav
151,2p4,Tc,COPD,3,test,/Users/vs/Sem 5/Respiratory-Disease-Classification/data/processed/audio/cycles/151/2p4_Tc_001.wav
151,2p4,Tc,COPD,3,test,/Users/vs/Sem 5/Respiratory-Disease-Classification/data/processed/audio/cycles/151/2p4_Tc_002.wav
151,2p4,Tc,COPD,3,test,/Users/vs/Sem 5/Respiratory-Disease-Classification/data/processed/audio/cycles/151/2p4_Tc_003.wav
151,2p4,Tc,COPD,3,test,/Users/vs/Sem 5/Respiratory-Disease-Classification/data/processed/audio/cycles/151/2p4_Tc_004.wav
151,2p4,Tc,COPD,3,test,/Users/vs/Sem 5/Respiratory-Disease-Classification/data/processed/audio/cycles/151/2p4_Tc_005.wav
151,2p4,Tc,COPD,3,test,/Users/vs/Sem 5/Respiratory-Disease-Classification/data/processed/audio/cycles/151/2p4_Tc_006.wav
151,3p2,Al,COPD,3,test,/Users/vs/Sem 5/Respiratory-Disease-Classification/data/processed/audio/cycles/151/3p2_Al_001.wav
151,3p2,Al,COPD,3,test,/Users/vs/Sem 5/Respiratory-Disease-Classification/data/processed/audio/cycles/151/3p2_Al_002.wav
151,3p2,Al,COPD,3,test,/Users/vs/Sem 5/Respiratory-Disease-Classification/data/processed/audio/cycles/151/3p2_Al_003.wav
151,3p2,Al,COPD,3,test,/Users/vs/Sem 5/Respiratory-Disease-Classification/data/processed/audio/cycles/151/3p2_Al_004.wav
151,3p2,Al,COPD,3,test,/Users/vs/Sem 5/Respiratory-Disease-Classification/data/processed/audio/cycles/151/3p2_Al_005.wav
151,3p2,Al,COPD,3,test,/Users/vs/Sem 5/Respiratory-Disease-Classification/data/processed/audio/cycles/151/3p2_Al_006.wav
151,3p2,Ar,COPD,3,test,/Users/vs/Sem 5/Respiratory-Disease-Classification/data/processed/audio/cycles/151/3p2_Ar_001.wav
151,3p2,Ar,COPD,3,test,/Users/vs/Sem 5/Respiratory-Disease-Classification/data/processed/audio/cycles/151/3p2_Ar_002.wav
151,3p2,Ar,COPD,3,test,/Users/vs/Sem 5/Respiratory-Disease-Classification/data/processed/audio/cycles/151/3p2_Ar_003.wav
151,3p2,Ar,COPD,3,test,/Users/vs/Sem 5/Respiratory-Disease-Classification/data/processed/audio/cycles/151/3p2_Ar_004.wav
151,3p2,Ar,COPD,3,test,/Users/vs/Sem 5/Respiratory-Disease-Classification/data/processed/audio/cycles/151/3p2_Ar_005.wav
151,3p2,Ar,COPD,3,test,/Users/vs/Sem 5/Respiratory-Disease-Classification/data/processed/audio/cycles/151/3p2_Ar_006.wav
151,3p2,Lr,COPD,3,test,/Users/vs/Sem 5/Respiratory-Disease-Classification/data/processed/audio/cycles/151/3p2_Lr_001.wav
151,3p2,Lr,COPD,3,test,/Users/vs/Sem 5/Respiratory-Disease-Classification/data/processed/audio/cycles/151/3p2_Lr_002.wav
151,3p2,Lr,COPD,3,test,/Users/vs/Sem 5/Respiratory-Disease-Classification/data/processed/audio/cycles/151/3p2_Lr_003.wav
151,3p2,Lr,COPD,3,test,/Users/vs/Sem 5/Respiratory-Disease-Classification/data/processed/audio/cycles/151/3p2_Lr_004.wav
151,3p2,Lr,COPD,3,test,/Users/vs/Sem 5/Respiratory-Disease-Classification/data/processed/audio/cycles/151/3p2_Lr_005.wav
151,3p2,Lr,COPD,3,test,/Users/vs/Sem 5/Respiratory-Disease-Classification/data/processed/audio/cycles/151/3p2_Lr_006.wav
151,3p2,Pl,COPD,3,test,/Users/vs/Sem 5/Respiratory-Disease-Classification/data/processed/audio/cycles/151/3p2_Pl_001.wav
151,3p2,Pl,COPD,3,test,/Users/vs/Sem 5/Respiratory-Disease-Classification/data/processed/audio/cycles/151/3p2_Pl_002.wav
151,3p2,Pl,COPD,3,test,/Users/vs/Sem 5/Respiratory-Disease-Classification/data/processed/audio/cycles/151/3p2_Pl_003.wav
151,3p2,Pl,COPD,3,test,/Users/vs/Sem 5/Respiratory-Disease-Classification/data/processed/audio/cycles/151/3p2_Pl_004.wav
151,3p2,Pl,COPD,3,test,/Users/vs/Sem 5/Respiratory-Disease-Classification/data/processed/audio/cycles/151/3p2_Pl_005.wav
151,3p2,Pl,COPD,3,test,/Users/vs/Sem 5/Respiratory-Disease-Classification/data/processed/audio/cycles/151/3p2_Pl_006.wav
151,3p2,Pr,COPD,3,test,/Users/vs/Sem 5/Respiratory-Disease-Classification/data/processed/audio/cycles/151/3p2_Pr_001.wav
151,3p2,Pr,COPD,3,test,/Users/vs/Sem 5/Respiratory-Disease-Classification/data/processed/audio/cycles/151/3p2_Pr_002.wav
151,3p2,Pr,COPD,3,test,/Users/vs/Sem 5/Respiratory-Disease-Classification/data/processed/audio/cycles/151/3p2_Pr_003.wav
151,3p2,Pr,COPD,3,test,/Users/vs/Sem 5/Respiratory-Disease-Classification/data/processed/audio/cycles/151/3p2_Pr_004.wav
151,3p2,Pr,COPD,3,test,/Users/vs/Sem 5/Respiratory-Disease-Classification/data/processed/audio/cycles/151/3p2_Pr_005.wav
151,3p2,Pr,COPD,3,test,/Users/vs/Sem 5/Respiratory-Disease-Classification/data/processed/audio/cycles/151/3p2_Pr_006.wav
151,3p2,Tc,COPD,3,test,/Users/vs/Sem 5/Respiratory-Disease-Classification/data/processed/audio/cycles/151/3p2_Tc_001.wav
151,3p2,Tc,COPD,3,test,/Users/vs/Sem 5/Respiratory-Disease-Classification/data/processed/audio/cycles/151/3p2_Tc_002.wav
151,3p2,Tc,COPD,3,test,/Users/vs/Sem 5/Respiratory-Disease-Classification/data/processed/audio/cycles/151/3p2_Tc_003.wav
151,3p2,Tc,COPD,3,test,/Users/vs/Sem 5/Respiratory-Disease-Classification/data/processed/audio/cycles/151/3p2_Tc_004.wav
151,3p2,Tc,COPD,3,test,/Users/vs/Sem 5/Respiratory-Disease-Classification/data/processed/audio/cycles/151/3p2_Tc_005.wav
151,3p2,Tc,COPD,3,test,/Users/vs/Sem 5/Respiratory-Disease-Classification/data/processed/audio/cycles/151/3p2_Tc_006.wav
151,3p3,Ll,COPD,3,test,/Users/vs/Sem 5/Respiratory-Disease-Classification/data/processed/audio/cycles/151/3p3_Ll_001.wav
151,3p3,Ll,COPD,3,test,/Users/vs/Sem 5/Respiratory-Disease-Classification/data/processed/audio/cycles/151/3p3_Ll_002.wav
151,3p3,Ll,COPD,3,test,/Users/vs/Sem 5/Respiratory-Disease-Classification/data/processed/audio/cycles/151/3p3_Ll_003.wav
151,3p3,Ll,COPD,3,test,/Users/vs/Sem 5/Respiratory-Disease-Classification/data/processed/audio/cycles/151/3p3_Ll_004.wav
151,3p3,Ll,COPD,3,test,/Users/vs/Sem 5/Respiratory-Disease-Classification/data/processed/audio/cycles/151/3p3_Ll_005.wav
151,3p3,Ll,COPD,3,test,/Users/vs/Sem 5/Respiratory-Disease-Classification/data/processed/audio/cycles/151/3p3_Ll_006.wav
152,1b1,Al,Healthy,4,train,/Users/vs/Sem 5/Respiratory-Disease-Classification/data/processed/audio/cycles/152/1b1_Al_001.wav
152,1b1,Al,Healthy,4,train,/Users/vs/Sem 5/Respiratory-Disease-Classification/data/processed/audio/cycles/152/1b1_Al_002.wav
152,1b1,Al,Healthy,4,train,/Users/vs/Sem 5/Respiratory-Disease-Classification/data/processed/audio/cycles/152/1b1_Al_003.wav
152,1b1,Al,Healthy,4,train,/Users/vs/Sem 5/Respiratory-Disease-Classification/data/processed/audio/cycles/152/1b1_Al_004.wav
152,1b1,Al,Healthy,4,train,/Users/vs/Sem 5/Respiratory-Disease-Classification/data/processed/audio/cycles/152/1b1_Al_005.wav
152,1b1,Al,Healthy,4,train,/Users/vs/Sem 5/Respiratory-Disease-Classification/data/processed/audio/cycles/152/1b1_Al_006.wav
152,1b1,Al,Healthy,4,train,/Users/vs/Sem 5/Respiratory-Disease-Classification/data/processed/audio/cycles/152/1b1_Al_007.wav
153,1b1,Al,Healthy,4,train,/Users/vs/Sem 5/Respiratory-Disease-Classification/data/processed/audio/cycles/153/1b1_Al_001.wav
153,1b1,Al,Healthy,4,train,/Users/vs/Sem 5/Respiratory-Disease-Classification/data/processed/audio/cycles/153/1b1_Al_002.wav
153,1b1,Al,Healthy,4,train,/Users/vs/Sem 5/Respiratory-Disease-Classification/data/processed/audio/cycles/153/1b1_Al_003.wav
153,1b1,Al,Healthy,4,train,/Users/vs/Sem 5/Respiratory-Disease-Classification/data/processed/audio/cycles/153/1b1_Al_004.wav
153,1b1,Al,Healthy,4,train,/Users/vs/Sem 5/Respiratory-Disease-Classification/data/processed/audio/cycles/153/1b1_Al_005.wav
153,1b1,Al,Healthy,4,train,/Users/vs/Sem 5/Respiratory-Disease-Classification/data/processed/audio/cycles/153/1b1_Al_006.wav
153,1b1,Al,Healthy,4,train,/Users/vs/Sem 5/Respiratory-Disease-Classification/data/processed/audio/cycles/153/1b1_Al_007.wav
153,1b1,Al,Healthy,4,train,/Users/vs/Sem 5/Respiratory-Disease-Classification/data/processed/audio/cycles/153/1b1_Al_008.wav
153,1b1,Al,Healthy,4,train,/Users/vs/Sem 5/Respiratory-Disease-Classification/data/processed/audio/cycles/153/1b1_Al_009.wav
154,1b3,Al,COPD,3,train,/Users/vs/Sem 5/Respiratory-Disease-Classification/data/processed/audio/cycles/154/1b3_Al_001.wav
154,1b3,Al,COPD,3,train,/Users/vs/Sem 5/Respiratory-Disease-Classification/data/processed/audio/cycles/154/1b3_Al_002.wav
154,1b3,Al,COPD,3,train,/Users/vs/Sem 5/Respiratory-Disease-Classification/data/processed/audio/cycles/154/1b3_Al_003.wav
154,1b3,Al,COPD,3,train,/Users/vs/Sem 5/Respiratory-Disease-Classification/data/processed/audio/cycles/154/1b3_Al_004.wav
154,1b3,Al,COPD,3,train,/Users/vs/Sem 5/Respiratory-Disease-Classification/data/processed/audio/cycles/154/1b3_Al_005.wav
154,1b3,Al,COPD,3,train,/Users/vs/Sem 5/Respiratory-Disease-Classification/data/processed/audio/cycles/154/1b3_Al_006.wav
154,1b3,Al,COPD,3,train,/Users/vs/Sem 5/Respiratory-Disease-Classification/data/processed/audio/cycles/154/1b3_Al_007.wav
154,1b3,Al,COPD,3,train,/Users/vs/Sem 5/Respiratory-Disease-Classification/data/processed/audio/cycles/154/1b3_Al_008.wav
154,1b3,Al,COPD,3,train,/Users/vs/Sem 5/Respiratory-Disease-Classification/data/processed/audio/cycles/154/1b3_Al_009.wav
154,1b3,Al,COPD,3,train,/Users/vs/Sem 5/Respiratory-Disease-Classification/data/processed/audio/cycles/154/1b3_Al_010.wav
154,1b3,Al,COPD,3,train,/Users/vs/Sem 5/Respiratory-Disease-Classification/data/processed/audio/cycles/154/1b3_Al_011.wav
154,1b3,Al,COPD,3,train,/Users/vs/Sem 5/Respiratory-Disease-Classification/data/processed/audio/cycles/154/1b3_Al_012.wav
154,1b3,Ar,COPD,3,train,/Users/vs/Sem 5/Respiratory-Disease-Classification/data/processed/audio/cycles/154/1b3_Ar_001.wav
154,1b3,Ar,COPD,3,train,/Users/vs/Sem 5/Respiratory-Disease-Classification/data/processed/audio/cycles/154/1b3_Ar_002.wav
154,1b3,Ar,COPD,3,train,/Users/vs/Sem 5/Respiratory-Disease-Classification/data/processed/audio/cycles/154/1b3_Ar_003.wav
154,1b3,Ar,COPD,3,train,/Users/vs/Sem 5/Respiratory-Disease-Classification/data/processed/audio/cycles/154/1b3_Ar_004.wav
154,1b3,Ar,COPD,3,train,/Users/vs/Sem 5/Respiratory-Disease-Classification/data/processed/audio/cycles/154/1b3_Ar_005.wav
154,1b3,Ar,COPD,3,train,/Users/vs/Sem 5/Respiratory-Disease-Classification/data/processed/audio/cycles/154/1b3_Ar_006.wav
154,1b3,Ar,COPD,3,train,/Users/vs/Sem 5/Respiratory-Disease-Classification/data/processed/audio/cycles/154/1b3_Ar_007.wav
154,1b3,Ar,COPD,3,train,/Users/vs/Sem 5/Respiratory-Disease-Classification/data/processed/audio/cycles/154/1b3_Ar_008.wav
154,1b3,Ar,COPD,3,train,/Users/vs/Sem 5/Respiratory-Disease-Classification/data/processed/audio/cycles/154/1b3_Ar_009.wav
154,1b3,Ar,COPD,3,train,/Users/vs/Sem 5/Respiratory-Disease-Classification/data/processed/audio/cycles/154/1b3_Ar_010.wav
154,1b3,Ar,COPD,3,train,/Users/vs/Sem 5/Respiratory-Disease-Classification/data/processed/audio/cycles/154/1b3_Ar_011.wav
154,1b3,Ar,COPD,3,train,/Users/vs/Sem 5/Respiratory-Disease-Classification/data/processed/audio/cycles/154/1b3_Ar_012.wav
154,1b3,Ll,COPD,3,train,/Users/vs/Sem 5/Respiratory-Disease-Classification/data/processed/audio/cycles/154/1b3_Ll_001.wav
154,1b3,Ll,COPD,3,train,/Users/vs/Sem 5/Respiratory-Disease-Classification/data/processed/audio/cycles/154/1b3_Ll_002.wav
154,1b3,Ll,COPD,3,train,/Users/vs/Sem 5/Respiratory-Disease-Classification/data/processed/audio/cycles/154/1b3_Ll_003.wav
154,1b3,Ll,COPD,3,train,/Users/vs/Sem 5/Respiratory-Disease-Classification/data/processed/audio/cycles/154/1b3_Ll_004.wav
154,1b3,Ll,COPD,3,train,/Users/vs/Sem 5/Respiratory-Disease-Classification/data/processed/audio/cycles/154/1b3_Ll_005.wav
154,1b3,Ll,COPD,3,train,/Users/vs/Sem 5/Respiratory-Disease-Classification/data/processed/audio/cycles/154/1b3_Ll_006.wav
154,1b3,Ll,COPD,3,train,/Users/vs/Sem 5/Respiratory-Disease-Classification/data/processed/audio/cycles/154/1b3_Ll_007.wav
154,1b3,Ll,COPD,3,train,/Users/vs/Sem 5/Respiratory-Disease-Classification/data/processed/audio/cycles/154/1b3_Ll_008.wav
154,1b3,Ll,COPD,3,train,/Users/vs/Sem 5/Respiratory-Disease-Classification/data/processed/audio/cycles/154/1b3_Ll_009.wav
154,1b3,Ll,COPD,3,train,/Users/vs/Sem 5/Respiratory-Disease-Classification/data/processed/audio/cycles/154/1b3_Ll_010.wav
154,1b3,Ll,COPD,3,train,/Users/vs/Sem 5/Respiratory-Disease-Classification/data/processed/audio/cycles/154/1b3_Ll_011.wav
154,1b3,Ll,COPD,3,train,/Users/vs/Sem 5/Respiratory-Disease-Classification/data/processed/audio/cycles/154/1b3_Ll_012.wav
154,1b3,Lr,COPD,3,train,/Users/vs/Sem 5/Respiratory-Disease-Classification/data/processed/audio/cycles/154/1b3_Lr_001.wav
154,1b3,Lr,COPD,3,train,/Users/vs/Sem 5/Respiratory-Disease-Classification/data/processed/audio/cycles/154/1b3_Lr_002.wav
154,1b3,Lr,COPD,3,train,/Users/vs/Sem 5/Respiratory-Disease-Classification/data/processed/audio/cycles/154/1b3_Lr_003.wav
154,1b3,Lr,COPD,3,train,/Users/vs/Sem 5/Respiratory-Disease-Classification/data/processed/audio/cycles/154/1b3_Lr_004.wav
154,1b3,Lr,COPD,3,train,/Users/vs/Sem 5/Respiratory-Disease-Classification/data/processed/audio/cycles/154/1b3_Lr_005.wav
154,1b3,Lr,COPD,3,train,/Users/vs/Sem 5/Respiratory-Disease-Classification/data/processed/audio/cycles/154/1b3_Lr_006.wav
154,1b3,Lr,COPD,3,train,/Users/vs/Sem 5/Respiratory-Disease-Classification/data/processed/audio/cycles/154/1b3_Lr_007.wav
154,1b3,Lr,COPD,3,train,/Users/vs/Sem 5/Respiratory-Disease-Classification/data/processed/audio/cycles/154/1b3_Lr_008.wav
154,1b3,Lr,COPD,3,train,/Users/vs/Sem 5/Respiratory-Disease-Classification/data/processed/audio/cycles/154/1b3_Lr_009.wav
154,1b3,Lr,COPD,3,train,/Users/vs/Sem 5/Respiratory-Disease-Classification/data/processed/audio/cycles/154/1b3_Lr_010.wav
154,1b3,Lr,COPD,3,train,/Users/vs/Sem 5/Respiratory-Disease-Classification/data/processed/audio/cycles/154/1b3_Lr_011.wav
154,1b3,Lr,COPD,3,train,/Users/vs/Sem 5/Respiratory-Disease-Classification/data/processed/audio/cycles/154/1b3_Lr_012.wav
154,1b3,Pl,COPD,3,train,/Users/vs/Sem 5/Respiratory-Disease-Classification/data/processed/audio/cycles/154/1b3_Pl_001.wav
154,1b3,Pl,COPD,3,train,/Users/vs/Sem 5/Respiratory-Disease-Classification/data/processed/audio/cycles/154/1b3_Pl_002.wav
154,1b3,Pl,COPD,3,train,/Users/vs/Sem 5/Respiratory-Disease-Classification/data/processed/audio/cycles/154/1b3_Pl_003.wav
154,1b3,Pl,COPD,3,train,/Users/vs/Sem 5/Respiratory-Disease-Classification/data/processed/audio/cycles/154/1b3_Pl_004.wav
154,1b3,Pl,COPD,3,train,/Users/vs/Sem 5/Respiratory-Disease-Classification/data/processed/audio/cycles/154/1b3_Pl_005.wav
154,1b3,Pl,COPD,3,train,/Users/vs/Sem 5/Respiratory-Disease-Classification/data/processed/audio/cycles/154/1b3_Pl_006.wav
154,1b3,Pl,COPD,3,train,/Users/vs/Sem 5/Respiratory-Disease-Classification/data/processed/audio/cycles/154/1b3_Pl_007.wav
154,1b3,Pl,COPD,3,train,/Users/vs/Sem 5/Respiratory-Disease-Classification/data/processed/audio/cycles/154/1b3_Pl_008.wav
154,1b3,Pl,COPD,3,train,/Users/vs/Sem 5/Respiratory-Disease-Classification/data/processed/audio/cycles/154/1b3_Pl_009.wav
154,1b3,Pl,COPD,3,train,/Users/vs/Sem 5/Respiratory-Disease-Classification/data/processed/audio/cycles/154/1b3_Pl_010.wav
154,1b3,Pl,COPD,3,train,/Users/vs/Sem 5/Respiratory-Disease-Classification/data/processed/audio/cycles/154/1b3_Pl_011.wav
154,1b3,Pl,COPD,3,train,/Users/vs/Sem 5/Respiratory-Disease-Classification/data/processed/audio/cycles/154/1b3_Pl_012.wav
154,1b3,Pr,COPD,3,train,/Users/vs/Sem 5/Respiratory-Disease-Classification/data/processed/audio/cycles/154/1b3_Pr_001.wav
154,1b3,Pr,COPD,3,train,/Users/vs/Sem 5/Respiratory-Disease-Classification/data/processed/audio/cycles/154/1b3_Pr_002.wav
154,1b3,Pr,COPD,3,train,/Users/vs/Sem 5/Respiratory-Disease-Classification/data/processed/audio/cycles/154/1b3_Pr_003.wav
154,1b3,Pr,COPD,3,train,/Users/vs/Sem 5/Respiratory-Disease-Classification/data/processed/audio/cycles/154/1b3_Pr_004.wav
154,1b3,Pr,COPD,3,train,/Users/vs/Sem 5/Respiratory-Disease-Classification/data/processed/audio/cycles/154/1b3_Pr_005.wav
154,1b3,Pr,COPD,3,train,/Users/vs/Sem 5/Respiratory-Disease-Classification/data/processed/audio/cycles/154/1b3_Pr_006.wav
154,1b3,Pr,COPD,3,train,/Users/vs/Sem 5/Respiratory-Disease-Classification/data/processed/audio/cycles/154/1b3_Pr_007.wav
154,1b3,Pr,COPD,3,train,/Users/vs/Sem 5/Respiratory-Disease-Classification/data/processed/audio/cycles/154/1b3_Pr_008.wav
154,1b3,Pr,COPD,3,train,/Users/vs/Sem 5/Respiratory-Disease-Classification/data/processed/audio/cycles/154/1b3_Pr_009.wav
154,1b3,Pr,COPD,3,train,/Users/vs/Sem 5/Respiratory-Disease-Classification/data/processed/audio/cycles/154/1b3_Pr_010.wav
154,1b3,Pr,COPD,3,train,/Users/vs/Sem 5/Respiratory-Disease-Classification/data/processed/audio/cycles/154/1b3_Pr_011.wav
154,1b3,Pr,COPD,3,train,/Users/vs/Sem 5/Respiratory-Disease-Classification/data/processed/audio/cycles/154/1b3_Pr_012.wav
154,1b3,Tc,COPD,3,train,/Users/vs/Sem 5/Respiratory-Disease-Classification/data/processed/audio/cycles/154/1b3_Tc_001.wav
154,1b3,Tc,COPD,3,train,/Users/vs/Sem 5/Respiratory-Disease-Classification/data/processed/audio/cycles/154/1b3_Tc_002.wav
154,1b3,Tc,COPD,3,train,/Users/vs/Sem 5/Respiratory-Disease-Classification/data/processed/audio/cycles/154/1b3_Tc_003.wav
154,1b3,Tc,COPD,3,train,/Users/vs/Sem 5/Respiratory-Disease-Classification/data/processed/audio/cycles/154/1b3_Tc_004.wav
154,1b3,Tc,COPD,3,train,/Users/vs/Sem 5/Respiratory-Disease-Classification/data/processed/audio/cycles/154/1b3_Tc_005.wav
154,1b3,Tc,COPD,3,train,/Users/vs/Sem 5/Respiratory-Disease-Classification/data/processed/audio/cycles/154/1b3_Tc_006.wav
154,1b3,Tc,COPD,3,train,/Users/vs/Sem 5/Respiratory-Disease-Classification/data/processed/audio/cycles/154/1b3_Tc_007.wav
154,1b3,Tc,COPD,3,train,/Users/vs/Sem 5/Respiratory-Disease-Classification/data/processed/audio/cycles/154/1b3_Tc_008.wav
154,1b3,Tc,COPD,3,train,/Users/vs/Sem 5/Respiratory-Disease-Classification/data/processed/audio/cycles/154/1b3_Tc_009.wav
154,1b3,Tc,COPD,3,train,/Users/vs/Sem 5/Respiratory-Disease-Classification/data/processed/audio/cycles/154/1b3_Tc_010.wav
154,1b3,Tc,COPD,3,train,/Users/vs/Sem 5/Respiratory-Disease-Classification/data/processed/audio/cycles/154/1b3_Tc_011.wav
154,1b3,Tc,COPD,3,train,/Users/vs/Sem 5/Respiratory-Disease-Classification/data/processed/audio/cycles/154/1b3_Tc_012.wav
154,2b4,Al,COPD,3,train,/Users/vs/Sem 5/Respiratory-Disease-Classification/data/processed/audio/cycles/154/2b4_Al_001.wav
154,2b4,Al,COPD,3,train,/Users/vs/Sem 5/Respiratory-Disease-Classification/data/processed/audio/cycles/154/2b4_Al_002.wav
154,2b4,Al,COPD,3,train,/Users/vs/Sem 5/Respiratory-Disease-Classification/data/processed/audio/cycles/154/2b4_Al_003.wav
154,2b4,Al,COPD,3,train,/Users/vs/Sem 5/Respiratory-Disease-Classification/data/processed/audio/cycles/154/2b4_Al_004.wav
154,2b4,Al,COPD,3,train,/Users/vs/Sem 5/Respiratory-Disease-Classification/data/processed/audio/cycles/154/2b4_Al_005.wav
154,2b4,Al,COPD,3,train,/Users/vs/Sem 5/Respiratory-Disease-Classification/data/processed/audio/cycles/154/2b4_Al_006.wav
154,2b4,Al,COPD,3,train,/Users/vs/Sem 5/Respiratory-Disease-Classification/data/processed/audio/cycles/154/2b4_Al_007.wav
154,2b4,Ar,COPD,3,train,/Users/vs/Sem 5/Respiratory-Disease-Classification/data/processed/audio/cycles/154/2b4_Ar_001.wav
154,2b4,Ar,COPD,3,train,/Users/vs/Sem 5/Respiratory-Disease-Classification/data/processed/audio/cycles/154/2b4_Ar_002.wav
154,2b4,Ar,COPD,3,train,/Users/vs/Sem 5/Respiratory-Disease-Classification/data/processed/audio/cycles/154/2b4_Ar_003.wav
154,2b4,Ar,COPD,3,train,/Users/vs/Sem 5/Respiratory-Disease-Classification/data/processed/audio/cycles/154/2b4_Ar_004.wav
154,2b4,Ar,COPD,3,train,/Users/vs/Sem 5/Respiratory-Disease-Classification/data/processed/audio/cycles/154/2b4_Ar_005.wav
154,2b4,Ar,COPD,3,train,/Users/vs/Sem 5/Respiratory-Disease-Classification/data/processed/audio/cycles/154/2b4_Ar_006.wav
154,2b4,Ar,COPD,3,train,/Users/vs/Sem 5/Respiratory-Disease-Classification/data/processed/audio/cycles/154/2b4_Ar_007.wav
154,2b4,Ll,COPD,3,train,/Users/vs/Sem 5/Respiratory-Disease-Classification/data/processed/audio/cycles/154/2b4_Ll_001.wav
154,2b4,Ll,COPD,3,train,/Users/vs/Sem 5/Respiratory-Disease-Classification/data/processed/audio/cycles/154/2b4_Ll_002.wav
154,2b4,Ll,COPD,3,train,/Users/vs/Sem 5/Respiratory-Disease-Classification/data/processed/audio/cycles/154/2b4_Ll_003.wav
154,2b4,Ll,COPD,3,train,/Users/vs/Sem 5/Respiratory-Disease-Classification/data/processed/audio/cycles/154/2b4_Ll_004.wav
154,2b4,Ll,COPD,3,train,/Users/vs/Sem 5/Respiratory-Disease-Classification/data/processed/audio/cycles/154/2b4_Ll_005.wav
154,2b4,Ll,COPD,3,train,/Users/vs/Sem 5/Respiratory-Disease-Classification/data/processed/audio/cycles/154/2b4_Ll_006.wav
154,2b4,Ll,COPD,3,train,/Users/vs/Sem 5/Respiratory-Disease-Classification/data/processed/audio/cycles/154/2b4_Ll_007.wav
154,2b4,Lr,COPD,3,train,/Users/vs/Sem 5/Respiratory-Disease-Classification/data/processed/audio/cycles/154/2b4_Lr_001.wav
154,2b4,Lr,COPD,3,train,/Users/vs/Sem 5/Respiratory-Disease-Classification/data/processed/audio/cycles/154/2b4_Lr_002.wav
154,2b4,Lr,COPD,3,train,/Users/vs/Sem 5/Respiratory-Disease-Classification/data/processed/audio/cycles/154/2b4_Lr_003.wav
154,2b4,Lr,COPD,3,train,/Users/vs/Sem 5/Respiratory-Disease-Classification/data/processed/audio/cycles/154/2b4_Lr_004.wav
154,2b4,Lr,COPD,3,train,/Users/vs/Sem 5/Respiratory-Disease-Classification/data/processed/audio/cycles/154/2b4_Lr_005.wav
154,2b4,Lr,COPD,3,train,/Users/vs/Sem 5/Respiratory-Disease-Classification/data/processed/audio/cycles/154/2b4_Lr_006.wav
154,2b4,Lr,COPD,3,train,/Users/vs/Sem 5/Respiratory-Disease-Classification/data/processed/audio/cycles/154/2b4_Lr_007.wav
154,2b4,Pl,COPD,3,train,/Users/vs/Sem 5/Respiratory-Disease-Classification/data/processed/audio/cycles/154/2b4_Pl_001.wav
154,2b4,Pl,COPD,3,train,/Users/vs/Sem 5/Respiratory-Disease-Classification/data/processed/audio/cycles/154/2b4_Pl_002.wav
154,2b4,Pl,COPD,3,train,/Users/vs/Sem 5/Respiratory-Disease-Classification/data/processed/audio/cycles/154/2b4_Pl_003.wav
154,2b4,Pl,COPD,3,train,/Users/vs/Sem 5/Respiratory-Disease-Classification/data/processed/audio/cycles/154/2b4_Pl_004.wav
154,2b4,Pl,COPD,3,train,/Users/vs/Sem 5/Respiratory-Disease-Classification/data/processed/audio/cycles/154/2b4_Pl_005.wav
154,2b4,Pl,COPD,3,train,/Users/vs/Sem 5/Respiratory-Disease-Classification/data/processed/audio/cycles/154/2b4_Pl_006.wav
154,2b4,Pl,COPD,3,train,/Users/vs/Sem 5/Respiratory-Disease-Classification/data/processed/audio/cycles/154/2b4_Pl_007.wav
154,2b4,Pr,COPD,3,train,/Users/vs/Sem 5/Respiratory-Disease-Classification/data/processed/audio/cycles/154/2b4_Pr_001.wav
154,2b4,Pr,COPD,3,train,/Users/vs/Sem 5/Respiratory-Disease-Classification/data/processed/audio/cycles/154/2b4_Pr_002.wav
154,2b4,Pr,COPD,3,train,/Users/vs/Sem 5/Respiratory-Disease-Classification/data/processed/audio/cycles/154/2b4_Pr_003.wav
154,2b4,Pr,COPD,3,train,/Users/vs/Sem 5/Respiratory-Disease-Classification/data/processed/audio/cycles/154/2b4_Pr_004.wav
154,2b4,Pr,COPD,3,train,/Users/vs/Sem 5/Respiratory-Disease-Classification/data/processed/audio/cycles/154/2b4_Pr_005.wav
154,2b4,Pr,COPD,3,train,/Users/vs/Sem 5/Respiratory-Disease-Classification/data/processed/audio/cycles/154/2b4_Pr_006.wav
154,2b4,Pr,COPD,3,train,/Users/vs/Sem 5/Respiratory-Disease-Classification/data/processed/audio/cycles/154/2b4_Pr_007.wav
154,2b4,Tc,COPD,3,train,/Users/vs/Sem 5/Respiratory-Disease-Classification/data/processed/audio/cycles/154/2b4_Tc_001.wav
154,2b4,Tc,COPD,3,train,/Users/vs/Sem 5/Respiratory-Disease-Classification/data/processed/audio/cycles/154/2b4_Tc_002.wav
154,2b4,Tc,COPD,3,train,/Users/vs/Sem 5/Respiratory-Disease-Classification/data/processed/audio/cycles/154/2b4_Tc_003.wav
154,2b4,Tc,COPD,3,train,/Users/vs/Sem 5/Respiratory-Disease-Classification/data/processed/audio/cycles/154/2b4_Tc_004.wav
154,2b4,Tc,COPD,3,train,/Users/vs/Sem 5/Respiratory-Disease-Classification/data/processed/audio/cycles/154/2b4_Tc_005.wav
154,2b4,Tc,COPD,3,train,/Users/vs/Sem 5/Respiratory-Disease-Classification/data/processed/audio/cycles/154/2b4_Tc_006.wav
154,2b4,Tc,COPD,3,train,/Users/vs/Sem 5/Respiratory-Disease-Classification/data/processed/audio/cycles/154/2b4_Tc_007.wav
154,3b3,Al,COPD,3,train,/Users/vs/Sem 5/Respiratory-Disease-Classification/data/processed/audio/cycles/154/3b3_Al_001.wav
154,3b3,Al,COPD,3,train,/Users/vs/Sem 5/Respiratory-Disease-Classification/data/processed/audio/cycles/154/3b3_Al_002.wav
154,3b3,Al,COPD,3,train,/Users/vs/Sem 5/Respiratory-Disease-Classification/data/processed/audio/cycles/154/3b3_Al_003.wav
154,3b3,Al,COPD,3,train,/Users/vs/Sem 5/Respiratory-Disease-Classification/data/processed/audio/cycles/154/3b3_Al_004.wav
154,3b3,Al,COPD,3,train,/Users/vs/Sem 5/Respiratory-Disease-Classification/data/processed/audio/cycles/154/3b3_Al_005.wav
154,3b3,Ar,COPD,3,train,/Users/vs/Sem 5/Respiratory-Disease-Classification/data/processed/audio/cycles/154/3b3_Ar_001.wav
154,3b3,Ar,COPD,3,train,/Users/vs/Sem 5/Respiratory-Disease-Classification/data/processed/audio/cycles/154/3b3_Ar_002.wav
154,3b3,Ar,COPD,3,train,/Users/vs/Sem 5/Respiratory-Disease-Classification/data/processed/audio/cycles/154/3b3_Ar_003.wav
154,3b3,Ar,COPD,3,train,/Users/vs/Sem 5/Respiratory-Disease-Classification/data/processed/audio/cycles/154/3b3_Ar_004.wav
154,3b3,Ar,COPD,3,train,/Users/vs/Sem 5/Respiratory-Disease-Classification/data/processed/audio/cycles/154/3b3_Ar_005.wav
154,3b3,Ll,COPD,3,train,/Users/vs/Sem 5/Respiratory-Disease-Classification/data/processed/audio/cycles/154/3b3_Ll_001.wav
154,3b3,Ll,COPD,3,train,/Users/vs/Sem 5/Respiratory-Disease-Classification/data/processed/audio/cycles/154/3b3_Ll_002.wav
154,3b3,Ll,COPD,3,train,/Users/vs/Sem 5/Respiratory-Disease-Classification/data/processed/audio/cycles/154/3b3_Ll_003.wav
154,3b3,Ll,COPD,3,train,/Users/vs/Sem 5/Respiratory-Disease-Classification/data/processed/audio/cycles/154/3b3_Ll_004.wav
154,3b3,Ll,COPD,3,train,/Users/vs/Sem 5/Respiratory-Disease-Classification/data/processed/audio/cycles/154/3b3_Ll_005.wav
154,4b4,Al,COPD,3,train,/Users/vs/Sem 5/Respiratory-Disease-Classification/data/processed/audio/cycles/154/4b4_Al_001.wav
154,4b4,Al,COPD,3,train,/Users/vs/Sem 5/Respiratory-Disease-Classification/data/processed/audio/cycles/154/4b4_Al_002.wav
154,4b4,Al,COPD,3,train,/Users/vs/Sem 5/Respiratory-Disease-Classification/data/processed/audio/cycles/154/4b4_Al_003.wav
154,4b4,Al,COPD,3,train,/Users/vs/Sem 5/Respiratory-Disease-Classification/data/processed/audio/cycles/154/4b4_Al_004.wav
154,4b4,Al,COPD,3,train,/Users/vs/Sem 5/Respiratory-Disease-Classification/data/processed/audio/cycles/154/4b4_Al_005.wav
154,4b4,Al,COPD,3,train,/Users/vs/Sem 5/Respiratory-Disease-Classification/data/processed/audio/cycles/154/4b4_Al_006.wav
154,4b4,Al,COPD,3,train,/Users/vs/Sem 5/Respiratory-Disease-Classification/data/processed/audio/cycles/154/4b4_Al_007.wav
154,4b4,Al,COPD,3,train,/Users/vs/Sem 5/Respiratory-Disease-Classification/data/processed/audio/cycles/154/4b4_Al_008.wav
154,4b4,Al,COPD,3,train,/Users/vs/Sem 5/Respiratory-Disease-Classification/data/processed/audio/cycles/154/4b4_Al_009.wav
154,4b4,Al,COPD,3,train,/Users/vs/Sem 5/Respiratory-Disease-Classification/data/processed/audio/cycles/154/4b4_Al_010.wav
154,4b4,Ar,COPD,3,train,/Users/vs/Sem 5/Respiratory-Disease-Classification/data/processed/audio/cycles/154/4b4_Ar_001.wav
154,4b4,Ar,COPD,3,train,/Users/vs/Sem 5/Respiratory-Disease-Classification/data/processed/audio/cycles/154/4b4_Ar_002.wav
154,4b4,Ar,COPD,3,train,/Users/vs/Sem 5/Respiratory-Disease-Classification/data/processed/audio/cycles/154/4b4_Ar_003.wav
154,4b4,Ar,COPD,3,train,/Users/vs/Sem 5/Respiratory-Disease-Classification/data/processed/audio/cycles/154/4b4_Ar_004.wav
154,4b4,Ar,COPD,3,train,/Users/vs/Sem 5/Respiratory-Disease-Classification/data/processed/audio/cycles/154/4b4_Ar_005.wav
154,4b4,Ar,COPD,3,train,/Users/vs/Sem 5/Respiratory-Disease-Classification/data/processed/audio/cycles/154/4b4_Ar_006.wav
154,4b4,Ar,COPD,3,train,/Users/vs/Sem 5/Respiratory-Disease-Classification/data/processed/audio/cycles/154/4b4_Ar_007.wav
154,4b4,Ar,COPD,3,train,/Users/vs/Sem 5/Respiratory-Disease-Classification/data/processed/audio/cycles/154/4b4_Ar_008.wav
154,4b4,Ar,COPD,3,train,/Users/vs/Sem 5/Respiratory-Disease-Classification/data/processed/audio/cycles/154/4b4_Ar_009.wav
154,4b4,Ar,COPD,3,train,/Users/vs/Sem 5/Respiratory-Disease-Classification/data/processed/audio/cycles/154/4b4_Ar_010.wav
154,4b4,Ll,COPD,3,train,/Users/vs/Sem 5/Respiratory-Disease-Classification/data/processed/audio/cycles/154/4b4_Ll_001.wav
154,4b4,Ll,COPD,3,train,/Users/vs/Sem 5/Respiratory-Disease-Classification/data/processed/audio/cycles/154/4b4_Ll_002.wav
154,4b4,Ll,COPD,3,train,/Users/vs/Sem 5/Respiratory-Disease-Classification/data/processed/audio/cycles/154/4b4_Ll_003.wav
154,4b4,Ll,COPD,3,train,/Users/vs/Sem 5/Respiratory-Disease-Classification/data/processed/audio/cycles/154/4b4_Ll_004.wav
154,4b4,Ll,COPD,3,train,/Users/vs/Sem 5/Respiratory-Disease-Classification/data/processed/audio/cycles/154/4b4_Ll_005.wav
154,4b4,Ll,COPD,3,train,/Users/vs/Sem 5/Respiratory-Disease-Classification/data/processed/audio/cycles/154/4b4_Ll_006.wav
154,4b4,Ll,COPD,3,train,/Users/vs/Sem 5/Respiratory-Disease-Classification/data/processed/audio/cycles/154/4b4_Ll_007.wav
154,4b4,Ll,COPD,3,train,/Users/vs/Sem 5/Respiratory-Disease-Classification/data/processed/audio/cycles/154/4b4_Ll_008.wav
154,4b4,Ll,COPD,3,train,/Users/vs/Sem 5/Respiratory-Disease-Classification/data/processed/audio/cycles/154/4b4_Ll_009.wav
154,4b4,Ll,COPD,3,train,/Users/vs/Sem 5/Respiratory-Disease-Classification/data/processed/audio/cycles/154/4b4_Ll_010.wav
154,4b4,Lr,COPD,3,train,/Users/vs/Sem 5/Respiratory-Disease-Classification/data/processed/audio/cycles/154/4b4_Lr_001.wav
154,4b4,Lr,COPD,3,train,/Users/vs/Sem 5/Respiratory-Disease-Classification/data/processed/audio/cycles/154/4b4_Lr_002.wav
154,4b4,Lr,COPD,3,train,/Users/vs/Sem 5/Respiratory-Disease-Classification/data/processed/audio/cycles/154/4b4_Lr_003.wav
154,4b4,Lr,COPD,3,train,/Users/vs/Sem 5/Respiratory-Disease-Classification/data/processed/audio/cycles/154/4b4_Lr_004.wav
154,4b4,Lr,COPD,3,train,/Users/vs/Sem 5/Respiratory-Disease-Classification/data/processed/audio/cycles/154/4b4_Lr_005.wav
154,4b4,Lr,COPD,3,train,/Users/vs/Sem 5/Respiratory-Disease-Classification/data/processed/audio/cycles/154/4b4_Lr_006.wav
154,4b4,Lr,COPD,3,train,/Users/vs/Sem 5/Respiratory-Disease-Classification/data/processed/audio/cycles/154/4b4_Lr_007.wav
154,4b4,Lr,COPD,3,train,/Users/vs/Sem 5/Respiratory-Disease-Classification/data/processed/audio/cycles/154/4b4_Lr_008.wav
154,4b4,Lr,COPD,3,train,/Users/vs/Sem 5/Respiratory-Disease-Classification/data/processed/audio/cycles/154/4b4_Lr_009.wav
154,4b4,Lr,COPD,3,train,/Users/vs/Sem 5/Respiratory-Disease-Classification/data/processed/audio/cycles/154/4b4_Lr_010.wav
154,4b4,Pl,COPD,3,train,/Users/vs/Sem 5/Respiratory-Disease-Classification/data/processed/audio/cycles/154/4b4_Pl_001.wav
154,4b4,Pl,COPD,3,train,/Users/vs/Sem 5/Respiratory-Disease-Classification/data/processed/audio/cycles/154/4b4_Pl_002.wav
154,4b4,Pl,COPD,3,train,/Users/vs/Sem 5/Respiratory-Disease-Classification/data/processed/audio/cycles/154/4b4_Pl_003.wav
154,4b4,Pl,COPD,3,train,/Users/vs/Sem 5/Respiratory-Disease-Classification/data/processed/audio/cycles/154/4b4_Pl_004.wav
154,4b4,Pl,COPD,3,train,/Users/vs/Sem 5/Respiratory-Disease-Classification/data/processed/audio/cycles/154/4b4_Pl_005.wav
154,4b4,Pl,COPD,3,train,/Users/vs/Sem 5/Respiratory-Disease-Classification/data/processed/audio/cycles/154/4b4_Pl_006.wav
154,4b4,Pl,COPD,3,train,/Users/vs/Sem 5/Respiratory-Disease-Classification/data/processed/audio/cycles/154/4b4_Pl_007.wav
154,4b4,Pl,COPD,3,train,/Users/vs/Sem 5/Respiratory-Disease-Classification/data/processed/audio/cycles/154/4b4_Pl_008.wav
154,4b4,Pl,COPD,3,train,/Users/vs/Sem 5/Respiratory-Disease-Classification/data/processed/audio/cycles/154/4b4_Pl_009.wav
154,4b4,Pl,COPD,3,train,/Users/vs/Sem 5/Respiratory-Disease-Classification/data/processed/audio/cycles/154/4b4_Pl_010.wav
154,4b4,Pr,COPD,3,train,/Users/vs/Sem 5/Respiratory-Disease-Classification/data/processed/audio/cycles/154/4b4_Pr_001.wav
154,4b4,Pr,COPD,3,train,/Users/vs/Sem 5/Respiratory-Disease-Classification/data/processed/audio/cycles/154/4b4_Pr_002.wav
154,4b4,Pr,COPD,3,train,/Users/vs/Sem 5/Respiratory-Disease-Classification/data/processed/audio/cycles/154/4b4_Pr_003.wav
154,4b4,Pr,COPD,3,train,/Users/vs/Sem 5/Respiratory-Disease-Classification/data/processed/audio/cycles/154/4b4_Pr_004.wav
154,4b4,Pr,COPD,3,train,/Users/vs/Sem 5/Respiratory-Disease-Classification/data/processed/audio/cycles/154/4b4_Pr_005.wav
154,4b4,Pr,COPD,3,train,/Users/vs/Sem 5/Respiratory-Disease-Classification/data/processed/audio/cycles/154/4b4_Pr_006.wav
154,4b4,Pr,COPD,3,train,/Users/vs/Sem 5/Respiratory-Disease-Classification/data/processed/audio/cycles/154/4b4_Pr_007.wav
154,4b4,Pr,COPD,3,train,/Users/vs/Sem 5/Respiratory-Disease-Classification/data/processed/audio/cycles/154/4b4_Pr_008.wav
154,4b4,Pr,COPD,3,train,/Users/vs/Sem 5/Respiratory-Disease-Classification/data/processed/audio/cycles/154/4b4_Pr_009.wav
154,4b4,Pr,COPD,3,train,/Users/vs/Sem 5/Respiratory-Disease-Classification/data/processed/audio/cycles/154/4b4_Pr_010.wav
155,2b1,Al,COPD,3,train,/Users/vs/Sem 5/Respiratory-Disease-Classification/data/processed/audio/cycles/155/2b1_Al_001.wav
155,2b1,Al,COPD,3,train,/Users/vs/Sem 5/Respiratory-Disease-Classification/data/processed/audio/cycles/155/2b1_Al_002.wav
155,2b1,Al,COPD,3,train,/Users/vs/Sem 5/Respiratory-Disease-Classification/data/processed/audio/cycles/155/2b1_Al_003.wav
155,2b1,Al,COPD,3,train,/Users/vs/Sem 5/Respiratory-Disease-Classification/data/processed/audio/cycles/155/2b1_Al_004.wav
155,2b1,Al,COPD,3,train,/Users/vs/Sem 5/Respiratory-Disease-Classification/data/processed/audio/cycles/155/2b1_Al_005.wav
155,2b1,Al,COPD,3,train,/Users/vs/Sem 5/Respiratory-Disease-Classification/data/processed/audio/cycles/155/2b1_Al_006.wav
156,2b3,Al,COPD,3,test,/Users/vs/Sem 5/Respiratory-Disease-Classification/data/processed/audio/cycles/156/2b3_Al_001.wav
156,2b3,Al,COPD,3,test,/Users/vs/Sem 5/Respiratory-Disease-Classification/data/processed/audio/cycles/156/2b3_Al_002.wav
156,2b3,Al,COPD,3,test,/Users/vs/Sem 5/Respiratory-Disease-Classification/data/processed/audio/cycles/156/2b3_Al_003.wav
156,2b3,Al,COPD,3,test,/Users/vs/Sem 5/Respiratory-Disease-Classification/data/processed/audio/cycles/156/2b3_Al_004.wav
156,2b3,Al,COPD,3,test,/Users/vs/Sem 5/Respiratory-Disease-Classification/data/processed/audio/cycles/156/2b3_Al_005.wav
156,2b3,Al,COPD,3,test,/Users/vs/Sem 5/Respiratory-Disease-Classification/data/processed/audio/cycles/156/2b3_Al_006.wav
156,2b3,Ar,COPD,3,train,/Users/vs/Sem 5/Respiratory-Disease-Classification/data/processed/audio/cycles/156/2b3_Ar_001.wav
156,2b3,Ar,COPD,3,train,/Users/vs/Sem 5/Respiratory-Disease-Classification/data/processed/audio/cycles/156/2b3_Ar_002.wav
156,2b3,Ar,COPD,3,train,/Users/vs/Sem 5/Respiratory-Disease-Classification/data/processed/audio/cycles/156/2b3_Ar_003.wav
156,2b3,Ar,COPD,3,train,/Users/vs/Sem 5/Respiratory-Disease-Classification/data/processed/audio/cycles/156/2b3_Ar_004.wav
156,2b3,Ar,COPD,3,train,/Users/vs/Sem 5/Respiratory-Disease-Classification/data/processed/audio/cycles/156/2b3_Ar_005.wav
156,2b3,Ar,COPD,3,train,/Users/vs/Sem 5/Respiratory-Disease-Classification/data/processed/audio/cycles/156/2b3_Ar_006.wav
156,2b3,Ll,COPD,3,train,/Users/vs/Sem 5/Respiratory-Disease-Classification/data/processed/audio/cycles/156/2b3_Ll_001.wav
156,2b3,Ll,COPD,3,train,/Users/vs/Sem 5/Respiratory-Disease-Classification/data/processed/audio/cycles/156/2b3_Ll_002.wav
156,2b3,Ll,COPD,3,train,/Users/vs/Sem 5/Respiratory-Disease-Classification/data/processed/audio/cycles/156/2b3_Ll_003.wav
156,2b3,Ll,COPD,3,train,/Users/vs/Sem 5/Respiratory-Disease-Classification/data/processed/audio/cycles/156/2b3_Ll_004.wav
156,2b3,Ll,COPD,3,train,/Users/vs/Sem 5/Respiratory-Disease-Classification/data/processed/audio/cycles/156/2b3_Ll_005.wav
156,2b3,Ll,COPD,3,train,/Users/vs/Sem 5/Respiratory-Disease-Classification/data/processed/audio/cycles/156/2b3_Ll_006.wav
156,2b3,Lr,COPD,3,test,/Users/vs/Sem 5/Respiratory-Disease-Classification/data/processed/audio/cycles/156/2b3_Lr_001.wav
156,2b3,Lr,COPD,3,test,/Users/vs/Sem 5/Respiratory-Disease-Classification/data/processed/audio/cycles/156/2b3_Lr_002.wav
156,2b3,Lr,COPD,3,test,/Users/vs/Sem 5/Respiratory-Disease-Classification/data/processed/audio/cycles/156/2b3_Lr_003.wav
156,2b3,Lr,COPD,3,test,/Users/vs/Sem 5/Respiratory-Disease-Classification/data/processed/audio/cycles/156/2b3_Lr_004.wav
156,2b3,Lr,COPD,3,test,/Users/vs/Sem 5/Respiratory-Disease-Classification/data/processed/audio/cycles/156/2b3_Lr_005.wav
156,2b3,Lr,COPD,3,test,/Users/vs/Sem 5/Respiratory-Disease-Classification/data/processed/audio/cycles/156/2b3_Lr_006.wav
156,2b3,Pl,COPD,3,test,/Users/vs/Sem 5/Respiratory-Disease-Classification/data/processed/audio/cycles/156/2b3_Pl_001.wav
156,2b3,Pl,COPD,3,test,/Users/vs/Sem 5/Respiratory-Disease-Classification/data/processed/audio/cycles/156/2b3_Pl_002.wav
156,2b3,Pl,COPD,3,test,/Users/vs/Sem 5/Respiratory-Disease-Classification/data/processed/audio/cycles/156/2b3_Pl_003.wav
156,2b3,Pl,COPD,3,test,/Users/vs/Sem 5/Respiratory-Disease-Classification/data/processed/audio/cycles/156/2b3_Pl_004.wav
156,2b3,Pl,COPD,3,test,/Users/vs/Sem 5/Respiratory-Disease-Classification/data/processed/audio/cycles/156/2b3_Pl_005.wav
156,2b3,Pl,COPD,3,test,/Users/vs/Sem 5/Respiratory-Disease-Classification/data/processed/audio/cycles/156/2b3_Pl_006.wav
156,2b3,Pr,COPD,3,train,/Users/vs/Sem 5/Respiratory-Disease-Classification/data/processed/audio/cycles/156/2b3_Pr_001.wav
156,2b3,Pr,COPD,3,train,/Users/vs/Sem 5/Respiratory-Disease-Classification/data/processed/audio/cycles/156/2b3_Pr_002.wav
156,2b3,Pr,COPD,3,train,/Users/vs/Sem 5/Respiratory-Disease-Classification/data/processed/audio/cycles/156/2b3_Pr_003.wav
156,2b3,Pr,COPD,3,train,/Users/vs/Sem 5/Respiratory-Disease-Classification/data/processed/audio/cycles/156/2b3_Pr_004.wav
156,2b3,Pr,COPD,3,train,/Users/vs/Sem 5/Respiratory-Disease-Classification/data/processed/audio/cycles/156/2b3_Pr_005.wav
156,2b3,Pr,COPD,3,train,/Users/vs/Sem 5/Respiratory-Disease-Classification/data/processed/audio/cycles/156/2b3_Pr_006.wav
156,5b3,Al,COPD,3,train,/Users/vs/Sem 5/Respiratory-Disease-Classification/data/processed/audio/cycles/156/5b3_Al_001.wav
156,5b3,Al,COPD,3,train,/Users/vs/Sem 5/Respiratory-Disease-Classification/data/processed/audio/cycles/156/5b3_Al_002.wav
156,5b3,Al,COPD,3,train,/Users/vs/Sem 5/Respiratory-Disease-Classification/data/processed/audio/cycles/156/5b3_Al_003.wav
156,5b3,Al,COPD,3,train,/Users/vs/Sem 5/Respiratory-Disease-Classification/data/processed/audio/cycles/156/5b3_Al_004.wav
156,5b3,Al,COPD,3,train,/Users/vs/Sem 5/Respiratory-Disease-Classification/data/processed/audio/cycles/156/5b3_Al_005.wav
156,5b3,Al,COPD,3,train,/Users/vs/Sem 5/Respiratory-Disease-Classification/data/processed/audio/cycles/156/5b3_Al_006.wav
156,5b3,Al,COPD,3,train,/Users/vs/Sem 5/Respiratory-Disease-Classification/data/processed/audio/cycles/156/5b3_Al_007.wav
156,5b3,Al,COPD,3,train,/Users/vs/Sem 5/Respiratory-Disease-Classification/data/processed/audio/cycles/156/5b3_Al_008.wav
156,5b3,Al,COPD,3,train,/Users/vs/Sem 5/Respiratory-Disease-Classification/data/processed/audio/cycles/156/5b3_Al_009.wav
156,5b3,Ar,COPD,3,test,/Users/vs/Sem 5/Respiratory-Disease-Classification/data/processed/audio/cycles/156/5b3_Ar_001.wav
156,5b3,Ar,COPD,3,test,/Users/vs/Sem 5/Respiratory-Disease-Classification/data/processed/audio/cycles/156/5b3_Ar_002.wav
156,5b3,Ar,COPD,3,test,/Users/vs/Sem 5/Respiratory-Disease-Classification/data/processed/audio/cycles/156/5b3_Ar_003.wav
156,5b3,Ar,COPD,3,test,/Users/vs/Sem 5/Respiratory-Disease-Classification/data/processed/audio/cycles/156/5b3_Ar_004.wav
156,5b3,Ar,COPD,3,test,/Users/vs/Sem 5/Respiratory-Disease-Classification/data/processed/audio/cycles/156/5b3_Ar_005.wav
156,5b3,Ar,COPD,3,test,/Users/vs/Sem 5/Respiratory-Disease-Classification/data/processed/audio/cycles/156/5b3_Ar_006.wav
156,5b3,Ar,COPD,3,test,/Users/vs/Sem 5/Respiratory-Disease-Classification/data/processed/audio/cycles/156/5b3_Ar_007.wav
156,5b3,Ar,COPD,3,test,/Users/vs/Sem 5/Respiratory-Disease-Classification/data/processed/audio/cycles/156/5b3_Ar_008.wav
156,5b3,Ar,COPD,3,test,/Users/vs/Sem 5/Respiratory-Disease-Classification/data/processed/audio/cycles/156/5b3_Ar_009.wav
156,5b3,Ll,COPD,3,test,/Users/vs/Sem 5/Respiratory-Disease-Classification/data/processed/audio/cycles/156/5b3_Ll_001.wav
156,5b3,Ll,COPD,3,test,/Users/vs/Sem 5/Respiratory-Disease-Classification/data/processed/audio/cycles/156/5b3_Ll_002.wav
156,5b3,Ll,COPD,3,test,/Users/vs/Sem 5/Respiratory-Disease-Classification/data/processed/audio/cycles/156/5b3_Ll_003.wav
156,5b3,Ll,COPD,3,test,/Users/vs/Sem 5/Respiratory-Disease-Classification/data/processed/audio/cycles/156/5b3_Ll_004.wav
156,5b3,Ll,COPD,3,test,/Users/vs/Sem 5/Respiratory-Disease-Classification/data/processed/audio/cycles/156/5b3_Ll_005.wav
156,5b3,Ll,COPD,3,test,/Users/vs/Sem 5/Respiratory-Disease-Classification/data/processed/audio/cycles/156/5b3_Ll_006.wav
156,5b3,Ll,COPD,3,test,/Users/vs/Sem 5/Respiratory-Disease-Classification/data/processed/audio/cycles/156/5b3_Ll_007.wav
156,5b3,Ll,COPD,3,test,/Users/vs/Sem 5/Respiratory-Disease-Classification/data/processed/audio/cycles/156/5b3_Ll_008.wav
156,5b3,Ll,COPD,3,test,/Users/vs/Sem 5/Respiratory-Disease-Classification/data/processed/audio/cycles/156/5b3_Ll_009.wav
156,5b3,Lr,COPD,3,train,/Users/vs/Sem 5/Respiratory-Disease-Classification/data/processed/audio/cycles/156/5b3_Lr_001.wav
156,5b3,Lr,COPD,3,train,/Users/vs/Sem 5/Respiratory-Disease-Classification/data/processed/audio/cycles/156/5b3_Lr_002.wav
156,5b3,Lr,COPD,3,train,/Users/vs/Sem 5/Respiratory-Disease-Classification/data/processed/audio/cycles/156/5b3_Lr_003.wav
156,5b3,Lr,COPD,3,train,/Users/vs/Sem 5/Respiratory-Disease-Classification/data/processed/audio/cycles/156/5b3_Lr_004.wav
156,5b3,Lr,COPD,3,train,/Users/vs/Sem 5/Respiratory-Disease-Classification/data/processed/audio/cycles/156/5b3_Lr_005.wav
156,5b3,Lr,COPD,3,train,/Users/vs/Sem 5/Respiratory-Disease-Classification/data/processed/audio/cycles/156/5b3_Lr_006.wav
156,5b3,Lr,COPD,3,train,/Users/vs/Sem 5/Respiratory-Disease-Classification/data/processed/audio/cycles/156/5b3_Lr_007.wav
156,5b3,Lr,COPD,3,train,/Users/vs/Sem 5/Respiratory-Disease-Classification/data/processed/audio/cycles/156/5b3_Lr_008.wav
156,5b3,Lr,COPD,3,train,/Users/vs/Sem 5/Respiratory-Disease-Classification/data/processed/audio/cycles/156/5b3_Lr_009.wav
156,5b3,Pl,COPD,3,test,/Users/vs/Sem 5/Respiratory-Disease-Classification/data/processed/audio/cycles/156/5b3_Pl_001.wav
156,5b3,Pl,COPD,3,test,/Users/vs/Sem 5/Respiratory-Disease-Classification/data/processed/audio/cycles/156/5b3_Pl_002.wav
156,5b3,Pl,COPD,3,test,/Users/vs/Sem 5/Respiratory-Disease-Classification/data/processed/audio/cycles/156/5b3_Pl_003.wav
156,5b3,Pl,COPD,3,test,/Users/vs/Sem 5/Respiratory-Disease-Classification/data/processed/audio/cycles/156/5b3_Pl_004.wav
156,5b3,Pl,COPD,3,test,/Users/vs/Sem 5/Respiratory-Disease-Classification/data/processed/audio/cycles/156/5b3_Pl_005.wav
156,5b3,Pl,COPD,3,test,/Users/vs/Sem 5/Respiratory-Disease-Classification/data/processed/audio/cycles/156/5b3_Pl_006.wav
156,5b3,Pl,COPD,3,test,/Users/vs/Sem 5/Respiratory-Disease-Classification/data/processed/audio/cycles/156/5b3_Pl_007.wav
156,5b3,Pl,COPD,3,test,/Users/vs/Sem 5/Respiratory-Disease-Classification/data/processed/audio/cycles/156/5b3_Pl_008.wav
156,5b3,Pl,COPD,3,test,/Users/vs/Sem 5/Respiratory-Disease-Classification/data/processed/audio/cycles/156/5b3_Pl_009.wav
156,5b3,Pr,COPD,3,train,/Users/vs/Sem 5/Respiratory-Disease-Classification/data/processed/audio/cycles/156/5b3_Pr_001.wav
156,5b3,Pr,COPD,3,train,/Users/vs/Sem 5/Respiratory-Disease-Classification/data/processed/audio/cycles/156/5b3_Pr_002.wav
156,5b3,Pr,COPD,3,train,/Users/vs/Sem 5/Respiratory-Disease-Classification/data/processed/audio/cycles/156/5b3_Pr_003.wav
156,5b3,Pr,COPD,3,train,/Users/vs/Sem 5/Respiratory-Disease-Classification/data/processed/audio/cycles/156/5b3_Pr_004.wav
156,5b3,Pr,COPD,3,train,/Users/vs/Sem 5/Respiratory-Disease-Classification/data/processed/audio/cycles/156/5b3_Pr_005.wav
156,5b3,Pr,COPD,3,train,/Users/vs/Sem 5/Respiratory-Disease-Classification/data/processed/audio/cycles/156/5b3_Pr_006.wav
156,5b3,Pr,COPD,3,train,/Users/vs/Sem 5/Respiratory-Disease-Classification/data/processed/audio/cycles/156/5b3_Pr_007.wav
156,5b3,Pr,COPD,3,train,/Users/vs/Sem 5/Respiratory-Disease-Classification/data/processed/audio/cycles/156/5b3_Pr_008.wav
156,5b3,Pr,COPD,3,train,/Users/vs/Sem 5/Respiratory-Disease-Classification/data/processed/audio/cycles/156/5b3_Pr_009.wav
156,8b3,Al,COPD,3,test,/Users/vs/Sem 5/Respiratory-Disease-Classification/data/processed/audio/cycles/156/8b3_Al_001.wav
156,8b3,Al,COPD,3,test,/Users/vs/Sem 5/Respiratory-Disease-Classification/data/processed/audio/cycles/156/8b3_Al_002.wav
156,8b3,Al,COPD,3,test,/Users/vs/Sem 5/Respiratory-Disease-Classification/data/processed/audio/cycles/156/8b3_Al_003.wav
156,8b3,Al,COPD,3,test,/Users/vs/Sem 5/Respiratory-Disease-Classification/data/processed/audio/cycles/156/8b3_Al_004.wav
156,8b3,Al,COPD,3,test,/Users/vs/Sem 5/Respiratory-Disease-Classification/data/processed/audio/cycles/156/8b3_Al_005.wav
156,8b3,Al,COPD,3,test,/Users/vs/Sem 5/Respiratory-Disease-Classification/data/processed/audio/cycles/156/8b3_Al_006.wav
156,8b3,Al,COPD,3,test,/Users/vs/Sem 5/Respiratory-Disease-Classification/data/processed/audio/cycles/156/8b3_Al_007.wav
156,8b3,Al,COPD,3,test,/Users/vs/Sem 5/Respiratory-Disease-Classification/data/processed/audio/cycles/156/8b3_Al_008.wav
156,8b3,Ar,COPD,3,train,/Users/vs/Sem 5/Respiratory-Disease-Classification/data/processed/audio/cycles/156/8b3_Ar_001.wav
156,8b3,Ar,COPD,3,train,/Users/vs/Sem 5/Respiratory-Disease-Classification/data/processed/audio/cycles/156/8b3_Ar_002.wav
156,8b3,Ar,COPD,3,train,/Users/vs/Sem 5/Respiratory-Disease-Classification/data/processed/audio/cycles/156/8b3_Ar_003.wav
156,8b3,Ar,COPD,3,train,/Users/vs/Sem 5/Respiratory-Disease-Classification/data/processed/audio/cycles/156/8b3_Ar_004.wav
156,8b3,Ar,COPD,3,train,/Users/vs/Sem 5/Respiratory-Disease-Classification/data/processed/audio/cycles/156/8b3_Ar_005.wav
156,8b3,Ar,COPD,3,train,/Users/vs/Sem 5/Respiratory-Disease-Classification/data/processed/audio/cycles/156/8b3_Ar_006.wav
156,8b3,Ar,COPD,3,train,/Users/vs/Sem 5/Respiratory-Disease-Classification/data/processed/audio/cycles/156/8b3_Ar_007.wav
156,8b3,Ar,COPD,3,train,/Users/vs/Sem 5/Respiratory-Disease-Classification/data/processed/audio/cycles/156/8b3_Ar_008.wav
156,8b3,Ll,COPD,3,train,/Users/vs/Sem 5/Respiratory-Disease-Classification/data/processed/audio/cycles/156/8b3_Ll_001.wav
156,8b3,Ll,COPD,3,train,/Users/vs/Sem 5/Respiratory-Disease-Classification/data/processed/audio/cycles/156/8b3_Ll_002.wav
156,8b3,Ll,COPD,3,train,/Users/vs/Sem 5/Respiratory-Disease-Classification/data/processed/audio/cycles/156/8b3_Ll_003.wav
156,8b3,Ll,COPD,3,train,/Users/vs/Sem 5/Respiratory-Disease-Classification/data/processed/audio/cycles/156/8b3_Ll_004.wav
156,8b3,Ll,COPD,3,train,/Users/vs/Sem 5/Respiratory-Disease-Classification/data/processed/audio/cycles/156/8b3_Ll_005.wav
156,8b3,Ll,COPD,3,train,/Users/vs/Sem 5/Respiratory-Disease-Classification/data/processed/audio/cycles/156/8b3_Ll_006.wav
156,8b3,Ll,COPD,3,train,/Users/vs/Sem 5/Respiratory-Disease-Classification/data/processed/audio/cycles/156/8b3_Ll_007.wav
156,8b3,Ll,COPD,3,train,/Users/vs/Sem 5/Respiratory-Disease-Classification/data/processed/audio/cycles/156/8b3_Ll_008.wav
156,8b3,Lr,COPD,3,test,/Users/vs/Sem 5/Respiratory-Disease-Classification/data/processed/audio/cycles/156/8b3_Lr_001.wav
156,8b3,Lr,COPD,3,test,/Users/vs/Sem 5/Respiratory-Disease-Classification/data/processed/audio/cycles/156/8b3_Lr_002.wav
156,8b3,Lr,COPD,3,test,/Users/vs/Sem 5/Respiratory-Disease-Classification/data/processed/audio/cycles/156/8b3_Lr_003.wav
156,8b3,Lr,COPD,3,test,/Users/vs/Sem 5/Respiratory-Disease-Classification/data/processed/audio/cycles/156/8b3_Lr_004.wav
156,8b3,Lr,COPD,3,test,/Users/vs/Sem 5/Respiratory-Disease-Classification/data/processed/audio/cycles/156/8b3_Lr_005.wav
156,8b3,Lr,COPD,3,test,/Users/vs/Sem 5/Respiratory-Disease-Classification/data/processed/audio/cycles/156/8b3_Lr_006.wav
156,8b3,Lr,COPD,3,test,/Users/vs/Sem 5/Respiratory-Disease-Classification/data/processed/audio/cycles/156/8b3_Lr_007.wav
156,8b3,Lr,COPD,3,test,/Users/vs/Sem 5/Respiratory-Disease-Classification/data/processed/audio/cycles/156/8b3_Lr_008.wav
156,8b3,Pl,COPD,3,train,/Users/vs/Sem 5/Respiratory-Disease-Classification/data/processed/audio/cycles/156/8b3_Pl_001.wav
156,8b3,Pl,COPD,3,train,/Users/vs/Sem 5/Respiratory-Disease-Classification/data/processed/audio/cycles/156/8b3_Pl_002.wav
156,8b3,Pl,COPD,3,train,/Users/vs/Sem 5/Respiratory-Disease-Classification/data/processed/audio/cycles/156/8b3_Pl_003.wav
156,8b3,Pl,COPD,3,train,/Users/vs/Sem 5/Respiratory-Disease-Classification/data/processed/audio/cycles/156/8b3_Pl_004.wav
156,8b3,Pl,COPD,3,train,/Users/vs/Sem 5/Respiratory-Disease-Classification/data/processed/audio/cycles/156/8b3_Pl_005.wav
156,8b3,Pl,COPD,3,train,/Users/vs/Sem 5/Respiratory-Disease-Classification/data/processed/audio/cycles/156/8b3_Pl_006.wav
156,8b3,Pl,COPD,3,train,/Users/vs/Sem 5/Respiratory-Disease-Classification/data/processed/audio/cycles/156/8b3_Pl_007.wav
156,8b3,Pl,COPD,3,train,/Users/vs/Sem 5/Respiratory-Disease-Classification/data/processed/audio/cycles/156/8b3_Pl_008.wav
157,1b1,Al,COPD,3,train,/Users/vs/Sem 5/Respiratory-Disease-Classification/data/processed/audio/cycles/157/1b1_Al_001.wav
157,1b1,Al,COPD,3,train,/Users/vs/Sem 5/Respiratory-Disease-Classification/data/processed/audio/cycles/157/1b1_Al_002.wav
157,1b1,Al,COPD,3,train,/Users/vs/Sem 5/Respiratory-Disease-Classification/data/processed/audio/cycles/157/1b1_Al_003.wav
157,1b1,Al,COPD,3,train,/Users/vs/Sem 5/Respiratory-Disease-Classification/data/processed/audio/cycles/157/1b1_Al_004.wav
157,1b1,Al,COPD,3,train,/Users/vs/Sem 5/Respiratory-Disease-Classification/data/processed/audio/cycles/157/1b1_Al_005.wav
157,1b1,Al,COPD,3,train,/Users/vs/Sem 5/Respiratory-Disease-Classification/data/processed/audio/cycles/157/1b1_Al_006.wav
157,1b1,Al,COPD,3,train,/Users/vs/Sem 5/Respiratory-Disease-Classification/data/processed/audio/cycles/157/1b1_Al_007.wav
157,1b1,Al,COPD,3,train,/Users/vs/Sem 5/Respiratory-Disease-Classification/data/processed/audio/cycles/157/1b1_Al_008.wav
157,1b1,Al,COPD,3,train,/Users/vs/Sem 5/Respiratory-Disease-Classification/data/processed/audio/cycles/157/1b1_Al_009.wav
157,1b1,Al,COPD,3,train,/Users/vs/Sem 5/Respiratory-Disease-Classification/data/processed/audio/cycles/157/1b1_Al_010.wav
157,1b1,Al,COPD,3,train,/Users/vs/Sem 5/Respiratory-Disease-Classification/data/processed/audio/cycles/157/1b1_Al_011.wav
157,1b1,Al,COPD,3,train,/Users/vs/Sem 5/Respiratory-Disease-Classification/data/processed/audio/cycles/157/1b1_Al_012.wav
157,1b1,Al,COPD,3,train,/Users/vs/Sem 5/Respiratory-Disease-Classification/data/processed/audio/cycles/157/1b1_Al_013.wav
157,1b1,Al,COPD,3,train,/Users/vs/Sem 5/Respiratory-Disease-Classification/data/processed/audio/cycles/157/1b1_Al_014.wav
157,1b1,Al,COPD,3,train,/Users/vs/Sem 5/Respiratory-Disease-Classification/data/processed/audio/cycles/157/1b1_Al_015.wav
157,1b1,Ar,COPD,3,train,/Users/vs/Sem 5/Respiratory-Disease-Classification/data/processed/audio/cycles/157/1b1_Ar_001.wav
157,1b1,Ar,COPD,3,train,/Users/vs/Sem 5/Respiratory-Disease-Classification/data/processed/audio/cycles/157/1b1_Ar_002.wav
157,1b1,Ar,COPD,3,train,/Users/vs/Sem 5/Respiratory-Disease-Classification/data/processed/audio/cycles/157/1b1_Ar_003.wav
157,1b1,Ar,COPD,3,train,/Users/vs/Sem 5/Respiratory-Disease-Classification/data/processed/audio/cycles/157/1b1_Ar_004.wav
157,1b1,Ar,COPD,3,train,/Users/vs/Sem 5/Respiratory-Disease-Classification/data/processed/audio/cycles/157/1b1_Ar_005.wav
157,1b1,Ar,COPD,3,train,/Users/vs/Sem 5/Respiratory-Disease-Classification/data/processed/audio/cycles/157/1b1_Ar_006.wav
157,1b1,Ar,COPD,3,train,/Users/vs/Sem 5/Respiratory-Disease-Classification/data/processed/audio/cycles/157/1b1_Ar_007.wav
157,1b1,Ar,COPD,3,train,/Users/vs/Sem 5/Respiratory-Disease-Classification/data/processed/audio/cycles/157/1b1_Ar_008.wav
157,1b1,Ar,COPD,3,train,/Users/vs/Sem 5/Respiratory-Disease-Classification/data/processed/audio/cycles/157/1b1_Ar_009.wav
157,1b1,Ar,COPD,3,train,/Users/vs/Sem 5/Respiratory-Disease-Classification/data/processed/audio/cycles/157/1b1_Ar_010.wav
157,1b1,Ar,COPD,3,train,/Users/vs/Sem 5/Respiratory-Disease-Classification/data/processed/audio/cycles/157/1b1_Ar_011.wav
157,1b1,Ar,COPD,3,train,/Users/vs/Sem 5/Respiratory-Disease-Classification/data/processed/audio/cycles/157/1b1_Ar_012.wav
157,1b1,Lr,COPD,3,train,/Users/vs/Sem 5/Respiratory-Disease-Classification/data/processed/audio/cycles/157/1b1_Lr_001.wav
157,1b1,Lr,COPD,3,train,/Users/vs/Sem 5/Respiratory-Disease-Classification/data/processed/audio/cycles/157/1b1_Lr_002.wav
157,1b1,Lr,COPD,3,train,/Users/vs/Sem 5/Respiratory-Disease-Classification/data/processed/audio/cycles/157/1b1_Lr_003.wav
157,1b1,Lr,COPD,3,train,/Users/vs/Sem 5/Respiratory-Disease-Classification/data/processed/audio/cycles/157/1b1_Lr_004.wav
157,1b1,Lr,COPD,3,train,/Users/vs/Sem 5/Respiratory-Disease-Classification/data/processed/audio/cycles/157/1b1_Lr_005.wav
157,1b1,Lr,COPD,3,train,/Users/vs/Sem 5/Respiratory-Disease-Classification/data/processed/audio/cycles/157/1b1_Lr_006.wav
157,1b1,Lr,COPD,3,train,/Users/vs/Sem 5/Respiratory-Disease-Classification/data/processed/audio/cycles/157/1b1_Lr_007.wav
157,1b1,Lr,COPD,3,train,/Users/vs/Sem 5/Respiratory-Disease-Classification/data/processed/audio/cycles/157/1b1_Lr_008.wav
157,1b1,Lr,COPD,3,train,/Users/vs/Sem 5/Respiratory-Disease-Classification/data/processed/audio/cycles/157/1b1_Lr_009.wav
157,1b1,Pl,COPD,3,train,/Users/vs/Sem 5/Respiratory-Disease-Classification/data/processed/audio/cycles/157/1b1_Pl_001.wav
157,1b1,Pl,COPD,3,train,/Users/vs/Sem 5/Respiratory-Disease-Classification/data/processed/audio/cycles/157/1b1_Pl_002.wav
157,1b1,Pl,COPD,3,train,/Users/vs/Sem 5/Respiratory-Disease-Classification/data/processed/audio/cycles/157/1b1_Pl_003.wav
157,1b1,Pl,COPD,3,train,/Users/vs/Sem 5/Respiratory-Disease-Classification/data/processed/audio/cycles/157/1b1_Pl_004.wav
157,1b1,Pl,COPD,3,train,/Users/vs/Sem 5/Respiratory-Disease-Classification/data/processed/audio/cycles/157/1b1_Pl_005.wav
157,1b1,Pl,COPD,3,train,/Users/vs/Sem 5/Respiratory-Disease-Classification/data/processed/audio/cycles/157/1b1_Pl_006.wav
157,1b1,Pl,COPD,3,train,/Users/vs/Sem 5/Respiratory-Disease-Classification/data/processed/audio/cycles/157/1b1_Pl_007.wav
157,1b1,Pl,COPD,3,train,/Users/vs/Sem 5/Respiratory-Disease-Classification/data/processed/audio/cycles/157/1b1_Pl_008.wav
157,1b1,Pl,COPD,3,train,/Users/vs/Sem 5/Respiratory-Disease-Classification/data/processed/audio/cycles/157/1b1_Pl_009.wav
157,1b1,Pl,COPD,3,train,/Users/vs/Sem 5/Respiratory-Disease-Classification/data/processed/audio/cycles/157/1b1_Pl_010.wav
157,1b1,Pl,COPD,3,train,/Users/vs/Sem 5/Respiratory-Disease-Classification/data/processed/audio/cycles/157/1b1_Pl_011.wav
157,1b1,Pl,COPD,3,train,/Users/vs/Sem 5/Respiratory-Disease-Classification/data/processed/audio/cycles/157/1b1_Pl_012.wav
157,1b1,Pl,COPD,3,train,/Users/vs/Sem 5/Respiratory-Disease-Classification/data/processed/audio/cycles/157/1b1_Pl_013.wav
157,1b1,Pr,COPD,3,train,/Users/vs/Sem 5/Respiratory-Disease-Classification/data/processed/audio/cycles/157/1b1_Pr_001.wav
157,1b1,Pr,COPD,3,train,/Users/vs/Sem 5/Respiratory-Disease-Classification/data/processed/audio/cycles/157/1b1_Pr_002.wav
157,1b1,Pr,COPD,3,train,/Users/vs/Sem 5/Respiratory-Disease-Classification/data/processed/audio/cycles/157/1b1_Pr_003.wav
157,1b1,Pr,COPD,3,train,/Users/vs/Sem 5/Respiratory-Disease-Classification/data/processed/audio/cycles/157/1b1_Pr_004.wav
157,1b1,Pr,COPD,3,train,/Users/vs/Sem 5/Respiratory-Disease-Classification/data/processed/audio/cycles/157/1b1_Pr_005.wav
157,1b1,Pr,COPD,3,train,/Users/vs/Sem 5/Respiratory-Disease-Classification/data/processed/audio/cycles/157/1b1_Pr_006.wav
157,1b1,Pr,COPD,3,train,/Users/vs/Sem 5/Respiratory-Disease-Classification/data/processed/audio/cycles/157/1b1_Pr_007.wav
157,1b1,Pr,COPD,3,train,/Users/vs/Sem 5/Respiratory-Disease-Classification/data/processed/audio/cycles/157/1b1_Pr_008.wav
157,1b1,Pr,COPD,3,train,/Users/vs/Sem 5/Respiratory-Disease-Classification/data/processed/audio/cycles/157/1b1_Pr_009.wav
157,1b1,Pr,COPD,3,train,/Users/vs/Sem 5/Respiratory-Disease-Classification/data/processed/audio/cycles/157/1b1_Pr_010.wav
157,1b1,Pr,COPD,3,train,/Users/vs/Sem 5/Respiratory-Disease-Classification/data/processed/audio/cycles/157/1b1_Pr_011.wav
157,1b1,Pr,COPD,3,train,/Users/vs/Sem 5/Respiratory-Disease-Classification/data/processed/audio/cycles/157/1b1_Pr_012.wav
157,1b1,Pr,COPD,3,train,/Users/vs/Sem 5/Respiratory-Disease-Classification/data/processed/audio/cycles/157/1b1_Pr_013.wav
157,1b1,Pr,COPD,3,train,/Users/vs/Sem 5/Respiratory-Disease-Classification/data/processed/audio/cycles/157/1b1_Pr_014.wav
157,1b1,Pr,COPD,3,train,/Users/vs/Sem 5/Respiratory-Disease-Classification/data/processed/audio/cycles/157/1b1_Pr_015.wav
158,1b3,Ar,COPD,3,train,/Users/vs/Sem 5/Respiratory-Disease-Classification/data/processed/audio/cycles/158/1b3_Ar_001.wav
158,1b3,Ar,COPD,3,train,/Users/vs/Sem 5/Respiratory-Disease-Classification/data/processed/audio/cycles/158/1b3_Ar_002.wav
158,1b3,Ar,COPD,3,train,/Users/vs/Sem 5/Respiratory-Disease-Classification/data/processed/audio/cycles/158/1b3_Ar_003.wav
158,1b3,Ar,COPD,3,train,/Users/vs/Sem 5/Respiratory-Disease-Classification/data/processed/audio/cycles/158/1b3_Ar_004.wav
158,1b3,Ar,COPD,3,train,/Users/vs/Sem 5/Respiratory-Disease-Classification/data/processed/audio/cycles/158/1b3_Ar_005.wav
158,1b3,Ar,COPD,3,train,/Users/vs/Sem 5/Respiratory-Disease-Classification/data/processed/audio/cycles/158/1b3_Ar_006.wav
158,1b3,Ar,COPD,3,train,/Users/vs/Sem 5/Respiratory-Disease-Classification/data/processed/audio/cycles/158/1b3_Ar_007.wav
158,1b3,Ar,COPD,3,train,/Users/vs/Sem 5/Respiratory-Disease-Classification/data/processed/audio/cycles/158/1b3_Ar_008.wav
158,1b3,Ar,COPD,3,train,/Users/vs/Sem 5/Respiratory-Disease-Classification/data/processed/audio/cycles/158/1b3_Ar_009.wav
158,1b3,Ar,COPD,3,train,/Users/vs/Sem 5/Respiratory-Disease-Classification/data/processed/audio/cycles/158/1b3_Ar_010.wav
158,1b3,Ar,COPD,3,train,/Users/vs/Sem 5/Respiratory-Disease-Classification/data/processed/audio/cycles/158/1b3_Ar_011.wav
158,1p2,Al,COPD,3,train,/Users/vs/Sem 5/Respiratory-Disease-Classification/data/processed/audio/cycles/158/1p2_Al_001.wav
158,1p2,Al,COPD,3,train,/Users/vs/Sem 5/Respiratory-Disease-Classification/data/processed/audio/cycles/158/1p2_Al_002.wav
158,1p2,Al,COPD,3,train,/Users/vs/Sem 5/Respiratory-Disease-Classification/data/processed/audio/cycles/158/1p2_Al_003.wav
158,1p2,Al,COPD,3,train,/Users/vs/Sem 5/Respiratory-Disease-Classification/data/processed/audio/cycles/158/1p2_Al_004.wav
158,1p2,Al,COPD,3,train,/Users/vs/Sem 5/Respiratory-Disease-Classification/data/processed/audio/cycles/158/1p2_Al_005.wav
158,1p2,Al,COPD,3,train,/Users/vs/Sem 5/Respiratory-Disease-Classification/data/processed/audio/cycles/158/1p2_Al_006.wav
158,1p2,Al,COPD,3,train,/Users/vs/Sem 5/Respiratory-Disease-Classification/data/processed/audio/cycles/158/1p2_Al_007.wav
158,1p2,Al,COPD,3,train,/Users/vs/Sem 5/Respiratory-Disease-Classification/data/processed/audio/cycles/158/1p2_Al_008.wav
158,1p2,Ar,COPD,3,train,/Users/vs/Sem 5/Respiratory-Disease-Classification/data/processed/audio/cycles/158/1p2_Ar_001.wav
158,1p2,Ar,COPD,3,train,/Users/vs/Sem 5/Respiratory-Disease-Classification/data/processed/audio/cycles/158/1p2_Ar_002.wav
158,1p2,Ar,COPD,3,train,/Users/vs/Sem 5/Respiratory-Disease-Classification/data/processed/audio/cycles/158/1p2_Ar_003.wav
158,1p2,Ar,COPD,3,train,/Users/vs/Sem 5/Respiratory-Disease-Classification/data/processed/audio/cycles/158/1p2_Ar_004.wav
158,1p2,Ar,COPD,3,train,/Users/vs/Sem 5/Respiratory-Disease-Classification/data/processed/audio/cycles/158/1p2_Ar_005.wav
158,1p2,Ar,COPD,3,train,/Users/vs/Sem 5/Respiratory-Disease-Classification/data/processed/audio/cycles/158/1p2_Ar_006.wav
158,1p2,Ar,COPD,3,train,/Users/vs/Sem 5/Respiratory-Disease-Classification/data/processed/audio/cycles/158/1p2_Ar_007.wav
158,1p2,Ar,COPD,3,train,/Users/vs/Sem 5/Respiratory-Disease-Classification/data/processed/audio/cycles/158/1p2_Ar_008.wav
158,1p2,Ll,COPD,3,train,/Users/vs/Sem 5/Respiratory-Disease-Classification/data/processed/audio/cycles/158/1p2_Ll_001.wav
158,1p2,Ll,COPD,3,train,/Users/vs/Sem 5/Respiratory-Disease-Classification/data/processed/audio/cycles/158/1p2_Ll_002.wav
158,1p2,Ll,COPD,3,train,/Users/vs/Sem 5/Respiratory-Disease-Classification/data/processed/audio/cycles/158/1p2_Ll_003.wav
158,1p2,Ll,COPD,3,train,/Users/vs/Sem 5/Respiratory-Disease-Classification/data/processed/audio/cycles/158/1p2_Ll_004.wav
158,1p2,Ll,COPD,3,train,/Users/vs/Sem 5/Respiratory-Disease-Classification/data/processed/audio/cycles/158/1p2_Ll_005.wav
158,1p2,Ll,COPD,3,train,/Users/vs/Sem 5/Respiratory-Disease-Classification/data/processed/audio/cycles/158/1p2_Ll_006.wav
158,1p2,Ll,COPD,3,train,/Users/vs/Sem 5/Respiratory-Disease-Classification/data/processed/audio/cycles/158/1p2_Ll_007.wav
158,1p2,Ll,COPD,3,train,/Users/vs/Sem 5/Respiratory-Disease-Classification/data/processed/audio/cycles/158/1p2_Ll_008.wav
158,1p2,Lr,COPD,3,train,/Users/vs/Sem 5/Respiratory-Disease-Classification/data/processed/audio/cycles/158/1p2_Lr_001.wav
158,1p2,Lr,COPD,3,train,/Users/vs/Sem 5/Respiratory-Disease-Classification/data/processed/audio/cycles/158/1p2_Lr_002.wav
158,1p2,Lr,COPD,3,train,/Users/vs/Sem 5/Respiratory-Disease-Classification/data/processed/audio/cycles/158/1p2_Lr_003.wav
158,1p2,Lr,COPD,3,train,/Users/vs/Sem 5/Respiratory-Disease-Classification/data/processed/audio/cycles/158/1p2_Lr_004.wav
158,1p2,Lr,COPD,3,train,/Users/vs/Sem 5/Respiratory-Disease-Classification/data/processed/audio/cycles/158/1p2_Lr_005.wav
158,1p2,Lr,COPD,3,train,/Users/vs/Sem 5/Respiratory-Disease-Classification/data/processed/audio/cycles/158/1p2_Lr_006.wav
158,1p2,Lr,COPD,3,train,/Users/vs/Sem 5/Respiratory-Disease-Classification/data/processed/audio/cycles/158/1p2_Lr_007.wav
158,1p2,Lr,COPD,3,train,/Users/vs/Sem 5/Respiratory-Disease-Classification/data/processed/audio/cycles/158/1p2_Lr_008.wav
158,1p2,Pl,COPD,3,train,/Users/vs/Sem 5/Respiratory-Disease-Classification/data/processed/audio/cycles/158/1p2_Pl_001.wav
158,1p2,Pl,COPD,3,train,/Users/vs/Sem 5/Respiratory-Disease-Classification/data/processed/audio/cycles/158/1p2_Pl_002.wav
158,1p2,Pl,COPD,3,train,/Users/vs/Sem 5/Respiratory-Disease-Classification/data/processed/audio/cycles/158/1p2_Pl_003.wav
158,1p2,Pl,COPD,3,train,/Users/vs/Sem 5/Respiratory-Disease-Classification/data/processed/audio/cycles/158/1p2_Pl_004.wav
158,1p2,Pl,COPD,3,train,/Users/vs/Sem 5/Respiratory-Disease-Classification/data/processed/audio/cycles/158/1p2_Pl_005.wav
158,1p2,Pl,COPD,3,train,/Users/vs/Sem 5/Respiratory-Disease-Classification/data/processed/audio/cycles/158/1p2_Pl_006.wav
158,1p2,Pl,COPD,3,train,/Users/vs/Sem 5/Respiratory-Disease-Classification/data/processed/audio/cycles/158/1p2_Pl_007.wav
158,1p2,Pl,COPD,3,train,/Users/vs/Sem 5/Respiratory-Disease-Classification/data/processed/audio/cycles/158/1p2_Pl_008.wav
158,1p2,Pr,COPD,3,train,/Users/vs/Sem 5/Respiratory-Disease-Classification/data/processed/audio/cycles/158/1p2_Pr_001.wav
158,1p2,Pr,COPD,3,train,/Users/vs/Sem 5/Respiratory-Disease-Classification/data/processed/audio/cycles/158/1p2_Pr_002.wav
158,1p2,Pr,COPD,3,train,/Users/vs/Sem 5/Respiratory-Disease-Classification/data/processed/audio/cycles/158/1p2_Pr_003.wav
158,1p2,Pr,COPD,3,train,/Users/vs/Sem 5/Respiratory-Disease-Classification/data/processed/audio/cycles/158/1p2_Pr_004.wav
158,1p2,Pr,COPD,3,train,/Users/vs/Sem 5/Respiratory-Disease-Classification/data/processed/audio/cycles/158/1p2_Pr_005.wav
158,1p2,Pr,COPD,3,train,/Users/vs/Sem 5/Respiratory-Disease-Classification/data/processed/audio/cycles/158/1p2_Pr_006.wav
158,1p2,Pr,COPD,3,train,/Users/vs/Sem 5/Respiratory-Disease-Classification/data/processed/audio/cycles/158/1p2_Pr_007.wav
158,1p2,Pr,COPD,3,train,/Users/vs/Sem 5/Respiratory-Disease-Classification/data/processed/audio/cycles/158/1p2_Pr_008.wav
158,1p2,Tc,COPD,3,train,/Users/vs/Sem 5/Respiratory-Disease-Classification/data/processed/audio/cycles/158/1p2_Tc_001.wav
158,1p2,Tc,COPD,3,train,/Users/vs/Sem 5/Respiratory-Disease-Classification/data/processed/audio/cycles/158/1p2_Tc_002.wav
158,1p2,Tc,COPD,3,train,/Users/vs/Sem 5/Respiratory-Disease-Classification/data/processed/audio/cycles/158/1p2_Tc_003.wav
158,1p2,Tc,COPD,3,train,/Users/vs/Sem 5/Respiratory-Disease-Classification/data/processed/audio/cycles/158/1p2_Tc_004.wav
158,1p2,Tc,COPD,3,train,/Users/vs/Sem 5/Respiratory-Disease-Classification/data/processed/audio/cycles/158/1p2_Tc_005.wav
158,1p2,Tc,COPD,3,train,/Users/vs/Sem 5/Respiratory-Disease-Classification/data/processed/audio/cycles/158/1p2_Tc_006.wav
158,1p2,Tc,COPD,3,train,/Users/vs/Sem 5/Respiratory-Disease-Classification/data/processed/audio/cycles/158/1p2_Tc_007.wav
158,1p2,Tc,COPD,3,train,/Users/vs/Sem 5/Respiratory-Disease-Classification/data/processed/audio/cycles/158/1p2_Tc_008.wav
158,1p3,Al,COPD,3,train,/Users/vs/Sem 5/Respiratory-Disease-Classification/data/processed/audio/cycles/158/1p3_Al_001.wav
158,1p3,Al,COPD,3,train,/Users/vs/Sem 5/Respiratory-Disease-Classification/data/processed/audio/cycles/158/1p3_Al_002.wav
158,1p3,Al,COPD,3,train,/Users/vs/Sem 5/Respiratory-Disease-Classification/data/processed/audio/cycles/158/1p3_Al_003.wav
158,1p3,Al,COPD,3,train,/Users/vs/Sem 5/Respiratory-Disease-Classification/data/processed/audio/cycles/158/1p3_Al_004.wav
158,1p3,Al,COPD,3,train,/Users/vs/Sem 5/Respiratory-Disease-Classification/data/processed/audio/cycles/158/1p3_Al_005.wav
158,1p3,Al,COPD,3,train,/Users/vs/Sem 5/Respiratory-Disease-Classification/data/processed/audio/cycles/158/1p3_Al_006.wav
158,1p3,Al,COPD,3,train,/Users/vs/Sem 5/Respiratory-Disease-Classification/data/processed/audio/cycles/158/1p3_Al_007.wav
158,1p3,Al,COPD,3,train,/Users/vs/Sem 5/Respiratory-Disease-Classification/data/processed/audio/cycles/158/1p3_Al_008.wav
158,1p3,Al,COPD,3,train,/Users/vs/Sem 5/Respiratory-Disease-Classification/data/processed/audio/cycles/158/1p3_Al_009.wav
158,1p3,Ar,COPD,3,train,/Users/vs/Sem 5/Respiratory-Disease-Classification/data/processed/audio/cycles/158/1p3_Ar_001.wav
158,1p3,Ar,COPD,3,train,/Users/vs/Sem 5/Respiratory-Disease-Classification/data/processed/audio/cycles/158/1p3_Ar_002.wav
158,1p3,Ar,COPD,3,train,/Users/vs/Sem 5/Respiratory-Disease-Classification/data/processed/audio/cycles/158/1p3_Ar_003.wav
158,1p3,Ar,COPD,3,train,/Users/vs/Sem 5/Respiratory-Disease-Classification/data/processed/audio/cycles/158/1p3_Ar_004.wav
158,1p3,Ar,COPD,3,train,/Users/vs/Sem 5/Respiratory-Disease-Classification/data/processed/audio/cycles/158/1p3_Ar_005.wav
158,1p3,Ar,COPD,3,train,/Users/vs/Sem 5/Respiratory-Disease-Classification/data/processed/audio/cycles/158/1p3_Ar_006.wav
158,1p3,Ar,COPD,3,train,/Users/vs/Sem 5/Respiratory-Disease-Classification/data/processed/audio/cycles/158/1p3_Ar_007.wav
158,1p3,Ar,COPD,3,train,/Users/vs/Sem 5/Respiratory-Disease-Classification/data/processed/audio/cycles/158/1p3_Ar_008.wav
158,1p3,Ar,COPD,3,train,/Users/vs/Sem 5/Respiratory-Disease-Classification/data/processed/audio/cycles/158/1p3_Ar_009.wav
158,1p3,Ll,COPD,3,train,/Users/vs/Sem 5/Respiratory-Disease-Classification/data/processed/audio/cycles/158/1p3_Ll_001.wav
158,1p3,Ll,COPD,3,train,/Users/vs/Sem 5/Respiratory-Disease-Classification/data/processed/audio/cycles/158/1p3_Ll_002.wav
158,1p3,Ll,COPD,3,train,/Users/vs/Sem 5/Respiratory-Disease-Classification/data/processed/audio/cycles/158/1p3_Ll_003.wav
158,1p3,Ll,COPD,3,train,/Users/vs/Sem 5/Respiratory-Disease-Classification/data/processed/audio/cycles/158/1p3_Ll_004.wav
158,1p3,Ll,COPD,3,train,/Users/vs/Sem 5/Respiratory-Disease-Classification/data/processed/audio/cycles/158/1p3_Ll_005.wav
158,1p3,Ll,COPD,3,train,/Users/vs/Sem 5/Respiratory-Disease-Classification/data/processed/audio/cycles/158/1p3_Ll_006.wav
158,1p3,Ll,COPD,3,train,/Users/vs/Sem 5/Respiratory-Disease-Classification/data/processed/audio/cycles/158/1p3_Ll_007.wav
158,1p3,Ll,COPD,3,train,/Users/vs/Sem 5/Respiratory-Disease-Classification/data/processed/audio/cycles/158/1p3_Ll_008.wav
158,1p3,Ll,COPD,3,train,/Users/vs/Sem 5/Respiratory-Disease-Classification/data/processed/audio/cycles/158/1p3_Ll_009.wav
158,1p3,Lr,COPD,3,train,/Users/vs/Sem 5/Respiratory-Disease-Classification/data/processed/audio/cycles/158/1p3_Lr_001.wav
158,1p3,Lr,COPD,3,train,/Users/vs/Sem 5/Respiratory-Disease-Classification/data/processed/audio/cycles/158/1p3_Lr_002.wav
158,1p3,Lr,COPD,3,train,/Users/vs/Sem 5/Respiratory-Disease-Classification/data/processed/audio/cycles/158/1p3_Lr_003.wav
158,1p3,Lr,COPD,3,train,/Users/vs/Sem 5/Respiratory-Disease-Classification/data/processed/audio/cycles/158/1p3_Lr_004.wav
158,1p3,Lr,COPD,3,train,/Users/vs/Sem 5/Respiratory-Disease-Classification/data/processed/audio/cycles/158/1p3_Lr_005.wav
158,1p3,Lr,COPD,3,train,/Users/vs/Sem 5/Respiratory-Disease-Classification/data/processed/audio/cycles/158/1p3_Lr_006.wav
158,1p3,Lr,COPD,3,train,/Users/vs/Sem 5/Respiratory-Disease-Classification/data/processed/audio/cycles/158/1p3_Lr_007.wav
158,1p3,Lr,COPD,3,train,/Users/vs/Sem 5/Respiratory-Disease-Classification/data/processed/audio/cycles/158/1p3_Lr_008.wav
158,1p3,Lr,COPD,3,train,/Users/vs/Sem 5/Respiratory-Disease-Classification/data/processed/audio/cycles/158/1p3_Lr_009.wav
158,1p3,Pl,COPD,3,train,/Users/vs/Sem 5/Respiratory-Disease-Classification/data/processed/audio/cycles/158/1p3_Pl_001.wav
158,1p3,Pl,COPD,3,train,/Users/vs/Sem 5/Respiratory-Disease-Classification/data/processed/audio/cycles/158/1p3_Pl_002.wav
158,1p3,Pl,COPD,3,train,/Users/vs/Sem 5/Respiratory-Disease-Classification/data/processed/audio/cycles/158/1p3_Pl_003.wav
158,1p3,Pl,COPD,3,train,/Users/vs/Sem 5/Respiratory-Disease-Classification/data/processed/audio/cycles/158/1p3_Pl_004.wav
158,1p3,Pl,COPD,3,train,/Users/vs/Sem 5/Respiratory-Disease-Classification/data/processed/audio/cycles/158/1p3_Pl_005.wav
158,1p3,Pl,COPD,3,train,/Users/vs/Sem 5/Respiratory-Disease-Classification/data/processed/audio/cycles/158/1p3_Pl_006.wav
158,1p3,Pl,COPD,3,train,/Users/vs/Sem 5/Respiratory-Disease-Classification/data/processed/audio/cycles/158/1p3_Pl_007.wav
158,1p3,Pl,COPD,3,train,/Users/vs/Sem 5/Respiratory-Disease-Classification/data/processed/audio/cycles/158/1p3_Pl_008.wav
158,1p3,Pl,COPD,3,train,/Users/vs/Sem 5/Respiratory-Disease-Classification/data/processed/audio/cycles/158/1p3_Pl_009.wav
158,1p3,Pr,COPD,3,train,/Users/vs/Sem 5/Respiratory-Disease-Classification/data/processed/audio/cycles/158/1p3_Pr_001.wav
158,1p3,Pr,COPD,3,train,/Users/vs/Sem 5/Respiratory-Disease-Classification/data/processed/audio/cycles/158/1p3_Pr_002.wav
158,1p3,Pr,COPD,3,train,/Users/vs/Sem 5/Respiratory-Disease-Classification/data/processed/audio/cycles/158/1p3_Pr_003.wav
158,1p3,Pr,COPD,3,train,/Users/vs/Sem 5/Respiratory-Disease-Classification/data/processed/audio/cycles/158/1p3_Pr_004.wav
158,1p3,Pr,COPD,3,train,/Users/vs/Sem 5/Respiratory-Disease-Classification/data/processed/audio/cycles/158/1p3_Pr_005.wav
158,1p3,Pr,COPD,3,train,/Users/vs/Sem 5/Respiratory-Disease-Classification/data/processed/audio/cycles/158/1p3_Pr_006.wav
158,1p3,Pr,COPD,3,train,/Users/vs/Sem 5/Respiratory-Disease-Classification/data/processed/audio/cycles/158/1p3_Pr_007.wav
158,1p3,Pr,COPD,3,train,/Users/vs/Sem 5/Respiratory-Disease-Classification/data/processed/audio/cycles/158/1p3_Pr_008.wav
158,1p3,Pr,COPD,3,train,/Users/vs/Sem 5/Respiratory-Disease-Classification/data/processed/audio/cycles/158/1p3_Pr_009.wav
158,1p3,Tc,COPD,3,train,/Users/vs/Sem 5/Respiratory-Disease-Classification/data/processed/audio/cycles/158/1p3_Tc_001.wav
158,1p3,Tc,COPD,3,train,/Users/vs/Sem 5/Respiratory-Disease-Classification/data/processed/audio/cycles/158/1p3_Tc_002.wav
158,1p3,Tc,COPD,3,train,/Users/vs/Sem 5/Respiratory-Disease-Classification/data/processed/audio/cycles/158/1p3_Tc_003.wav
158,1p3,Tc,COPD,3,train,/Users/vs/Sem 5/Respiratory-Disease-Classification/data/processed/audio/cycles/158/1p3_Tc_004.wav
158,1p3,Tc,COPD,3,train,/Users/vs/Sem 5/Respiratory-Disease-Classification/data/processed/audio/cycles/158/1p3_Tc_005.wav
158,1p3,Tc,COPD,3,train,/Users/vs/Sem 5/Respiratory-Disease-Classification/data/processed/audio/cycles/158/1p3_Tc_006.wav
158,1p3,Tc,COPD,3,train,/Users/vs/Sem 5/Respiratory-Disease-Classification/data/processed/audio/cycles/158/1p3_Tc_007.wav
158,1p3,Tc,COPD,3,train,/Users/vs/Sem 5/Respiratory-Disease-Classification/data/processed/audio/cycles/158/1p3_Tc_008.wav
158,1p3,Tc,COPD,3,train,/Users/vs/Sem 5/Respiratory-Disease-Classification/data/processed/audio/cycles/158/1p3_Tc_009.wav
158,1p4,Al,COPD,3,train,/Users/vs/Sem 5/Respiratory-Disease-Classification/data/processed/audio/cycles/158/1p4_Al_001.wav
158,1p4,Al,COPD,3,train,/Users/vs/Sem 5/Respiratory-Disease-Classification/data/processed/audio/cycles/158/1p4_Al_002.wav
158,1p4,Al,COPD,3,train,/Users/vs/Sem 5/Respiratory-Disease-Classification/data/processed/audio/cycles/158/1p4_Al_003.wav
158,1p4,Al,COPD,3,train,/Users/vs/Sem 5/Respiratory-Disease-Classification/data/processed/audio/cycles/158/1p4_Al_004.wav
158,1p4,Al,COPD,3,train,/Users/vs/Sem 5/Respiratory-Disease-Classification/data/processed/audio/cycles/158/1p4_Al_005.wav
158,1p4,Al,COPD,3,train,/Users/vs/Sem 5/Respiratory-Disease-Classification/data/processed/audio/cycles/158/1p4_Al_006.wav
158,1p4,Al,COPD,3,train,/Users/vs/Sem 5/Respiratory-Disease-Classification/data/processed/audio/cycles/158/1p4_Al_007.wav
158,1p4,Al,COPD,3,train,/Users/vs/Sem 5/Respiratory-Disease-Classification/data/processed/audio/cycles/158/1p4_Al_008.wav
158,1p4,Al,COPD,3,train,/Users/vs/Sem 5/Respiratory-Disease-Classification/data/processed/audio/cycles/158/1p4_Al_009.wav
158,1p4,Ar,COPD,3,train,/Users/vs/Sem 5/Respiratory-Disease-Classification/data/processed/audio/cycles/158/1p4_Ar_001.wav
158,1p4,Ar,COPD,3,train,/Users/vs/Sem 5/Respiratory-Disease-Classification/data/processed/audio/cycles/158/1p4_Ar_002.wav
158,1p4,Ar,COPD,3,train,/Users/vs/Sem 5/Respiratory-Disease-Classification/data/processed/audio/cycles/158/1p4_Ar_003.wav
158,1p4,Ar,COPD,3,train,/Users/vs/Sem 5/Respiratory-Disease-Classification/data/processed/audio/cycles/158/1p4_Ar_004.wav
158,1p4,Ar,COPD,3,train,/Users/vs/Sem 5/Respiratory-Disease-Classification/data/processed/audio/cycles/158/1p4_Ar_005.wav
158,1p4,Ar,COPD,3,train,/Users/vs/Sem 5/Respiratory-Disease-Classification/data/processed/audio/cycles/158/1p4_Ar_006.wav
158,1p4,Ar,COPD,3,train,/Users/vs/Sem 5/Respiratory-Disease-Classification/data/processed/audio/cycles/158/1p4_Ar_007.wav
158,1p4,Ar,COPD,3,train,/Users/vs/Sem 5/Respiratory-Disease-Classification/data/processed/audio/cycles/158/1p4_Ar_008.wav
158,1p4,Ar,COPD,3,train,/Users/vs/Sem 5/Respiratory-Disease-Classification/data/processed/audio/cycles/158/1p4_Ar_009.wav
158,1p4,Lr,COPD,3,train,/Users/vs/Sem 5/Respiratory-Disease-Classification/data/processed/audio/cycles/158/1p4_Lr_001.wav
158,1p4,Lr,COPD,3,train,/Users/vs/Sem 5/Respiratory-Disease-Classification/data/processed/audio/cycles/158/1p4_Lr_002.wav
158,1p4,Lr,COPD,3,train,/Users/vs/Sem 5/Respiratory-Disease-Classification/data/processed/audio/cycles/158/1p4_Lr_003.wav
158,1p4,Lr,COPD,3,train,/Users/vs/Sem 5/Respiratory-Disease-Classification/data/processed/audio/cycles/158/1p4_Lr_004.wav
158,1p4,Lr,COPD,3,train,/Users/vs/Sem 5/Respiratory-Disease-Classification/data/processed/audio/cycles/158/1p4_Lr_005.wav
158,1p4,Lr,COPD,3,train,/Users/vs/Sem 5/Respiratory-Disease-Classification/data/processed/audio/cycles/158/1p4_Lr_006.wav
158,1p4,Lr,COPD,3,train,/Users/vs/Sem 5/Respiratory-Disease-Classification/data/processed/audio/cycles/158/1p4_Lr_007.wav
158,1p4,Lr,COPD,3,train,/Users/vs/Sem 5/Respiratory-Disease-Classification/data/processed/audio/cycles/158/1p4_Lr_008.wav
158,1p4,Lr,COPD,3,train,/Users/vs/Sem 5/Respiratory-Disease-Classification/data/processed/audio/cycles/158/1p4_Lr_009.wav
158,1p4,Pl,COPD,3,train,/Users/vs/Sem 5/Respiratory-Disease-Classification/data/processed/audio/cycles/158/1p4_Pl_001.wav
158,1p4,Pl,COPD,3,train,/Users/vs/Sem 5/Respiratory-Disease-Classification/data/processed/audio/cycles/158/1p4_Pl_002.wav
158,1p4,Pl,COPD,3,train,/Users/vs/Sem 5/Respiratory-Disease-Classification/data/processed/audio/cycles/158/1p4_Pl_003.wav
158,1p4,Pl,COPD,3,train,/Users/vs/Sem 5/Respiratory-Disease-Classification/data/processed/audio/cycles/158/1p4_Pl_004.wav
158,1p4,Pl,COPD,3,train,/Users/vs/Sem 5/Respiratory-Disease-Classification/data/processed/audio/cycles/158/1p4_Pl_005.wav
158,1p4,Pl,COPD,3,train,/Users/vs/Sem 5/Respiratory-Disease-Classification/data/processed/audio/cycles/158/1p4_Pl_006.wav
158,1p4,Pl,COPD,3,train,/Users/vs/Sem 5/Respiratory-Disease-Classification/data/processed/audio/cycles/158/1p4_Pl_007.wav
158,1p4,Pl,COPD,3,train,/Users/vs/Sem 5/Respiratory-Disease-Classification/data/processed/audio/cycles/158/1p4_Pl_008.wav
158,1p4,Pl,COPD,3,train,/Users/vs/Sem 5/Respiratory-Disease-Classification/data/processed/audio/cycles/158/1p4_Pl_009.wav
158,1p4,Pr,COPD,3,train,/Users/vs/Sem 5/Respiratory-Disease-Classification/data/processed/audio/cycles/158/1p4_Pr_001.wav
158,1p4,Pr,COPD,3,train,/Users/vs/Sem 5/Respiratory-Disease-Classification/data/processed/audio/cycles/158/1p4_Pr_002.wav
158,1p4,Pr,COPD,3,train,/Users/vs/Sem 5/Respiratory-Disease-Classification/data/processed/audio/cycles/158/1p4_Pr_003.wav
158,1p4,Pr,COPD,3,train,/Users/vs/Sem 5/Respiratory-Disease-Classification/data/processed/audio/cycles/158/1p4_Pr_004.wav
158,1p4,Pr,COPD,3,train,/Users/vs/Sem 5/Respiratory-Disease-Classification/data/processed/audio/cycles/158/1p4_Pr_005.wav
158,1p4,Pr,COPD,3,train,/Users/vs/Sem 5/Respiratory-Disease-Classification/data/processed/audio/cycles/158/1p4_Pr_006.wav
158,1p4,Pr,COPD,3,train,/Users/vs/Sem 5/Respiratory-Disease-Classification/data/processed/audio/cycles/158/1p4_Pr_007.wav
158,1p4,Pr,COPD,3,train,/Users/vs/Sem 5/Respiratory-Disease-Classification/data/processed/audio/cycles/158/1p4_Pr_008.wav
158,1p4,Pr,COPD,3,train,/Users/vs/Sem 5/Respiratory-Disease-Classification/data/processed/audio/cycles/158/1p4_Pr_009.wav
158,1p4,Tc,COPD,3,train,/Users/vs/Sem 5/Respiratory-Disease-Classification/data/processed/audio/cycles/158/1p4_Tc_001.wav
158,1p4,Tc,COPD,3,train,/Users/vs/Sem 5/Respiratory-Disease-Classification/data/processed/audio/cycles/158/1p4_Tc_002.wav
158,1p4,Tc,COPD,3,train,/Users/vs/Sem 5/Respiratory-Disease-Classification/data/processed/audio/cycles/158/1p4_Tc_003.wav
158,1p4,Tc,COPD,3,train,/Users/vs/Sem 5/Respiratory-Disease-Classification/data/processed/audio/cycles/158/1p4_Tc_004.wav
158,1p4,Tc,COPD,3,train,/Users/vs/Sem 5/Respiratory-Disease-Classification/data/processed/audio/cycles/158/1p4_Tc_005.wav
158,1p4,Tc,COPD,3,train,/Users/vs/Sem 5/Respiratory-Disease-Classification/data/processed/audio/cycles/158/1p4_Tc_006.wav
158,1p4,Tc,COPD,3,train,/Users/vs/Sem 5/Respiratory-Disease-Classification/data/processed/audio/cycles/158/1p4_Tc_007.wav
158,1p4,Tc,COPD,3,train,/Users/vs/Sem 5/Respiratory-Disease-Classification/data/processed/audio/cycles/158/1p4_Tc_008.wav
158,1p4,Tc,COPD,3,train,/Users/vs/Sem 5/Respiratory-Disease-Classification/data/processed/audio/cycles/158/1p4_Tc_009.wav
158,2p2,Ar,COPD,3,train,/Users/vs/Sem 5/Respiratory-Disease-Classification/data/processed/audio/cycles/158/2p2_Ar_001.wav
158,2p2,Ar,COPD,3,train,/Users/vs/Sem 5/Respiratory-Disease-Classification/data/processed/audio/cycles/158/2p2_Ar_002.wav
158,2p2,Ar,COPD,3,train,/Users/vs/Sem 5/Respiratory-Disease-Classification/data/processed/audio/cycles/158/2p2_Ar_003.wav
158,2p2,Ar,COPD,3,train,/Users/vs/Sem 5/Respiratory-Disease-Classification/data/processed/audio/cycles/158/2p2_Ar_004.wav
158,2p2,Ar,COPD,3,train,/Users/vs/Sem 5/Respiratory-Disease-Classification/data/processed/audio/cycles/158/2p2_Ar_005.wav
158,2p2,Ar,COPD,3,train,/Users/vs/Sem 5/Respiratory-Disease-Classification/data/processed/audio/cycles/158/2p2_Ar_006.wav
158,2p2,Ar,COPD,3,train,/Users/vs/Sem 5/Respiratory-Disease-Classification/data/processed/audio/cycles/158/2p2_Ar_007.wav
158,2p2,Ar,COPD,3,train,/Users/vs/Sem 5/Respiratory-Disease-Classification/data/processed/audio/cycles/158/2p2_Ar_008.wav
158,2p2,Ar,COPD,3,train,/Users/vs/Sem 5/Respiratory-Disease-Classification/data/processed/audio/cycles/158/2p2_Ar_009.wav
158,2p3,Lr,COPD,3,train,/Users/vs/Sem 5/Respiratory-Disease-Classification/data/processed/audio/cycles/158/2p3_Lr_001.wav
158,2p3,Lr,COPD,3,train,/Users/vs/Sem 5/Respiratory-Disease-Classification/data/processed/audio/cycles/158/2p3_Lr_002.wav
158,2p3,Lr,COPD,3,train,/Users/vs/Sem 5/Respiratory-Disease-Classification/data/processed/audio/cycles/158/2p3_Lr_003.wav
158,2p3,Lr,COPD,3,train,/Users/vs/Sem 5/Respiratory-Disease-Classification/data/processed/audio/cycles/158/2p3_Lr_004.wav
158,2p3,Lr,COPD,3,train,/Users/vs/Sem 5/Respiratory-Disease-Classification/data/processed/audio/cycles/158/2p3_Lr_005.wav
158,2p3,Lr,COPD,3,train,/Users/vs/Sem 5/Respiratory-Disease-Classification/data/processed/audio/cycles/158/2p3_Lr_006.wav
158,2p3,Lr,COPD,3,train,/Users/vs/Sem 5/Respiratory-Disease-Classification/data/processed/audio/cycles/158/2p3_Lr_007.wav
158,2p3,Lr,COPD,3,train,/Users/vs/Sem 5/Respiratory-Disease-Classification/data/processed/audio/cycles/158/2p3_Lr_008.wav
158,2p3,Lr,COPD,3,train,/Users/vs/Sem 5/Respiratory-Disease-Classification/data/processed/audio/cycles/158/2p3_Lr_009.wav
158,2p3,Lr,COPD,3,train,/Users/vs/Sem 5/Respiratory-Disease-Classification/data/processed/audio/cycles/158/2p3_Lr_010.wav
158,2p3,Lr,COPD,3,train,/Users/vs/Sem 5/Respiratory-Disease-Classification/data/processed/audio/cycles/158/2p3_Lr_011.wav
158,2p3,Lr,COPD,3,train,/Users/vs/Sem 5/Respiratory-Disease-Classification/data/processed/audio/cycles/158/2p3_Lr_012.wav
158,2p3,Tc,COPD,3,train,/Users/vs/Sem 5/Respiratory-Disease-Classification/data/processed/audio/cycles/158/2p3_Tc_001.wav
158,2p3,Tc,COPD,3,train,/Users/vs/Sem 5/Respiratory-Disease-Classification/data/processed/audio/cycles/158/2p3_Tc_002.wav
158,2p3,Tc,COPD,3,train,/Users/vs/Sem 5/Respiratory-Disease-Classification/data/processed/audio/cycles/158/2p3_Tc_003.wav
158,2p3,Tc,COPD,3,train,/Users/vs/Sem 5/Respiratory-Disease-Classification/data/processed/audio/cycles/158/2p3_Tc_004.wav
158,2p3,Tc,COPD,3,train,/Users/vs/Sem 5/Respiratory-Disease-Classification/data/processed/audio/cycles/158/2p3_Tc_005.wav
158,2p3,Tc,COPD,3,train,/Users/vs/Sem 5/Respiratory-Disease-Classification/data/processed/audio/cycles/158/2p3_Tc_006.wav
158,2p3,Tc,COPD,3,train,/Users/vs/Sem 5/Respiratory-Disease-Classification/data/processed/audio/cycles/158/2p3_Tc_007.wav
158,2p3,Tc,COPD,3,train,/Users/vs/Sem 5/Respiratory-Disease-Classification/data/processed/audio/cycles/158/2p3_Tc_008.wav
158,2p3,Tc,COPD,3,train,/Users/vs/Sem 5/Respiratory-Disease-Classification/data/processed/audio/cycles/158/2p3_Tc_009.wav
158,2p3,Tc,COPD,3,train,/Users/vs/Sem 5/Respiratory-Disease-Classification/data/processed/audio/cycles/158/2p3_Tc_010.wav
158,2p3,Tc,COPD,3,train,/Users/vs/Sem 5/Respiratory-Disease-Classification/data/processed/audio/cycles/158/2p3_Tc_011.wav
158,2p3,Tc,COPD,3,train,/Users/vs/Sem 5/Respiratory-Disease-Classification/data/processed/audio/cycles/158/2p3_Tc_012.wav
159,1b1,Al,Healthy,4,train,/Users/vs/Sem 5/Respiratory-Disease-Classification/data/processed/audio/cycles/159/1b1_Al_001.wav
159,1b1,Al,Healthy,4,train,/Users/vs/Sem 5/Respiratory-Disease-Classification/data/processed/audio/cycles/159/1b1_Al_002.wav
159,1b1,Al,Healthy,4,train,/Users/vs/Sem 5/Respiratory-Disease-Classification/data/processed/audio/cycles/159/1b1_Al_003.wav
159,1b1,Al,Healthy,4,train,/Users/vs/Sem 5/Respiratory-Disease-Classification/data/processed/audio/cycles/159/1b1_Al_004.wav
159,1b1,Al,Healthy,4,train,/Users/vs/Sem 5/Respiratory-Disease-Classification/data/processed/audio/cycles/159/1b1_Al_005.wav
159,1b1,Al,Healthy,4,train,/Users/vs/Sem 5/Respiratory-Disease-Classification/data/processed/audio/cycles/159/1b1_Al_006.wav
159,1b1,Al,Healthy,4,train,/Users/vs/Sem 5/Respiratory-Disease-Classification/data/processed/audio/cycles/159/1b1_Al_007.wav
159,1b1,Al,Healthy,4,train,/Users/vs/Sem 5/Respiratory-Disease-Classification/data/processed/audio/cycles/159/1b1_Al_008.wav
159,1b1,Al,Healthy,4,train,/Users/vs/Sem 5/Respiratory-Disease-Classification/data/processed/audio/cycles/159/1b1_Al_009.wav
159,1b1,Al,Healthy,4,train,/Users/vs/Sem 5/Respiratory-Disease-Classification/data/processed/audio/cycles/159/1b1_Al_010.wav
159,1b1,Al,Healthy,4,train,/Users/vs/Sem 5/Respiratory-Disease-Classification/data/processed/audio/cycles/159/1b1_Al_011.wav
159,1b1,Al,Healthy,4,train,/Users/vs/Sem 5/Respiratory-Disease-Classification/data/processed/audio/cycles/159/1b1_Al_012.wav
159,1b1,Ar,Healthy,4,train,/Users/vs/Sem 5/Respiratory-Disease-Classification/data/processed/audio/cycles/159/1b1_Ar_001.wav
159,1b1,Ar,Healthy,4,train,/Users/vs/Sem 5/Respiratory-Disease-Classification/data/processed/audio/cycles/159/1b1_Ar_002.wav
159,1b1,Ar,Healthy,4,train,/Users/vs/Sem 5/Respiratory-Disease-Classification/data/processed/audio/cycles/159/1b1_Ar_003.wav
159,1b1,Ar,Healthy,4,train,/Users/vs/Sem 5/Respiratory-Disease-Classification/data/processed/audio/cycles/159/1b1_Ar_004.wav
159,1b1,Ar,Healthy,4,train,/Users/vs/Sem 5/Respiratory-Disease-Classification/data/processed/audio/cycles/159/1b1_Ar_005.wav
159,1b1,Ar,Healthy,4,train,/Users/vs/Sem 5/Respiratory-Disease-Classification/data/processed/audio/cycles/159/1b1_Ar_006.wav
159,1b1,Ar,Healthy,4,train,/Users/vs/Sem 5/Respiratory-Disease-Classification/data/processed/audio/cycles/159/1b1_Ar_007.wav
159,1b1,Ar,Healthy,4,train,/Users/vs/Sem 5/Respiratory-Disease-Classification/data/processed/audio/cycles/159/1b1_Ar_008.wav
159,1b1,Ar,Healthy,4,train,/Users/vs/Sem 5/Respiratory-Disease-Classification/data/processed/audio/cycles/159/1b1_Ar_009.wav
159,1b1,Ll,Healthy,4,train,/Users/vs/Sem 5/Respiratory-Disease-Classification/data/processed/audio/cycles/159/1b1_Ll_001.wav
159,1b1,Ll,Healthy,4,train,/Users/vs/Sem 5/Respiratory-Disease-Classification/data/processed/audio/cycles/159/1b1_Ll_002.wav
159,1b1,Ll,Healthy,4,train,/Users/vs/Sem 5/Respiratory-Disease-Classification/data/processed/audio/cycles/159/1b1_Ll_003.wav
159,1b1,Ll,Healthy,4,train,/Users/vs/Sem 5/Respiratory-Disease-Classification/data/processed/audio/cycles/159/1b1_Ll_004.wav
159,1b1,Ll,Healthy,4,train,/Users/vs/Sem 5/Respiratory-Disease-Classification/data/processed/audio/cycles/159/1b1_Ll_005.wav
159,1b1,Ll,Healthy,4,train,/Users/vs/Sem 5/Respiratory-Disease-Classification/data/processed/audio/cycles/159/1b1_Ll_006.wav
159,1b1,Ll,Healthy,4,train,/Users/vs/Sem 5/Respiratory-Disease-Classification/data/processed/audio/cycles/159/1b1_Ll_007.wav
159,1b1,Ll,Healthy,4,train,/Users/vs/Sem 5/Respiratory-Disease-Classification/data/processed/audio/cycles/159/1b1_Ll_008.wav
159,1b1,Ll,Healthy,4,train,/Users/vs/Sem 5/Respiratory-Disease-Classification/data/processed/audio/cycles/159/1b1_Ll_009.wav
159,1b1,Ll,Healthy,4,train,/Users/vs/Sem 5/Respiratory-Disease-Classification/data/processed/audio/cycles/159/1b1_Ll_010.wav
159,1b1,Ll,Healthy,4,train,/Users/vs/Sem 5/Respiratory-Disease-Classification/data/processed/audio/cycles/159/1b1_Ll_011.wav
159,1b1,Ll,Healthy,4,train,/Users/vs/Sem 5/Respiratory-Disease-Classification/data/processed/audio/cycles/159/1b1_Ll_012.wav
159,1b1,Pr,Healthy,4,train,/Users/vs/Sem 5/Respiratory-Disease-Classification/data/processed/audio/cycles/159/1b1_Pr_001.wav
159,1b1,Pr,Healthy,4,train,/Users/vs/Sem 5/Respiratory-Disease-Classification/data/processed/audio/cycles/159/1b1_Pr_002.wav
159,1b1,Pr,Healthy,4,train,/Users/vs/Sem 5/Respiratory-Disease-Classification/data/processed/audio/cycles/159/1b1_Pr_003.wav
159,1b1,Pr,Healthy,4,train,/Users/vs/Sem 5/Respiratory-Disease-Classification/data/processed/audio/cycles/159/1b1_Pr_004.wav
159,1b1,Pr,Healthy,4,train,/Users/vs/Sem 5/Respiratory-Disease-Classification/data/processed/audio/cycles/159/1b1_Pr_005.wav
159,1b1,Pr,Healthy,4,train,/Users/vs/Sem 5/Respiratory-Disease-Classification/data/processed/audio/cycles/159/1b1_Pr_006.wav
159,1b1,Pr,Healthy,4,train,/Users/vs/Sem 5/Respiratory-Disease-Classification/data/processed/audio/cycles/159/1b1_Pr_007.wav
159,1b1,Pr,Healthy,4,train,/Users/vs/Sem 5/Respiratory-Disease-Classification/data/processed/audio/cycles/159/1b1_Pr_008.wav
159,1b1,Pr,Healthy,4,train,/Users/vs/Sem 5/Respiratory-Disease-Classification/data/processed/audio/cycles/159/1b1_Pr_009.wav
160,1b2,Al,COPD,3,test,/Users/vs/Sem 5/Respiratory-Disease-Classification/data/processed/audio/cycles/160/1b2_Al_001.wav
160,1b2,Al,COPD,3,test,/Users/vs/Sem 5/Respiratory-Disease-Classification/data/processed/audio/cycles/160/1b2_Al_002.wav
160,1b2,Ar,COPD,3,test,/Users/vs/Sem 5/Respiratory-Disease-Classification/data/processed/audio/cycles/160/1b2_Ar_001.wav
160,1b2,Ar,COPD,3,test,/Users/vs/Sem 5/Respiratory-Disease-Classification/data/processed/audio/cycles/160/1b2_Ar_002.wav
160,1b2,Lr,COPD,3,test,/Users/vs/Sem 5/Respiratory-Disease-Classification/data/processed/audio/cycles/160/1b2_Lr_001.wav
160,1b2,Lr,COPD,3,test,/Users/vs/Sem 5/Respiratory-Disease-Classification/data/processed/audio/cycles/160/1b2_Lr_002.wav
160,1b2,Pl,COPD,3,test,/Users/vs/Sem 5/Respiratory-Disease-Classification/data/processed/audio/cycles/160/1b2_Pl_001.wav
160,1b2,Pl,COPD,3,test,/Users/vs/Sem 5/Respiratory-Disease-Classification/data/processed/audio/cycles/160/1b2_Pl_002.wav
160,1b2,Pr,COPD,3,test,/Users/vs/Sem 5/Respiratory-Disease-Classification/data/processed/audio/cycles/160/1b2_Pr_001.wav
160,1b2,Pr,COPD,3,test,/Users/vs/Sem 5/Respiratory-Disease-Classification/data/processed/audio/cycles/160/1b2_Pr_002.wav
160,1b2,Tc,COPD,3,test,/Users/vs/Sem 5/Respiratory-Disease-Classification/data/processed/audio/cycles/160/1b2_Tc_001.wav
160,1b2,Tc,COPD,3,test,/Users/vs/Sem 5/Respiratory-Disease-Classification/data/processed/audio/cycles/160/1b2_Tc_002.wav
160,1b3,Al,COPD,3,test,/Users/vs/Sem 5/Respiratory-Disease-Classification/data/processed/audio/cycles/160/1b3_Al_001.wav
160,1b3,Al,COPD,3,test,/Users/vs/Sem 5/Respiratory-Disease-Classification/data/processed/audio/cycles/160/1b3_Al_002.wav
160,1b3,Al,COPD,3,test,/Users/vs/Sem 5/Respiratory-Disease-Classification/data/processed/audio/cycles/160/1b3_Al_003.wav
160,1b3,Al,COPD,3,test,/Users/vs/Sem 5/Respiratory-Disease-Classification/data/processed/audio/cycles/160/1b3_Al_004.wav
160,1b3,Al,COPD,3,test,/Users/vs/Sem 5/Respiratory-Disease-Classification/data/processed/audio/cycles/160/1b3_Al_005.wav
160,1b3,Ar,COPD,3,test,/Users/vs/Sem 5/Respiratory-Disease-Classification/data/processed/audio/cycles/160/1b3_Ar_001.wav
160,1b3,Ar,COPD,3,test,/Users/vs/Sem 5/Respiratory-Disease-Classification/data/processed/audio/cycles/160/1b3_Ar_002.wav
160,1b3,Ar,COPD,3,test,/Users/vs/Sem 5/Respiratory-Disease-Classification/data/processed/audio/cycles/160/1b3_Ar_003.wav
160,1b3,Ar,COPD,3,test,/Users/vs/Sem 5/Respiratory-Disease-Classification/data/processed/audio/cycles/160/1b3_Ar_004.wav
160,1b3,Ar,COPD,3,test,/Users/vs/Sem 5/Respiratory-Disease-Classification/data/processed/audio/cycles/160/1b3_Ar_005.wav
160,1b3,Lr,COPD,3,test,/Users/vs/Sem 5/Respiratory-Disease-Classification/data/processed/audio/cycles/160/1b3_Lr_001.wav
160,1b3,Lr,COPD,3,test,/Users/vs/Sem 5/Respiratory-Disease-Classification/data/processed/audio/cycles/160/1b3_Lr_002.wav
160,1b3,Lr,COPD,3,test,/Users/vs/Sem 5/Respiratory-Disease-Classification/data/processed/audio/cycles/160/1b3_Lr_003.wav
160,1b3,Lr,COPD,3,test,/Users/vs/Sem 5/Respiratory-Disease-Classification/data/processed/audio/cycles/160/1b3_Lr_004.wav
160,1b3,Lr,COPD,3,test,/Users/vs/Sem 5/Respiratory-Disease-Classification/data/processed/audio/cycles/160/1b3_Lr_005.wav
160,1b3,Pl,COPD,3,test,/Users/vs/Sem 5/Respiratory-Disease-Classification/data/processed/audio/cycles/160/1b3_Pl_001.wav
160,1b3,Pl,COPD,3,test,/Users/vs/Sem 5/Respiratory-Disease-Classification/data/processed/audio/cycles/160/1b3_Pl_002.wav
160,1b3,Pl,COPD,3,test,/Users/vs/Sem 5/Respiratory-Disease-Classification/data/processed/audio/cycles/160/1b3_Pl_003.wav
160,1b3,Pl,COPD,3,test,/Users/vs/Sem 5/Respiratory-Disease-Classification/data/processed/audio/cycles/160/1b3_Pl_004.wav
160,1b3,Pl,COPD,3,test,/Users/vs/Sem 5/Respiratory-Disease-Classification/data/processed/audio/cycles/160/1b3_Pl_005.wav
160,1b3,Pr,COPD,3,test,/Users/vs/Sem 5/Respiratory-Disease-Classification/data/processed/audio/cycles/160/1b3_Pr_001.wav
160,1b3,Pr,COPD,3,test,/Users/vs/Sem 5/Respiratory-Disease-Classification/data/processed/audio/cycles/160/1b3_Pr_002.wav
160,1b3,Pr,COPD,3,test,/Users/vs/Sem 5/Respiratory-Disease-Classification/data/processed/audio/cycles/160/1b3_Pr_003.wav
160,1b3,Pr,COPD,3,test,/Users/vs/Sem 5/Respiratory-Disease-Classification/data/processed/audio/cycles/160/1b3_Pr_004.wav
160,1b3,Pr,COPD,3,test,/Users/vs/Sem 5/Respiratory-Disease-Classification/data/processed/audio/cycles/160/1b3_Pr_005.wav
160,1b3,Tc,COPD,3,test,/Users/vs/Sem 5/Respiratory-Disease-Classification/data/processed/audio/cycles/160/1b3_Tc_001.wav
160,1b3,Tc,COPD,3,test,/Users/vs/Sem 5/Respiratory-Disease-Classification/data/processed/audio/cycles/160/1b3_Tc_002.wav
160,1b3,Tc,COPD,3,test,/Users/vs/Sem 5/Respiratory-Disease-Classification/data/processed/audio/cycles/160/1b3_Tc_003.wav
160,1b3,Tc,COPD,3,test,/Users/vs/Sem 5/Respiratory-Disease-Classification/data/processed/audio/cycles/160/1b3_Tc_004.wav
160,1b3,Tc,COPD,3,test,/Users/vs/Sem 5/Respiratory-Disease-Classification/data/processed/audio/cycles/160/1b3_Tc_005.wav
160,1b4,Al,COPD,3,test,/Users/vs/Sem 5/Respiratory-Disease-Classification/data/processed/audio/cycles/160/1b4_Al_001.wav
160,1b4,Al,COPD,3,test,/Users/vs/Sem 5/Respiratory-Disease-Classification/data/processed/audio/cycles/160/1b4_Al_002.wav
160,1b4,Al,COPD,3,test,/Users/vs/Sem 5/Respiratory-Disease-Classification/data/processed/audio/cycles/160/1b4_Al_003.wav
160,1b4,Al,COPD,3,test,/Users/vs/Sem 5/Respiratory-Disease-Classification/data/processed/audio/cycles/160/1b4_Al_004.wav
160,1b4,Ar,COPD,3,test,/Users/vs/Sem 5/Respiratory-Disease-Classification/data/processed/audio/cycles/160/1b4_Ar_001.wav
160,1b4,Ar,COPD,3,test,/Users/vs/Sem 5/Respiratory-Disease-Classification/data/processed/audio/cycles/160/1b4_Ar_002.wav
160,1b4,Ar,COPD,3,test,/Users/vs/Sem 5/Respiratory-Disease-Classification/data/processed/audio/cycles/160/1b4_Ar_003.wav
160,1b4,Ar,COPD,3,test,/Users/vs/Sem 5/Respiratory-Disease-Classification/data/processed/audio/cycles/160/1b4_Ar_004.wav
160,1b4,Lr,COPD,3,test,/Users/vs/Sem 5/Respiratory-Disease-Classification/data/processed/audio/cycles/160/1b4_Lr_001.wav
160,1b4,Lr,COPD,3,test,/Users/vs/Sem 5/Respiratory-Disease-Classification/data/processed/audio/cycles/160/1b4_Lr_002.wav
160,1b4,Lr,COPD,3,test,/Users/vs/Sem 5/Respiratory-Disease-Classification/data/processed/audio/cycles/160/1b4_Lr_003.wav
160,1b4,Lr,COPD,3,test,/Users/vs/Sem 5/Respiratory-Disease-Classification/data/processed/audio/cycles/160/1b4_Lr_004.wav
160,1b4,Pl,COPD,3,test,/Users/vs/Sem 5/Respiratory-Disease-Classification/data/processed/audio/cycles/160/1b4_Pl_001.wav
160,1b4,Pl,COPD,3,test,/Users/vs/Sem 5/Respiratory-Disease-Classification/data/processed/audio/cycles/160/1b4_Pl_002.wav
160,1b4,Pl,COPD,3,test,/Users/vs/Sem 5/Respiratory-Disease-Classification/data/processed/audio/cycles/160/1b4_Pl_003.wav
160,1b4,Pl,COPD,3,test,/Users/vs/Sem 5/Respiratory-Disease-Classification/data/processed/audio/cycles/160/1b4_Pl_004.wav
160,1b4,Pr,COPD,3,test,/Users/vs/Sem 5/Respiratory-Disease-Classification/data/processed/audio/cycles/160/1b4_Pr_001.wav
160,1b4,Pr,COPD,3,test,/Users/vs/Sem 5/Respiratory-Disease-Classification/data/processed/audio/cycles/160/1b4_Pr_002.wav
160,1b4,Pr,COPD,3,test,/Users/vs/Sem 5/Respiratory-Disease-Classification/data/processed/audio/cycles/160/1b4_Pr_003.wav
160,1b4,Pr,COPD,3,test,/Users/vs/Sem 5/Respiratory-Disease-Classification/data/processed/audio/cycles/160/1b4_Pr_004.wav
160,1b4,Tc,COPD,3,test,/Users/vs/Sem 5/Respiratory-Disease-Classification/data/processed/audio/cycles/160/1b4_Tc_001.wav
160,1b4,Tc,COPD,3,test,/Users/vs/Sem 5/Respiratory-Disease-Classification/data/processed/audio/cycles/160/1b4_Tc_002.wav
160,1b4,Tc,COPD,3,test,/Users/vs/Sem 5/Respiratory-Disease-Classification/data/processed/audio/cycles/160/1b4_Tc_003.wav
160,1b4,Tc,COPD,3,test,/Users/vs/Sem 5/Respiratory-Disease-Classification/data/processed/audio/cycles/160/1b4_Tc_004.wav
160,2b3,Lr,COPD,3,test,/Users/vs/Sem 5/Respiratory-Disease-Classification/data/processed/audio/cycles/160/2b3_Lr_001.wav
160,2b3,Lr,COPD,3,test,/Users/vs/Sem 5/Respiratory-Disease-Classification/data/processed/audio/cycles/160/2b3_Lr_002.wav
160,2b3,Lr,COPD,3,test,/Users/vs/Sem 5/Respiratory-Disease-Classification/data/processed/audio/cycles/160/2b3_Lr_003.wav
160,2b3,Lr,COPD,3,test,/Users/vs/Sem 5/Respiratory-Disease-Classification/data/processed/audio/cycles/160/2b3_Lr_004.wav
160,2b3,Lr,COPD,3,test,/Users/vs/Sem 5/Respiratory-Disease-Classification/data/processed/audio/cycles/160/2b3_Lr_005.wav
160,2b3,Lr,COPD,3,test,/Users/vs/Sem 5/Respiratory-Disease-Classification/data/processed/audio/cycles/160/2b3_Lr_006.wav
160,2b3,Lr,COPD,3,test,/Users/vs/Sem 5/Respiratory-Disease-Classification/data/processed/audio/cycles/160/2b3_Lr_007.wav
160,2b4,Ar,COPD,3,test,/Users/vs/Sem 5/Respiratory-Disease-Classification/data/processed/audio/cycles/160/2b4_Ar_001.wav
160,2b4,Ar,COPD,3,test,/Users/vs/Sem 5/Respiratory-Disease-Classification/data/processed/audio/cycles/160/2b4_Ar_002.wav
160,2b4,Ar,COPD,3,test,/Users/vs/Sem 5/Respiratory-Disease-Classification/data/processed/audio/cycles/160/2b4_Ar_003.wav
160,2b4,Ar,COPD,3,test,/Users/vs/Sem 5/Respiratory-Disease-Classification/data/processed/audio/cycles/160/2b4_Ar_004.wav
160,2b4,Ar,COPD,3,test,/Users/vs/Sem 5/Respiratory-Disease-Classification/data/processed/audio/cycles/160/2b4_Ar_005.wav
160,2b4,Ar,COPD,3,test,/Users/vs/Sem 5/Respiratory-Disease-Classification/data/processed/audio/cycles/160/2b4_Ar_006.wav
160,2b4,Ar,COPD,3,test,/Users/vs/Sem 5/Respiratory-Disease-Classification/data/processed/audio/cycles/160/2b4_Ar_007.wav
160,2b4,Pl,COPD,3,test,/Users/vs/Sem 5/Respiratory-Disease-Classification/data/processed/audio/cycles/160/2b4_Pl_001.wav
160,2b4,Pl,COPD,3,test,/Users/vs/Sem 5/Respiratory-Disease-Classification/data/processed/audio/cycles/160/2b4_Pl_002.wav
160,2b4,Pl,COPD,3,test,/Users/vs/Sem 5/Respiratory-Disease-Classification/data/processed/audio/cycles/160/2b4_Pl_003.wav
160,2b4,Pl,COPD,3,test,/Users/vs/Sem 5/Respiratory-Disease-Classification/data/processed/audio/cycles/160/2b4_Pl_004.wav
160,2b4,Pl,COPD,3,test,/Users/vs/Sem 5/Respiratory-Disease-Classification/data/processed/audio/cycles/160/2b4_Pl_005.wav
160,2b4,Pl,COPD,3,test,/Users/vs/Sem 5/Respiratory-Disease-Classification/data/processed/audio/cycles/160/2b4_Pl_006.wav
160,2b4,Pl,COPD,3,test,/Users/vs/Sem 5/Respiratory-Disease-Classification/data/processed/audio/cycles/160/2b4_Pl_007.wav
160,2b4,Pr,COPD,3,test,/Users/vs/Sem 5/Respiratory-Disease-Classification/data/processed/audio/cycles/160/2b4_Pr_001.wav
160,2b4,Pr,COPD,3,test,/Users/vs/Sem 5/Respiratory-Disease-Classification/data/processed/audio/cycles/160/2b4_Pr_002.wav
160,2b4,Pr,COPD,3,test,/Users/vs/Sem 5/Respiratory-Disease-Classification/data/processed/audio/cycles/160/2b4_Pr_003.wav
160,2b4,Pr,COPD,3,test,/Users/vs/Sem 5/Respiratory-Disease-Classification/data/processed/audio/cycles/160/2b4_Pr_004.wav
160,2b4,Pr,COPD,3,test,/Users/vs/Sem 5/Respiratory-Disease-Classification/data/processed/audio/cycles/160/2b4_Pr_005.wav
160,2b4,Pr,COPD,3,test,/Users/vs/Sem 5/Respiratory-Disease-Classification/data/processed/audio/cycles/160/2b4_Pr_006.wav
160,2b4,Pr,COPD,3,test,/Users/vs/Sem 5/Respiratory-Disease-Classification/data/processed/audio/cycles/160/2b4_Pr_007.wav
160,2b4,Tc,COPD,3,test,/Users/vs/Sem 5/Respiratory-Disease-Classification/data/processed/audio/cycles/160/2b4_Tc_001.wav
160,2b4,Tc,COPD,3,test,/Users/vs/Sem 5/Respiratory-Disease-Classification/data/processed/audio/cycles/160/2b4_Tc_002.wav
160,2b4,Tc,COPD,3,test,/Users/vs/Sem 5/Respiratory-Disease-Classification/data/processed/audio/cycles/160/2b4_Tc_003.wav
160,2b4,Tc,COPD,3,test,/Users/vs/Sem 5/Respiratory-Disease-Classification/data/processed/audio/cycles/160/2b4_Tc_004.wav
160,2b4,Tc,COPD,3,test,/Users/vs/Sem 5/Respiratory-Disease-Classification/data/processed/audio/cycles/160/2b4_Tc_005.wav
160,2b4,Tc,COPD,3,test,/Users/vs/Sem 5/Respiratory-Disease-Classification/data/processed/audio/cycles/160/2b4_Tc_006.wav
160,2b4,Tc,COPD,3,test,/Users/vs/Sem 5/Respiratory-Disease-Classification/data/processed/audio/cycles/160/2b4_Tc_007.wav
161,1b1,Al,Bronchiolitis,2,train,/Users/vs/Sem 5/Respiratory-Disease-Classification/data/processed/audio/cycles/161/1b1_Al_001.wav
161,1b1,Al,Bronchiolitis,2,train,/Users/vs/Sem 5/Respiratory-Disease-Classification/data/processed/audio/cycles/161/1b1_Al_002.wav
161,1b1,Al,Bronchiolitis,2,train,/Users/vs/Sem 5/Respiratory-Disease-Classification/data/processed/audio/cycles/161/1b1_Al_003.wav
161,1b1,Al,Bronchiolitis,2,train,/Users/vs/Sem 5/Respiratory-Disease-Classification/data/processed/audio/cycles/161/1b1_Al_004.wav
161,1b1,Al,Bronchiolitis,2,train,/Users/vs/Sem 5/Respiratory-Disease-Classification/data/processed/audio/cycles/161/1b1_Al_005.wav
161,1b1,Al,Bronchiolitis,2,train,/Users/vs/Sem 5/Respiratory-Disease-Classification/data/processed/audio/cycles/161/1b1_Al_006.wav
161,1b1,Al,Bronchiolitis,2,train,/Users/vs/Sem 5/Respiratory-Disease-Classification/data/processed/audio/cycles/161/1b1_Al_007.wav
161,1b1,Al,Bronchiolitis,2,train,/Users/vs/Sem 5/Respiratory-Disease-Classification/data/processed/audio/cycles/161/1b1_Al_008.wav
161,1b1,Al,Bronchiolitis,2,train,/Users/vs/Sem 5/Respiratory-Disease-Classification/data/processed/audio/cycles/161/1b1_Al_009.wav
161,1b1,Pl,Bronchiolitis,2,train,/Users/vs/Sem 5/Respiratory-Disease-Classification/data/processed/audio/cycles/161/1b1_Pl_001.wav
161,1b1,Pl,Bronchiolitis,2,train,/Users/vs/Sem 5/Respiratory-Disease-Classification/data/processed/audio/cycles/161/1b1_Pl_002.wav
161,1b1,Pl,Bronchiolitis,2,train,/Users/vs/Sem 5/Respiratory-Disease-Classification/data/processed/audio/cycles/161/1b1_Pl_003.wav
161,1b1,Pl,Bronchiolitis,2,train,/Users/vs/Sem 5/Respiratory-Disease-Classification/data/processed/audio/cycles/161/1b1_Pl_004.wav
161,1b1,Pl,Bronchiolitis,2,train,/Users/vs/Sem 5/Respiratory-Disease-Classification/data/processed/audio/cycles/161/1b1_Pl_005.wav
161,1b1,Pl,Bronchiolitis,2,train,/Users/vs/Sem 5/Respiratory-Disease-Classification/data/processed/audio/cycles/161/1b1_Pl_006.wav
161,1b1,Pl,Bronchiolitis,2,train,/Users/vs/Sem 5/Respiratory-Disease-Classification/data/processed/audio/cycles/161/1b1_Pl_007.wav
161,1b1,Pl,Bronchiolitis,2,train,/Users/vs/Sem 5/Respiratory-Disease-Classification/data/processed/audio/cycles/161/1b1_Pl_008.wav
161,1b1,Pl,Bronchiolitis,2,train,/Users/vs/Sem 5/Respiratory-Disease-Classification/data/processed/audio/cycles/161/1b1_Pl_009.wav
161,1b1,Pl,Bronchiolitis,2,train,/Users/vs/Sem 5/Respiratory-Disease-Classification/data/processed/audio/cycles/161/1b1_Pl_010.wav
162,1b2,Al,COPD,3,train,/Users/vs/Sem 5/Respiratory-Disease-Classification/data/processed/audio/cycles/162/1b2_Al_001.wav
162,1b2,Al,COPD,3,train,/Users/vs/Sem 5/Respiratory-Disease-Classification/data/processed/audio/cycles/162/1b2_Al_002.wav
162,1b2,Al,COPD,3,train,/Users/vs/Sem 5/Respiratory-Disease-Classification/data/processed/audio/cycles/162/1b2_Al_003.wav
162,1b2,Ar,COPD,3,train,/Users/vs/Sem 5/Respiratory-Disease-Classification/data/processed/audio/cycles/162/1b2_Ar_001.wav
162,1b2,Ar,COPD,3,train,/Users/vs/Sem 5/Respiratory-Disease-Classification/data/processed/audio/cycles/162/1b2_Ar_002.wav
162,1b2,Ar,COPD,3,train,/Users/vs/Sem 5/Respiratory-Disease-Classification/data/processed/audio/cycles/162/1b2_Ar_003.wav
162,1b2,Ll,COPD,3,train,/Users/vs/Sem 5/Respiratory-Disease-Classification/data/processed/audio/cycles/162/1b2_Ll_001.wav
162,1b2,Ll,COPD,3,train,/Users/vs/Sem 5/Respiratory-Disease-Classification/data/processed/audio/cycles/162/1b2_Ll_002.wav
162,1b2,Ll,COPD,3,train,/Users/vs/Sem 5/Respiratory-Disease-Classification/data/processed/audio/cycles/162/1b2_Ll_003.wav
162,1b2,Lr,COPD,3,train,/Users/vs/Sem 5/Respiratory-Disease-Classification/data/processed/audio/cycles/162/1b2_Lr_001.wav
162,1b2,Lr,COPD,3,train,/Users/vs/Sem 5/Respiratory-Disease-Classification/data/processed/audio/cycles/162/1b2_Lr_002.wav
162,1b2,Lr,COPD,3,train,/Users/vs/Sem 5/Respiratory-Disease-Classification/data/processed/audio/cycles/162/1b2_Lr_003.wav
162,1b2,Pl,COPD,3,train,/Users/vs/Sem 5/Respiratory-Disease-Classification/data/processed/audio/cycles/162/1b2_Pl_001.wav
162,1b2,Pl,COPD,3,train,/Users/vs/Sem 5/Respiratory-Disease-Classification/data/processed/audio/cycles/162/1b2_Pl_002.wav
162,1b2,Pl,COPD,3,train,/Users/vs/Sem 5/Respiratory-Disease-Classification/data/processed/audio/cycles/162/1b2_Pl_003.wav
162,1b2,Pr,COPD,3,train,/Users/vs/Sem 5/Respiratory-Disease-Classification/data/processed/audio/cycles/162/1b2_Pr_001.wav
162,1b2,Pr,COPD,3,train,/Users/vs/Sem 5/Respiratory-Disease-Classification/data/processed/audio/cycles/162/1b2_Pr_002.wav
162,1b2,Pr,COPD,3,train,/Users/vs/Sem 5/Respiratory-Disease-Classification/data/processed/audio/cycles/162/1b2_Pr_003.wav
162,1b2,Tc,COPD,3,train,/Users/vs/Sem 5/Respiratory-Disease-Classification/data/processed/audio/cycles/162/1b2_Tc_001.wav
162,1b2,Tc,COPD,3,train,/Users/vs/Sem 5/Respiratory-Disease-Classification/data/processed/audio/cycles/162/1b2_Tc_002.wav
162,1b2,Tc,COPD,3,train,/Users/vs/Sem 5/Respiratory-Disease-Classification/data/processed/audio/cycles/162/1b2_Tc_003.wav
162,2b2,Al,COPD,3,train,/Users/vs/Sem 5/Respiratory-Disease-Classification/data/processed/audio/cycles/162/2b2_Al_001.wav
162,2b2,Al,COPD,3,train,/Users/vs/Sem 5/Respiratory-Disease-Classification/data/processed/audio/cycles/162/2b2_Al_002.wav
162,2b2,Al,COPD,3,train,/Users/vs/Sem 5/Respiratory-Disease-Classification/data/processed/audio/cycles/162/2b2_Al_003.wav
162,2b2,Al,COPD,3,train,/Users/vs/Sem 5/Respiratory-Disease-Classification/data/processed/audio/cycles/162/2b2_Al_004.wav
162,2b2,Ar,COPD,3,train,/Users/vs/Sem 5/Respiratory-Disease-Classification/data/processed/audio/cycles/162/2b2_Ar_001.wav
162,2b2,Ar,COPD,3,train,/Users/vs/Sem 5/Respiratory-Disease-Classification/data/processed/audio/cycles/162/2b2_Ar_002.wav
162,2b2,Ar,COPD,3,train,/Users/vs/Sem 5/Respiratory-Disease-Classification/data/processed/audio/cycles/162/2b2_Ar_003.wav
162,2b2,Ar,COPD,3,train,/Users/vs/Sem 5/Respiratory-Disease-Classification/data/processed/audio/cycles/162/2b2_Ar_004.wav
162,2b2,Pl,COPD,3,train,/Users/vs/Sem 5/Respiratory-Disease-Classification/data/processed/audio/cycles/162/2b2_Pl_001.wav
162,2b2,Pl,COPD,3,train,/Users/vs/Sem 5/Respiratory-Disease-Classification/data/processed/audio/cycles/162/2b2_Pl_002.wav
162,2b2,Pl,COPD,3,train,/Users/vs/Sem 5/Respiratory-Disease-Classification/data/processed/audio/cycles/162/2b2_Pl_003.wav
162,2b2,Pl,COPD,3,train,/Users/vs/Sem 5/Respiratory-Disease-Classification/data/processed/audio/cycles/162/2b2_Pl_004.wav
162,2b2,Pr,COPD,3,train,/Users/vs/Sem 5/Respiratory-Disease-Classification/data/processed/audio/cycles/162/2b2_Pr_001.wav
162,2b2,Pr,COPD,3,train,/Users/vs/Sem 5/Respiratory-Disease-Classification/data/processed/audio/cycles/162/2b2_Pr_002.wav
162,2b2,Pr,COPD,3,train,/Users/vs/Sem 5/Respiratory-Disease-Classification/data/processed/audio/cycles/162/2b2_Pr_003.wav
162,2b2,Pr,COPD,3,train,/Users/vs/Sem 5/Respiratory-Disease-Classification/data/processed/audio/cycles/162/2b2_Pr_004.wav
162,2b2,Tc,COPD,3,train,/Users/vs/Sem 5/Respiratory-Disease-Classification/data/processed/audio/cycles/162/2b2_Tc_001.wav
162,2b2,Tc,COPD,3,train,/Users/vs/Sem 5/Respiratory-Disease-Classification/data/processed/audio/cycles/162/2b2_Tc_002.wav
162,2b2,Tc,COPD,3,train,/Users/vs/Sem 5/Respiratory-Disease-Classification/data/processed/audio/cycles/162/2b2_Tc_003.wav
162,2b2,Tc,COPD,3,train,/Users/vs/Sem 5/Respiratory-Disease-Classification/data/processed/audio/cycles/162/2b2_Tc_004.wav
162,2b3,Al,COPD,3,train,/Users/vs/Sem 5/Respiratory-Disease-Classification/data/processed/audio/cycles/162/2b3_Al_001.wav
162,2b3,Al,COPD,3,train,/Users/vs/Sem 5/Respiratory-Disease-Classification/data/processed/audio/cycles/162/2b3_Al_002.wav
162,2b3,Al,COPD,3,train,/Users/vs/Sem 5/Respiratory-Disease-Classification/data/processed/audio/cycles/162/2b3_Al_003.wav
162,2b3,Al,COPD,3,train,/Users/vs/Sem 5/Respiratory-Disease-Classification/data/processed/audio/cycles/162/2b3_Al_004.wav
162,2b3,Ar,COPD,3,train,/Users/vs/Sem 5/Respiratory-Disease-Classification/data/processed/audio/cycles/162/2b3_Ar_001.wav
162,2b3,Ar,COPD,3,train,/Users/vs/Sem 5/Respiratory-Disease-Classification/data/processed/audio/cycles/162/2b3_Ar_002.wav
162,2b3,Ar,COPD,3,train,/Users/vs/Sem 5/Respiratory-Disease-Classification/data/processed/audio/cycles/162/2b3_Ar_003.wav
162,2b3,Ar,COPD,3,train,/Users/vs/Sem 5/Respiratory-Disease-Classification/data/processed/audio/cycles/162/2b3_Ar_004.wav
162,2b3,Lr,COPD,3,train,/Users/vs/Sem 5/Respiratory-Disease-Classification/data/processed/audio/cycles/162/2b3_Lr_001.wav
162,2b3,Lr,COPD,3,train,/Users/vs/Sem 5/Respiratory-Disease-Classification/data/processed/audio/cycles/162/2b3_Lr_002.wav
162,2b3,Lr,COPD,3,train,/Users/vs/Sem 5/Respiratory-Disease-Classification/data/processed/audio/cycles/162/2b3_Lr_003.wav
162,2b3,Lr,COPD,3,train,/Users/vs/Sem 5/Respiratory-Disease-Classification/data/processed/audio/cycles/162/2b3_Lr_004.wav
162,2b3,Pl,COPD,3,train,/Users/vs/Sem 5/Respiratory-Disease-Classification/data/processed/audio/cycles/162/2b3_Pl_001.wav
162,2b3,Pl,COPD,3,train,/Users/vs/Sem 5/Respiratory-Disease-Classification/data/processed/audio/cycles/162/2b3_Pl_002.wav
162,2b3,Pl,COPD,3,train,/Users/vs/Sem 5/Respiratory-Disease-Classification/data/processed/audio/cycles/162/2b3_Pl_003.wav
162,2b3,Pl,COPD,3,train,/Users/vs/Sem 5/Respiratory-Disease-Classification/data/processed/audio/cycles/162/2b3_Pl_004.wav
162,2b3,Pr,COPD,3,train,/Users/vs/Sem 5/Respiratory-Disease-Classification/data/processed/audio/cycles/162/2b3_Pr_001.wav
162,2b3,Pr,COPD,3,train,/Users/vs/Sem 5/Respiratory-Disease-Classification/data/processed/audio/cycles/162/2b3_Pr_002.wav
162,2b3,Pr,COPD,3,train,/Users/vs/Sem 5/Respiratory-Disease-Classification/data/processed/audio/cycles/162/2b3_Pr_003.wav
162,2b3,Pr,COPD,3,train,/Users/vs/Sem 5/Respiratory-Disease-Classification/data/processed/audio/cycles/162/2b3_Pr_004.wav
162,2b3,Tc,COPD,3,train,/Users/vs/Sem 5/Respiratory-Disease-Classification/data/processed/audio/cycles/162/2b3_Tc_001.wav
162,2b3,Tc,COPD,3,train,/Users/vs/Sem 5/Respiratory-Disease-Classification/data/processed/audio/cycles/162/2b3_Tc_002.wav
162,2b3,Tc,COPD,3,train,/Users/vs/Sem 5/Respiratory-Disease-Classification/data/processed/audio/cycles/162/2b3_Tc_003.wav
162,2b3,Tc,COPD,3,train,/Users/vs/Sem 5/Respiratory-Disease-Classification/data/processed/audio/cycles/162/2b3_Tc_004.wav
162,2b4,Al,COPD,3,train,/Users/vs/Sem 5/Respiratory-Disease-Classification/data/processed/audio/cycles/162/2b4_Al_001.wav
162,2b4,Al,COPD,3,train,/Users/vs/Sem 5/Respiratory-Disease-Classification/data/processed/audio/cycles/162/2b4_Al_002.wav
162,2b4,Al,COPD,3,train,/Users/vs/Sem 5/Respiratory-Disease-Classification/data/processed/audio/cycles/162/2b4_Al_003.wav
162,2b4,Al,COPD,3,train,/Users/vs/Sem 5/Respiratory-Disease-Classification/data/processed/audio/cycles/162/2b4_Al_004.wav
162,2b4,Ar,COPD,3,train,/Users/vs/Sem 5/Respiratory-Disease-Classification/data/processed/audio/cycles/162/2b4_Ar_001.wav
162,2b4,Ar,COPD,3,train,/Users/vs/Sem 5/Respiratory-Disease-Classification/data/processed/audio/cycles/162/2b4_Ar_002.wav
162,2b4,Ar,COPD,3,train,/Users/vs/Sem 5/Respiratory-Disease-Classification/data/processed/audio/cycles/162/2b4_Ar_003.wav
162,2b4,Ar,COPD,3,train,/Users/vs/Sem 5/Respiratory-Disease-Classification/data/processed/audio/cycles/162/2b4_Ar_004.wav
162,2b4,Lr,COPD,3,train,/Users/vs/Sem 5/Respiratory-Disease-Classification/data/processed/audio/cycles/162/2b4_Lr_001.wav
162,2b4,Lr,COPD,3,train,/Users/vs/Sem 5/Respiratory-Disease-Classification/data/processed/audio/cycles/162/2b4_Lr_002.wav
162,2b4,Lr,COPD,3,train,/Users/vs/Sem 5/Respiratory-Disease-Classification/data/processed/audio/cycles/162/2b4_Lr_003.wav
162,2b4,Lr,COPD,3,train,/Users/vs/Sem 5/Respiratory-Disease-Classification/data/processed/audio/cycles/162/2b4_Lr_004.wav
162,2b4,Pl,COPD,3,train,/Users/vs/Sem 5/Respiratory-Disease-Classification/data/processed/audio/cycles/162/2b4_Pl_001.wav
162,2b4,Pl,COPD,3,train,/Users/vs/Sem 5/Respiratory-Disease-Classification/data/processed/audio/cycles/162/2b4_Pl_002.wav
162,2b4,Pl,COPD,3,train,/Users/vs/Sem 5/Respiratory-Disease-Classification/data/processed/audio/cycles/162/2b4_Pl_003.wav
162,2b4,Pl,COPD,3,train,/Users/vs/Sem 5/Respiratory-Disease-Classification/data/processed/audio/cycles/162/2b4_Pl_004.wav
162,2b4,Pr,COPD,3,train,/Users/vs/Sem 5/Respiratory-Disease-Classification/data/processed/audio/cycles/162/2b4_Pr_001.wav
162,2b4,Pr,COPD,3,train,/Users/vs/Sem 5/Respiratory-Disease-Classification/data/processed/audio/cycles/162/2b4_Pr_002.wav
162,2b4,Pr,COPD,3,train,/Users/vs/Sem 5/Respiratory-Disease-Classification/data/processed/audio/cycles/162/2b4_Pr_003.wav
162,2b4,Pr,COPD,3,train,/Users/vs/Sem 5/Respiratory-Disease-Classification/data/processed/audio/cycles/162/2b4_Pr_004.wav
162,2b4,Tc,COPD,3,train,/Users/vs/Sem 5/Respiratory-Disease-Classification/data/processed/audio/cycles/162/2b4_Tc_001.wav
162,2b4,Tc,COPD,3,train,/Users/vs/Sem 5/Respiratory-Disease-Classification/data/processed/audio/cycles/162/2b4_Tc_002.wav
162,2b4,Tc,COPD,3,train,/Users/vs/Sem 5/Respiratory-Disease-Classification/data/processed/audio/cycles/162/2b4_Tc_003.wav
162,2b4,Tc,COPD,3,train,/Users/vs/Sem 5/Respiratory-Disease-Classification/data/processed/audio/cycles/162/2b4_Tc_004.wav
163,2b2,Al,COPD,3,train,/Users/vs/Sem 5/Respiratory-Disease-Classification/data/processed/audio/cycles/163/2b2_Al_001.wav
163,2b2,Al,COPD,3,train,/Users/vs/Sem 5/Respiratory-Disease-Classification/data/processed/audio/cycles/163/2b2_Al_002.wav
163,2b2,Al,COPD,3,train,/Users/vs/Sem 5/Respiratory-Disease-Classification/data/processed/audio/cycles/163/2b2_Al_003.wav
163,2b2,Al,COPD,3,train,/Users/vs/Sem 5/Respiratory-Disease-Classification/data/processed/audio/cycles/163/2b2_Al_004.wav
163,2b2,Al,COPD,3,train,/Users/vs/Sem 5/Respiratory-Disease-Classification/data/processed/audio/cycles/163/2b2_Al_005.wav
163,2b2,Ar,COPD,3,train,/Users/vs/Sem 5/Respiratory-Disease-Classification/data/processed/audio/cycles/163/2b2_Ar_001.wav
163,2b2,Ar,COPD,3,train,/Users/vs/Sem 5/Respiratory-Disease-Classification/data/processed/audio/cycles/163/2b2_Ar_002.wav
163,2b2,Ar,COPD,3,train,/Users/vs/Sem 5/Respiratory-Disease-Classification/data/processed/audio/cycles/163/2b2_Ar_003.wav
163,2b2,Ar,COPD,3,train,/Users/vs/Sem 5/Respiratory-Disease-Classification/data/processed/audio/cycles/163/2b2_Ar_004.wav
163,2b2,Ar,COPD,3,train,/Users/vs/Sem 5/Respiratory-Disease-Classification/data/processed/audio/cycles/163/2b2_Ar_005.wav
163,2b2,Ll,COPD,3,train,/Users/vs/Sem 5/Respiratory-Disease-Classification/data/processed/audio/cycles/163/2b2_Ll_001.wav
163,2b2,Ll,COPD,3,train,/Users/vs/Sem 5/Respiratory-Disease-Classification/data/processed/audio/cycles/163/2b2_Ll_002.wav
163,2b2,Ll,COPD,3,train,/Users/vs/Sem 5/Respiratory-Disease-Classification/data/processed/audio/cycles/163/2b2_Ll_003.wav
163,2b2,Ll,COPD,3,train,/Users/vs/Sem 5/Respiratory-Disease-Classification/data/processed/audio/cycles/163/2b2_Ll_004.wav
163,2b2,Ll,COPD,3,train,/Users/vs/Sem 5/Respiratory-Disease-Classification/data/processed/audio/cycles/163/2b2_Ll_005.wav
163,2b2,Lr,COPD,3,train,/Users/vs/Sem 5/Respiratory-Disease-Classification/data/processed/audio/cycles/163/2b2_Lr_001.wav
163,2b2,Lr,COPD,3,train,/Users/vs/Sem 5/Respiratory-Disease-Classification/data/processed/audio/cycles/163/2b2_Lr_002.wav
163,2b2,Lr,COPD,3,train,/Users/vs/Sem 5/Respiratory-Disease-Classification/data/processed/audio/cycles/163/2b2_Lr_003.wav
163,2b2,Lr,COPD,3,train,/Users/vs/Sem 5/Respiratory-Disease-Classification/data/processed/audio/cycles/163/2b2_Lr_004.wav
163,2b2,Lr,COPD,3,train,/Users/vs/Sem 5/Respiratory-Disease-Classification/data/processed/audio/cycles/163/2b2_Lr_005.wav
163,2b2,Pl,COPD,3,train,/Users/vs/Sem 5/Respiratory-Disease-Classification/data/processed/audio/cycles/163/2b2_Pl_001.wav
163,2b2,Pl,COPD,3,train,/Users/vs/Sem 5/Respiratory-Disease-Classification/data/processed/audio/cycles/163/2b2_Pl_002.wav
163,2b2,Pl,COPD,3,train,/Users/vs/Sem 5/Respiratory-Disease-Classification/data/processed/audio/cycles/163/2b2_Pl_003.wav
163,2b2,Pl,COPD,3,train,/Users/vs/Sem 5/Respiratory-Disease-Classification/data/processed/audio/cycles/163/2b2_Pl_004.wav
163,2b2,Pl,COPD,3,train,/Users/vs/Sem 5/Respiratory-Disease-Classification/data/processed/audio/cycles/163/2b2_Pl_005.wav
163,2b2,Pr,COPD,3,train,/Users/vs/Sem 5/Respiratory-Disease-Classification/data/processed/audio/cycles/163/2b2_Pr_001.wav
163,2b2,Pr,COPD,3,train,/Users/vs/Sem 5/Respiratory-Disease-Classification/data/processed/audio/cycles/163/2b2_Pr_002.wav
163,2b2,Pr,COPD,3,train,/Users/vs/Sem 5/Respiratory-Disease-Classification/data/processed/audio/cycles/163/2b2_Pr_003.wav
163,2b2,Pr,COPD,3,train,/Users/vs/Sem 5/Respiratory-Disease-Classification/data/processed/audio/cycles/163/2b2_Pr_004.wav
163,2b2,Pr,COPD,3,train,/Users/vs/Sem 5/Respiratory-Disease-Classification/data/processed/audio/cycles/163/2b2_Pr_005.wav
163,2b2,Tc,COPD,3,train,/Users/vs/Sem 5/Respiratory-Disease-Classification/data/processed/audio/cycles/163/2b2_Tc_001.wav
163,2b2,Tc,COPD,3,train,/Users/vs/Sem 5/Respiratory-Disease-Classification/data/processed/audio/cycles/163/2b2_Tc_002.wav
163,2b2,Tc,COPD,3,train,/Users/vs/Sem 5/Respiratory-Disease-Classification/data/processed/audio/cycles/163/2b2_Tc_003.wav
163,2b2,Tc,COPD,3,train,/Users/vs/Sem 5/Respiratory-Disease-Classification/data/processed/audio/cycles/163/2b2_Tc_004.wav
163,2b2,Tc,COPD,3,train,/Users/vs/Sem 5/Respiratory-Disease-Classification/data/processed/audio/cycles/163/2b2_Tc_005.wav
163,8b3,Al,COPD,3,train,/Users/vs/Sem 5/Respiratory-Disease-Classification/data/processed/audio/cycles/163/8b3_Al_001.wav
163,8b3,Al,COPD,3,train,/Users/vs/Sem 5/Respiratory-Disease-Classification/data/processed/audio/cycles/163/8b3_Al_002.wav
163,8b3,Al,COPD,3,train,/Users/vs/Sem 5/Respiratory-Disease-Classification/data/processed/audio/cycles/163/8b3_Al_003.wav
163,8b3,Al,COPD,3,train,/Users/vs/Sem 5/Respiratory-Disease-Classification/data/processed/audio/cycles/163/8b3_Al_004.wav
163,8b3,Al,COPD,3,train,/Users/vs/Sem 5/Respiratory-Disease-Classification/data/processed/audio/cycles/163/8b3_Al_005.wav
163,8b3,Al,COPD,3,train,/Users/vs/Sem 5/Respiratory-Disease-Classification/data/processed/audio/cycles/163/8b3_Al_006.wav
163,8b3,Ar,COPD,3,train,/Users/vs/Sem 5/Respiratory-Disease-Classification/data/processed/audio/cycles/163/8b3_Ar_001.wav
163,8b3,Ar,COPD,3,train,/Users/vs/Sem 5/Respiratory-Disease-Classification/data/processed/audio/cycles/163/8b3_Ar_002.wav
163,8b3,Ar,COPD,3,train,/Users/vs/Sem 5/Respiratory-Disease-Classification/data/processed/audio/cycles/163/8b3_Ar_003.wav
163,8b3,Ar,COPD,3,train,/Users/vs/Sem 5/Respiratory-Disease-Classification/data/processed/audio/cycles/163/8b3_Ar_004.wav
163,8b3,Ar,COPD,3,train,/Users/vs/Sem 5/Respiratory-Disease-Classification/data/processed/audio/cycles/163/8b3_Ar_005.wav
163,8b3,Ar,COPD,3,train,/Users/vs/Sem 5/Respiratory-Disease-Classification/data/processed/audio/cycles/163/8b3_Ar_006.wav
163,8b3,Ll,COPD,3,train,/Users/vs/Sem 5/Respiratory-Disease-Classification/data/processed/audio/cycles/163/8b3_Ll_001.wav
163,8b3,Ll,COPD,3,train,/Users/vs/Sem 5/Respiratory-Disease-Classification/data/processed/audio/cycles/163/8b3_Ll_002.wav
163,8b3,Ll,COPD,3,train,/Users/vs/Sem 5/Respiratory-Disease-Classification/data/processed/audio/cycles/163/8b3_Ll_003.wav
163,8b3,Ll,COPD,3,train,/Users/vs/Sem 5/Respiratory-Disease-Classification/data/processed/audio/cycles/163/8b3_Ll_004.wav
163,8b3,Ll,COPD,3,train,/Users/vs/Sem 5/Respiratory-Disease-Classification/data/processed/audio/cycles/163/8b3_Ll_005.wav
163,8b3,Ll,COPD,3,train,/Users/vs/Sem 5/Respiratory-Disease-Classification/data/processed/audio/cycles/163/8b3_Ll_006.wav
163,8b3,Lr,COPD,3,train,/Users/vs/Sem 5/Respiratory-Disease-Classification/data/processed/audio/cycles/163/8b3_Lr_001.wav
163,8b3,Lr,COPD,3,train,/Users/vs/Sem 5/Respiratory-Disease-Classification/data/processed/audio/cycles/163/8b3_Lr_002.wav
163,8b3,Lr,COPD,3,train,/Users/vs/Sem 5/Respiratory-Disease-Classification/data/processed/audio/cycles/163/8b3_Lr_003.wav
163,8b3,Lr,COPD,3,train,/Users/vs/Sem 5/Respiratory-Disease-Classification/data/processed/audio/cycles/163/8b3_Lr_004.wav
163,8b3,Lr,COPD,3,train,/Users/vs/Sem 5/Respiratory-Disease-Classification/data/processed/audio/cycles/163/8b3_Lr_005.wav
163,8b3,Lr,COPD,3,train,/Users/vs/Sem 5/Respiratory-Disease-Classification/data/processed/audio/cycles/163/8b3_Lr_006.wav
163,8b3,Pl,COPD,3,train,/Users/vs/Sem 5/Respiratory-Disease-Classification/data/processed/audio/cycles/163/8b3_Pl_001.wav
163,8b3,Pl,COPD,3,train,/Users/vs/Sem 5/Respiratory-Disease-Classification/data/processed/audio/cycles/163/8b3_Pl_002.wav
163,8b3,Pl,COPD,3,train,/Users/vs/Sem 5/Respiratory-Disease-Classification/data/processed/audio/cycles/163/8b3_Pl_003.wav
163,8b3,Pl,COPD,3,train,/Users/vs/Sem 5/Respiratory-Disease-Classification/data/processed/audio/cycles/163/8b3_Pl_004.wav
163,8b3,Pl,COPD,3,train,/Users/vs/Sem 5/Respiratory-Disease-Classification/data/processed/audio/cycles/163/8b3_Pl_005.wav
163,8b3,Pl,COPD,3,train,/Users/vs/Sem 5/Respiratory-Disease-Classification/data/processed/audio/cycles/163/8b3_Pl_006.wav
163,8b3,Pr,COPD,3,train,/Users/vs/Sem 5/Respiratory-Disease-Classification/data/processed/audio/cycles/163/8b3_Pr_001.wav
163,8b3,Pr,COPD,3,train,/Users/vs/Sem 5/Respiratory-Disease-Classification/data/processed/audio/cycles/163/8b3_Pr_002.wav
163,8b3,Pr,COPD,3,train,/Users/vs/Sem 5/Respiratory-Disease-Classification/data/processed/audio/cycles/163/8b3_Pr_003.wav
163,8b3,Pr,COPD,3,train,/Users/vs/Sem 5/Respiratory-Disease-Classification/data/processed/audio/cycles/163/8b3_Pr_004.wav
163,8b3,Pr,COPD,3,train,/Users/vs/Sem 5/Respiratory-Disease-Classification/data/processed/audio/cycles/163/8b3_Pr_005.wav
163,8b3,Pr,COPD,3,train,/Users/vs/Sem 5/Respiratory-Disease-Classification/data/processed/audio/cycles/163/8b3_Pr_006.wav
164,1b1,Ll,URTI,7,train,/Users/vs/Sem 5/Respiratory-Disease-Classification/data/processed/audio/cycles/164/1b1_Ll_001.wav
164,1b1,Ll,URTI,7,train,/Users/vs/Sem 5/Respiratory-Disease-Classification/data/processed/audio/cycles/164/1b1_Ll_002.wav
164,1b1,Ll,URTI,7,train,/Users/vs/Sem 5/Respiratory-Disease-Classification/data/processed/audio/cycles/164/1b1_Ll_003.wav
164,1b1,Ll,URTI,7,train,/Users/vs/Sem 5/Respiratory-Disease-Classification/data/processed/audio/cycles/164/1b1_Ll_004.wav
164,1b1,Ll,URTI,7,train,/Users/vs/Sem 5/Respiratory-Disease-Classification/data/processed/audio/cycles/164/1b1_Ll_005.wav
164,1b1,Ll,URTI,7,train,/Users/vs/Sem 5/Respiratory-Disease-Classification/data/processed/audio/cycles/164/1b1_Ll_006.wav
164,1b1,Ll,URTI,7,train,/Users/vs/Sem 5/Respiratory-Disease-Classification/data/processed/audio/cycles/164/1b1_Ll_007.wav
164,1b1,Ll,URTI,7,train,/Users/vs/Sem 5/Respiratory-Disease-Classification/data/processed/audio/cycles/164/1b1_Ll_008.wav
164,1b1,Ll,URTI,7,train,/Users/vs/Sem 5/Respiratory-Disease-Classification/data/processed/audio/cycles/164/1b1_Ll_009.wav
164,1b1,Ll,URTI,7,train,/Users/vs/Sem 5/Respiratory-Disease-Classification/data/processed/audio/cycles/164/1b1_Ll_010.wav
165,1b1,Ar,URTI,7,test,/Users/vs/Sem 5/Respiratory-Disease-Classification/data/processed/audio/cycles/165/1b1_Ar_001.wav
165,1b1,Ar,URTI,7,test,/Users/vs/Sem 5/Respiratory-Disease-Classification/data/processed/audio/cycles/165/1b1_Ar_002.wav
165,1b1,Ar,URTI,7,test,/Users/vs/Sem 5/Respiratory-Disease-Classification/data/processed/audio/cycles/165/1b1_Ar_003.wav
165,1b1,Ar,URTI,7,test,/Users/vs/Sem 5/Respiratory-Disease-Classification/data/processed/audio/cycles/165/1b1_Ar_004.wav
165,1b1,Ar,URTI,7,test,/Users/vs/Sem 5/Respiratory-Disease-Classification/data/processed/audio/cycles/165/1b1_Ar_005.wav
165,1b1,Ar,URTI,7,test,/Users/vs/Sem 5/Respiratory-Disease-Classification/data/processed/audio/cycles/165/1b1_Ar_006.wav
165,1b1,Ar,URTI,7,test,/Users/vs/Sem 5/Respiratory-Disease-Classification/data/processed/audio/cycles/165/1b1_Ar_007.wav
165,1b1,Pl,URTI,7,test,/Users/vs/Sem 5/Respiratory-Disease-Classification/data/processed/audio/cycles/165/1b1_Pl_001.wav
165,1b1,Pl,URTI,7,test,/Users/vs/Sem 5/Respiratory-Disease-Classification/data/processed/audio/cycles/165/1b1_Pl_002.wav
165,1b1,Pl,URTI,7,test,/Users/vs/Sem 5/Respiratory-Disease-Classification/data/processed/audio/cycles/165/1b1_Pl_003.wav
165,1b1,Pl,URTI,7,test,/Users/vs/Sem 5/Respiratory-Disease-Classification/data/processed/audio/cycles/165/1b1_Pl_004.wav
165,1b1,Pl,URTI,7,test,/Users/vs/Sem 5/Respiratory-Disease-Classification/data/processed/audio/cycles/165/1b1_Pl_005.wav
165,1b1,Pl,URTI,7,test,/Users/vs/Sem 5/Respiratory-Disease-Classification/data/processed/audio/cycles/165/1b1_Pl_006.wav
165,1b1,Pl,URTI,7,test,/Users/vs/Sem 5/Respiratory-Disease-Classification/data/processed/audio/cycles/165/1b1_Pl_007.wav
165,1b1,Pl,URTI,7,test,/Users/vs/Sem 5/Respiratory-Disease-Classification/data/processed/audio/cycles/165/1b1_Pl_008.wav
165,1b1,Pr,URTI,7,test,/Users/vs/Sem 5/Respiratory-Disease-Classification/data/processed/audio/cycles/165/1b1_Pr_001.wav
165,1b1,Pr,URTI,7,test,/Users/vs/Sem 5/Respiratory-Disease-Classification/data/processed/audio/cycles/165/1b1_Pr_002.wav
165,1b1,Pr,URTI,7,test,/Users/vs/Sem 5/Respiratory-Disease-Classification/data/processed/audio/cycles/165/1b1_Pr_003.wav
165,1b1,Pr,URTI,7,test,/Users/vs/Sem 5/Respiratory-Disease-Classification/data/processed/audio/cycles/165/1b1_Pr_004.wav
165,1b1,Pr,URTI,7,test,/Users/vs/Sem 5/Respiratory-Disease-Classification/data/processed/audio/cycles/165/1b1_Pr_005.wav
165,1b1,Pr,URTI,7,test,/Users/vs/Sem 5/Respiratory-Disease-Classification/data/processed/audio/cycles/165/1b1_Pr_006.wav
165,1b1,Pr,URTI,7,test,/Users/vs/Sem 5/Respiratory-Disease-Classification/data/processed/audio/cycles/165/1b1_Pr_007.wav
165,1b1,Pr,URTI,7,test,/Users/vs/Sem 5/Respiratory-Disease-Classification/data/processed/audio/cycles/165/1b1_Pr_008.wav
166,1p1,Al,COPD,3,train,/Users/vs/Sem 5/Respiratory-Disease-Classification/data/processed/audio/cycles/166/1p1_Al_001.wav
166,1p1,Al,COPD,3,train,/Users/vs/Sem 5/Respiratory-Disease-Classification/data/processed/audio/cycles/166/1p1_Al_002.wav
166,1p1,Al,COPD,3,train,/Users/vs/Sem 5/Respiratory-Disease-Classification/data/processed/audio/cycles/166/1p1_Al_003.wav
166,1p1,Al,COPD,3,train,/Users/vs/Sem 5/Respiratory-Disease-Classification/data/processed/audio/cycles/166/1p1_Al_004.wav
166,1p1,Al,COPD,3,train,/Users/vs/Sem 5/Respiratory-Disease-Classification/data/processed/audio/cycles/166/1p1_Al_005.wav
166,1p1,Al,COPD,3,train,/Users/vs/Sem 5/Respiratory-Disease-Classification/data/processed/audio/cycles/166/1p1_Al_006.wav
166,1p1,Al,COPD,3,train,/Users/vs/Sem 5/Respiratory-Disease-Classification/data/processed/audio/cycles/166/1p1_Al_007.wav
166,1p1,Al,COPD,3,train,/Users/vs/Sem 5/Respiratory-Disease-Classification/data/processed/audio/cycles/166/1p1_Al_008.wav
166,1p1,Al,COPD,3,train,/Users/vs/Sem 5/Respiratory-Disease-Classification/data/processed/audio/cycles/166/1p1_Al_009.wav
166,1p1,Al,COPD,3,train,/Users/vs/Sem 5/Respiratory-Disease-Classification/data/processed/audio/cycles/166/1p1_Al_010.wav
166,1p1,Al,COPD,3,train,/Users/vs/Sem 5/Respiratory-Disease-Classification/data/processed/audio/cycles/166/1p1_Al_011.wav
166,1p1,Al,COPD,3,train,/Users/vs/Sem 5/Respiratory-Disease-Classification/data/processed/audio/cycles/166/1p1_Al_012.wav
166,1p1,Al,COPD,3,train,/Users/vs/Sem 5/Respiratory-Disease-Classification/data/processed/audio/cycles/166/1p1_Al_013.wav
166,1p1,Al,COPD,3,train,/Users/vs/Sem 5/Respiratory-Disease-Classification/data/processed/audio/cycles/166/1p1_Al_014.wav
166,1p1,Al,COPD,3,train,/Users/vs/Sem 5/Respiratory-Disease-Classification/data/processed/audio/cycles/166/1p1_Al_015.wav
166,1p1,Al,COPD,3,train,/Users/vs/Sem 5/Respiratory-Disease-Classification/data/processed/audio/cycles/166/1p1_Al_016.wav
166,1p1,Al,COPD,3,train,/Users/vs/Sem 5/Respiratory-Disease-Classification/data/processed/audio/cycles/166/1p1_Al_017.wav
166,1p1,Ar,COPD,3,train,/Users/vs/Sem 5/Respiratory-Disease-Classification/data/processed/audio/cycles/166/1p1_Ar_001.wav
166,1p1,Ar,COPD,3,train,/Users/vs/Sem 5/Respiratory-Disease-Classification/data/processed/audio/cycles/166/1p1_Ar_002.wav
166,1p1,Ar,COPD,3,train,/Users/vs/Sem 5/Respiratory-Disease-Classification/data/processed/audio/cycles/166/1p1_Ar_003.wav
166,1p1,Ar,COPD,3,train,/Users/vs/Sem 5/Respiratory-Disease-Classification/data/processed/audio/cycles/166/1p1_Ar_004.wav
166,1p1,Ar,COPD,3,train,/Users/vs/Sem 5/Respiratory-Disease-Classification/data/processed/audio/cycles/166/1p1_Ar_005.wav
166,1p1,Ar,COPD,3,train,/Users/vs/Sem 5/Respiratory-Disease-Classification/data/processed/audio/cycles/166/1p1_Ar_006.wav
166,1p1,Ar,COPD,3,train,/Users/vs/Sem 5/Respiratory-Disease-Classification/data/processed/audio/cycles/166/1p1_Ar_007.wav
166,1p1,Ar,COPD,3,train,/Users/vs/Sem 5/Respiratory-Disease-Classification/data/processed/audio/cycles/166/1p1_Ar_008.wav
166,1p1,Ar,COPD,3,train,/Users/vs/Sem 5/Respiratory-Disease-Classification/data/processed/audio/cycles/166/1p1_Ar_009.wav
166,1p1,Ar,COPD,3,train,/Users/vs/Sem 5/Respiratory-Disease-Classification/data/processed/audio/cycles/166/1p1_Ar_010.wav
166,1p1,Ar,COPD,3,train,/Users/vs/Sem 5/Respiratory-Disease-Classification/data/processed/audio/cycles/166/1p1_Ar_011.wav
166,1p1,Ar,COPD,3,train,/Users/vs/Sem 5/Respiratory-Disease-Classification/data/processed/audio/cycles/166/1p1_Ar_012.wav
166,1p1,Ar,COPD,3,train,/Users/vs/Sem 5/Respiratory-Disease-Classification/data/processed/audio/cycles/166/1p1_Ar_013.wav
166,1p1,Ar,COPD,3,train,/Users/vs/Sem 5/Respiratory-Disease-Classification/data/processed/audio/cycles/166/1p1_Ar_014.wav
166,1p1,Ar,COPD,3,train,/Users/vs/Sem 5/Respiratory-Disease-Classification/data/processed/audio/cycles/166/1p1_Ar_015.wav
166,1p1,Ar,COPD,3,train,/Users/vs/Sem 5/Respiratory-Disease-Classification/data/processed/audio/cycles/166/1p1_Ar_016.wav
166,1p1,Ar,COPD,3,train,/Users/vs/Sem 5/Respiratory-Disease-Classification/data/processed/audio/cycles/166/1p1_Ar_017.wav
166,1p1,Ar,COPD,3,train,/Users/vs/Sem 5/Respiratory-Disease-Classification/data/processed/audio/cycles/166/1p1_Ar_018.wav
166,1p1,Ar,COPD,3,train,/Users/vs/Sem 5/Respiratory-Disease-Classification/data/processed/audio/cycles/166/1p1_Ar_019.wav
166,1p1,Ar,COPD,3,train,/Users/vs/Sem 5/Respiratory-Disease-Classification/data/processed/audio/cycles/166/1p1_Ar_020.wav
166,1p1,Ar,COPD,3,train,/Users/vs/Sem 5/Respiratory-Disease-Classification/data/processed/audio/cycles/166/1p1_Ar_021.wav
166,1p1,Ar,COPD,3,train,/Users/vs/Sem 5/Respiratory-Disease-Classification/data/processed/audio/cycles/166/1p1_Ar_022.wav
166,1p1,Ar,COPD,3,train,/Users/vs/Sem 5/Respiratory-Disease-Classification/data/processed/audio/cycles/166/1p1_Ar_023.wav
166,1p1,Ar,COPD,3,train,/Users/vs/Sem 5/Respiratory-Disease-Classification/data/processed/audio/cycles/166/1p1_Ar_024.wav
166,1p1,Ar,COPD,3,train,/Users/vs/Sem 5/Respiratory-Disease-Classification/data/processed/audio/cycles/166/1p1_Ar_025.wav
166,1p1,Ll,COPD,3,train,/Users/vs/Sem 5/Respiratory-Disease-Classification/data/processed/audio/cycles/166/1p1_Ll_001.wav
166,1p1,Ll,COPD,3,train,/Users/vs/Sem 5/Respiratory-Disease-Classification/data/processed/audio/cycles/166/1p1_Ll_002.wav
166,1p1,Ll,COPD,3,train,/Users/vs/Sem 5/Respiratory-Disease-Classification/data/processed/audio/cycles/166/1p1_Ll_003.wav
166,1p1,Ll,COPD,3,train,/Users/vs/Sem 5/Respiratory-Disease-Classification/data/processed/audio/cycles/166/1p1_Ll_004.wav
166,1p1,Ll,COPD,3,train,/Users/vs/Sem 5/Respiratory-Disease-Classification/data/processed/audio/cycles/166/1p1_Ll_005.wav
166,1p1,Ll,COPD,3,train,/Users/vs/Sem 5/Respiratory-Disease-Classification/data/processed/audio/cycles/166/1p1_Ll_006.wav
166,1p1,Ll,COPD,3,train,/Users/vs/Sem 5/Respiratory-Disease-Classification/data/processed/audio/cycles/166/1p1_Ll_007.wav
166,1p1,Ll,COPD,3,train,/Users/vs/Sem 5/Respiratory-Disease-Classification/data/processed/audio/cycles/166/1p1_Ll_008.wav
166,1p1,Ll,COPD,3,train,/Users/vs/Sem 5/Respiratory-Disease-Classification/data/processed/audio/cycles/166/1p1_Ll_009.wav
166,1p1,Ll,COPD,3,train,/Users/vs/Sem 5/Respiratory-Disease-Classification/data/processed/audio/cycles/166/1p1_Ll_010.wav
166,1p1,Ll,COPD,3,train,/Users/vs/Sem 5/Respiratory-Disease-Classification/data/processed/audio/cycles/166/1p1_Ll_011.wav
166,1p1,Ll,COPD,3,train,/Users/vs/Sem 5/Respiratory-Disease-Classification/data/processed/audio/cycles/166/1p1_Ll_012.wav
166,1p1,Ll,COPD,3,train,/Users/vs/Sem 5/Respiratory-Disease-Classification/data/processed/audio/cycles/166/1p1_Ll_013.wav
166,1p1,Ll,COPD,3,train,/Users/vs/Sem 5/Respiratory-Disease-Classification/data/processed/audio/cycles/166/1p1_Ll_014.wav
166,1p1,Ll,COPD,3,train,/Users/vs/Sem 5/Respiratory-Disease-Classification/data/processed/audio/cycles/166/1p1_Ll_015.wav
166,1p1,Ll,COPD,3,train,/Users/vs/Sem 5/Respiratory-Disease-Classification/data/processed/audio/cycles/166/1p1_Ll_016.wav
166,1p1,Ll,COPD,3,train,/Users/vs/Sem 5/Respiratory-Disease-Classification/data/processed/audio/cycles/166/1p1_Ll_017.wav
166,1p1,Ll,COPD,3,train,/Users/vs/Sem 5/Respiratory-Disease-Classification/data/processed/audio/cycles/166/1p1_Ll_018.wav
166,1p1,Ll,COPD,3,train,/Users/vs/Sem 5/Respiratory-Disease-Classification/data/processed/audio/cycles/166/1p1_Ll_019.wav
166,1p1,Ll,COPD,3,train,/Users/vs/Sem 5/Respiratory-Disease-Classification/data/processed/audio/cycles/166/1p1_Ll_020.wav
166,1p1,Ll,COPD,3,train,/Users/vs/Sem 5/Respiratory-Disease-Classification/data/processed/audio/cycles/166/1p1_Ll_021.wav
166,1p1,Ll,COPD,3,train,/Users/vs/Sem 5/Respiratory-Disease-Classification/data/processed/audio/cycles/166/1p1_Ll_022.wav
166,1p1,Ll,COPD,3,train,/Users/vs/Sem 5/Respiratory-Disease-Classification/data/processed/audio/cycles/166/1p1_Ll_023.wav
166,1p1,Ll,COPD,3,train,/Users/vs/Sem 5/Respiratory-Disease-Classification/data/processed/audio/cycles/166/1p1_Ll_024.wav
166,1p1,Ll,COPD,3,train,/Users/vs/Sem 5/Respiratory-Disease-Classification/data/processed/audio/cycles/166/1p1_Ll_025.wav
166,1p1,Pl,COPD,3,train,/Users/vs/Sem 5/Respiratory-Disease-Classification/data/processed/audio/cycles/166/1p1_Pl_001.wav
166,1p1,Pl,COPD,3,train,/Users/vs/Sem 5/Respiratory-Disease-Classification/data/processed/audio/cycles/166/1p1_Pl_002.wav
166,1p1,Pl,COPD,3,train,/Users/vs/Sem 5/Respiratory-Disease-Classification/data/processed/audio/cycles/166/1p1_Pl_003.wav
166,1p1,Pl,COPD,3,train,/Users/vs/Sem 5/Respiratory-Disease-Classification/data/processed/audio/cycles/166/1p1_Pl_004.wav
166,1p1,Pl,COPD,3,train,/Users/vs/Sem 5/Respiratory-Disease-Classification/data/processed/audio/cycles/166/1p1_Pl_005.wav
166,1p1,Pl,COPD,3,train,/Users/vs/Sem 5/Respiratory-Disease-Classification/data/processed/audio/cycles/166/1p1_Pl_006.wav
166,1p1,Pl,COPD,3,train,/Users/vs/Sem 5/Respiratory-Disease-Classification/data/processed/audio/cycles/166/1p1_Pl_007.wav
166,1p1,Pl,COPD,3,train,/Users/vs/Sem 5/Respiratory-Disease-Classification/data/processed/audio/cycles/166/1p1_Pl_008.wav
166,1p1,Pl,COPD,3,train,/Users/vs/Sem 5/Respiratory-Disease-Classification/data/processed/audio/cycles/166/1p1_Pl_009.wav
166,1p1,Pl,COPD,3,train,/Users/vs/Sem 5/Respiratory-Disease-Classification/data/processed/audio/cycles/166/1p1_Pl_010.wav
166,1p1,Pl,COPD,3,train,/Users/vs/Sem 5/Respiratory-Disease-Classification/data/processed/audio/cycles/166/1p1_Pl_011.wav
166,1p1,Pl,COPD,3,train,/Users/vs/Sem 5/Respiratory-Disease-Classification/data/processed/audio/cycles/166/1p1_Pl_012.wav
166,1p1,Pl,COPD,3,train,/Users/vs/Sem 5/Respiratory-Disease-Classification/data/processed/audio/cycles/166/1p1_Pl_013.wav
166,1p1,Pl,COPD,3,train,/Users/vs/Sem 5/Respiratory-Disease-Classification/data/processed/audio/cycles/166/1p1_Pl_014.wav
166,1p1,Pl,COPD,3,train,/Users/vs/Sem 5/Respiratory-Disease-Classification/data/processed/audio/cycles/166/1p1_Pl_015.wav
166,1p1,Pl,COPD,3,train,/Users/vs/Sem 5/Respiratory-Disease-Classification/data/processed/audio/cycles/166/1p1_Pl_016.wav
166,1p1,Pl,COPD,3,train,/Users/vs/Sem 5/Respiratory-Disease-Classification/data/processed/audio/cycles/166/1p1_Pl_017.wav
166,1p1,Pl,COPD,3,train,/Users/vs/Sem 5/Respiratory-Disease-Classification/data/processed/audio/cycles/166/1p1_Pl_018.wav
166,1p1,Pl,COPD,3,train,/Users/vs/Sem 5/Respiratory-Disease-Classification/data/processed/audio/cycles/166/1p1_Pl_019.wav
166,1p1,Pl,COPD,3,train,/Users/vs/Sem 5/Respiratory-Disease-Classification/data/processed/audio/cycles/166/1p1_Pl_020.wav
166,1p1,Pl,COPD,3,train,/Users/vs/Sem 5/Respiratory-Disease-Classification/data/processed/audio/cycles/166/1p1_Pl_021.wav
166,1p1,Pl,COPD,3,train,/Users/vs/Sem 5/Respiratory-Disease-Classification/data/processed/audio/cycles/166/1p1_Pl_022.wav
166,1p1,Pl,COPD,3,train,/Users/vs/Sem 5/Respiratory-Disease-Classification/data/processed/audio/cycles/166/1p1_Pl_023.wav
166,1p1,Pl,COPD,3,train,/Users/vs/Sem 5/Respiratory-Disease-Classification/data/processed/audio/cycles/166/1p1_Pl_024.wav
166,1p1,Pr,COPD,3,train,/Users/vs/Sem 5/Respiratory-Disease-Classification/data/processed/audio/cycles/166/1p1_Pr_001.wav
166,1p1,Pr,COPD,3,train,/Users/vs/Sem 5/Respiratory-Disease-Classification/data/processed/audio/cycles/166/1p1_Pr_002.wav
166,1p1,Pr,COPD,3,train,/Users/vs/Sem 5/Respiratory-Disease-Classification/data/processed/audio/cycles/166/1p1_Pr_003.wav
166,1p1,Pr,COPD,3,train,/Users/vs/Sem 5/Respiratory-Disease-Classification/data/processed/audio/cycles/166/1p1_Pr_004.wav
166,1p1,Pr,COPD,3,train,/Users/vs/Sem 5/Respiratory-Disease-Classification/data/processed/audio/cycles/166/1p1_Pr_005.wav
166,1p1,Pr,COPD,3,train,/Users/vs/Sem 5/Respiratory-Disease-Classification/data/processed/audio/cycles/166/1p1_Pr_006.wav
166,1p1,Pr,COPD,3,train,/Users/vs/Sem 5/Respiratory-Disease-Classification/data/processed/audio/cycles/166/1p1_Pr_007.wav
166,1p1,Pr,COPD,3,train,/Users/vs/Sem 5/Respiratory-Disease-Classification/data/processed/audio/cycles/166/1p1_Pr_008.wav
166,1p1,Pr,COPD,3,train,/Users/vs/Sem 5/Respiratory-Disease-Classification/data/processed/audio/cycles/166/1p1_Pr_009.wav
166,1p1,Pr,COPD,3,train,/Users/vs/Sem 5/Respiratory-Disease-Classification/data/processed/audio/cycles/166/1p1_Pr_010.wav
166,1p1,Pr,COPD,3,train,/Users/vs/Sem 5/Respiratory-Disease-Classification/data/processed/audio/cycles/166/1p1_Pr_011.wav
166,1p1,Pr,COPD,3,train,/Users/vs/Sem 5/Respiratory-Disease-Classification/data/processed/audio/cycles/166/1p1_Pr_012.wav
166,1p1,Pr,COPD,3,train,/Users/vs/Sem 5/Respiratory-Disease-Classification/data/processed/audio/cycles/166/1p1_Pr_013.wav
166,1p1,Pr,COPD,3,train,/Users/vs/Sem 5/Respiratory-Disease-Classification/data/processed/audio/cycles/166/1p1_Pr_014.wav
166,1p1,Pr,COPD,3,train,/Users/vs/Sem 5/Respiratory-Disease-Classification/data/processed/audio/cycles/166/1p1_Pr_015.wav
166,1p1,Pr,COPD,3,train,/Users/vs/Sem 5/Respiratory-Disease-Classification/data/processed/audio/cycles/166/1p1_Pr_016.wav
166,1p1,Pr,COPD,3,train,/Users/vs/Sem 5/Respiratory-Disease-Classification/data/processed/audio/cycles/166/1p1_Pr_017.wav
166,1p1,Pr,COPD,3,train,/Users/vs/Sem 5/Respiratory-Disease-Classification/data/processed/audio/cycles/166/1p1_Pr_018.wav
166,1p1,Pr,COPD,3,train,/Users/vs/Sem 5/Respiratory-Disease-Classification/data/processed/audio/cycles/166/1p1_Pr_019.wav
166,1p1,Pr,COPD,3,train,/Users/vs/Sem 5/Respiratory-Disease-Classification/data/processed/audio/cycles/166/1p1_Pr_020.wav
166,1p1,Pr,COPD,3,train,/Users/vs/Sem 5/Respiratory-Disease-Classification/data/processed/audio/cycles/166/1p1_Pr_021.wav
166,1p1,Pr,COPD,3,train,/Users/vs/Sem 5/Respiratory-Disease-Classification/data/processed/audio/cycles/166/1p1_Pr_022.wav
166,1p1,Pr,COPD,3,train,/Users/vs/Sem 5/Respiratory-Disease-Classification/data/processed/audio/cycles/166/1p1_Pr_023.wav
166,1p1,Pr,COPD,3,train,/Users/vs/Sem 5/Respiratory-Disease-Classification/data/processed/audio/cycles/166/1p1_Pr_024.wav
167,1b1,Al,Bronchiolitis,2,train,/Users/vs/Sem 5/Respiratory-Disease-Classification/data/processed/audio/cycles/167/1b1_Al_001.wav
167,1b1,Al,Bronchiolitis,2,train,/Users/vs/Sem 5/Respiratory-Disease-Classification/data/processed/audio/cycles/167/1b1_Al_002.wav
167,1b1,Al,Bronchiolitis,2,train,/Users/vs/Sem 5/Respiratory-Disease-Classification/data/processed/audio/cycles/167/1b1_Al_003.wav
167,1b1,Al,Bronchiolitis,2,train,/Users/vs/Sem 5/Respiratory-Disease-Classification/data/processed/audio/cycles/167/1b1_Al_004.wav
167,1b1,Al,Bronchiolitis,2,train,/Users/vs/Sem 5/Respiratory-Disease-Classification/data/processed/audio/cycles/167/1b1_Al_005.wav
167,1b1,Al,Bronchiolitis,2,train,/Users/vs/Sem 5/Respiratory-Disease-Classification/data/processed/audio/cycles/167/1b1_Al_006.wav
167,1b1,Al,Bronchiolitis,2,train,/Users/vs/Sem 5/Respiratory-Disease-Classification/data/processed/audio/cycles/167/1b1_Al_007.wav
167,1b1,Al,Bronchiolitis,2,train,/Users/vs/Sem 5/Respiratory-Disease-Classification/data/processed/audio/cycles/167/1b1_Al_008.wav
167,1b1,Al,Bronchiolitis,2,train,/Users/vs/Sem 5/Respiratory-Disease-Classification/data/processed/audio/cycles/167/1b1_Al_009.wav
167,1b1,Al,Bronchiolitis,2,train,/Users/vs/Sem 5/Respiratory-Disease-Classification/data/processed/audio/cycles/167/1b1_Al_010.wav
167,1b1,Al,Bronchiolitis,2,train,/Users/vs/Sem 5/Respiratory-Disease-Classification/data/processed/audio/cycles/167/1b1_Al_011.wav
167,1b1,Al,Bronchiolitis,2,train,/Users/vs/Sem 5/Respiratory-Disease-Classification/data/processed/audio/cycles/167/1b1_Al_012.wav
167,1b1,Al,Bronchiolitis,2,train,/Users/vs/Sem 5/Respiratory-Disease-Classification/data/processed/audio/cycles/167/1b1_Al_013.wav
167,1b1,Pr,Bronchiolitis,2,train,/Users/vs/Sem 5/Respiratory-Disease-Classification/data/processed/audio/cycles/167/1b1_Pr_001.wav
167,1b1,Pr,Bronchiolitis,2,train,/Users/vs/Sem 5/Respiratory-Disease-Classification/data/processed/audio/cycles/167/1b1_Pr_002.wav
167,1b1,Pr,Bronchiolitis,2,train,/Users/vs/Sem 5/Respiratory-Disease-Classification/data/processed/audio/cycles/167/1b1_Pr_003.wav
167,1b1,Pr,Bronchiolitis,2,train,/Users/vs/Sem 5/Respiratory-Disease-Classification/data/processed/audio/cycles/167/1b1_Pr_004.wav
167,1b1,Pr,Bronchiolitis,2,train,/Users/vs/Sem 5/Respiratory-Disease-Classification/data/processed/audio/cycles/167/1b1_Pr_005.wav
167,1b1,Pr,Bronchiolitis,2,train,/Users/vs/Sem 5/Respiratory-Disease-Classification/data/processed/audio/cycles/167/1b1_Pr_006.wav
167,1b1,Pr,Bronchiolitis,2,train,/Users/vs/Sem 5/Respiratory-Disease-Classification/data/processed/audio/cycles/167/1b1_Pr_007.wav
167,1b1,Pr,Bronchiolitis,2,train,/Users/vs/Sem 5/Respiratory-Disease-Classification/data/processed/audio/cycles/167/1b1_Pr_008.wav
167,1b1,Pr,Bronchiolitis,2,train,/Users/vs/Sem 5/Respiratory-Disease-Classification/data/processed/audio/cycles/167/1b1_Pr_009.wav
167,1b1,Pr,Bronchiolitis,2,train,/Users/vs/Sem 5/Respiratory-Disease-Classification/data/processed/audio/cycles/167/1b1_Pr_010.wav
167,1b1,Pr,Bronchiolitis,2,train,/Users/vs/Sem 5/Respiratory-Disease-Classification/data/processed/audio/cycles/167/1b1_Pr_011.wav
167,1b1,Pr,Bronchiolitis,2,train,/Users/vs/Sem 5/Respiratory-Disease-Classification/data/processed/audio/cycles/167/1b1_Pr_012.wav
167,1b1,Pr,Bronchiolitis,2,train,/Users/vs/Sem 5/Respiratory-Disease-Classification/data/processed/audio/cycles/167/1b1_Pr_013.wav
167,1b1,Pr,Bronchiolitis,2,train,/Users/vs/Sem 5/Respiratory-Disease-Classification/data/processed/audio/cycles/167/1b1_Pr_014.wav
167,1b1,Pr,Bronchiolitis,2,train,/Users/vs/Sem 5/Respiratory-Disease-Classification/data/processed/audio/cycles/167/1b1_Pr_015.wav
168,1b1,Al,Bronchiectasis,1,train,/Users/vs/Sem 5/Respiratory-Disease-Classification/data/processed/audio/cycles/168/1b1_Al_001.wav
168,1b1,Al,Bronchiectasis,1,train,/Users/vs/Sem 5/Respiratory-Disease-Classification/data/processed/audio/cycles/168/1b1_Al_002.wav
168,1b1,Al,Bronchiectasis,1,train,/Users/vs/Sem 5/Respiratory-Disease-Classification/data/processed/audio/cycles/168/1b1_Al_003.wav
168,1b1,Al,Bronchiectasis,1,train,/Users/vs/Sem 5/Respiratory-Disease-Classification/data/processed/audio/cycles/168/1b1_Al_004.wav
168,1b1,Al,Bronchiectasis,1,train,/Users/vs/Sem 5/Respiratory-Disease-Classification/data/processed/audio/cycles/168/1b1_Al_005.wav
168,1b1,Al,Bronchiectasis,1,train,/Users/vs/Sem 5/Respiratory-Disease-Classification/data/processed/audio/cycles/168/1b1_Al_006.wav
168,1b1,Al,Bronchiectasis,1,train,/Users/vs/Sem 5/Respiratory-Disease-Classification/data/processed/audio/cycles/168/1b1_Al_007.wav
169,1b1,Lr,Bronchiectasis,1,test,/Users/vs/Sem 5/Respiratory-Disease-Classification/data/processed/audio/cycles/169/1b1_Lr_001.wav
169,1b1,Lr,Bronchiectasis,1,test,/Users/vs/Sem 5/Respiratory-Disease-Classification/data/processed/audio/cycles/169/1b1_Lr_002.wav
169,1b1,Lr,Bronchiectasis,1,test,/Users/vs/Sem 5/Respiratory-Disease-Classification/data/processed/audio/cycles/169/1b1_Lr_003.wav
169,1b1,Lr,Bronchiectasis,1,test,/Users/vs/Sem 5/Respiratory-Disease-Classification/data/processed/audio/cycles/169/1b1_Lr_004.wav
169,1b1,Lr,Bronchiectasis,1,test,/Users/vs/Sem 5/Respiratory-Disease-Classification/data/processed/audio/cycles/169/1b1_Lr_005.wav
169,1b1,Lr,Bronchiectasis,1,test,/Users/vs/Sem 5/Respiratory-Disease-Classification/data/processed/audio/cycles/169/1b1_Lr_006.wav
169,1b1,Lr,Bronchiectasis,1,test,/Users/vs/Sem 5/Respiratory-Disease-Classification/data/processed/audio/cycles/169/1b1_Lr_007.wav
169,1b2,Ll,Bronchiectasis,1,test,/Users/vs/Sem 5/Respiratory-Disease-Classification/data/processed/audio/cycles/169/1b2_Ll_001.wav
169,1b2,Ll,Bronchiectasis,1,test,/Users/vs/Sem 5/Respiratory-Disease-Classification/data/processed/audio/cycles/169/1b2_Ll_002.wav
169,1b2,Ll,Bronchiectasis,1,test,/Users/vs/Sem 5/Respiratory-Disease-Classification/data/processed/audio/cycles/169/1b2_Ll_003.wav
169,1b2,Ll,Bronchiectasis,1,test,/Users/vs/Sem 5/Respiratory-Disease-Classification/data/processed/audio/cycles/169/1b2_Ll_004.wav
169,1b2,Ll,Bronchiectasis,1,test,/Users/vs/Sem 5/Respiratory-Disease-Classification/data/processed/audio/cycles/169/1b2_Ll_005.wav
169,1b2,Ll,Bronchiectasis,1,test,/Users/vs/Sem 5/Respiratory-Disease-Classification/data/processed/audio/cycles/169/1b2_Ll_006.wav
169,1b2,Ll,Bronchiectasis,1,test,/Users/vs/Sem 5/Respiratory-Disease-Classification/data/processed/audio/cycles/169/1b2_Ll_007.wav
170,1b2,Al,COPD,3,test,/Users/vs/Sem 5/Respiratory-Disease-Classification/data/processed/audio/cycles/170/1b2_Al_001.wav
170,1b2,Al,COPD,3,test,/Users/vs/Sem 5/Respiratory-Disease-Classification/data/processed/audio/cycles/170/1b2_Al_002.wav
170,1b2,Al,COPD,3,test,/Users/vs/Sem 5/Respiratory-Disease-Classification/data/processed/audio/cycles/170/1b2_Al_003.wav
170,1b2,Al,COPD,3,test,/Users/vs/Sem 5/Respiratory-Disease-Classification/data/processed/audio/cycles/170/1b2_Al_004.wav
170,1b2,Al,COPD,3,test,/Users/vs/Sem 5/Respiratory-Disease-Classification/data/processed/audio/cycles/170/1b2_Al_005.wav
170,1b2,Ar,COPD,3,test,/Users/vs/Sem 5/Respiratory-Disease-Classification/data/processed/audio/cycles/170/1b2_Ar_001.wav
170,1b2,Ar,COPD,3,test,/Users/vs/Sem 5/Respiratory-Disease-Classification/data/processed/audio/cycles/170/1b2_Ar_002.wav
170,1b2,Ar,COPD,3,test,/Users/vs/Sem 5/Respiratory-Disease-Classification/data/processed/audio/cycles/170/1b2_Ar_003.wav
170,1b2,Ar,COPD,3,test,/Users/vs/Sem 5/Respiratory-Disease-Classification/data/processed/audio/cycles/170/1b2_Ar_004.wav
170,1b2,Ar,COPD,3,test,/Users/vs/Sem 5/Respiratory-Disease-Classification/data/processed/audio/cycles/170/1b2_Ar_005.wav
170,1b2,Lr,COPD,3,test,/Users/vs/Sem 5/Respiratory-Disease-Classification/data/processed/audio/cycles/170/1b2_Lr_001.wav
170,1b2,Lr,COPD,3,test,/Users/vs/Sem 5/Respiratory-Disease-Classification/data/processed/audio/cycles/170/1b2_Lr_002.wav
170,1b2,Lr,COPD,3,test,/Users/vs/Sem 5/Respiratory-Disease-Classification/data/processed/audio/cycles/170/1b2_Lr_003.wav
170,1b2,Lr,COPD,3,test,/Users/vs/Sem 5/Respiratory-Disease-Classification/data/processed/audio/cycles/170/1b2_Lr_004.wav
170,1b2,Lr,COPD,3,test,/Users/vs/Sem 5/Respiratory-Disease-Classification/data/processed/audio/cycles/170/1b2_Lr_005.wav
170,1b2,Pl,COPD,3,test,/Users/vs/Sem 5/Respiratory-Disease-Classification/data/processed/audio/cycles/170/1b2_Pl_001.wav
170,1b2,Pl,COPD,3,test,/Users/vs/Sem 5/Respiratory-Disease-Classification/data/processed/audio/cycles/170/1b2_Pl_002.wav
170,1b2,Pl,COPD,3,test,/Users/vs/Sem 5/Respiratory-Disease-Classification/data/processed/audio/cycles/170/1b2_Pl_003.wav
170,1b2,Pl,COPD,3,test,/Users/vs/Sem 5/Respiratory-Disease-Classification/data/processed/audio/cycles/170/1b2_Pl_004.wav
170,1b2,Pl,COPD,3,test,/Users/vs/Sem 5/Respiratory-Disease-Classification/data/processed/audio/cycles/170/1b2_Pl_005.wav
170,1b2,Pr,COPD,3,test,/Users/vs/Sem 5/Respiratory-Disease-Classification/data/processed/audio/cycles/170/1b2_Pr_001.wav
170,1b2,Pr,COPD,3,test,/Users/vs/Sem 5/Respiratory-Disease-Classification/data/processed/audio/cycles/170/1b2_Pr_002.wav
170,1b2,Pr,COPD,3,test,/Users/vs/Sem 5/Respiratory-Disease-Classification/data/processed/audio/cycles/170/1b2_Pr_003.wav
170,1b2,Pr,COPD,3,test,/Users/vs/Sem 5/Respiratory-Disease-Classification/data/processed/audio/cycles/170/1b2_Pr_004.wav
170,1b2,Pr,COPD,3,test,/Users/vs/Sem 5/Respiratory-Disease-Classification/data/processed/audio/cycles/170/1b2_Pr_005.wav
170,1b2,Tc,COPD,3,test,/Users/vs/Sem 5/Respiratory-Disease-Classification/data/processed/audio/cycles/170/1b2_Tc_001.wav
170,1b2,Tc,COPD,3,test,/Users/vs/Sem 5/Respiratory-Disease-Classification/data/processed/audio/cycles/170/1b2_Tc_002.wav
170,1b2,Tc,COPD,3,test,/Users/vs/Sem 5/Respiratory-Disease-Classification/data/processed/audio/cycles/170/1b2_Tc_003.wav
170,1b2,Tc,COPD,3,test,/Users/vs/Sem 5/Respiratory-Disease-Classification/data/processed/audio/cycles/170/1b2_Tc_004.wav
170,1b2,Tc,COPD,3,test,/Users/vs/Sem 5/Respiratory-Disease-Classification/data/processed/audio/cycles/170/1b2_Tc_005.wav
170,1b3,Al,COPD,3,test,/Users/vs/Sem 5/Respiratory-Disease-Classification/data/processed/audio/cycles/170/1b3_Al_001.wav
170,1b3,Al,COPD,3,test,/Users/vs/Sem 5/Respiratory-Disease-Classification/data/processed/audio/cycles/170/1b3_Al_002.wav
170,1b3,Al,COPD,3,test,/Users/vs/Sem 5/Respiratory-Disease-Classification/data/processed/audio/cycles/170/1b3_Al_003.wav
170,1b3,Al,COPD,3,test,/Users/vs/Sem 5/Respiratory-Disease-Classification/data/processed/audio/cycles/170/1b3_Al_004.wav
170,1b3,Al,COPD,3,test,/Users/vs/Sem 5/Respiratory-Disease-Classification/data/processed/audio/cycles/170/1b3_Al_005.wav
170,1b3,Al,COPD,3,test,/Users/vs/Sem 5/Respiratory-Disease-Classification/data/processed/audio/cycles/170/1b3_Al_006.wav
170,1b3,Ar,COPD,3,test,/Users/vs/Sem 5/Respiratory-Disease-Classification/data/processed/audio/cycles/170/1b3_Ar_001.wav
170,1b3,Ar,COPD,3,test,/Users/vs/Sem 5/Respiratory-Disease-Classification/data/processed/audio/cycles/170/1b3_Ar_002.wav
170,1b3,Ar,COPD,3,test,/Users/vs/Sem 5/Respiratory-Disease-Classification/data/processed/audio/cycles/170/1b3_Ar_003.wav
170,1b3,Ar,COPD,3,test,/Users/vs/Sem 5/Respiratory-Disease-Classification/data/processed/audio/cycles/170/1b3_Ar_004.wav
170,1b3,Ar,COPD,3,test,/Users/vs/Sem 5/Respiratory-Disease-Classification/data/processed/audio/cycles/170/1b3_Ar_005.wav
170,1b3,Ar,COPD,3,test,/Users/vs/Sem 5/Respiratory-Disease-Classification/data/processed/audio/cycles/170/1b3_Ar_006.wav
170,1b3,Ll,COPD,3,test,/Users/vs/Sem 5/Respiratory-Disease-Classification/data/processed/audio/cycles/170/1b3_Ll_001.wav
170,1b3,Ll,COPD,3,test,/Users/vs/Sem 5/Respiratory-Disease-Classification/data/processed/audio/cycles/170/1b3_Ll_002.wav
170,1b3,Ll,COPD,3,test,/Users/vs/Sem 5/Respiratory-Disease-Classification/data/processed/audio/cycles/170/1b3_Ll_003.wav
170,1b3,Ll,COPD,3,test,/Users/vs/Sem 5/Respiratory-Disease-Classification/data/processed/audio/cycles/170/1b3_Ll_004.wav
170,1b3,Ll,COPD,3,test,/Users/vs/Sem 5/Respiratory-Disease-Classification/data/processed/audio/cycles/170/1b3_Ll_005.wav
170,1b3,Ll,COPD,3,test,/Users/vs/Sem 5/Respiratory-Disease-Classification/data/processed/audio/cycles/170/1b3_Ll_006.wav
170,1b3,Lr,COPD,3,test,/Users/vs/Sem 5/Respiratory-Disease-Classification/data/processed/audio/cycles/170/1b3_Lr_001.wav
170,1b3,Lr,COPD,3,test,/Users/vs/Sem 5/Respiratory-Disease-Classification/data/processed/audio/cycles/170/1b3_Lr_002.wav
170,1b3,Lr,COPD,3,test,/Users/vs/Sem 5/Respiratory-Disease-Classification/data/processed/audio/cycles/170/1b3_Lr_003.wav
170,1b3,Lr,COPD,3,test,/Users/vs/Sem 5/Respiratory-Disease-Classification/data/processed/audio/cycles/170/1b3_Lr_004.wav
170,1b3,Lr,COPD,3,test,/Users/vs/Sem 5/Respiratory-Disease-Classification/data/processed/audio/cycles/170/1b3_Lr_005.wav
170,1b3,Lr,COPD,3,test,/Users/vs/Sem 5/Respiratory-Disease-Classification/data/processed/audio/cycles/170/1b3_Lr_006.wav
170,1b3,Pl,COPD,3,test,/Users/vs/Sem 5/Respiratory-Disease-Classification/data/processed/audio/cycles/170/1b3_Pl_001.wav
170,1b3,Pl,COPD,3,test,/Users/vs/Sem 5/Respiratory-Disease-Classification/data/processed/audio/cycles/170/1b3_Pl_002.wav
170,1b3,Pl,COPD,3,test,/Users/vs/Sem 5/Respiratory-Disease-Classification/data/processed/audio/cycles/170/1b3_Pl_003.wav
170,1b3,Pl,COPD,3,test,/Users/vs/Sem 5/Respiratory-Disease-Classification/data/processed/audio/cycles/170/1b3_Pl_004.wav
170,1b3,Pl,COPD,3,test,/Users/vs/Sem 5/Respiratory-Disease-Classification/data/processed/audio/cycles/170/1b3_Pl_005.wav
170,1b3,Pl,COPD,3,test,/Users/vs/Sem 5/Respiratory-Disease-Classification/data/processed/audio/cycles/170/1b3_Pl_006.wav
170,1b3,Pr,COPD,3,test,/Users/vs/Sem 5/Respiratory-Disease-Classification/data/processed/audio/cycles/170/1b3_Pr_001.wav
170,1b3,Pr,COPD,3,test,/Users/vs/Sem 5/Respiratory-Disease-Classification/data/processed/audio/cycles/170/1b3_Pr_002.wav
170,1b3,Pr,COPD,3,test,/Users/vs/Sem 5/Respiratory-Disease-Classification/data/processed/audio/cycles/170/1b3_Pr_003.wav
170,1b3,Pr,COPD,3,test,/Users/vs/Sem 5/Respiratory-Disease-Classification/data/processed/audio/cycles/170/1b3_Pr_004.wav
170,1b3,Pr,COPD,3,test,/Users/vs/Sem 5/Respiratory-Disease-Classification/data/processed/audio/cycles/170/1b3_Pr_005.wav
170,1b3,Pr,COPD,3,test,/Users/vs/Sem 5/Respiratory-Disease-Classification/data/processed/audio/cycles/170/1b3_Pr_006.wav
170,1b3,Tc,COPD,3,test,/Users/vs/Sem 5/Respiratory-Disease-Classification/data/processed/audio/cycles/170/1b3_Tc_001.wav
170,1b3,Tc,COPD,3,test,/Users/vs/Sem 5/Respiratory-Disease-Classification/data/processed/audio/cycles/170/1b3_Tc_002.wav
170,1b3,Tc,COPD,3,test,/Users/vs/Sem 5/Respiratory-Disease-Classification/data/processed/audio/cycles/170/1b3_Tc_003.wav
170,1b3,Tc,COPD,3,test,/Users/vs/Sem 5/Respiratory-Disease-Classification/data/processed/audio/cycles/170/1b3_Tc_004.wav
170,1b3,Tc,COPD,3,test,/Users/vs/Sem 5/Respiratory-Disease-Classification/data/processed/audio/cycles/170/1b3_Tc_005.wav
170,1b3,Tc,COPD,3,test,/Users/vs/Sem 5/Respiratory-Disease-Classification/data/processed/audio/cycles/170/1b3_Tc_006.wav
170,1b4,Al,COPD,3,test,/Users/vs/Sem 5/Respiratory-Disease-Classification/data/processed/audio/cycles/170/1b4_Al_001.wav
170,1b4,Al,COPD,3,test,/Users/vs/Sem 5/Respiratory-Disease-Classification/data/processed/audio/cycles/170/1b4_Al_002.wav
170,1b4,Al,COPD,3,test,/Users/vs/Sem 5/Respiratory-Disease-Classification/data/processed/audio/cycles/170/1b4_Al_003.wav
170,1b4,Al,COPD,3,test,/Users/vs/Sem 5/Respiratory-Disease-Classification/data/processed/audio/cycles/170/1b4_Al_004.wav
170,1b4,Al,COPD,3,test,/Users/vs/Sem 5/Respiratory-Disease-Classification/data/processed/audio/cycles/170/1b4_Al_005.wav
170,1b4,Al,COPD,3,test,/Users/vs/Sem 5/Respiratory-Disease-Classification/data/processed/audio/cycles/170/1b4_Al_006.wav
170,1b4,Ar,COPD,3,test,/Users/vs/Sem 5/Respiratory-Disease-Classification/data/processed/audio/cycles/170/1b4_Ar_001.wav
170,1b4,Ar,COPD,3,test,/Users/vs/Sem 5/Respiratory-Disease-Classification/data/processed/audio/cycles/170/1b4_Ar_002.wav
170,1b4,Ar,COPD,3,test,/Users/vs/Sem 5/Respiratory-Disease-Classification/data/processed/audio/cycles/170/1b4_Ar_003.wav
170,1b4,Ar,COPD,3,test,/Users/vs/Sem 5/Respiratory-Disease-Classification/data/processed/audio/cycles/170/1b4_Ar_004.wav
170,1b4,Ar,COPD,3,test,/Users/vs/Sem 5/Respiratory-Disease-Classification/data/processed/audio/cycles/170/1b4_Ar_005.wav
170,1b4,Ar,COPD,3,test,/Users/vs/Sem 5/Respiratory-Disease-Classification/data/processed/audio/cycles/170/1b4_Ar_006.wav
170,1b4,Lr,COPD,3,test,/Users/vs/Sem 5/Respiratory-Disease-Classification/data/processed/audio/cycles/170/1b4_Lr_001.wav
170,1b4,Lr,COPD,3,test,/Users/vs/Sem 5/Respiratory-Disease-Classification/data/processed/audio/cycles/170/1b4_Lr_002.wav
170,1b4,Lr,COPD,3,test,/Users/vs/Sem 5/Respiratory-Disease-Classification/data/processed/audio/cycles/170/1b4_Lr_003.wav
170,1b4,Lr,COPD,3,test,/Users/vs/Sem 5/Respiratory-Disease-Classification/data/processed/audio/cycles/170/1b4_Lr_004.wav
170,1b4,Lr,COPD,3,test,/Users/vs/Sem 5/Respiratory-Disease-Classification/data/processed/audio/cycles/170/1b4_Lr_005.wav
170,1b4,Lr,COPD,3,test,/Users/vs/Sem 5/Respiratory-Disease-Classification/data/processed/audio/cycles/170/1b4_Lr_006.wav
170,1b4,Pl,COPD,3,test,/Users/vs/Sem 5/Respiratory-Disease-Classification/data/processed/audio/cycles/170/1b4_Pl_001.wav
170,1b4,Pl,COPD,3,test,/Users/vs/Sem 5/Respiratory-Disease-Classification/data/processed/audio/cycles/170/1b4_Pl_002.wav
170,1b4,Pl,COPD,3,test,/Users/vs/Sem 5/Respiratory-Disease-Classification/data/processed/audio/cycles/170/1b4_Pl_003.wav
170,1b4,Pl,COPD,3,test,/Users/vs/Sem 5/Respiratory-Disease-Classification/data/processed/audio/cycles/170/1b4_Pl_004.wav
170,1b4,Pl,COPD,3,test,/Users/vs/Sem 5/Respiratory-Disease-Classification/data/processed/audio/cycles/170/1b4_Pl_005.wav
170,1b4,Pl,COPD,3,test,/Users/vs/Sem 5/Respiratory-Disease-Classification/data/processed/audio/cycles/170/1b4_Pl_006.wav
170,1b4,Pr,COPD,3,test,/Users/vs/Sem 5/Respiratory-Disease-Classification/data/processed/audio/cycles/170/1b4_Pr_001.wav
170,1b4,Pr,COPD,3,test,/Users/vs/Sem 5/Respiratory-Disease-Classification/data/processed/audio/cycles/170/1b4_Pr_002.wav
170,1b4,Pr,COPD,3,test,/Users/vs/Sem 5/Respiratory-Disease-Classification/data/processed/audio/cycles/170/1b4_Pr_003.wav
170,1b4,Pr,COPD,3,test,/Users/vs/Sem 5/Respiratory-Disease-Classification/data/processed/audio/cycles/170/1b4_Pr_004.wav
170,1b4,Pr,COPD,3,test,/Users/vs/Sem 5/Respiratory-Disease-Classification/data/processed/audio/cycles/170/1b4_Pr_005.wav
170,1b4,Pr,COPD,3,test,/Users/vs/Sem 5/Respiratory-Disease-Classification/data/processed/audio/cycles/170/1b4_Pr_006.wav
170,1b4,Tc,COPD,3,test,/Users/vs/Sem 5/Respiratory-Disease-Classification/data/processed/audio/cycles/170/1b4_Tc_001.wav
170,1b4,Tc,COPD,3,test,/Users/vs/Sem 5/Respiratory-Disease-Classification/data/processed/audio/cycles/170/1b4_Tc_002.wav
170,1b4,Tc,COPD,3,test,/Users/vs/Sem 5/Respiratory-Disease-Classification/data/processed/audio/cycles/170/1b4_Tc_003.wav
170,1b4,Tc,COPD,3,test,/Users/vs/Sem 5/Respiratory-Disease-Classification/data/processed/audio/cycles/170/1b4_Tc_004.wav
170,1b4,Tc,COPD,3,test,/Users/vs/Sem 5/Respiratory-Disease-Classification/data/processed/audio/cycles/170/1b4_Tc_005.wav
170,1b4,Tc,COPD,3,test,/Users/vs/Sem 5/Respiratory-Disease-Classification/data/processed/audio/cycles/170/1b4_Tc_006.wav
170,2b2,Al,COPD,3,test,/Users/vs/Sem 5/Respiratory-Disease-Classification/data/processed/audio/cycles/170/2b2_Al_001.wav
170,2b2,Al,COPD,3,test,/Users/vs/Sem 5/Respiratory-Disease-Classification/data/processed/audio/cycles/170/2b2_Al_002.wav
170,2b2,Al,COPD,3,test,/Users/vs/Sem 5/Respiratory-Disease-Classification/data/processed/audio/cycles/170/2b2_Al_003.wav
170,2b2,Al,COPD,3,test,/Users/vs/Sem 5/Respiratory-Disease-Classification/data/processed/audio/cycles/170/2b2_Al_004.wav
170,2b2,Al,COPD,3,test,/Users/vs/Sem 5/Respiratory-Disease-Classification/data/processed/audio/cycles/170/2b2_Al_005.wav
170,2b2,Al,COPD,3,test,/Users/vs/Sem 5/Respiratory-Disease-Classification/data/processed/audio/cycles/170/2b2_Al_006.wav
170,2b2,Al,COPD,3,test,/Users/vs/Sem 5/Respiratory-Disease-Classification/data/processed/audio/cycles/170/2b2_Al_007.wav
170,2b2,Ar,COPD,3,test,/Users/vs/Sem 5/Respiratory-Disease-Classification/data/processed/audio/cycles/170/2b2_Ar_001.wav
170,2b2,Ar,COPD,3,test,/Users/vs/Sem 5/Respiratory-Disease-Classification/data/processed/audio/cycles/170/2b2_Ar_002.wav
170,2b2,Ar,COPD,3,test,/Users/vs/Sem 5/Respiratory-Disease-Classification/data/processed/audio/cycles/170/2b2_Ar_003.wav
170,2b2,Ar,COPD,3,test,/Users/vs/Sem 5/Respiratory-Disease-Classification/data/processed/audio/cycles/170/2b2_Ar_004.wav
170,2b2,Ar,COPD,3,test,/Users/vs/Sem 5/Respiratory-Disease-Classification/data/processed/audio/cycles/170/2b2_Ar_005.wav
170,2b2,Ar,COPD,3,test,/Users/vs/Sem 5/Respiratory-Disease-Classification/data/processed/audio/cycles/170/2b2_Ar_006.wav
170,2b2,Ar,COPD,3,test,/Users/vs/Sem 5/Respiratory-Disease-Classification/data/processed/audio/cycles/170/2b2_Ar_007.wav
170,2b2,Lr,COPD,3,test,/Users/vs/Sem 5/Respiratory-Disease-Classification/data/processed/audio/cycles/170/2b2_Lr_001.wav
170,2b2,Lr,COPD,3,test,/Users/vs/Sem 5/Respiratory-Disease-Classification/data/processed/audio/cycles/170/2b2_Lr_002.wav
170,2b2,Lr,COPD,3,test,/Users/vs/Sem 5/Respiratory-Disease-Classification/data/processed/audio/cycles/170/2b2_Lr_003.wav
170,2b2,Lr,COPD,3,test,/Users/vs/Sem 5/Respiratory-Disease-Classification/data/processed/audio/cycles/170/2b2_Lr_004.wav
170,2b2,Lr,COPD,3,test,/Users/vs/Sem 5/Respiratory-Disease-Classification/data/processed/audio/cycles/170/2b2_Lr_005.wav
170,2b2,Lr,COPD,3,test,/Users/vs/Sem 5/Respiratory-Disease-Classification/data/processed/audio/cycles/170/2b2_Lr_006.wav
170,2b2,Lr,COPD,3,test,/Users/vs/Sem 5/Respiratory-Disease-Classification/data/processed/audio/cycles/170/2b2_Lr_007.wav
170,2b2,Pl,COPD,3,test,/Users/vs/Sem 5/Respiratory-Disease-Classification/data/processed/audio/cycles/170/2b2_Pl_001.wav
170,2b2,Pl,COPD,3,test,/Users/vs/Sem 5/Respiratory-Disease-Classification/data/processed/audio/cycles/170/2b2_Pl_002.wav
170,2b2,Pl,COPD,3,test,/Users/vs/Sem 5/Respiratory-Disease-Classification/data/processed/audio/cycles/170/2b2_Pl_003.wav
170,2b2,Pl,COPD,3,test,/Users/vs/Sem 5/Respiratory-Disease-Classification/data/processed/audio/cycles/170/2b2_Pl_004.wav
170,2b2,Pl,COPD,3,test,/Users/vs/Sem 5/Respiratory-Disease-Classification/data/processed/audio/cycles/170/2b2_Pl_005.wav
170,2b2,Pl,COPD,3,test,/Users/vs/Sem 5/Respiratory-Disease-Classification/data/processed/audio/cycles/170/2b2_Pl_006.wav
170,2b2,Pl,COPD,3,test,/Users/vs/Sem 5/Respiratory-Disease-Classification/data/processed/audio/cycles/170/2b2_Pl_007.wav
170,2b2,Pr,COPD,3,test,/Users/vs/Sem 5/Respiratory-Disease-Classification/data/processed/audio/cycles/170/2b2_Pr_001.wav
170,2b2,Pr,COPD,3,test,/Users/vs/Sem 5/Respiratory-Disease-Classification/data/processed/audio/cycles/170/2b2_Pr_002.wav
170,2b2,Pr,COPD,3,test,/Users/vs/Sem 5/Respiratory-Disease-Classification/data/processed/audio/cycles/170/2b2_Pr_003.wav
170,2b2,Pr,COPD,3,test,/Users/vs/Sem 5/Respiratory-Disease-Classification/data/processed/audio/cycles/170/2b2_Pr_004.wav
170,2b2,Pr,COPD,3,test,/Users/vs/Sem 5/Respiratory-Disease-Classification/data/processed/audio/cycles/170/2b2_Pr_005.wav
170,2b2,Pr,COPD,3,test,/Users/vs/Sem 5/Respiratory-Disease-Classification/data/processed/audio/cycles/170/2b2_Pr_006.wav
170,2b2,Pr,COPD,3,test,/Users/vs/Sem 5/Respiratory-Disease-Classification/data/processed/audio/cycles/170/2b2_Pr_007.wav
170,2b2,Tc,COPD,3,test,/Users/vs/Sem 5/Respiratory-Disease-Classification/data/processed/audio/cycles/170/2b2_Tc_001.wav
170,2b2,Tc,COPD,3,test,/Users/vs/Sem 5/Respiratory-Disease-Classification/data/processed/audio/cycles/170/2b2_Tc_002.wav
170,2b2,Tc,COPD,3,test,/Users/vs/Sem 5/Respiratory-Disease-Classification/data/processed/audio/cycles/170/2b2_Tc_003.wav
170,2b2,Tc,COPD,3,test,/Users/vs/Sem 5/Respiratory-Disease-Classification/data/processed/audio/cycles/170/2b2_Tc_004.wav
170,2b2,Tc,COPD,3,test,/Users/vs/Sem 5/Respiratory-Disease-Classification/data/processed/audio/cycles/170/2b2_Tc_005.wav
170,2b2,Tc,COPD,3,test,/Users/vs/Sem 5/Respiratory-Disease-Classification/data/processed/audio/cycles/170/2b2_Tc_006.wav
170,2b2,Tc,COPD,3,test,/Users/vs/Sem 5/Respiratory-Disease-Classification/data/processed/audio/cycles/170/2b2_Tc_007.wav
171,1b1,Al,Healthy,4,test,/Users/vs/Sem 5/Respiratory-Disease-Classification/data/processed/audio/cycles/171/1b1_Al_001.wav
171,1b1,Al,Healthy,4,test,/Users/vs/Sem 5/Respiratory-Disease-Classification/data/processed/audio/cycles/171/1b1_Al_002.wav
171,1b1,Al,Healthy,4,test,/Users/vs/Sem 5/Respiratory-Disease-Classification/data/processed/audio/cycles/171/1b1_Al_003.wav
171,1b1,Al,Healthy,4,test,/Users/vs/Sem 5/Respiratory-Disease-Classification/data/processed/audio/cycles/171/1b1_Al_004.wav
171,1b1,Al,Healthy,4,test,/Users/vs/Sem 5/Respiratory-Disease-Classification/data/processed/audio/cycles/171/1b1_Al_005.wav
171,1b1,Al,Healthy,4,test,/Users/vs/Sem 5/Respiratory-Disease-Classification/data/processed/audio/cycles/171/1b1_Al_006.wav
171,1b1,Al,Healthy,4,test,/Users/vs/Sem 5/Respiratory-Disease-Classification/data/processed/audio/cycles/171/1b1_Al_007.wav
171,1b1,Al,Healthy,4,test,/Users/vs/Sem 5/Respiratory-Disease-Classification/data/processed/audio/cycles/171/1b1_Al_008.wav
171,1b1,Al,Healthy,4,test,/Users/vs/Sem 5/Respiratory-Disease-Classification/data/processed/audio/cycles/171/1b1_Al_009.wav
172,1b3,Al,COPD,3,train,/Users/vs/Sem 5/Respiratory-Disease-Classification/data/processed/audio/cycles/172/1b3_Al_001.wav
172,1b3,Al,COPD,3,train,/Users/vs/Sem 5/Respiratory-Disease-Classification/data/processed/audio/cycles/172/1b3_Al_002.wav
172,1b3,Al,COPD,3,train,/Users/vs/Sem 5/Respiratory-Disease-Classification/data/processed/audio/cycles/172/1b3_Al_003.wav
172,1b3,Al,COPD,3,train,/Users/vs/Sem 5/Respiratory-Disease-Classification/data/processed/audio/cycles/172/1b3_Al_004.wav
172,1b3,Al,COPD,3,train,/Users/vs/Sem 5/Respiratory-Disease-Classification/data/processed/audio/cycles/172/1b3_Al_005.wav
172,1b3,Al,COPD,3,train,/Users/vs/Sem 5/Respiratory-Disease-Classification/data/processed/audio/cycles/172/1b3_Al_006.wav
172,1b3,Al,COPD,3,train,/Users/vs/Sem 5/Respiratory-Disease-Classification/data/processed/audio/cycles/172/1b3_Al_007.wav
172,1b3,Ar,COPD,3,train,/Users/vs/Sem 5/Respiratory-Disease-Classification/data/processed/audio/cycles/172/1b3_Ar_001.wav
172,1b3,Ar,COPD,3,train,/Users/vs/Sem 5/Respiratory-Disease-Classification/data/processed/audio/cycles/172/1b3_Ar_002.wav
172,1b3,Ar,COPD,3,train,/Users/vs/Sem 5/Respiratory-Disease-Classification/data/processed/audio/cycles/172/1b3_Ar_003.wav
172,1b3,Ar,COPD,3,train,/Users/vs/Sem 5/Respiratory-Disease-Classification/data/processed/audio/cycles/172/1b3_Ar_004.wav
172,1b3,Ar,COPD,3,train,/Users/vs/Sem 5/Respiratory-Disease-Classification/data/processed/audio/cycles/172/1b3_Ar_005.wav
172,1b3,Ar,COPD,3,train,/Users/vs/Sem 5/Respiratory-Disease-Classification/data/processed/audio/cycles/172/1b3_Ar_006.wav
172,1b3,Ar,COPD,3,train,/Users/vs/Sem 5/Respiratory-Disease-Classification/data/processed/audio/cycles/172/1b3_Ar_007.wav
172,1b3,Ll,COPD,3,train,/Users/vs/Sem 5/Respiratory-Disease-Classification/data/processed/audio/cycles/172/1b3_Ll_001.wav
172,1b3,Ll,COPD,3,train,/Users/vs/Sem 5/Respiratory-Disease-Classification/data/processed/audio/cycles/172/1b3_Ll_002.wav
172,1b3,Ll,COPD,3,train,/Users/vs/Sem 5/Respiratory-Disease-Classification/data/processed/audio/cycles/172/1b3_Ll_003.wav
172,1b3,Ll,COPD,3,train,/Users/vs/Sem 5/Respiratory-Disease-Classification/data/processed/audio/cycles/172/1b3_Ll_004.wav
172,1b3,Ll,COPD,3,train,/Users/vs/Sem 5/Respiratory-Disease-Classification/data/processed/audio/cycles/172/1b3_Ll_005.wav
172,1b3,Ll,COPD,3,train,/Users/vs/Sem 5/Respiratory-Disease-Classification/data/processed/audio/cycles/172/1b3_Ll_006.wav
172,1b3,Ll,COPD,3,train,/Users/vs/Sem 5/Respiratory-Disease-Classification/data/processed/audio/cycles/172/1b3_Ll_007.wav
172,1b3,Lr,COPD,3,train,/Users/vs/Sem 5/Respiratory-Disease-Classification/data/processed/audio/cycles/172/1b3_Lr_001.wav
172,1b3,Lr,COPD,3,train,/Users/vs/Sem 5/Respiratory-Disease-Classification/data/processed/audio/cycles/172/1b3_Lr_002.wav
172,1b3,Lr,COPD,3,train,/Users/vs/Sem 5/Respiratory-Disease-Classification/data/processed/audio/cycles/172/1b3_Lr_003.wav
172,1b3,Lr,COPD,3,train,/Users/vs/Sem 5/Respiratory-Disease-Classification/data/processed/audio/cycles/172/1b3_Lr_004.wav
172,1b3,Lr,COPD,3,train,/Users/vs/Sem 5/Respiratory-Disease-Classification/data/processed/audio/cycles/172/1b3_Lr_005.wav
172,1b3,Lr,COPD,3,train,/Users/vs/Sem 5/Respiratory-Disease-Classification/data/processed/audio/cycles/172/1b3_Lr_006.wav
172,1b3,Lr,COPD,3,train,/Users/vs/Sem 5/Respiratory-Disease-Classification/data/processed/audio/cycles/172/1b3_Lr_007.wav
172,1b3,Pl,COPD,3,train,/Users/vs/Sem 5/Respiratory-Disease-Classification/data/processed/audio/cycles/172/1b3_Pl_001.wav
172,1b3,Pl,COPD,3,train,/Users/vs/Sem 5/Respiratory-Disease-Classification/data/processed/audio/cycles/172/1b3_Pl_002.wav
172,1b3,Pl,COPD,3,train,/Users/vs/Sem 5/Respiratory-Disease-Classification/data/processed/audio/cycles/172/1b3_Pl_003.wav
172,1b3,Pl,COPD,3,train,/Users/vs/Sem 5/Respiratory-Disease-Classification/data/processed/audio/cycles/172/1b3_Pl_004.wav
172,1b3,Pl,COPD,3,train,/Users/vs/Sem 5/Respiratory-Disease-Classification/data/processed/audio/cycles/172/1b3_Pl_005.wav
172,1b3,Pl,COPD,3,train,/Users/vs/Sem 5/Respiratory-Disease-Classification/data/processed/audio/cycles/172/1b3_Pl_006.wav
172,1b3,Pl,COPD,3,train,/Users/vs/Sem 5/Respiratory-Disease-Classification/data/processed/audio/cycles/172/1b3_Pl_007.wav
172,1b3,Pr,COPD,3,train,/Users/vs/Sem 5/Respiratory-Disease-Classification/data/processed/audio/cycles/172/1b3_Pr_001.wav
172,1b3,Pr,COPD,3,train,/Users/vs/Sem 5/Respiratory-Disease-Classification/data/processed/audio/cycles/172/1b3_Pr_002.wav
172,1b3,Pr,COPD,3,train,/Users/vs/Sem 5/Respiratory-Disease-Classification/data/processed/audio/cycles/172/1b3_Pr_003.wav
172,1b3,Pr,COPD,3,train,/Users/vs/Sem 5/Respiratory-Disease-Classification/data/processed/audio/cycles/172/1b3_Pr_004.wav
172,1b3,Pr,COPD,3,train,/Users/vs/Sem 5/Respiratory-Disease-Classification/data/processed/audio/cycles/172/1b3_Pr_005.wav
172,1b3,Pr,COPD,3,train,/Users/vs/Sem 5/Respiratory-Disease-Classification/data/processed/audio/cycles/172/1b3_Pr_006.wav
172,1b3,Pr,COPD,3,train,/Users/vs/Sem 5/Respiratory-Disease-Classification/data/processed/audio/cycles/172/1b3_Pr_007.wav
172,1b3,Tc,COPD,3,train,/Users/vs/Sem 5/Respiratory-Disease-Classification/data/processed/audio/cycles/172/1b3_Tc_001.wav
172,1b3,Tc,COPD,3,train,/Users/vs/Sem 5/Respiratory-Disease-Classification/data/processed/audio/cycles/172/1b3_Tc_002.wav
172,1b3,Tc,COPD,3,train,/Users/vs/Sem 5/Respiratory-Disease-Classification/data/processed/audio/cycles/172/1b3_Tc_003.wav
172,1b3,Tc,COPD,3,train,/Users/vs/Sem 5/Respiratory-Disease-Classification/data/processed/audio/cycles/172/1b3_Tc_004.wav
172,1b3,Tc,COPD,3,train,/Users/vs/Sem 5/Respiratory-Disease-Classification/data/processed/audio/cycles/172/1b3_Tc_005.wav
172,1b3,Tc,COPD,3,train,/Users/vs/Sem 5/Respiratory-Disease-Classification/data/processed/audio/cycles/172/1b3_Tc_006.wav
172,1b3,Tc,COPD,3,train,/Users/vs/Sem 5/Respiratory-Disease-Classification/data/processed/audio/cycles/172/1b3_Tc_007.wav
172,1b4,Al,COPD,3,train,/Users/vs/Sem 5/Respiratory-Disease-Classification/data/processed/audio/cycles/172/1b4_Al_001.wav
172,1b4,Al,COPD,3,train,/Users/vs/Sem 5/Respiratory-Disease-Classification/data/processed/audio/cycles/172/1b4_Al_002.wav
172,1b4,Al,COPD,3,train,/Users/vs/Sem 5/Respiratory-Disease-Classification/data/processed/audio/cycles/172/1b4_Al_003.wav
172,1b4,Al,COPD,3,train,/Users/vs/Sem 5/Respiratory-Disease-Classification/data/processed/audio/cycles/172/1b4_Al_004.wav
172,1b4,Al,COPD,3,train,/Users/vs/Sem 5/Respiratory-Disease-Classification/data/processed/audio/cycles/172/1b4_Al_005.wav
172,1b4,Al,COPD,3,train,/Users/vs/Sem 5/Respiratory-Disease-Classification/data/processed/audio/cycles/172/1b4_Al_006.wav
172,1b4,Ar,COPD,3,train,/Users/vs/Sem 5/Respiratory-Disease-Classification/data/processed/audio/cycles/172/1b4_Ar_001.wav
172,1b4,Ar,COPD,3,train,/Users/vs/Sem 5/Respiratory-Disease-Classification/data/processed/audio/cycles/172/1b4_Ar_002.wav
172,1b4,Ar,COPD,3,train,/Users/vs/Sem 5/Respiratory-Disease-Classification/data/processed/audio/cycles/172/1b4_Ar_003.wav
172,1b4,Ar,COPD,3,train,/Users/vs/Sem 5/Respiratory-Disease-Classification/data/processed/audio/cycles/172/1b4_Ar_004.wav
172,1b4,Ar,COPD,3,train,/Users/vs/Sem 5/Respiratory-Disease-Classification/data/processed/audio/cycles/172/1b4_Ar_005.wav
172,1b4,Ar,COPD,3,train,/Users/vs/Sem 5/Respiratory-Disease-Classification/data/processed/audio/cycles/172/1b4_Ar_006.wav
172,1b4,Ll,COPD,3,train,/Users/vs/Sem 5/Respiratory-Disease-Classification/data/processed/audio/cycles/172/1b4_Ll_001.wav
172,1b4,Ll,COPD,3,train,/Users/vs/Sem 5/Respiratory-Disease-Classification/data/processed/audio/cycles/172/1b4_Ll_002.wav
172,1b4,Ll,COPD,3,train,/Users/vs/Sem 5/Respiratory-Disease-Classification/data/processed/audio/cycles/172/1b4_Ll_003.wav
172,1b4,Ll,COPD,3,train,/Users/vs/Sem 5/Respiratory-Disease-Classification/data/processed/audio/cycles/172/1b4_Ll_004.wav
172,1b4,Ll,COPD,3,train,/Users/vs/Sem 5/Respiratory-Disease-Classification/data/processed/audio/cycles/172/1b4_Ll_005.wav
172,1b4,Ll,COPD,3,train,/Users/vs/Sem 5/Respiratory-Disease-Classification/data/processed/audio/cycles/172/1b4_Ll_006.wav
172,1b4,Lr,COPD,3,train,/Users/vs/Sem 5/Respiratory-Disease-Classification/data/processed/audio/cycles/172/1b4_Lr_001.wav
172,1b4,Lr,COPD,3,train,/Users/vs/Sem 5/Respiratory-Disease-Classification/data/processed/audio/cycles/172/1b4_Lr_002.wav
172,1b4,Lr,COPD,3,train,/Users/vs/Sem 5/Respiratory-Disease-Classification/data/processed/audio/cycles/172/1b4_Lr_003.wav
172,1b4,Lr,COPD,3,train,/Users/vs/Sem 5/Respiratory-Disease-Classification/data/processed/audio/cycles/172/1b4_Lr_004.wav
172,1b4,Lr,COPD,3,train,/Users/vs/Sem 5/Respiratory-Disease-Classification/data/processed/audio/cycles/172/1b4_Lr_005.wav
172,1b4,Lr,COPD,3,train,/Users/vs/Sem 5/Respiratory-Disease-Classification/data/processed/audio/cycles/172/1b4_Lr_006.wav
172,1b4,Pl,COPD,3,train,/Users/vs/Sem 5/Respiratory-Disease-Classification/data/processed/audio/cycles/172/1b4_Pl_001.wav
172,1b4,Pl,COPD,3,train,/Users/vs/Sem 5/Respiratory-Disease-Classification/data/processed/audio/cycles/172/1b4_Pl_002.wav
172,1b4,Pl,COPD,3,train,/Users/vs/Sem 5/Respiratory-Disease-Classification/data/processed/audio/cycles/172/1b4_Pl_003.wav
172,1b4,Pl,COPD,3,train,/Users/vs/Sem 5/Respiratory-Disease-Classification/data/processed/audio/cycles/172/1b4_Pl_004.wav
172,1b4,Pl,COPD,3,train,/Users/vs/Sem 5/Respiratory-Disease-Classification/data/processed/audio/cycles/172/1b4_Pl_005.wav
172,1b4,Pl,COPD,3,train,/Users/vs/Sem 5/Respiratory-Disease-Classification/data/processed/audio/cycles/172/1b4_Pl_006.wav
172,1b4,Pr,COPD,3,train,/Users/vs/Sem 5/Respiratory-Disease-Classification/data/processed/audio/cycles/172/1b4_Pr_001.wav
172,1b4,Pr,COPD,3,train,/Users/vs/Sem 5/Respiratory-Disease-Classification/data/processed/audio/cycles/172/1b4_Pr_002.wav
172,1b4,Pr,COPD,3,train,/Users/vs/Sem 5/Respiratory-Disease-Classification/data/processed/audio/cycles/172/1b4_Pr_003.wav
172,1b4,Pr,COPD,3,train,/Users/vs/Sem 5/Respiratory-Disease-Classification/data/processed/audio/cycles/172/1b4_Pr_004.wav
172,1b4,Pr,COPD,3,train,/Users/vs/Sem 5/Respiratory-Disease-Classification/data/processed/audio/cycles/172/1b4_Pr_005.wav
172,1b4,Pr,COPD,3,train,/Users/vs/Sem 5/Respiratory-Disease-Classification/data/processed/audio/cycles/172/1b4_Pr_006.wav
172,1b4,Tc,COPD,3,train,/Users/vs/Sem 5/Respiratory-Disease-Classification/data/processed/audio/cycles/172/1b4_Tc_001.wav
172,1b4,Tc,COPD,3,train,/Users/vs/Sem 5/Respiratory-Disease-Classification/data/processed/audio/cycles/172/1b4_Tc_002.wav
172,1b4,Tc,COPD,3,train,/Users/vs/Sem 5/Respiratory-Disease-Classification/data/processed/audio/cycles/172/1b4_Tc_003.wav
172,1b4,Tc,COPD,3,train,/Users/vs/Sem 5/Respiratory-Disease-Classification/data/processed/audio/cycles/172/1b4_Tc_004.wav
172,1b4,Tc,COPD,3,train,/Users/vs/Sem 5/Respiratory-Disease-Classification/data/processed/audio/cycles/172/1b4_Tc_005.wav
172,1b4,Tc,COPD,3,train,/Users/vs/Sem 5/Respiratory-Disease-Classification/data/processed/audio/cycles/172/1b4_Tc_006.wav
172,1b5,Al,COPD,3,train,/Users/vs/Sem 5/Respiratory-Disease-Classification/data/processed/audio/cycles/172/1b5_Al_001.wav
172,1b5,Al,COPD,3,train,/Users/vs/Sem 5/Respiratory-Disease-Classification/data/processed/audio/cycles/172/1b5_Al_002.wav
172,1b5,Al,COPD,3,train,/Users/vs/Sem 5/Respiratory-Disease-Classification/data/processed/audio/cycles/172/1b5_Al_003.wav
172,1b5,Al,COPD,3,train,/Users/vs/Sem 5/Respiratory-Disease-Classification/data/processed/audio/cycles/172/1b5_Al_004.wav
172,1b5,Al,COPD,3,train,/Users/vs/Sem 5/Respiratory-Disease-Classification/data/processed/audio/cycles/172/1b5_Al_005.wav
172,1b5,Al,COPD,3,train,/Users/vs/Sem 5/Respiratory-Disease-Classification/data/processed/audio/cycles/172/1b5_Al_006.wav
172,1b5,Al,COPD,3,train,/Users/vs/Sem 5/Respiratory-Disease-Classification/data/processed/audio/cycles/172/1b5_Al_007.wav
172,1b5,Ar,COPD,3,train,/Users/vs/Sem 5/Respiratory-Disease-Classification/data/processed/audio/cycles/172/1b5_Ar_001.wav
172,1b5,Ar,COPD,3,train,/Users/vs/Sem 5/Respiratory-Disease-Classification/data/processed/audio/cycles/172/1b5_Ar_002.wav
172,1b5,Ar,COPD,3,train,/Users/vs/Sem 5/Respiratory-Disease-Classification/data/processed/audio/cycles/172/1b5_Ar_003.wav
172,1b5,Ar,COPD,3,train,/Users/vs/Sem 5/Respiratory-Disease-Classification/data/processed/audio/cycles/172/1b5_Ar_004.wav
172,1b5,Ar,COPD,3,train,/Users/vs/Sem 5/Respiratory-Disease-Classification/data/processed/audio/cycles/172/1b5_Ar_005.wav
172,1b5,Ar,COPD,3,train,/Users/vs/Sem 5/Respiratory-Disease-Classification/data/processed/audio/cycles/172/1b5_Ar_006.wav
172,1b5,Ar,COPD,3,train,/Users/vs/Sem 5/Respiratory-Disease-Classification/data/processed/audio/cycles/172/1b5_Ar_007.wav
172,1b5,Ll,COPD,3,train,/Users/vs/Sem 5/Respiratory-Disease-Classification/data/processed/audio/cycles/172/1b5_Ll_001.wav
172,1b5,Ll,COPD,3,train,/Users/vs/Sem 5/Respiratory-Disease-Classification/data/processed/audio/cycles/172/1b5_Ll_002.wav
172,1b5,Ll,COPD,3,train,/Users/vs/Sem 5/Respiratory-Disease-Classification/data/processed/audio/cycles/172/1b5_Ll_003.wav
172,1b5,Ll,COPD,3,train,/Users/vs/Sem 5/Respiratory-Disease-Classification/data/processed/audio/cycles/172/1b5_Ll_004.wav
172,1b5,Ll,COPD,3,train,/Users/vs/Sem 5/Respiratory-Disease-Classification/data/processed/audio/cycles/172/1b5_Ll_005.wav
172,1b5,Ll,COPD,3,train,/Users/vs/Sem 5/Respiratory-Disease-Classification/data/processed/audio/cycles/172/1b5_Ll_006.wav
172,1b5,Ll,COPD,3,train,/Users/vs/Sem 5/Respiratory-Disease-Classification/data/processed/audio/cycles/172/1b5_Ll_007.wav
172,1b5,Lr,COPD,3,train,/Users/vs/Sem 5/Respiratory-Disease-Classification/data/processed/audio/cycles/172/1b5_Lr_001.wav
172,1b5,Lr,COPD,3,train,/Users/vs/Sem 5/Respiratory-Disease-Classification/data/processed/audio/cycles/172/1b5_Lr_002.wav
172,1b5,Lr,COPD,3,train,/Users/vs/Sem 5/Respiratory-Disease-Classification/data/processed/audio/cycles/172/1b5_Lr_003.wav
172,1b5,Lr,COPD,3,train,/Users/vs/Sem 5/Respiratory-Disease-Classification/data/processed/audio/cycles/172/1b5_Lr_004.wav
172,1b5,Lr,COPD,3,train,/Users/vs/Sem 5/Respiratory-Disease-Classification/data/processed/audio/cycles/172/1b5_Lr_005.wav
172,1b5,Lr,COPD,3,train,/Users/vs/Sem 5/Respiratory-Disease-Classification/data/processed/audio/cycles/172/1b5_Lr_006.wav
172,1b5,Lr,COPD,3,train,/Users/vs/Sem 5/Respiratory-Disease-Classification/data/processed/audio/cycles/172/1b5_Lr_007.wav
172,1b5,Pl,COPD,3,train,/Users/vs/Sem 5/Respiratory-Disease-Classification/data/processed/audio/cycles/172/1b5_Pl_001.wav
172,1b5,Pl,COPD,3,train,/Users/vs/Sem 5/Respiratory-Disease-Classification/data/processed/audio/cycles/172/1b5_Pl_002.wav
172,1b5,Pl,COPD,3,train,/Users/vs/Sem 5/Respiratory-Disease-Classification/data/processed/audio/cycles/172/1b5_Pl_003.wav
172,1b5,Pl,COPD,3,train,/Users/vs/Sem 5/Respiratory-Disease-Classification/data/processed/audio/cycles/172/1b5_Pl_004.wav
172,1b5,Pl,COPD,3,train,/Users/vs/Sem 5/Respiratory-Disease-Classification/data/processed/audio/cycles/172/1b5_Pl_005.wav
172,1b5,Pl,COPD,3,train,/Users/vs/Sem 5/Respiratory-Disease-Classification/data/processed/audio/cycles/172/1b5_Pl_006.wav
172,1b5,Pl,COPD,3,train,/Users/vs/Sem 5/Respiratory-Disease-Classification/data/processed/audio/cycles/172/1b5_Pl_007.wav
172,1b5,Pr,COPD,3,train,/Users/vs/Sem 5/Respiratory-Disease-Classification/data/processed/audio/cycles/172/1b5_Pr_001.wav
172,1b5,Pr,COPD,3,train,/Users/vs/Sem 5/Respiratory-Disease-Classification/data/processed/audio/cycles/172/1b5_Pr_002.wav
172,1b5,Pr,COPD,3,train,/Users/vs/Sem 5/Respiratory-Disease-Classification/data/processed/audio/cycles/172/1b5_Pr_003.wav
172,1b5,Pr,COPD,3,train,/Users/vs/Sem 5/Respiratory-Disease-Classification/data/processed/audio/cycles/172/1b5_Pr_004.wav
172,1b5,Pr,COPD,3,train,/Users/vs/Sem 5/Respiratory-Disease-Classification/data/processed/audio/cycles/172/1b5_Pr_005.wav
172,1b5,Pr,COPD,3,train,/Users/vs/Sem 5/Respiratory-Disease-Classification/data/processed/audio/cycles/172/1b5_Pr_006.wav
172,1b5,Pr,COPD,3,train,/Users/vs/Sem 5/Respiratory-Disease-Classification/data/processed/audio/cycles/172/1b5_Pr_007.wav
172,1b5,Tc,COPD,3,train,/Users/vs/Sem 5/Respiratory-Disease-Classification/data/processed/audio/cycles/172/1b5_Tc_001.wav
172,1b5,Tc,COPD,3,train,/Users/vs/Sem 5/Respiratory-Disease-Classification/data/processed/audio/cycles/172/1b5_Tc_002.wav
172,1b5,Tc,COPD,3,train,/Users/vs/Sem 5/Respiratory-Disease-Classification/data/processed/audio/cycles/172/1b5_Tc_003.wav
172,1b5,Tc,COPD,3,train,/Users/vs/Sem 5/Respiratory-Disease-Classification/data/processed/audio/cycles/172/1b5_Tc_004.wav
172,1b5,Tc,COPD,3,train,/Users/vs/Sem 5/Respiratory-Disease-Classification/data/processed/audio/cycles/172/1b5_Tc_005.wav
172,1b5,Tc,COPD,3,train,/Users/vs/Sem 5/Respiratory-Disease-Classification/data/processed/audio/cycles/172/1b5_Tc_006.wav
172,1b5,Tc,COPD,3,train,/Users/vs/Sem 5/Respiratory-Disease-Classification/data/processed/audio/cycles/172/1b5_Tc_007.wav
172,2b5,Al,COPD,3,train,/Users/vs/Sem 5/Respiratory-Disease-Classification/data/processed/audio/cycles/172/2b5_Al_001.wav
172,2b5,Al,COPD,3,train,/Users/vs/Sem 5/Respiratory-Disease-Classification/data/processed/audio/cycles/172/2b5_Al_002.wav
172,2b5,Al,COPD,3,train,/Users/vs/Sem 5/Respiratory-Disease-Classification/data/processed/audio/cycles/172/2b5_Al_003.wav
172,2b5,Al,COPD,3,train,/Users/vs/Sem 5/Respiratory-Disease-Classification/data/processed/audio/cycles/172/2b5_Al_004.wav
172,2b5,Al,COPD,3,train,/Users/vs/Sem 5/Respiratory-Disease-Classification/data/processed/audio/cycles/172/2b5_Al_005.wav
172,2b5,Al,COPD,3,train,/Users/vs/Sem 5/Respiratory-Disease-Classification/data/processed/audio/cycles/172/2b5_Al_006.wav
172,2b5,Ar,COPD,3,train,/Users/vs/Sem 5/Respiratory-Disease-Classification/data/processed/audio/cycles/172/2b5_Ar_001.wav
172,2b5,Ar,COPD,3,train,/Users/vs/Sem 5/Respiratory-Disease-Classification/data/processed/audio/cycles/172/2b5_Ar_002.wav
172,2b5,Ar,COPD,3,train,/Users/vs/Sem 5/Respiratory-Disease-Classification/data/processed/audio/cycles/172/2b5_Ar_003.wav
172,2b5,Ar,COPD,3,train,/Users/vs/Sem 5/Respiratory-Disease-Classification/data/processed/audio/cycles/172/2b5_Ar_004.wav
172,2b5,Ar,COPD,3,train,/Users/vs/Sem 5/Respiratory-Disease-Classification/data/processed/audio/cycles/172/2b5_Ar_005.wav
172,2b5,Ar,COPD,3,train,/Users/vs/Sem 5/Respiratory-Disease-Classification/data/processed/audio/cycles/172/2b5_Ar_006.wav
172,2b5,Lr,COPD,3,train,/Users/vs/Sem 5/Respiratory-Disease-Classification/data/processed/audio/cycles/172/2b5_Lr_001.wav
172,2b5,Lr,COPD,3,train,/Users/vs/Sem 5/Respiratory-Disease-Classification/data/processed/audio/cycles/172/2b5_Lr_002.wav
172,2b5,Lr,COPD,3,train,/Users/vs/Sem 5/Respiratory-Disease-Classification/data/processed/audio/cycles/172/2b5_Lr_003.wav
172,2b5,Lr,COPD,3,train,/Users/vs/Sem 5/Respiratory-Disease-Classification/data/processed/audio/cycles/172/2b5_Lr_004.wav
172,2b5,Lr,COPD,3,train,/Users/vs/Sem 5/Respiratory-Disease-Classification/data/processed/audio/cycles/172/2b5_Lr_005.wav
172,2b5,Lr,COPD,3,train,/Users/vs/Sem 5/Respiratory-Disease-Classification/data/processed/audio/cycles/172/2b5_Lr_006.wav
172,2b5,Pl,COPD,3,train,/Users/vs/Sem 5/Respiratory-Disease-Classification/data/processed/audio/cycles/172/2b5_Pl_001.wav
172,2b5,Pl,COPD,3,train,/Users/vs/Sem 5/Respiratory-Disease-Classification/data/processed/audio/cycles/172/2b5_Pl_002.wav
172,2b5,Pl,COPD,3,train,/Users/vs/Sem 5/Respiratory-Disease-Classification/data/processed/audio/cycles/172/2b5_Pl_003.wav
172,2b5,Pl,COPD,3,train,/Users/vs/Sem 5/Respiratory-Disease-Classification/data/processed/audio/cycles/172/2b5_Pl_004.wav
172,2b5,Pl,COPD,3,train,/Users/vs/Sem 5/Respiratory-Disease-Classification/data/processed/audio/cycles/172/2b5_Pl_005.wav
172,2b5,Pl,COPD,3,train,/Users/vs/Sem 5/Respiratory-Disease-Classification/data/processed/audio/cycles/172/2b5_Pl_006.wav
172,2b5,Pr,COPD,3,train,/Users/vs/Sem 5/Respiratory-Disease-Classification/data/processed/audio/cycles/172/2b5_Pr_001.wav
172,2b5,Pr,COPD,3,train,/Users/vs/Sem 5/Respiratory-Disease-Classification/data/processed/audio/cycles/172/2b5_Pr_002.wav
172,2b5,Pr,COPD,3,train,/Users/vs/Sem 5/Respiratory-Disease-Classification/data/processed/audio/cycles/172/2b5_Pr_003.wav
172,2b5,Pr,COPD,3,train,/Users/vs/Sem 5/Respiratory-Disease-Classification/data/processed/audio/cycles/172/2b5_Pr_004.wav
172,2b5,Pr,COPD,3,train,/Users/vs/Sem 5/Respiratory-Disease-Classification/data/processed/audio/cycles/172/2b5_Pr_005.wav
172,2b5,Pr,COPD,3,train,/Users/vs/Sem 5/Respiratory-Disease-Classification/data/processed/audio/cycles/172/2b5_Pr_006.wav
172,2b5,Tc,COPD,3,train,/Users/vs/Sem 5/Respiratory-Disease-Classification/data/processed/audio/cycles/172/2b5_Tc_001.wav
172,2b5,Tc,COPD,3,train,/Users/vs/Sem 5/Respiratory-Disease-Classification/data/processed/audio/cycles/172/2b5_Tc_002.wav
172,2b5,Tc,COPD,3,train,/Users/vs/Sem 5/Respiratory-Disease-Classification/data/processed/audio/cycles/172/2b5_Tc_003.wav
172,2b5,Tc,COPD,3,train,/Users/vs/Sem 5/Respiratory-Disease-Classification/data/processed/audio/cycles/172/2b5_Tc_004.wav
172,2b5,Tc,COPD,3,train,/Users/vs/Sem 5/Respiratory-Disease-Classification/data/processed/audio/cycles/172/2b5_Tc_005.wav
172,2b5,Tc,COPD,3,train,/Users/vs/Sem 5/Respiratory-Disease-Classification/data/processed/audio/cycles/172/2b5_Tc_006.wav
173,1b1,Al,Bronchiolitis,2,test,/Users/vs/Sem 5/Respiratory-Disease-Classification/data/processed/audio/cycles/173/1b1_Al_001.wav
173,1b1,Al,Bronchiolitis,2,test,/Users/vs/Sem 5/Respiratory-Disease-Classification/data/processed/audio/cycles/173/1b1_Al_002.wav
173,1b1,Al,Bronchiolitis,2,test,/Users/vs/Sem 5/Respiratory-Disease-Classification/data/processed/audio/cycles/173/1b1_Al_003.wav
173,1b1,Al,Bronchiolitis,2,test,/Users/vs/Sem 5/Respiratory-Disease-Classification/data/processed/audio/cycles/173/1b1_Al_004.wav
173,1b1,Al,Bronchiolitis,2,test,/Users/vs/Sem 5/Respiratory-Disease-Classification/data/processed/audio/cycles/173/1b1_Al_005.wav
173,1b1,Al,Bronchiolitis,2,test,/Users/vs/Sem 5/Respiratory-Disease-Classification/data/processed/audio/cycles/173/1b1_Al_006.wav
173,1b1,Al,Bronchiolitis,2,test,/Users/vs/Sem 5/Respiratory-Disease-Classification/data/processed/audio/cycles/173/1b1_Al_007.wav
173,1b1,Al,Bronchiolitis,2,test,/Users/vs/Sem 5/Respiratory-Disease-Classification/data/processed/audio/cycles/173/1b1_Al_008.wav
173,1b1,Al,Bronchiolitis,2,test,/Users/vs/Sem 5/Respiratory-Disease-Classification/data/processed/audio/cycles/173/1b1_Al_009.wav
173,1b1,Al,Bronchiolitis,2,test,/Users/vs/Sem 5/Respiratory-Disease-Classification/data/processed/audio/cycles/173/1b1_Al_010.wav
173,1b1,Al,Bronchiolitis,2,test,/Users/vs/Sem 5/Respiratory-Disease-Classification/data/processed/audio/cycles/173/1b1_Al_011.wav
173,1b1,Al,Bronchiolitis,2,test,/Users/vs/Sem 5/Respiratory-Disease-Classification/data/processed/audio/cycles/173/1b1_Al_012.wav
173,1b1,Al,Bronchiolitis,2,test,/Users/vs/Sem 5/Respiratory-Disease-Classification/data/processed/audio/cycles/173/1b1_Al_013.wav
174,1p2,Ar,COPD,3,test,/Users/vs/Sem 5/Respiratory-Disease-Classification/data/processed/audio/cycles/174/1p2_Ar_001.wav
174,1p2,Ar,COPD,3,test,/Users/vs/Sem 5/Respiratory-Disease-Classification/data/processed/audio/cycles/174/1p2_Ar_002.wav
174,1p2,Ar,COPD,3,test,/Users/vs/Sem 5/Respiratory-Disease-Classification/data/processed/audio/cycles/174/1p2_Ar_003.wav
174,1p2,Ar,COPD,3,test,/Users/vs/Sem 5/Respiratory-Disease-Classification/data/processed/audio/cycles/174/1p2_Ar_004.wav
174,1p2,Ar,COPD,3,test,/Users/vs/Sem 5/Respiratory-Disease-Classification/data/processed/audio/cycles/174/1p2_Ar_005.wav
174,1p2,Ll,COPD,3,test,/Users/vs/Sem 5/Respiratory-Disease-Classification/data/processed/audio/cycles/174/1p2_Ll_001.wav
174,1p2,Ll,COPD,3,test,/Users/vs/Sem 5/Respiratory-Disease-Classification/data/processed/audio/cycles/174/1p2_Ll_002.wav
174,1p2,Ll,COPD,3,test,/Users/vs/Sem 5/Respiratory-Disease-Classification/data/processed/audio/cycles/174/1p2_Ll_003.wav
174,1p2,Ll,COPD,3,test,/Users/vs/Sem 5/Respiratory-Disease-Classification/data/processed/audio/cycles/174/1p2_Ll_004.wav
174,1p2,Ll,COPD,3,test,/Users/vs/Sem 5/Respiratory-Disease-Classification/data/processed/audio/cycles/174/1p2_Ll_005.wav
174,1p2,Lr,COPD,3,test,/Users/vs/Sem 5/Respiratory-Disease-Classification/data/processed/audio/cycles/174/1p2_Lr_001.wav
174,1p2,Lr,COPD,3,test,/Users/vs/Sem 5/Respiratory-Disease-Classification/data/processed/audio/cycles/174/1p2_Lr_002.wav
174,1p2,Lr,COPD,3,test,/Users/vs/Sem 5/Respiratory-Disease-Classification/data/processed/audio/cycles/174/1p2_Lr_003.wav
174,1p2,Lr,COPD,3,test,/Users/vs/Sem 5/Respiratory-Disease-Classification/data/processed/audio/cycles/174/1p2_Lr_004.wav
174,1p2,Lr,COPD,3,test,/Users/vs/Sem 5/Respiratory-Disease-Classification/data/processed/audio/cycles/174/1p2_Lr_005.wav
174,1p2,Pl,COPD,3,test,/Users/vs/Sem 5/Respiratory-Disease-Classification/data/processed/audio/cycles/174/1p2_Pl_001.wav
174,1p2,Pl,COPD,3,test,/Users/vs/Sem 5/Respiratory-Disease-Classification/data/processed/audio/cycles/174/1p2_Pl_002.wav
174,1p2,Pl,COPD,3,test,/Users/vs/Sem 5/Respiratory-Disease-Classification/data/processed/audio/cycles/174/1p2_Pl_003.wav
174,1p2,Pl,COPD,3,test,/Users/vs/Sem 5/Respiratory-Disease-Classification/data/processed/audio/cycles/174/1p2_Pl_004.wav
174,1p2,Pl,COPD,3,test,/Users/vs/Sem 5/Respiratory-Disease-Classification/data/processed/audio/cycles/174/1p2_Pl_005.wav
174,1p2,Pr,COPD,3,test,/Users/vs/Sem 5/Respiratory-Disease-Classification/data/processed/audio/cycles/174/1p2_Pr_001.wav
174,1p2,Pr,COPD,3,test,/Users/vs/Sem 5/Respiratory-Disease-Classification/data/processed/audio/cycles/174/1p2_Pr_002.wav
174,1p2,Pr,COPD,3,test,/Users/vs/Sem 5/Respiratory-Disease-Classification/data/processed/audio/cycles/174/1p2_Pr_003.wav
174,1p2,Pr,COPD,3,test,/Users/vs/Sem 5/Respiratory-Disease-Classification/data/processed/audio/cycles/174/1p2_Pr_004.wav
174,1p2,Pr,COPD,3,test,/Users/vs/Sem 5/Respiratory-Disease-Classification/data/processed/audio/cycles/174/1p2_Pr_005.wav
174,1p2,Tc,COPD,3,test,/Users/vs/Sem 5/Respiratory-Disease-Classification/data/processed/audio/cycles/174/1p2_Tc_001.wav
174,1p2,Tc,COPD,3,test,/Users/vs/Sem 5/Respiratory-Disease-Classification/data/processed/audio/cycles/174/1p2_Tc_002.wav
174,1p2,Tc,COPD,3,test,/Users/vs/Sem 5/Respiratory-Disease-Classification/data/processed/audio/cycles/174/1p2_Tc_003.wav
174,1p2,Tc,COPD,3,test,/Users/vs/Sem 5/Respiratory-Disease-Classification/data/processed/audio/cycles/174/1p2_Tc_004.wav
174,1p2,Tc,COPD,3,test,/Users/vs/Sem 5/Respiratory-Disease-Classification/data/processed/audio/cycles/174/1p2_Tc_005.wav
174,1p3,Ar,COPD,3,test,/Users/vs/Sem 5/Respiratory-Disease-Classification/data/processed/audio/cycles/174/1p3_Ar_001.wav
174,1p3,Ar,COPD,3,test,/Users/vs/Sem 5/Respiratory-Disease-Classification/data/processed/audio/cycles/174/1p3_Ar_002.wav
174,1p3,Ar,COPD,3,test,/Users/vs/Sem 5/Respiratory-Disease-Classification/data/processed/audio/cycles/174/1p3_Ar_003.wav
174,1p3,Ar,COPD,3,test,/Users/vs/Sem 5/Respiratory-Disease-Classification/data/processed/audio/cycles/174/1p3_Ar_004.wav
174,1p3,Ar,COPD,3,test,/Users/vs/Sem 5/Respiratory-Disease-Classification/data/processed/audio/cycles/174/1p3_Ar_005.wav
174,1p3,Ll,COPD,3,test,/Users/vs/Sem 5/Respiratory-Disease-Classification/data/processed/audio/cycles/174/1p3_Ll_001.wav
174,1p3,Ll,COPD,3,test,/Users/vs/Sem 5/Respiratory-Disease-Classification/data/processed/audio/cycles/174/1p3_Ll_002.wav
174,1p3,Ll,COPD,3,test,/Users/vs/Sem 5/Respiratory-Disease-Classification/data/processed/audio/cycles/174/1p3_Ll_003.wav
174,1p3,Ll,COPD,3,test,/Users/vs/Sem 5/Respiratory-Disease-Classification/data/processed/audio/cycles/174/1p3_Ll_004.wav
174,1p3,Ll,COPD,3,test,/Users/vs/Sem 5/Respiratory-Disease-Classification/data/processed/audio/cycles/174/1p3_Ll_005.wav
174,1p3,Lr,COPD,3,test,/Users/vs/Sem 5/Respiratory-Disease-Classification/data/processed/audio/cycles/174/1p3_Lr_001.wav
174,1p3,Lr,COPD,3,test,/Users/vs/Sem 5/Respiratory-Disease-Classification/data/processed/audio/cycles/174/1p3_Lr_002.wav
174,1p3,Lr,COPD,3,test,/Users/vs/Sem 5/Respiratory-Disease-Classification/data/processed/audio/cycles/174/1p3_Lr_003.wav
174,1p3,Lr,COPD,3,test,/Users/vs/Sem 5/Respiratory-Disease-Classification/data/processed/audio/cycles/174/1p3_Lr_004.wav
174,1p3,Lr,COPD,3,test,/Users/vs/Sem 5/Respiratory-Disease-Classification/data/processed/audio/cycles/174/1p3_Lr_005.wav
174,1p3,Pl,COPD,3,test,/Users/vs/Sem 5/Respiratory-Disease-Classification/data/processed/audio/cycles/174/1p3_Pl_001.wav
174,1p3,Pl,COPD,3,test,/Users/vs/Sem 5/Respiratory-Disease-Classification/data/processed/audio/cycles/174/1p3_Pl_002.wav
174,1p3,Pl,COPD,3,test,/Users/vs/Sem 5/Respiratory-Disease-Classification/data/processed/audio/cycles/174/1p3_Pl_003.wav
174,1p3,Pl,COPD,3,test,/Users/vs/Sem 5/Respiratory-Disease-Classification/data/processed/audio/cycles/174/1p3_Pl_004.wav
174,1p3,Pl,COPD,3,test,/Users/vs/Sem 5/Respiratory-Disease-Classification/data/processed/audio/cycles/174/1p3_Pl_005.wav
174,1p3,Pr,COPD,3,test,/Users/vs/Sem 5/Respiratory-Disease-Classification/data/processed/audio/cycles/174/1p3_Pr_001.wav
174,1p3,Pr,COPD,3,test,/Users/vs/Sem 5/Respiratory-Disease-Classification/data/processed/audio/cycles/174/1p3_Pr_002.wav
174,1p3,Pr,COPD,3,test,/Users/vs/Sem 5/Respiratory-Disease-Classification/data/processed/audio/cycles/174/1p3_Pr_003.wav
174,1p3,Pr,COPD,3,test,/Users/vs/Sem 5/Respiratory-Disease-Classification/data/processed/audio/cycles/174/1p3_Pr_004.wav
174,1p3,Pr,COPD,3,test,/Users/vs/Sem 5/Respiratory-Disease-Classification/data/processed/audio/cycles/174/1p3_Pr_005.wav
174,1p3,Tc,COPD,3,test,/Users/vs/Sem 5/Respiratory-Disease-Classification/data/processed/audio/cycles/174/1p3_Tc_001.wav
174,1p3,Tc,COPD,3,test,/Users/vs/Sem 5/Respiratory-Disease-Classification/data/processed/audio/cycles/174/1p3_Tc_002.wav
174,1p3,Tc,COPD,3,test,/Users/vs/Sem 5/Respiratory-Disease-Classification/data/processed/audio/cycles/174/1p3_Tc_003.wav
174,1p3,Tc,COPD,3,test,/Users/vs/Sem 5/Respiratory-Disease-Classification/data/processed/audio/cycles/174/1p3_Tc_004.wav
174,1p3,Tc,COPD,3,test,/Users/vs/Sem 5/Respiratory-Disease-Classification/data/processed/audio/cycles/174/1p3_Tc_005.wav
174,1p4,Ar,COPD,3,test,/Users/vs/Sem 5/Respiratory-Disease-Classification/data/processed/audio/cycles/174/1p4_Ar_001.wav
174,1p4,Ar,COPD,3,test,/Users/vs/Sem 5/Respiratory-Disease-Classification/data/processed/audio/cycles/174/1p4_Ar_002.wav
174,1p4,Ar,COPD,3,test,/Users/vs/Sem 5/Respiratory-Disease-Classification/data/processed/audio/cycles/174/1p4_Ar_003.wav
174,1p4,Ar,COPD,3,test,/Users/vs/Sem 5/Respiratory-Disease-Classification/data/processed/audio/cycles/174/1p4_Ar_004.wav
174,1p4,Ar,COPD,3,test,/Users/vs/Sem 5/Respiratory-Disease-Classification/data/processed/audio/cycles/174/1p4_Ar_005.wav
174,1p4,Ll,COPD,3,test,/Users/vs/Sem 5/Respiratory-Disease-Classification/data/processed/audio/cycles/174/1p4_Ll_001.wav
174,1p4,Ll,COPD,3,test,/Users/vs/Sem 5/Respiratory-Disease-Classification/data/processed/audio/cycles/174/1p4_Ll_002.wav
174,1p4,Ll,COPD,3,test,/Users/vs/Sem 5/Respiratory-Disease-Classification/data/processed/audio/cycles/174/1p4_Ll_003.wav
174,1p4,Ll,COPD,3,test,/Users/vs/Sem 5/Respiratory-Disease-Classification/data/processed/audio/cycles/174/1p4_Ll_004.wav
174,1p4,Ll,COPD,3,test,/Users/vs/Sem 5/Respiratory-Disease-Classification/data/processed/audio/cycles/174/1p4_Ll_005.wav
174,1p4,Lr,COPD,3,test,/Users/vs/Sem 5/Respiratory-Disease-Classification/data/processed/audio/cycles/174/1p4_Lr_001.wav
174,1p4,Lr,COPD,3,test,/Users/vs/Sem 5/Respiratory-Disease-Classification/data/processed/audio/cycles/174/1p4_Lr_002.wav
174,1p4,Lr,COPD,3,test,/Users/vs/Sem 5/Respiratory-Disease-Classification/data/processed/audio/cycles/174/1p4_Lr_003.wav
174,1p4,Lr,COPD,3,test,/Users/vs/Sem 5/Respiratory-Disease-Classification/data/processed/audio/cycles/174/1p4_Lr_004.wav
174,1p4,Lr,COPD,3,test,/Users/vs/Sem 5/Respiratory-Disease-Classification/data/processed/audio/cycles/174/1p4_Lr_005.wav
174,1p4,Pl,COPD,3,test,/Users/vs/Sem 5/Respiratory-Disease-Classification/data/processed/audio/cycles/174/1p4_Pl_001.wav
174,1p4,Pl,COPD,3,test,/Users/vs/Sem 5/Respiratory-Disease-Classification/data/processed/audio/cycles/174/1p4_Pl_002.wav
174,1p4,Pl,COPD,3,test,/Users/vs/Sem 5/Respiratory-Disease-Classification/data/processed/audio/cycles/174/1p4_Pl_003.wav
174,1p4,Pl,COPD,3,test,/Users/vs/Sem 5/Respiratory-Disease-Classification/data/processed/audio/cycles/174/1p4_Pl_004.wav
174,1p4,Pl,COPD,3,test,/Users/vs/Sem 5/Respiratory-Disease-Classification/data/processed/audio/cycles/174/1p4_Pl_005.wav
174,1p4,Pr,COPD,3,test,/Users/vs/Sem 5/Respiratory-Disease-Classification/data/processed/audio/cycles/174/1p4_Pr_001.wav
174,1p4,Pr,COPD,3,test,/Users/vs/Sem 5/Respiratory-Disease-Classification/data/processed/audio/cycles/174/1p4_Pr_002.wav
174,1p4,Pr,COPD,3,test,/Users/vs/Sem 5/Respiratory-Disease-Classification/data/processed/audio/cycles/174/1p4_Pr_003.wav
174,1p4,Pr,COPD,3,test,/Users/vs/Sem 5/Respiratory-Disease-Classification/data/processed/audio/cycles/174/1p4_Pr_004.wav
174,1p4,Pr,COPD,3,test,/Users/vs/Sem 5/Respiratory-Disease-Classification/data/processed/audio/cycles/174/1p4_Pr_005.wav
174,1p4,Tc,COPD,3,test,/Users/vs/Sem 5/Respiratory-Disease-Classification/data/processed/audio/cycles/174/1p4_Tc_001.wav
174,1p4,Tc,COPD,3,test,/Users/vs/Sem 5/Respiratory-Disease-Classification/data/processed/audio/cycles/174/1p4_Tc_002.wav
174,1p4,Tc,COPD,3,test,/Users/vs/Sem 5/Respiratory-Disease-Classification/data/processed/audio/cycles/174/1p4_Tc_003.wav
174,1p4,Tc,COPD,3,test,/Users/vs/Sem 5/Respiratory-Disease-Classification/data/processed/audio/cycles/174/1p4_Tc_004.wav
174,1p4,Tc,COPD,3,test,/Users/vs/Sem 5/Respiratory-Disease-Classification/data/processed/audio/cycles/174/1p4_Tc_005.wav
174,2p3,Al,COPD,3,test,/Users/vs/Sem 5/Respiratory-Disease-Classification/data/processed/audio/cycles/174/2p3_Al_001.wav
174,2p3,Al,COPD,3,test,/Users/vs/Sem 5/Respiratory-Disease-Classification/data/processed/audio/cycles/174/2p3_Al_002.wav
174,2p3,Al,COPD,3,test,/Users/vs/Sem 5/Respiratory-Disease-Classification/data/processed/audio/cycles/174/2p3_Al_003.wav
174,2p3,Al,COPD,3,test,/Users/vs/Sem 5/Respiratory-Disease-Classification/data/processed/audio/cycles/174/2p3_Al_004.wav
174,2p3,Ar,COPD,3,test,/Users/vs/Sem 5/Respiratory-Disease-Classification/data/processed/audio/cycles/174/2p3_Ar_001.wav
174,2p3,Ar,COPD,3,test,/Users/vs/Sem 5/Respiratory-Disease-Classification/data/processed/audio/cycles/174/2p3_Ar_002.wav
174,2p3,Ar,COPD,3,test,/Users/vs/Sem 5/Respiratory-Disease-Classification/data/processed/audio/cycles/174/2p3_Ar_003.wav
174,2p3,Ar,COPD,3,test,/Users/vs/Sem 5/Respiratory-Disease-Classification/data/processed/audio/cycles/174/2p3_Ar_004.wav
174,2p3,Pl,COPD,3,test,/Users/vs/Sem 5/Respiratory-Disease-Classification/data/processed/audio/cycles/174/2p3_Pl_001.wav
174,2p3,Pl,COPD,3,test,/Users/vs/Sem 5/Respiratory-Disease-Classification/data/processed/audio/cycles/174/2p3_Pl_002.wav
174,2p3,Pl,COPD,3,test,/Users/vs/Sem 5/Respiratory-Disease-Classification/data/processed/audio/cycles/174/2p3_Pl_003.wav
174,2p3,Pl,COPD,3,test,/Users/vs/Sem 5/Respiratory-Disease-Classification/data/processed/audio/cycles/174/2p3_Pl_004.wav
174,2p3,Pr,COPD,3,test,/Users/vs/Sem 5/Respiratory-Disease-Classification/data/processed/audio/cycles/174/2p3_Pr_001.wav
174,2p3,Pr,COPD,3,test,/Users/vs/Sem 5/Respiratory-Disease-Classification/data/processed/audio/cycles/174/2p3_Pr_002.wav
174,2p3,Pr,COPD,3,test,/Users/vs/Sem 5/Respiratory-Disease-Classification/data/processed/audio/cycles/174/2p3_Pr_003.wav
174,2p3,Pr,COPD,3,test,/Users/vs/Sem 5/Respiratory-Disease-Classification/data/processed/audio/cycles/174/2p3_Pr_004.wav
174,2p3,Tc,COPD,3,test,/Users/vs/Sem 5/Respiratory-Disease-Classification/data/processed/audio/cycles/174/2p3_Tc_001.wav
174,2p3,Tc,COPD,3,test,/Users/vs/Sem 5/Respiratory-Disease-Classification/data/processed/audio/cycles/174/2p3_Tc_002.wav
174,2p3,Tc,COPD,3,test,/Users/vs/Sem 5/Respiratory-Disease-Classification/data/processed/audio/cycles/174/2p3_Tc_003.wav
174,2p3,Tc,COPD,3,test,/Users/vs/Sem 5/Respiratory-Disease-Classification/data/processed/audio/cycles/174/2p3_Tc_004.wav
175,1b1,Al,COPD,3,test,/Users/vs/Sem 5/Respiratory-Disease-Classification/data/processed/audio/cycles/175/1b1_Al_001.wav
175,1b1,Al,COPD,3,test,/Users/vs/Sem 5/Respiratory-Disease-Classification/data/processed/audio/cycles/175/1b1_Al_002.wav
175,1b1,Al,COPD,3,test,/Users/vs/Sem 5/Respiratory-Disease-Classification/data/processed/audio/cycles/175/1b1_Al_003.wav
175,1b1,Al,COPD,3,test,/Users/vs/Sem 5/Respiratory-Disease-Classification/data/processed/audio/cycles/175/1b1_Al_004.wav
175,1b1,Ar,COPD,3,test,/Users/vs/Sem 5/Respiratory-Disease-Classification/data/processed/audio/cycles/175/1b1_Ar_001.wav
175,1b1,Ar,COPD,3,test,/Users/vs/Sem 5/Respiratory-Disease-Classification/data/processed/audio/cycles/175/1b1_Ar_002.wav
175,1b1,Ar,COPD,3,test,/Users/vs/Sem 5/Respiratory-Disease-Classification/data/processed/audio/cycles/175/1b1_Ar_003.wav
175,1b1,Ll,COPD,3,test,/Users/vs/Sem 5/Respiratory-Disease-Classification/data/processed/audio/cycles/175/1b1_Ll_001.wav
175,1b1,Ll,COPD,3,test,/Users/vs/Sem 5/Respiratory-Disease-Classification/data/processed/audio/cycles/175/1b1_Ll_002.wav
175,1b1,Ll,COPD,3,test,/Users/vs/Sem 5/Respiratory-Disease-Classification/data/processed/audio/cycles/175/1b1_Ll_003.wav
175,1b1,Ll,COPD,3,test,/Users/vs/Sem 5/Respiratory-Disease-Classification/data/processed/audio/cycles/175/1b1_Ll_004.wav
175,1b1,Lr,COPD,3,test,/Users/vs/Sem 5/Respiratory-Disease-Classification/data/processed/audio/cycles/175/1b1_Lr_001.wav
175,1b1,Lr,COPD,3,test,/Users/vs/Sem 5/Respiratory-Disease-Classification/data/processed/audio/cycles/175/1b1_Lr_002.wav
175,1b1,Lr,COPD,3,test,/Users/vs/Sem 5/Respiratory-Disease-Classification/data/processed/audio/cycles/175/1b1_Lr_003.wav
175,1b1,Lr,COPD,3,test,/Users/vs/Sem 5/Respiratory-Disease-Classification/data/processed/audio/cycles/175/1b1_Lr_004.wav
175,1b1,Pl,COPD,3,test,/Users/vs/Sem 5/Respiratory-Disease-Classification/data/processed/audio/cycles/175/1b1_Pl_001.wav
175,1b1,Pl,COPD,3,test,/Users/vs/Sem 5/Respiratory-Disease-Classification/data/processed/audio/cycles/175/1b1_Pl_002.wav
175,1b1,Pl,COPD,3,test,/Users/vs/Sem 5/Respiratory-Disease-Classification/data/processed/audio/cycles/175/1b1_Pl_003.wav
175,1b1,Pl,COPD,3,test,/Users/vs/Sem 5/Respiratory-Disease-Classification/data/processed/audio/cycles/175/1b1_Pl_004.wav
175,1b1,Pr,COPD,3,test,/Users/vs/Sem 5/Respiratory-Disease-Classification/data/processed/audio/cycles/175/1b1_Pr_001.wav
175,1b1,Pr,COPD,3,test,/Users/vs/Sem 5/Respiratory-Disease-Classification/data/processed/audio/cycles/175/1b1_Pr_002.wav
175,1b1,Pr,COPD,3,test,/Users/vs/Sem 5/Respiratory-Disease-Classification/data/processed/audio/cycles/175/1b1_Pr_003.wav
175,1b1,Pr,COPD,3,test,/Users/vs/Sem 5/Respiratory-Disease-Classification/data/processed/audio/cycles/175/1b1_Pr_004.wav
176,1b3,Al,COPD,3,test,/Users/vs/Sem 5/Respiratory-Disease-Classification/data/processed/audio/cycles/176/1b3_Al_001.wav
176,1b3,Al,COPD,3,test,/Users/vs/Sem 5/Respiratory-Disease-Classification/data/processed/audio/cycles/176/1b3_Al_002.wav
176,1b3,Al,COPD,3,test,/Users/vs/Sem 5/Respiratory-Disease-Classification/data/processed/audio/cycles/176/1b3_Al_003.wav
176,1b3,Al,COPD,3,test,/Users/vs/Sem 5/Respiratory-Disease-Classification/data/processed/audio/cycles/176/1b3_Al_004.wav
176,1b3,Al,COPD,3,test,/Users/vs/Sem 5/Respiratory-Disease-Classification/data/processed/audio/cycles/176/1b3_Al_005.wav
176,1b3,Al,COPD,3,test,/Users/vs/Sem 5/Respiratory-Disease-Classification/data/processed/audio/cycles/176/1b3_Al_006.wav
176,1b3,Ar,COPD,3,test,/Users/vs/Sem 5/Respiratory-Disease-Classification/data/processed/audio/cycles/176/1b3_Ar_001.wav
176,1b3,Ar,COPD,3,test,/Users/vs/Sem 5/Respiratory-Disease-Classification/data/processed/audio/cycles/176/1b3_Ar_002.wav
176,1b3,Ar,COPD,3,test,/Users/vs/Sem 5/Respiratory-Disease-Classification/data/processed/audio/cycles/176/1b3_Ar_003.wav
176,1b3,Ar,COPD,3,test,/Users/vs/Sem 5/Respiratory-Disease-Classification/data/processed/audio/cycles/176/1b3_Ar_004.wav
176,1b3,Ar,COPD,3,test,/Users/vs/Sem 5/Respiratory-Disease-Classification/data/processed/audio/cycles/176/1b3_Ar_005.wav
176,1b3,Ar,COPD,3,test,/Users/vs/Sem 5/Respiratory-Disease-Classification/data/processed/audio/cycles/176/1b3_Ar_006.wav
176,1b3,Ll,COPD,3,test,/Users/vs/Sem 5/Respiratory-Disease-Classification/data/processed/audio/cycles/176/1b3_Ll_001.wav
176,1b3,Ll,COPD,3,test,/Users/vs/Sem 5/Respiratory-Disease-Classification/data/processed/audio/cycles/176/1b3_Ll_002.wav
176,1b3,Ll,COPD,3,test,/Users/vs/Sem 5/Respiratory-Disease-Classification/data/processed/audio/cycles/176/1b3_Ll_003.wav
176,1b3,Ll,COPD,3,test,/Users/vs/Sem 5/Respiratory-Disease-Classification/data/processed/audio/cycles/176/1b3_Ll_004.wav
176,1b3,Ll,COPD,3,test,/Users/vs/Sem 5/Respiratory-Disease-Classification/data/processed/audio/cycles/176/1b3_Ll_005.wav
176,1b3,Ll,COPD,3,test,/Users/vs/Sem 5/Respiratory-Disease-Classification/data/processed/audio/cycles/176/1b3_Ll_006.wav
176,1b3,Lr,COPD,3,test,/Users/vs/Sem 5/Respiratory-Disease-Classification/data/processed/audio/cycles/176/1b3_Lr_001.wav
176,1b3,Lr,COPD,3,test,/Users/vs/Sem 5/Respiratory-Disease-Classification/data/processed/audio/cycles/176/1b3_Lr_002.wav
176,1b3,Lr,COPD,3,test,/Users/vs/Sem 5/Respiratory-Disease-Classification/data/processed/audio/cycles/176/1b3_Lr_003.wav
176,1b3,Lr,COPD,3,test,/Users/vs/Sem 5/Respiratory-Disease-Classification/data/processed/audio/cycles/176/1b3_Lr_004.wav
176,1b3,Lr,COPD,3,test,/Users/vs/Sem 5/Respiratory-Disease-Classification/data/processed/audio/cycles/176/1b3_Lr_005.wav
176,1b3,Lr,COPD,3,test,/Users/vs/Sem 5/Respiratory-Disease-Classification/data/processed/audio/cycles/176/1b3_Lr_006.wav
176,1b3,Pl,COPD,3,test,/Users/vs/Sem 5/Respiratory-Disease-Classification/data/processed/audio/cycles/176/1b3_Pl_001.wav
176,1b3,Pl,COPD,3,test,/Users/vs/Sem 5/Respiratory-Disease-Classification/data/processed/audio/cycles/176/1b3_Pl_002.wav
176,1b3,Pl,COPD,3,test,/Users/vs/Sem 5/Respiratory-Disease-Classification/data/processed/audio/cycles/176/1b3_Pl_003.wav
176,1b3,Pl,COPD,3,test,/Users/vs/Sem 5/Respiratory-Disease-Classification/data/processed/audio/cycles/176/1b3_Pl_004.wav
176,1b3,Pl,COPD,3,test,/Users/vs/Sem 5/Respiratory-Disease-Classification/data/processed/audio/cycles/176/1b3_Pl_005.wav
176,1b3,Pl,COPD,3,test,/Users/vs/Sem 5/Respiratory-Disease-Classification/data/processed/audio/cycles/176/1b3_Pl_006.wav
176,1b3,Pr,COPD,3,test,/Users/vs/Sem 5/Respiratory-Disease-Classification/data/processed/audio/cycles/176/1b3_Pr_001.wav
176,1b3,Pr,COPD,3,test,/Users/vs/Sem 5/Respiratory-Disease-Classification/data/processed/audio/cycles/176/1b3_Pr_002.wav
176,1b3,Pr,COPD,3,test,/Users/vs/Sem 5/Respiratory-Disease-Classification/data/processed/audio/cycles/176/1b3_Pr_003.wav
176,1b3,Pr,COPD,3,test,/Users/vs/Sem 5/Respiratory-Disease-Classification/data/processed/audio/cycles/176/1b3_Pr_004.wav
176,1b3,Pr,COPD,3,test,/Users/vs/Sem 5/Respiratory-Disease-Classification/data/processed/audio/cycles/176/1b3_Pr_005.wav
176,1b3,Pr,COPD,3,test,/Users/vs/Sem 5/Respiratory-Disease-Classification/data/processed/audio/cycles/176/1b3_Pr_006.wav
176,1b3,Tc,COPD,3,test,/Users/vs/Sem 5/Respiratory-Disease-Classification/data/processed/audio/cycles/176/1b3_Tc_001.wav
176,1b3,Tc,COPD,3,test,/Users/vs/Sem 5/Respiratory-Disease-Classification/data/processed/audio/cycles/176/1b3_Tc_002.wav
176,1b3,Tc,COPD,3,test,/Users/vs/Sem 5/Respiratory-Disease-Classification/data/processed/audio/cycles/176/1b3_Tc_003.wav
176,1b3,Tc,COPD,3,test,/Users/vs/Sem 5/Respiratory-Disease-Classification/data/processed/audio/cycles/176/1b3_Tc_004.wav
176,1b3,Tc,COPD,3,test,/Users/vs/Sem 5/Respiratory-Disease-Classification/data/processed/audio/cycles/176/1b3_Tc_005.wav
176,1b3,Tc,COPD,3,test,/Users/vs/Sem 5/Respiratory-Disease-Classification/data/processed/audio/cycles/176/1b3_Tc_006.wav
176,1b4,Al,COPD,3,test,/Users/vs/Sem 5/Respiratory-Disease-Classification/data/processed/audio/cycles/176/1b4_Al_001.wav
176,1b4,Al,COPD,3,test,/Users/vs/Sem 5/Respiratory-Disease-Classification/data/processed/audio/cycles/176/1b4_Al_002.wav
176,1b4,Al,COPD,3,test,/Users/vs/Sem 5/Respiratory-Disease-Classification/data/processed/audio/cycles/176/1b4_Al_003.wav
176,1b4,Al,COPD,3,test,/Users/vs/Sem 5/Respiratory-Disease-Classification/data/processed/audio/cycles/176/1b4_Al_004.wav
176,1b4,Al,COPD,3,test,/Users/vs/Sem 5/Respiratory-Disease-Classification/data/processed/audio/cycles/176/1b4_Al_005.wav
176,1b4,Al,COPD,3,test,/Users/vs/Sem 5/Respiratory-Disease-Classification/data/processed/audio/cycles/176/1b4_Al_006.wav
176,1b4,Ar,COPD,3,test,/Users/vs/Sem 5/Respiratory-Disease-Classification/data/processed/audio/cycles/176/1b4_Ar_001.wav
176,1b4,Ar,COPD,3,test,/Users/vs/Sem 5/Respiratory-Disease-Classification/data/processed/audio/cycles/176/1b4_Ar_002.wav
176,1b4,Ar,COPD,3,test,/Users/vs/Sem 5/Respiratory-Disease-Classification/data/processed/audio/cycles/176/1b4_Ar_003.wav
176,1b4,Ar,COPD,3,test,/Users/vs/Sem 5/Respiratory-Disease-Classification/data/processed/audio/cycles/176/1b4_Ar_004.wav
176,1b4,Ar,COPD,3,test,/Users/vs/Sem 5/Respiratory-Disease-Classification/data/processed/audio/cycles/176/1b4_Ar_005.wav
176,1b4,Ar,COPD,3,test,/Users/vs/Sem 5/Respiratory-Disease-Classification/data/processed/audio/cycles/176/1b4_Ar_006.wav
176,1b4,Ll,COPD,3,test,/Users/vs/Sem 5/Respiratory-Disease-Classification/data/processed/audio/cycles/176/1b4_Ll_001.wav
176,1b4,Ll,COPD,3,test,/Users/vs/Sem 5/Respiratory-Disease-Classification/data/processed/audio/cycles/176/1b4_Ll_002.wav
176,1b4,Ll,COPD,3,test,/Users/vs/Sem 5/Respiratory-Disease-Classification/data/processed/audio/cycles/176/1b4_Ll_003.wav
176,1b4,Ll,COPD,3,test,/Users/vs/Sem 5/Respiratory-Disease-Classification/data/processed/audio/cycles/176/1b4_Ll_004.wav
176,1b4,Ll,COPD,3,test,/Users/vs/Sem 5/Respiratory-Disease-Classification/data/processed/audio/cycles/176/1b4_Ll_005.wav
176,1b4,Ll,COPD,3,test,/Users/vs/Sem 5/Respiratory-Disease-Classification/data/processed/audio/cycles/176/1b4_Ll_006.wav
176,1b4,Lr,COPD,3,test,/Users/vs/Sem 5/Respiratory-Disease-Classification/data/processed/audio/cycles/176/1b4_Lr_001.wav
176,1b4,Lr,COPD,3,test,/Users/vs/Sem 5/Respiratory-Disease-Classification/data/processed/audio/cycles/176/1b4_Lr_002.wav
176,1b4,Lr,COPD,3,test,/Users/vs/Sem 5/Respiratory-Disease-Classification/data/processed/audio/cycles/176/1b4_Lr_003.wav
176,1b4,Lr,COPD,3,test,/Users/vs/Sem 5/Respiratory-Disease-Classification/data/processed/audio/cycles/176/1b4_Lr_004.wav
176,1b4,Lr,COPD,3,test,/Users/vs/Sem 5/Respiratory-Disease-Classification/data/processed/audio/cycles/176/1b4_Lr_005.wav
176,1b4,Lr,COPD,3,test,/Users/vs/Sem 5/Respiratory-Disease-Classification/data/processed/audio/cycles/176/1b4_Lr_006.wav
176,1b4,Pl,COPD,3,test,/Users/vs/Sem 5/Respiratory-Disease-Classification/data/processed/audio/cycles/176/1b4_Pl_001.wav
176,1b4,Pl,COPD,3,test,/Users/vs/Sem 5/Respiratory-Disease-Classification/data/processed/audio/cycles/176/1b4_Pl_002.wav
176,1b4,Pl,COPD,3,test,/Users/vs/Sem 5/Respiratory-Disease-Classification/data/processed/audio/cycles/176/1b4_Pl_003.wav
176,1b4,Pl,COPD,3,test,/Users/vs/Sem 5/Respiratory-Disease-Classification/data/processed/audio/cycles/176/1b4_Pl_004.wav
176,1b4,Pl,COPD,3,test,/Users/vs/Sem 5/Respiratory-Disease-Classification/data/processed/audio/cycles/176/1b4_Pl_005.wav
176,1b4,Pl,COPD,3,test,/Users/vs/Sem 5/Respiratory-Disease-Classification/data/processed/audio/cycles/176/1b4_Pl_006.wav
176,1b4,Pr,COPD,3,test,/Users/vs/Sem 5/Respiratory-Disease-Classification/data/processed/audio/cycles/176/1b4_Pr_001.wav
176,1b4,Pr,COPD,3,test,/Users/vs/Sem 5/Respiratory-Disease-Classification/data/processed/audio/cycles/176/1b4_Pr_002.wav
176,1b4,Pr,COPD,3,test,/Users/vs/Sem 5/Respiratory-Disease-Classification/data/processed/audio/cycles/176/1b4_Pr_003.wav
176,1b4,Pr,COPD,3,test,/Users/vs/Sem 5/Respiratory-Disease-Classification/data/processed/audio/cycles/176/1b4_Pr_004.wav
176,1b4,Pr,COPD,3,test,/Users/vs/Sem 5/Respiratory-Disease-Classification/data/processed/audio/cycles/176/1b4_Pr_005.wav
176,1b4,Pr,COPD,3,test,/Users/vs/Sem 5/Respiratory-Disease-Classification/data/processed/audio/cycles/176/1b4_Pr_006.wav
176,1b4,Tc,COPD,3,test,/Users/vs/Sem 5/Respiratory-Disease-Classification/data/processed/audio/cycles/176/1b4_Tc_001.wav
176,1b4,Tc,COPD,3,test,/Users/vs/Sem 5/Respiratory-Disease-Classification/data/processed/audio/cycles/176/1b4_Tc_002.wav
176,1b4,Tc,COPD,3,test,/Users/vs/Sem 5/Respiratory-Disease-Classification/data/processed/audio/cycles/176/1b4_Tc_003.wav
176,1b4,Tc,COPD,3,test,/Users/vs/Sem 5/Respiratory-Disease-Classification/data/processed/audio/cycles/176/1b4_Tc_004.wav
176,1b4,Tc,COPD,3,test,/Users/vs/Sem 5/Respiratory-Disease-Classification/data/processed/audio/cycles/176/1b4_Tc_005.wav
176,1b4,Tc,COPD,3,test,/Users/vs/Sem 5/Respiratory-Disease-Classification/data/processed/audio/cycles/176/1b4_Tc_006.wav
176,2b3,Al,COPD,3,test,/Users/vs/Sem 5/Respiratory-Disease-Classification/data/processed/audio/cycles/176/2b3_Al_001.wav
176,2b3,Al,COPD,3,test,/Users/vs/Sem 5/Respiratory-Disease-Classification/data/processed/audio/cycles/176/2b3_Al_002.wav
176,2b3,Al,COPD,3,test,/Users/vs/Sem 5/Respiratory-Disease-Classification/data/processed/audio/cycles/176/2b3_Al_003.wav
176,2b3,Al,COPD,3,test,/Users/vs/Sem 5/Respiratory-Disease-Classification/data/processed/audio/cycles/176/2b3_Al_004.wav
176,2b3,Al,COPD,3,test,/Users/vs/Sem 5/Respiratory-Disease-Classification/data/processed/audio/cycles/176/2b3_Al_005.wav
176,2b3,Al,COPD,3,test,/Users/vs/Sem 5/Respiratory-Disease-Classification/data/processed/audio/cycles/176/2b3_Al_006.wav
176,2b3,Al,COPD,3,test,/Users/vs/Sem 5/Respiratory-Disease-Classification/data/processed/audio/cycles/176/2b3_Al_007.wav
176,2b3,Ar,COPD,3,test,/Users/vs/Sem 5/Respiratory-Disease-Classification/data/processed/audio/cycles/176/2b3_Ar_001.wav
176,2b3,Ar,COPD,3,test,/Users/vs/Sem 5/Respiratory-Disease-Classification/data/processed/audio/cycles/176/2b3_Ar_002.wav
176,2b3,Ar,COPD,3,test,/Users/vs/Sem 5/Respiratory-Disease-Classification/data/processed/audio/cycles/176/2b3_Ar_003.wav
176,2b3,Ar,COPD,3,test,/Users/vs/Sem 5/Respiratory-Disease-Classification/data/processed/audio/cycles/176/2b3_Ar_004.wav
176,2b3,Ar,COPD,3,test,/Users/vs/Sem 5/Respiratory-Disease-Classification/data/processed/audio/cycles/176/2b3_Ar_005.wav
176,2b3,Ar,COPD,3,test,/Users/vs/Sem 5/Respiratory-Disease-Classification/data/processed/audio/cycles/176/2b3_Ar_006.wav
176,2b3,Ar,COPD,3,test,/Users/vs/Sem 5/Respiratory-Disease-Classification/data/processed/audio/cycles/176/2b3_Ar_007.wav
176,2b3,Ll,COPD,3,test,/Users/vs/Sem 5/Respiratory-Disease-Classification/data/processed/audio/cycles/176/2b3_Ll_001.wav
176,2b3,Ll,COPD,3,test,/Users/vs/Sem 5/Respiratory-Disease-Classification/data/processed/audio/cycles/176/2b3_Ll_002.wav
176,2b3,Ll,COPD,3,test,/Users/vs/Sem 5/Respiratory-Disease-Classification/data/processed/audio/cycles/176/2b3_Ll_003.wav
176,2b3,Ll,COPD,3,test,/Users/vs/Sem 5/Respiratory-Disease-Classification/data/processed/audio/cycles/176/2b3_Ll_004.wav
176,2b3,Ll,COPD,3,test,/Users/vs/Sem 5/Respiratory-Disease-Classification/data/processed/audio/cycles/176/2b3_Ll_005.wav
176,2b3,Ll,COPD,3,test,/Users/vs/Sem 5/Respiratory-Disease-Classification/data/processed/audio/cycles/176/2b3_Ll_006.wav
176,2b3,Ll,COPD,3,test,/Users/vs/Sem 5/Respiratory-Disease-Classification/data/processed/audio/cycles/176/2b3_Ll_007.wav
176,2b3,Lr,COPD,3,test,/Users/vs/Sem 5/Respiratory-Disease-Classification/data/processed/audio/cycles/176/2b3_Lr_001.wav
176,2b3,Lr,COPD,3,test,/Users/vs/Sem 5/Respiratory-Disease-Classification/data/processed/audio/cycles/176/2b3_Lr_002.wav
176,2b3,Lr,COPD,3,test,/Users/vs/Sem 5/Respiratory-Disease-Classification/data/processed/audio/cycles/176/2b3_Lr_003.wav
176,2b3,Lr,COPD,3,test,/Users/vs/Sem 5/Respiratory-Disease-Classification/data/processed/audio/cycles/176/2b3_Lr_004.wav
176,2b3,Lr,COPD,3,test,/Users/vs/Sem 5/Respiratory-Disease-Classification/data/processed/audio/cycles/176/2b3_Lr_005.wav
176,2b3,Lr,COPD,3,test,/Users/vs/Sem 5/Respiratory-Disease-Classification/data/processed/audio/cycles/176/2b3_Lr_006.wav
176,2b3,Lr,COPD,3,test,/Users/vs/Sem 5/Respiratory-Disease-Classification/data/processed/audio/cycles/176/2b3_Lr_007.wav
176,2b3,Pl,COPD,3,test,/Users/vs/Sem 5/Respiratory-Disease-Classification/data/processed/audio/cycles/176/2b3_Pl_001.wav
176,2b3,Pl,COPD,3,test,/Users/vs/Sem 5/Respiratory-Disease-Classification/data/processed/audio/cycles/176/2b3_Pl_002.wav
176,2b3,Pl,COPD,3,test,/Users/vs/Sem 5/Respiratory-Disease-Classification/data/processed/audio/cycles/176/2b3_Pl_003.wav
176,2b3,Pl,COPD,3,test,/Users/vs/Sem 5/Respiratory-Disease-Classification/data/processed/audio/cycles/176/2b3_Pl_004.wav
176,2b3,Pl,COPD,3,test,/Users/vs/Sem 5/Respiratory-Disease-Classification/data/processed/audio/cycles/176/2b3_Pl_005.wav
176,2b3,Pl,COPD,3,test,/Users/vs/Sem 5/Respiratory-Disease-Classification/data/processed/audio/cycles/176/2b3_Pl_006.wav
176,2b3,Pl,COPD,3,test,/Users/vs/Sem 5/Respiratory-Disease-Classification/data/processed/audio/cycles/176/2b3_Pl_007.wav
176,2b3,Pr,COPD,3,test,/Users/vs/Sem 5/Respiratory-Disease-Classification/data/processed/audio/cycles/176/2b3_Pr_001.wav
176,2b3,Pr,COPD,3,test,/Users/vs/Sem 5/Respiratory-Disease-Classification/data/processed/audio/cycles/176/2b3_Pr_002.wav
176,2b3,Pr,COPD,3,test,/Users/vs/Sem 5/Respiratory-Disease-Classification/data/processed/audio/cycles/176/2b3_Pr_003.wav
176,2b3,Pr,COPD,3,test,/Users/vs/Sem 5/Respiratory-Disease-Classification/data/processed/audio/cycles/176/2b3_Pr_004.wav
176,2b3,Pr,COPD,3,test,/Users/vs/Sem 5/Respiratory-Disease-Classification/data/processed/audio/cycles/176/2b3_Pr_005.wav
176,2b3,Pr,COPD,3,test,/Users/vs/Sem 5/Respiratory-Disease-Classification/data/processed/audio/cycles/176/2b3_Pr_006.wav
176,2b3,Pr,COPD,3,test,/Users/vs/Sem 5/Respiratory-Disease-Classification/data/processed/audio/cycles/176/2b3_Pr_007.wav
176,2b3,Tc,COPD,3,test,/Users/vs/Sem 5/Respiratory-Disease-Classification/data/processed/audio/cycles/176/2b3_Tc_001.wav
176,2b3,Tc,COPD,3,test,/Users/vs/Sem 5/Respiratory-Disease-Classification/data/processed/audio/cycles/176/2b3_Tc_002.wav
176,2b3,Tc,COPD,3,test,/Users/vs/Sem 5/Respiratory-Disease-Classification/data/processed/audio/cycles/176/2b3_Tc_003.wav
176,2b3,Tc,COPD,3,test,/Users/vs/Sem 5/Respiratory-Disease-Classification/data/processed/audio/cycles/176/2b3_Tc_004.wav
176,2b3,Tc,COPD,3,test,/Users/vs/Sem 5/Respiratory-Disease-Classification/data/processed/audio/cycles/176/2b3_Tc_005.wav
176,2b3,Tc,COPD,3,test,/Users/vs/Sem 5/Respiratory-Disease-Classification/data/processed/audio/cycles/176/2b3_Tc_006.wav
176,2b3,Tc,COPD,3,test,/Users/vs/Sem 5/Respiratory-Disease-Classification/data/processed/audio/cycles/176/2b3_Tc_007.wav
177,1b2,Al,COPD,3,test,/Users/vs/Sem 5/Respiratory-Disease-Classification/data/processed/audio/cycles/177/1b2_Al_001.wav
177,1b2,Al,COPD,3,test,/Users/vs/Sem 5/Respiratory-Disease-Classification/data/processed/audio/cycles/177/1b2_Al_002.wav
177,1b2,Al,COPD,3,test,/Users/vs/Sem 5/Respiratory-Disease-Classification/data/processed/audio/cycles/177/1b2_Al_003.wav
177,1b2,Al,COPD,3,test,/Users/vs/Sem 5/Respiratory-Disease-Classification/data/processed/audio/cycles/177/1b2_Al_004.wav
177,1b2,Ar,COPD,3,test,/Users/vs/Sem 5/Respiratory-Disease-Classification/data/processed/audio/cycles/177/1b2_Ar_001.wav
177,1b2,Ar,COPD,3,test,/Users/vs/Sem 5/Respiratory-Disease-Classification/data/processed/audio/cycles/177/1b2_Ar_002.wav
177,1b2,Ar,COPD,3,test,/Users/vs/Sem 5/Respiratory-Disease-Classification/data/processed/audio/cycles/177/1b2_Ar_003.wav
177,1b2,Ar,COPD,3,test,/Users/vs/Sem 5/Respiratory-Disease-Classification/data/processed/audio/cycles/177/1b2_Ar_004.wav
177,1b2,Lr,COPD,3,test,/Users/vs/Sem 5/Respiratory-Disease-Classification/data/processed/audio/cycles/177/1b2_Lr_001.wav
177,1b2,Lr,COPD,3,test,/Users/vs/Sem 5/Respiratory-Disease-Classification/data/processed/audio/cycles/177/1b2_Lr_002.wav
177,1b2,Lr,COPD,3,test,/Users/vs/Sem 5/Respiratory-Disease-Classification/data/processed/audio/cycles/177/1b2_Lr_003.wav
177,1b2,Lr,COPD,3,test,/Users/vs/Sem 5/Respiratory-Disease-Classification/data/processed/audio/cycles/177/1b2_Lr_004.wav
177,1b2,Pl,COPD,3,test,/Users/vs/Sem 5/Respiratory-Disease-Classification/data/processed/audio/cycles/177/1b2_Pl_001.wav
177,1b2,Pl,COPD,3,test,/Users/vs/Sem 5/Respiratory-Disease-Classification/data/processed/audio/cycles/177/1b2_Pl_002.wav
177,1b2,Pl,COPD,3,test,/Users/vs/Sem 5/Respiratory-Disease-Classification/data/processed/audio/cycles/177/1b2_Pl_003.wav
177,1b2,Pl,COPD,3,test,/Users/vs/Sem 5/Respiratory-Disease-Classification/data/processed/audio/cycles/177/1b2_Pl_004.wav
177,1b2,Pr,COPD,3,test,/Users/vs/Sem 5/Respiratory-Disease-Classification/data/processed/audio/cycles/177/1b2_Pr_001.wav
177,1b2,Pr,COPD,3,test,/Users/vs/Sem 5/Respiratory-Disease-Classification/data/processed/audio/cycles/177/1b2_Pr_002.wav
177,1b2,Pr,COPD,3,test,/Users/vs/Sem 5/Respiratory-Disease-Classification/data/processed/audio/cycles/177/1b2_Pr_003.wav
177,1b2,Pr,COPD,3,test,/Users/vs/Sem 5/Respiratory-Disease-Classification/data/processed/audio/cycles/177/1b2_Pr_004.wav
177,1b2,Tc,COPD,3,test,/Users/vs/Sem 5/Respiratory-Disease-Classification/data/processed/audio/cycles/177/1b2_Tc_001.wav
177,1b2,Tc,COPD,3,test,/Users/vs/Sem 5/Respiratory-Disease-Classification/data/processed/audio/cycles/177/1b2_Tc_002.wav
177,1b2,Tc,COPD,3,test,/Users/vs/Sem 5/Respiratory-Disease-Classification/data/processed/audio/cycles/177/1b2_Tc_003.wav
177,1b2,Tc,COPD,3,test,/Users/vs/Sem 5/Respiratory-Disease-Classification/data/processed/audio/cycles/177/1b2_Tc_004.wav
177,1b4,Al,COPD,3,test,/Users/vs/Sem 5/Respiratory-Disease-Classification/data/processed/audio/cycles/177/1b4_Al_001.wav
177,1b4,Al,COPD,3,test,/Users/vs/Sem 5/Respiratory-Disease-Classification/data/processed/audio/cycles/177/1b4_Al_002.wav
177,1b4,Al,COPD,3,test,/Users/vs/Sem 5/Respiratory-Disease-Classification/data/processed/audio/cycles/177/1b4_Al_003.wav
177,1b4,Al,COPD,3,test,/Users/vs/Sem 5/Respiratory-Disease-Classification/data/processed/audio/cycles/177/1b4_Al_004.wav
177,1b4,Al,COPD,3,test,/Users/vs/Sem 5/Respiratory-Disease-Classification/data/processed/audio/cycles/177/1b4_Al_005.wav
177,1b4,Ar,COPD,3,test,/Users/vs/Sem 5/Respiratory-Disease-Classification/data/processed/audio/cycles/177/1b4_Ar_001.wav
177,1b4,Ar,COPD,3,test,/Users/vs/Sem 5/Respiratory-Disease-Classification/data/processed/audio/cycles/177/1b4_Ar_002.wav
177,1b4,Ar,COPD,3,test,/Users/vs/Sem 5/Respiratory-Disease-Classification/data/processed/audio/cycles/177/1b4_Ar_003.wav
177,1b4,Ar,COPD,3,test,/Users/vs/Sem 5/Respiratory-Disease-Classification/data/processed/audio/cycles/177/1b4_Ar_004.wav
177,1b4,Ar,COPD,3,test,/Users/vs/Sem 5/Respiratory-Disease-Classification/data/processed/audio/cycles/177/1b4_Ar_005.wav
177,1b4,Lr,COPD,3,test,/Users/vs/Sem 5/Respiratory-Disease-Classification/data/processed/audio/cycles/177/1b4_Lr_001.wav
177,1b4,Lr,COPD,3,test,/Users/vs/Sem 5/Respiratory-Disease-Classification/data/processed/audio/cycles/177/1b4_Lr_002.wav
177,1b4,Lr,COPD,3,test,/Users/vs/Sem 5/Respiratory-Disease-Classification/data/processed/audio/cycles/177/1b4_Lr_003.wav
177,1b4,Lr,COPD,3,test,/Users/vs/Sem 5/Respiratory-Disease-Classification/data/processed/audio/cycles/177/1b4_Lr_004.wav
177,1b4,Lr,COPD,3,test,/Users/vs/Sem 5/Respiratory-Disease-Classification/data/processed/audio/cycles/177/1b4_Lr_005.wav
177,1b4,Pl,COPD,3,test,/Users/vs/Sem 5/Respiratory-Disease-Classification/data/processed/audio/cycles/177/1b4_Pl_001.wav
177,1b4,Pl,COPD,3,test,/Users/vs/Sem 5/Respiratory-Disease-Classification/data/processed/audio/cycles/177/1b4_Pl_002.wav
177,1b4,Pl,COPD,3,test,/Users/vs/Sem 5/Respiratory-Disease-Classification/data/processed/audio/cycles/177/1b4_Pl_003.wav
177,1b4,Pl,COPD,3,test,/Users/vs/Sem 5/Respiratory-Disease-Classification/data/processed/audio/cycles/177/1b4_Pl_004.wav
177,1b4,Pl,COPD,3,test,/Users/vs/Sem 5/Respiratory-Disease-Classification/data/processed/audio/cycles/177/1b4_Pl_005.wav
177,1b4,Pr,COPD,3,test,/Users/vs/Sem 5/Respiratory-Disease-Classification/data/processed/audio/cycles/177/1b4_Pr_001.wav
177,1b4,Pr,COPD,3,test,/Users/vs/Sem 5/Respiratory-Disease-Classification/data/processed/audio/cycles/177/1b4_Pr_002.wav
177,1b4,Pr,COPD,3,test,/Users/vs/Sem 5/Respiratory-Disease-Classification/data/processed/audio/cycles/177/1b4_Pr_003.wav
177,1b4,Pr,COPD,3,test,/Users/vs/Sem 5/Respiratory-Disease-Classification/data/processed/audio/cycles/177/1b4_Pr_004.wav
177,1b4,Pr,COPD,3,test,/Users/vs/Sem 5/Respiratory-Disease-Classification/data/processed/audio/cycles/177/1b4_Pr_005.wav
177,1b4,Tc,COPD,3,test,/Users/vs/Sem 5/Respiratory-Disease-Classification/data/processed/audio/cycles/177/1b4_Tc_001.wav
177,1b4,Tc,COPD,3,test,/Users/vs/Sem 5/Respiratory-Disease-Classification/data/processed/audio/cycles/177/1b4_Tc_002.wav
177,1b4,Tc,COPD,3,test,/Users/vs/Sem 5/Respiratory-Disease-Classification/data/processed/audio/cycles/177/1b4_Tc_003.wav
177,1b4,Tc,COPD,3,test,/Users/vs/Sem 5/Respiratory-Disease-Classification/data/processed/audio/cycles/177/1b4_Tc_004.wav
177,1b4,Tc,COPD,3,test,/Users/vs/Sem 5/Respiratory-Disease-Classification/data/processed/audio/cycles/177/1b4_Tc_005.wav
177,2b4,Al,COPD,3,test,/Users/vs/Sem 5/Respiratory-Disease-Classification/data/processed/audio/cycles/177/2b4_Al_001.wav
177,2b4,Al,COPD,3,test,/Users/vs/Sem 5/Respiratory-Disease-Classification/data/processed/audio/cycles/177/2b4_Al_002.wav
177,2b4,Al,COPD,3,test,/Users/vs/Sem 5/Respiratory-Disease-Classification/data/processed/audio/cycles/177/2b4_Al_003.wav
177,2b4,Al,COPD,3,test,/Users/vs/Sem 5/Respiratory-Disease-Classification/data/processed/audio/cycles/177/2b4_Al_004.wav
177,2b4,Al,COPD,3,test,/Users/vs/Sem 5/Respiratory-Disease-Classification/data/processed/audio/cycles/177/2b4_Al_005.wav
177,2b4,Lr,COPD,3,test,/Users/vs/Sem 5/Respiratory-Disease-Classification/data/processed/audio/cycles/177/2b4_Lr_001.wav
177,2b4,Lr,COPD,3,test,/Users/vs/Sem 5/Respiratory-Disease-Classification/data/processed/audio/cycles/177/2b4_Lr_002.wav
177,2b4,Lr,COPD,3,test,/Users/vs/Sem 5/Respiratory-Disease-Classification/data/processed/audio/cycles/177/2b4_Lr_003.wav
177,2b4,Lr,COPD,3,test,/Users/vs/Sem 5/Respiratory-Disease-Classification/data/processed/audio/cycles/177/2b4_Lr_004.wav
177,2b4,Lr,COPD,3,test,/Users/vs/Sem 5/Respiratory-Disease-Classification/data/processed/audio/cycles/177/2b4_Lr_005.wav
177,2b4,Pl,COPD,3,test,/Users/vs/Sem 5/Respiratory-Disease-Classification/data/processed/audio/cycles/177/2b4_Pl_001.wav
177,2b4,Pl,COPD,3,test,/Users/vs/Sem 5/Respiratory-Disease-Classification/data/processed/audio/cycles/177/2b4_Pl_002.wav
177,2b4,Pl,COPD,3,test,/Users/vs/Sem 5/Respiratory-Disease-Classification/data/processed/audio/cycles/177/2b4_Pl_003.wav
177,2b4,Pl,COPD,3,test,/Users/vs/Sem 5/Respiratory-Disease-Classification/data/processed/audio/cycles/177/2b4_Pl_004.wav
177,2b4,Pl,COPD,3,test,/Users/vs/Sem 5/Respiratory-Disease-Classification/data/processed/audio/cycles/177/2b4_Pl_005.wav
177,2b4,Pr,COPD,3,test,/Users/vs/Sem 5/Respiratory-Disease-Classification/data/processed/audio/cycles/177/2b4_Pr_001.wav
177,2b4,Pr,COPD,3,test,/Users/vs/Sem 5/Respiratory-Disease-Classification/data/processed/audio/cycles/177/2b4_Pr_002.wav
177,2b4,Pr,COPD,3,test,/Users/vs/Sem 5/Respiratory-Disease-Classification/data/processed/audio/cycles/177/2b4_Pr_003.wav
177,2b4,Pr,COPD,3,test,/Users/vs/Sem 5/Respiratory-Disease-Classification/data/processed/audio/cycles/177/2b4_Pr_004.wav
177,2b4,Pr,COPD,3,test,/Users/vs/Sem 5/Respiratory-Disease-Classification/data/processed/audio/cycles/177/2b4_Pr_005.wav
177,2b4,Tc,COPD,3,test,/Users/vs/Sem 5/Respiratory-Disease-Classification/data/processed/audio/cycles/177/2b4_Tc_001.wav
177,2b4,Tc,COPD,3,test,/Users/vs/Sem 5/Respiratory-Disease-Classification/data/processed/audio/cycles/177/2b4_Tc_002.wav
177,2b4,Tc,COPD,3,test,/Users/vs/Sem 5/Respiratory-Disease-Classification/data/processed/audio/cycles/177/2b4_Tc_003.wav
177,2b4,Tc,COPD,3,test,/Users/vs/Sem 5/Respiratory-Disease-Classification/data/processed/audio/cycles/177/2b4_Tc_004.wav
177,2b4,Tc,COPD,3,test,/Users/vs/Sem 5/Respiratory-Disease-Classification/data/processed/audio/cycles/177/2b4_Tc_005.wav
178,1b2,Al,COPD,3,test,/Users/vs/Sem 5/Respiratory-Disease-Classification/data/processed/audio/cycles/178/1b2_Al_001.wav
178,1b2,Al,COPD,3,test,/Users/vs/Sem 5/Respiratory-Disease-Classification/data/processed/audio/cycles/178/1b2_Al_002.wav
178,1b2,Al,COPD,3,test,/Users/vs/Sem 5/Respiratory-Disease-Classification/data/processed/audio/cycles/178/1b2_Al_003.wav
178,1b2,Al,COPD,3,test,/Users/vs/Sem 5/Respiratory-Disease-Classification/data/processed/audio/cycles/178/1b2_Al_004.wav
178,1b2,Al,COPD,3,test,/Users/vs/Sem 5/Respiratory-Disease-Classification/data/processed/audio/cycles/178/1b2_Al_005.wav
178,1b2,Al,COPD,3,test,/Users/vs/Sem 5/Respiratory-Disease-Classification/data/processed/audio/cycles/178/1b2_Al_006.wav
178,1b2,Al,COPD,3,test,/Users/vs/Sem 5/Respiratory-Disease-Classification/data/processed/audio/cycles/178/1b2_Al_007.wav
178,1b2,Al,COPD,3,test,/Users/vs/Sem 5/Respiratory-Disease-Classification/data/processed/audio/cycles/178/1b2_Al_008.wav
178,1b2,Al,COPD,3,test,/Users/vs/Sem 5/Respiratory-Disease-Classification/data/processed/audio/cycles/178/1b2_Al_009.wav
178,1b2,Al,COPD,3,test,/Users/vs/Sem 5/Respiratory-Disease-Classification/data/processed/audio/cycles/178/1b2_Al_010.wav
178,1b2,Al,COPD,3,test,/Users/vs/Sem 5/Respiratory-Disease-Classification/data/processed/audio/cycles/178/1b2_Al_011.wav
178,1b2,Al,COPD,3,test,/Users/vs/Sem 5/Respiratory-Disease-Classification/data/processed/audio/cycles/178/1b2_Al_012.wav
178,1b2,Ar,COPD,3,test,/Users/vs/Sem 5/Respiratory-Disease-Classification/data/processed/audio/cycles/178/1b2_Ar_001.wav
178,1b2,Ar,COPD,3,test,/Users/vs/Sem 5/Respiratory-Disease-Classification/data/processed/audio/cycles/178/1b2_Ar_002.wav
178,1b2,Ar,COPD,3,test,/Users/vs/Sem 5/Respiratory-Disease-Classification/data/processed/audio/cycles/178/1b2_Ar_003.wav
178,1b2,Ar,COPD,3,test,/Users/vs/Sem 5/Respiratory-Disease-Classification/data/processed/audio/cycles/178/1b2_Ar_004.wav
178,1b2,Ar,COPD,3,test,/Users/vs/Sem 5/Respiratory-Disease-Classification/data/processed/audio/cycles/178/1b2_Ar_005.wav
178,1b2,Ar,COPD,3,test,/Users/vs/Sem 5/Respiratory-Disease-Classification/data/processed/audio/cycles/178/1b2_Ar_006.wav
178,1b2,Ar,COPD,3,test,/Users/vs/Sem 5/Respiratory-Disease-Classification/data/processed/audio/cycles/178/1b2_Ar_007.wav
178,1b2,Ar,COPD,3,test,/Users/vs/Sem 5/Respiratory-Disease-Classification/data/processed/audio/cycles/178/1b2_Ar_008.wav
178,1b2,Ar,COPD,3,test,/Users/vs/Sem 5/Respiratory-Disease-Classification/data/processed/audio/cycles/178/1b2_Ar_009.wav
178,1b2,Ar,COPD,3,test,/Users/vs/Sem 5/Respiratory-Disease-Classification/data/processed/audio/cycles/178/1b2_Ar_010.wav
178,1b2,Ar,COPD,3,test,/Users/vs/Sem 5/Respiratory-Disease-Classification/data/processed/audio/cycles/178/1b2_Ar_011.wav
178,1b2,Ar,COPD,3,test,/Users/vs/Sem 5/Respiratory-Disease-Classification/data/processed/audio/cycles/178/1b2_Ar_012.wav
178,1b2,Lr,COPD,3,test,/Users/vs/Sem 5/Respiratory-Disease-Classification/data/processed/audio/cycles/178/1b2_Lr_001.wav
178,1b2,Lr,COPD,3,test,/Users/vs/Sem 5/Respiratory-Disease-Classification/data/processed/audio/cycles/178/1b2_Lr_002.wav
178,1b2,Lr,COPD,3,test,/Users/vs/Sem 5/Respiratory-Disease-Classification/data/processed/audio/cycles/178/1b2_Lr_003.wav
178,1b2,Lr,COPD,3,test,/Users/vs/Sem 5/Respiratory-Disease-Classification/data/processed/audio/cycles/178/1b2_Lr_004.wav
178,1b2,Lr,COPD,3,test,/Users/vs/Sem 5/Respiratory-Disease-Classification/data/processed/audio/cycles/178/1b2_Lr_005.wav
178,1b2,Lr,COPD,3,test,/Users/vs/Sem 5/Respiratory-Disease-Classification/data/processed/audio/cycles/178/1b2_Lr_006.wav
178,1b2,Lr,COPD,3,test,/Users/vs/Sem 5/Respiratory-Disease-Classification/data/processed/audio/cycles/178/1b2_Lr_007.wav
178,1b2,Lr,COPD,3,test,/Users/vs/Sem 5/Respiratory-Disease-Classification/data/processed/audio/cycles/178/1b2_Lr_008.wav
178,1b2,Lr,COPD,3,test,/Users/vs/Sem 5/Respiratory-Disease-Classification/data/processed/audio/cycles/178/1b2_Lr_009.wav
178,1b2,Lr,COPD,3,test,/Users/vs/Sem 5/Respiratory-Disease-Classification/data/processed/audio/cycles/178/1b2_Lr_010.wav
178,1b2,Lr,COPD,3,test,/Users/vs/Sem 5/Respiratory-Disease-Classification/data/processed/audio/cycles/178/1b2_Lr_011.wav
178,1b2,Lr,COPD,3,test,/Users/vs/Sem 5/Respiratory-Disease-Classification/data/processed/audio/cycles/178/1b2_Lr_012.wav
178,1b2,Pl,COPD,3,test,/Users/vs/Sem 5/Respiratory-Disease-Classification/data/processed/audio/cycles/178/1b2_Pl_001.wav
178,1b2,Pl,COPD,3,test,/Users/vs/Sem 5/Respiratory-Disease-Classification/data/processed/audio/cycles/178/1b2_Pl_002.wav
178,1b2,Pl,COPD,3,test,/Users/vs/Sem 5/Respiratory-Disease-Classification/data/processed/audio/cycles/178/1b2_Pl_003.wav
178,1b2,Pl,COPD,3,test,/Users/vs/Sem 5/Respiratory-Disease-Classification/data/processed/audio/cycles/178/1b2_Pl_004.wav
178,1b2,Pl,COPD,3,test,/Users/vs/Sem 5/Respiratory-Disease-Classification/data/processed/audio/cycles/178/1b2_Pl_005.wav
178,1b2,Pl,COPD,3,test,/Users/vs/Sem 5/Respiratory-Disease-Classification/data/processed/audio/cycles/178/1b2_Pl_006.wav
178,1b2,Pl,COPD,3,test,/Users/vs/Sem 5/Respiratory-Disease-Classification/data/processed/audio/cycles/178/1b2_Pl_007.wav
178,1b2,Pl,COPD,3,test,/Users/vs/Sem 5/Respiratory-Disease-Classification/data/processed/audio/cycles/178/1b2_Pl_008.wav
178,1b2,Pl,COPD,3,test,/Users/vs/Sem 5/Respiratory-Disease-Classification/data/processed/audio/cycles/178/1b2_Pl_009.wav
178,1b2,Pl,COPD,3,test,/Users/vs/Sem 5/Respiratory-Disease-Classification/data/processed/audio/cycles/178/1b2_Pl_010.wav
178,1b2,Pl,COPD,3,test,/Users/vs/Sem 5/Respiratory-Disease-Classification/data/processed/audio/cycles/178/1b2_Pl_011.wav
178,1b2,Pl,COPD,3,test,/Users/vs/Sem 5/Respiratory-Disease-Classification/data/processed/audio/cycles/178/1b2_Pl_012.wav
178,1b2,Pr,COPD,3,test,/Users/vs/Sem 5/Respiratory-Disease-Classification/data/processed/audio/cycles/178/1b2_Pr_001.wav
178,1b2,Pr,COPD,3,test,/Users/vs/Sem 5/Respiratory-Disease-Classification/data/processed/audio/cycles/178/1b2_Pr_002.wav
178,1b2,Pr,COPD,3,test,/Users/vs/Sem 5/Respiratory-Disease-Classification/data/processed/audio/cycles/178/1b2_Pr_003.wav
178,1b2,Pr,COPD,3,test,/Users/vs/Sem 5/Respiratory-Disease-Classification/data/processed/audio/cycles/178/1b2_Pr_004.wav
178,1b2,Pr,COPD,3,test,/Users/vs/Sem 5/Respiratory-Disease-Classification/data/processed/audio/cycles/178/1b2_Pr_005.wav
178,1b2,Pr,COPD,3,test,/Users/vs/Sem 5/Respiratory-Disease-Classification/data/processed/audio/cycles/178/1b2_Pr_006.wav
178,1b2,Pr,COPD,3,test,/Users/vs/Sem 5/Respiratory-Disease-Classification/data/processed/audio/cycles/178/1b2_Pr_007.wav
178,1b2,Pr,COPD,3,test,/Users/vs/Sem 5/Respiratory-Disease-Classification/data/processed/audio/cycles/178/1b2_Pr_008.wav
178,1b2,Pr,COPD,3,test,/Users/vs/Sem 5/Respiratory-Disease-Classification/data/processed/audio/cycles/178/1b2_Pr_009.wav
178,1b2,Pr,COPD,3,test,/Users/vs/Sem 5/Respiratory-Disease-Classification/data/processed/audio/cycles/178/1b2_Pr_010.wav
178,1b2,Pr,COPD,3,test,/Users/vs/Sem 5/Respiratory-Disease-Classification/data/processed/audio/cycles/178/1b2_Pr_011.wav
178,1b2,Pr,COPD,3,test,/Users/vs/Sem 5/Respiratory-Disease-Classification/data/processed/audio/cycles/178/1b2_Pr_012.wav
178,1b2,Tc,COPD,3,test,/Users/vs/Sem 5/Respiratory-Disease-Classification/data/processed/audio/cycles/178/1b2_Tc_001.wav
178,1b2,Tc,COPD,3,test,/Users/vs/Sem 5/Respiratory-Disease-Classification/data/processed/audio/cycles/178/1b2_Tc_002.wav
178,1b2,Tc,COPD,3,test,/Users/vs/Sem 5/Respiratory-Disease-Classification/data/processed/audio/cycles/178/1b2_Tc_003.wav
178,1b2,Tc,COPD,3,test,/Users/vs/Sem 5/Respiratory-Disease-Classification/data/processed/audio/cycles/178/1b2_Tc_004.wav
178,1b2,Tc,COPD,3,test,/Users/vs/Sem 5/Respiratory-Disease-Classification/data/processed/audio/cycles/178/1b2_Tc_005.wav
178,1b2,Tc,COPD,3,test,/Users/vs/Sem 5/Respiratory-Disease-Classification/data/processed/audio/cycles/178/1b2_Tc_006.wav
178,1b2,Tc,COPD,3,test,/Users/vs/Sem 5/Respiratory-Disease-Classification/data/processed/audio/cycles/178/1b2_Tc_007.wav
178,1b2,Tc,COPD,3,test,/Users/vs/Sem 5/Respiratory-Disease-Classification/data/processed/audio/cycles/178/1b2_Tc_008.wav
178,1b2,Tc,COPD,3,test,/Users/vs/Sem 5/Respiratory-Disease-Classification/data/processed/audio/cycles/178/1b2_Tc_009.wav
178,1b2,Tc,COPD,3,test,/Users/vs/Sem 5/Respiratory-Disease-Classification/data/processed/audio/cycles/178/1b2_Tc_010.wav
178,1b2,Tc,COPD,3,test,/Users/vs/Sem 5/Respiratory-Disease-Classification/data/processed/audio/cycles/178/1b2_Tc_011.wav
178,1b2,Tc,COPD,3,test,/Users/vs/Sem 5/Respiratory-Disease-Classification/data/processed/audio/cycles/178/1b2_Tc_012.wav
178,1b3,Al,COPD,3,test,/Users/vs/Sem 5/Respiratory-Disease-Classification/data/processed/audio/cycles/178/1b3_Al_001.wav
178,1b3,Al,COPD,3,test,/Users/vs/Sem 5/Respiratory-Disease-Classification/data/processed/audio/cycles/178/1b3_Al_002.wav
178,1b3,Al,COPD,3,test,/Users/vs/Sem 5/Respiratory-Disease-Classification/data/processed/audio/cycles/178/1b3_Al_003.wav
178,1b3,Al,COPD,3,test,/Users/vs/Sem 5/Respiratory-Disease-Classification/data/processed/audio/cycles/178/1b3_Al_004.wav
178,1b3,Al,COPD,3,test,/Users/vs/Sem 5/Respiratory-Disease-Classification/data/processed/audio/cycles/178/1b3_Al_005.wav
178,1b3,Ar,COPD,3,test,/Users/vs/Sem 5/Respiratory-Disease-Classification/data/processed/audio/cycles/178/1b3_Ar_001.wav
178,1b3,Ar,COPD,3,test,/Users/vs/Sem 5/Respiratory-Disease-Classification/data/processed/audio/cycles/178/1b3_Ar_002.wav
178,1b3,Ar,COPD,3,test,/Users/vs/Sem 5/Respiratory-Disease-Classification/data/processed/audio/cycles/178/1b3_Ar_003.wav
178,1b3,Ar,COPD,3,test,/Users/vs/Sem 5/Respiratory-Disease-Classification/data/processed/audio/cycles/178/1b3_Ar_004.wav
178,1b3,Ar,COPD,3,test,/Users/vs/Sem 5/Respiratory-Disease-Classification/data/processed/audio/cycles/178/1b3_Ar_005.wav
178,1b3,Lr,COPD,3,test,/Users/vs/Sem 5/Respiratory-Disease-Classification/data/processed/audio/cycles/178/1b3_Lr_001.wav
178,1b3,Lr,COPD,3,test,/Users/vs/Sem 5/Respiratory-Disease-Classification/data/processed/audio/cycles/178/1b3_Lr_002.wav
178,1b3,Lr,COPD,3,test,/Users/vs/Sem 5/Respiratory-Disease-Classification/data/processed/audio/cycles/178/1b3_Lr_003.wav
178,1b3,Lr,COPD,3,test,/Users/vs/Sem 5/Respiratory-Disease-Classification/data/processed/audio/cycles/178/1b3_Lr_004.wav
178,1b3,Lr,COPD,3,test,/Users/vs/Sem 5/Respiratory-Disease-Classification/data/processed/audio/cycles/178/1b3_Lr_005.wav
178,1b3,Pl,COPD,3,test,/Users/vs/Sem 5/Respiratory-Disease-Classification/data/processed/audio/cycles/178/1b3_Pl_001.wav
178,1b3,Pl,COPD,3,test,/Users/vs/Sem 5/Respiratory-Disease-Classification/data/processed/audio/cycles/178/1b3_Pl_002.wav
178,1b3,Pl,COPD,3,test,/Users/vs/Sem 5/Respiratory-Disease-Classification/data/processed/audio/cycles/178/1b3_Pl_003.wav
178,1b3,Pl,COPD,3,test,/Users/vs/Sem 5/Respiratory-Disease-Classification/data/processed/audio/cycles/178/1b3_Pl_004.wav
178,1b3,Pl,COPD,3,test,/Users/vs/Sem 5/Respiratory-Disease-Classification/data/processed/audio/cycles/178/1b3_Pl_005.wav
178,1b3,Pr,COPD,3,test,/Users/vs/Sem 5/Respiratory-Disease-Classification/data/processed/audio/cycles/178/1b3_Pr_001.wav
178,1b3,Pr,COPD,3,test,/Users/vs/Sem 5/Respiratory-Disease-Classification/data/processed/audio/cycles/178/1b3_Pr_002.wav
178,1b3,Pr,COPD,3,test,/Users/vs/Sem 5/Respiratory-Disease-Classification/data/processed/audio/cycles/178/1b3_Pr_003.wav
178,1b3,Pr,COPD,3,test,/Users/vs/Sem 5/Respiratory-Disease-Classification/data/processed/audio/cycles/178/1b3_Pr_004.wav
178,1b3,Pr,COPD,3,test,/Users/vs/Sem 5/Respiratory-Disease-Classification/data/processed/audio/cycles/178/1b3_Pr_005.wav
178,1b3,Tc,COPD,3,test,/Users/vs/Sem 5/Respiratory-Disease-Classification/data/processed/audio/cycles/178/1b3_Tc_001.wav
178,1b3,Tc,COPD,3,test,/Users/vs/Sem 5/Respiratory-Disease-Classification/data/processed/audio/cycles/178/1b3_Tc_002.wav
178,1b3,Tc,COPD,3,test,/Users/vs/Sem 5/Respiratory-Disease-Classification/data/processed/audio/cycles/178/1b3_Tc_003.wav
178,1b3,Tc,COPD,3,test,/Users/vs/Sem 5/Respiratory-Disease-Classification/data/processed/audio/cycles/178/1b3_Tc_004.wav
178,1b3,Tc,COPD,3,test,/Users/vs/Sem 5/Respiratory-Disease-Classification/data/processed/audio/cycles/178/1b3_Tc_005.wav
178,1b6,Al,COPD,3,test,/Users/vs/Sem 5/Respiratory-Disease-Classification/data/processed/audio/cycles/178/1b6_Al_001.wav
178,1b6,Al,COPD,3,test,/Users/vs/Sem 5/Respiratory-Disease-Classification/data/processed/audio/cycles/178/1b6_Al_002.wav
178,1b6,Al,COPD,3,test,/Users/vs/Sem 5/Respiratory-Disease-Classification/data/processed/audio/cycles/178/1b6_Al_003.wav
178,1b6,Al,COPD,3,test,/Users/vs/Sem 5/Respiratory-Disease-Classification/data/processed/audio/cycles/178/1b6_Al_004.wav
178,1b6,Al,COPD,3,test,/Users/vs/Sem 5/Respiratory-Disease-Classification/data/processed/audio/cycles/178/1b6_Al_005.wav
178,1b6,Al,COPD,3,test,/Users/vs/Sem 5/Respiratory-Disease-Classification/data/processed/audio/cycles/178/1b6_Al_006.wav
178,1b6,Al,COPD,3,test,/Users/vs/Sem 5/Respiratory-Disease-Classification/data/processed/audio/cycles/178/1b6_Al_007.wav
178,1b6,Al,COPD,3,test,/Users/vs/Sem 5/Respiratory-Disease-Classification/data/processed/audio/cycles/178/1b6_Al_008.wav
178,1b6,Ar,COPD,3,test,/Users/vs/Sem 5/Respiratory-Disease-Classification/data/processed/audio/cycles/178/1b6_Ar_001.wav
178,1b6,Ar,COPD,3,test,/Users/vs/Sem 5/Respiratory-Disease-Classification/data/processed/audio/cycles/178/1b6_Ar_002.wav
178,1b6,Ar,COPD,3,test,/Users/vs/Sem 5/Respiratory-Disease-Classification/data/processed/audio/cycles/178/1b6_Ar_003.wav
178,1b6,Ar,COPD,3,test,/Users/vs/Sem 5/Respiratory-Disease-Classification/data/processed/audio/cycles/178/1b6_Ar_004.wav
178,1b6,Ar,COPD,3,test,/Users/vs/Sem 5/Respiratory-Disease-Classification/data/processed/audio/cycles/178/1b6_Ar_005.wav
178,1b6,Ar,COPD,3,test,/Users/vs/Sem 5/Respiratory-Disease-Classification/data/processed/audio/cycles/178/1b6_Ar_006.wav
178,1b6,Ar,COPD,3,test,/Users/vs/Sem 5/Respiratory-Disease-Classification/data/processed/audio/cycles/178/1b6_Ar_007.wav
178,1b6,Ar,COPD,3,test,/Users/vs/Sem 5/Respiratory-Disease-Classification/data/processed/audio/cycles/178/1b6_Ar_008.wav
178,1b6,Ll,COPD,3,test,/Users/vs/Sem 5/Respiratory-Disease-Classification/data/processed/audio/cycles/178/1b6_Ll_001.wav
178,1b6,Ll,COPD,3,test,/Users/vs/Sem 5/Respiratory-Disease-Classification/data/processed/audio/cycles/178/1b6_Ll_002.wav
178,1b6,Ll,COPD,3,test,/Users/vs/Sem 5/Respiratory-Disease-Classification/data/processed/audio/cycles/178/1b6_Ll_003.wav
178,1b6,Ll,COPD,3,test,/Users/vs/Sem 5/Respiratory-Disease-Classification/data/processed/audio/cycles/178/1b6_Ll_004.wav
178,1b6,Ll,COPD,3,test,/Users/vs/Sem 5/Respiratory-Disease-Classification/data/processed/audio/cycles/178/1b6_Ll_005.wav
178,1b6,Ll,COPD,3,test,/Users/vs/Sem 5/Respiratory-Disease-Classification/data/processed/audio/cycles/178/1b6_Ll_006.wav
178,1b6,Ll,COPD,3,test,/Users/vs/Sem 5/Respiratory-Disease-Classification/data/processed/audio/cycles/178/1b6_Ll_007.wav
178,1b6,Ll,COPD,3,test,/Users/vs/Sem 5/Respiratory-Disease-Classification/data/processed/audio/cycles/178/1b6_Ll_008.wav
178,1b6,Lr,COPD,3,test,/Users/vs/Sem 5/Respiratory-Disease-Classification/data/processed/audio/cycles/178/1b6_Lr_001.wav
178,1b6,Lr,COPD,3,test,/Users/vs/Sem 5/Respiratory-Disease-Classification/data/processed/audio/cycles/178/1b6_Lr_002.wav
178,1b6,Lr,COPD,3,test,/Users/vs/Sem 5/Respiratory-Disease-Classification/data/processed/audio/cycles/178/1b6_Lr_003.wav
178,1b6,Lr,COPD,3,test,/Users/vs/Sem 5/Respiratory-Disease-Classification/data/processed/audio/cycles/178/1b6_Lr_004.wav
178,1b6,Lr,COPD,3,test,/Users/vs/Sem 5/Respiratory-Disease-Classification/data/processed/audio/cycles/178/1b6_Lr_005.wav
178,1b6,Lr,COPD,3,test,/Users/vs/Sem 5/Respiratory-Disease-Classification/data/processed/audio/cycles/178/1b6_Lr_006.wav
178,1b6,Lr,COPD,3,test,/Users/vs/Sem 5/Respiratory-Disease-Classification/data/processed/audio/cycles/178/1b6_Lr_007.wav
178,1b6,Lr,COPD,3,test,/Users/vs/Sem 5/Respiratory-Disease-Classification/data/processed/audio/cycles/178/1b6_Lr_008.wav
178,1b6,Pl,COPD,3,test,/Users/vs/Sem 5/Respiratory-Disease-Classification/data/processed/audio/cycles/178/1b6_Pl_001.wav
178,1b6,Pl,COPD,3,test,/Users/vs/Sem 5/Respiratory-Disease-Classification/data/processed/audio/cycles/178/1b6_Pl_002.wav
178,1b6,Pl,COPD,3,test,/Users/vs/Sem 5/Respiratory-Disease-Classification/data/processed/audio/cycles/178/1b6_Pl_003.wav
178,1b6,Pl,COPD,3,test,/Users/vs/Sem 5/Respiratory-Disease-Classification/data/processed/audio/cycles/178/1b6_Pl_004.wav
178,1b6,Pl,COPD,3,test,/Users/vs/Sem 5/Respiratory-Disease-Classification/data/processed/audio/cycles/178/1b6_Pl_005.wav
178,1b6,Pl,COPD,3,test,/Users/vs/Sem 5/Respiratory-Disease-Classification/data/processed/audio/cycles/178/1b6_Pl_006.wav
178,1b6,Pl,COPD,3,test,/Users/vs/Sem 5/Respiratory-Disease-Classification/data/processed/audio/cycles/178/1b6_Pl_007.wav
178,1b6,Pl,COPD,3,test,/Users/vs/Sem 5/Respiratory-Disease-Classification/data/processed/audio/cycles/178/1b6_Pl_008.wav
178,1b6,Pr,COPD,3,test,/Users/vs/Sem 5/Respiratory-Disease-Classification/data/processed/audio/cycles/178/1b6_Pr_001.wav
178,1b6,Pr,COPD,3,test,/Users/vs/Sem 5/Respiratory-Disease-Classification/data/processed/audio/cycles/178/1b6_Pr_002.wav
178,1b6,Pr,COPD,3,test,/Users/vs/Sem 5/Respiratory-Disease-Classification/data/processed/audio/cycles/178/1b6_Pr_003.wav
178,1b6,Pr,COPD,3,test,/Users/vs/Sem 5/Respiratory-Disease-Classification/data/processed/audio/cycles/178/1b6_Pr_004.wav
178,1b6,Pr,COPD,3,test,/Users/vs/Sem 5/Respiratory-Disease-Classification/data/processed/audio/cycles/178/1b6_Pr_005.wav
178,1b6,Pr,COPD,3,test,/Users/vs/Sem 5/Respiratory-Disease-Classification/data/processed/audio/cycles/178/1b6_Pr_006.wav
178,1b6,Pr,COPD,3,test,/Users/vs/Sem 5/Respiratory-Disease-Classification/data/processed/audio/cycles/178/1b6_Pr_007.wav
178,1b6,Pr,COPD,3,test,/Users/vs/Sem 5/Respiratory-Disease-Classification/data/processed/audio/cycles/178/1b6_Pr_008.wav
178,1b6,Tc,COPD,3,test,/Users/vs/Sem 5/Respiratory-Disease-Classification/data/processed/audio/cycles/178/1b6_Tc_001.wav
178,1b6,Tc,COPD,3,test,/Users/vs/Sem 5/Respiratory-Disease-Classification/data/processed/audio/cycles/178/1b6_Tc_002.wav
178,1b6,Tc,COPD,3,test,/Users/vs/Sem 5/Respiratory-Disease-Classification/data/processed/audio/cycles/178/1b6_Tc_003.wav
178,1b6,Tc,COPD,3,test,/Users/vs/Sem 5/Respiratory-Disease-Classification/data/processed/audio/cycles/178/1b6_Tc_004.wav
178,1b6,Tc,COPD,3,test,/Users/vs/Sem 5/Respiratory-Disease-Classification/data/processed/audio/cycles/178/1b6_Tc_005.wav
178,1b6,Tc,COPD,3,test,/Users/vs/Sem 5/Respiratory-Disease-Classification/data/processed/audio/cycles/178/1b6_Tc_006.wav
178,1b6,Tc,COPD,3,test,/Users/vs/Sem 5/Respiratory-Disease-Classification/data/processed/audio/cycles/178/1b6_Tc_007.wav
178,1b6,Tc,COPD,3,test,/Users/vs/Sem 5/Respiratory-Disease-Classification/data/processed/audio/cycles/178/1b6_Tc_008.wav
178,2b2,Al,COPD,3,test,/Users/vs/Sem 5/Respiratory-Disease-Classification/data/processed/audio/cycles/178/2b2_Al_001.wav
178,2b2,Al,COPD,3,test,/Users/vs/Sem 5/Respiratory-Disease-Classification/data/processed/audio/cycles/178/2b2_Al_002.wav
178,2b2,Al,COPD,3,test,/Users/vs/Sem 5/Respiratory-Disease-Classification/data/processed/audio/cycles/178/2b2_Al_003.wav
178,2b2,Al,COPD,3,test,/Users/vs/Sem 5/Respiratory-Disease-Classification/data/processed/audio/cycles/178/2b2_Al_004.wav
178,2b2,Al,COPD,3,test,/Users/vs/Sem 5/Respiratory-Disease-Classification/data/processed/audio/cycles/178/2b2_Al_005.wav
178,2b2,Al,COPD,3,test,/Users/vs/Sem 5/Respiratory-Disease-Classification/data/processed/audio/cycles/178/2b2_Al_006.wav
178,2b2,Al,COPD,3,test,/Users/vs/Sem 5/Respiratory-Disease-Classification/data/processed/audio/cycles/178/2b2_Al_007.wav
178,2b2,Al,COPD,3,test,/Users/vs/Sem 5/Respiratory-Disease-Classification/data/processed/audio/cycles/178/2b2_Al_008.wav
178,2b2,Al,COPD,3,test,/Users/vs/Sem 5/Respiratory-Disease-Classification/data/processed/audio/cycles/178/2b2_Al_009.wav
178,2b2,Al,COPD,3,test,/Users/vs/Sem 5/Respiratory-Disease-Classification/data/processed/audio/cycles/178/2b2_Al_010.wav
178,2b2,Ar,COPD,3,test,/Users/vs/Sem 5/Respiratory-Disease-Classification/data/processed/audio/cycles/178/2b2_Ar_001.wav
178,2b2,Ar,COPD,3,test,/Users/vs/Sem 5/Respiratory-Disease-Classification/data/processed/audio/cycles/178/2b2_Ar_002.wav
178,2b2,Ar,COPD,3,test,/Users/vs/Sem 5/Respiratory-Disease-Classification/data/processed/audio/cycles/178/2b2_Ar_003.wav
178,2b2,Ar,COPD,3,test,/Users/vs/Sem 5/Respiratory-Disease-Classification/data/processed/audio/cycles/178/2b2_Ar_004.wav
178,2b2,Ar,COPD,3,test,/Users/vs/Sem 5/Respiratory-Disease-Classification/data/processed/audio/cycles/178/2b2_Ar_005.wav
178,2b2,Ar,COPD,3,test,/Users/vs/Sem 5/Respiratory-Disease-Classification/data/processed/audio/cycles/178/2b2_Ar_006.wav
178,2b2,Ar,COPD,3,test,/Users/vs/Sem 5/Respiratory-Disease-Classification/data/processed/audio/cycles/178/2b2_Ar_007.wav
178,2b2,Ar,COPD,3,test,/Users/vs/Sem 5/Respiratory-Disease-Classification/data/processed/audio/cycles/178/2b2_Ar_008.wav
178,2b2,Ar,COPD,3,test,/Users/vs/Sem 5/Respiratory-Disease-Classification/data/processed/audio/cycles/178/2b2_Ar_009.wav
178,2b2,Ar,COPD,3,test,/Users/vs/Sem 5/Respiratory-Disease-Classification/data/processed/audio/cycles/178/2b2_Ar_010.wav
178,2b2,Lr,COPD,3,test,/Users/vs/Sem 5/Respiratory-Disease-Classification/data/processed/audio/cycles/178/2b2_Lr_001.wav
178,2b2,Lr,COPD,3,test,/Users/vs/Sem 5/Respiratory-Disease-Classification/data/processed/audio/cycles/178/2b2_Lr_002.wav
178,2b2,Lr,COPD,3,test,/Users/vs/Sem 5/Respiratory-Disease-Classification/data/processed/audio/cycles/178/2b2_Lr_003.wav
178,2b2,Lr,COPD,3,test,/Users/vs/Sem 5/Respiratory-Disease-Classification/data/processed/audio/cycles/178/2b2_Lr_004.wav
178,2b2,Lr,COPD,3,test,/Users/vs/Sem 5/Respiratory-Disease-Classification/data/processed/audio/cycles/178/2b2_Lr_005.wav
178,2b2,Lr,COPD,3,test,/Users/vs/Sem 5/Respiratory-Disease-Classification/data/processed/audio/cycles/178/2b2_Lr_006.wav
178,2b2,Lr,COPD,3,test,/Users/vs/Sem 5/Respiratory-Disease-Classification/data/processed/audio/cycles/178/2b2_Lr_007.wav
178,2b2,Lr,COPD,3,test,/Users/vs/Sem 5/Respiratory-Disease-Classification/data/processed/audio/cycles/178/2b2_Lr_008.wav
178,2b2,Lr,COPD,3,test,/Users/vs/Sem 5/Respiratory-Disease-Classification/data/processed/audio/cycles/178/2b2_Lr_009.wav
178,2b2,Lr,COPD,3,test,/Users/vs/Sem 5/Respiratory-Disease-Classification/data/processed/audio/cycles/178/2b2_Lr_010.wav
178,2b2,Pr,COPD,3,test,/Users/vs/Sem 5/Respiratory-Disease-Classification/data/processed/audio/cycles/178/2b2_Pr_001.wav
178,2b2,Pr,COPD,3,test,/Users/vs/Sem 5/Respiratory-Disease-Classification/data/processed/audio/cycles/178/2b2_Pr_002.wav
178,2b2,Pr,COPD,3,test,/Users/vs/Sem 5/Respiratory-Disease-Classification/data/processed/audio/cycles/178/2b2_Pr_003.wav
178,2b2,Pr,COPD,3,test,/Users/vs/Sem 5/Respiratory-Disease-Classification/data/processed/audio/cycles/178/2b2_Pr_004.wav
178,2b2,Pr,COPD,3,test,/Users/vs/Sem 5/Respiratory-Disease-Classification/data/processed/audio/cycles/178/2b2_Pr_005.wav
178,2b2,Pr,COPD,3,test,/Users/vs/Sem 5/Respiratory-Disease-Classification/data/processed/audio/cycles/178/2b2_Pr_006.wav
178,2b2,Pr,COPD,3,test,/Users/vs/Sem 5/Respiratory-Disease-Classification/data/processed/audio/cycles/178/2b2_Pr_007.wav
178,2b2,Pr,COPD,3,test,/Users/vs/Sem 5/Respiratory-Disease-Classification/data/processed/audio/cycles/178/2b2_Pr_008.wav
178,2b2,Pr,COPD,3,test,/Users/vs/Sem 5/Respiratory-Disease-Classification/data/processed/audio/cycles/178/2b2_Pr_009.wav
178,2b2,Pr,COPD,3,test,/Users/vs/Sem 5/Respiratory-Disease-Classification/data/processed/audio/cycles/178/2b2_Pr_010.wav
178,2b2,Tc,COPD,3,test,/Users/vs/Sem 5/Respiratory-Disease-Classification/data/processed/audio/cycles/178/2b2_Tc_001.wav
178,2b2,Tc,COPD,3,test,/Users/vs/Sem 5/Respiratory-Disease-Classification/data/processed/audio/cycles/178/2b2_Tc_002.wav
178,2b2,Tc,COPD,3,test,/Users/vs/Sem 5/Respiratory-Disease-Classification/data/processed/audio/cycles/178/2b2_Tc_003.wav
178,2b2,Tc,COPD,3,test,/Users/vs/Sem 5/Respiratory-Disease-Classification/data/processed/audio/cycles/178/2b2_Tc_004.wav
178,2b2,Tc,COPD,3,test,/Users/vs/Sem 5/Respiratory-Disease-Classification/data/processed/audio/cycles/178/2b2_Tc_005.wav
178,2b2,Tc,COPD,3,test,/Users/vs/Sem 5/Respiratory-Disease-Classification/data/processed/audio/cycles/178/2b2_Tc_006.wav
178,2b2,Tc,COPD,3,test,/Users/vs/Sem 5/Respiratory-Disease-Classification/data/processed/audio/cycles/178/2b2_Tc_007.wav
178,2b2,Tc,COPD,3,test,/Users/vs/Sem 5/Respiratory-Disease-Classification/data/processed/audio/cycles/178/2b2_Tc_008.wav
178,2b2,Tc,COPD,3,test,/Users/vs/Sem 5/Respiratory-Disease-Classification/data/processed/audio/cycles/178/2b2_Tc_009.wav
178,2b2,Tc,COPD,3,test,/Users/vs/Sem 5/Respiratory-Disease-Classification/data/processed/audio/cycles/178/2b2_Tc_010.wav
179,1b1,Al,Healthy,4,train,/Users/vs/Sem 5/Respiratory-Disease-Classification/data/processed/audio/cycles/179/1b1_Al_001.wav
179,1b1,Al,Healthy,4,train,/Users/vs/Sem 5/Respiratory-Disease-Classification/data/processed/audio/cycles/179/1b1_Al_002.wav
179,1b1,Al,Healthy,4,train,/Users/vs/Sem 5/Respiratory-Disease-Classification/data/processed/audio/cycles/179/1b1_Al_003.wav
179,1b1,Al,Healthy,4,train,/Users/vs/Sem 5/Respiratory-Disease-Classification/data/processed/audio/cycles/179/1b1_Al_004.wav
179,1b1,Al,Healthy,4,train,/Users/vs/Sem 5/Respiratory-Disease-Classification/data/processed/audio/cycles/179/1b1_Al_005.wav
179,1b1,Al,Healthy,4,train,/Users/vs/Sem 5/Respiratory-Disease-Classification/data/processed/audio/cycles/179/1b1_Al_006.wav
179,1b1,Al,Healthy,4,train,/Users/vs/Sem 5/Respiratory-Disease-Classification/data/processed/audio/cycles/179/1b1_Al_007.wav
179,1b1,Al,Healthy,4,train,/Users/vs/Sem 5/Respiratory-Disease-Classification/data/processed/audio/cycles/179/1b1_Al_008.wav
179,1b1,Tc,Healthy,4,train,/Users/vs/Sem 5/Respiratory-Disease-Classification/data/processed/audio/cycles/179/1b1_Tc_001.wav
179,1b1,Tc,Healthy,4,train,/Users/vs/Sem 5/Respiratory-Disease-Classification/data/processed/audio/cycles/179/1b1_Tc_002.wav
179,1b1,Tc,Healthy,4,train,/Users/vs/Sem 5/Respiratory-Disease-Classification/data/processed/audio/cycles/179/1b1_Tc_003.wav
179,1b1,Tc,Healthy,4,train,/Users/vs/Sem 5/Respiratory-Disease-Classification/data/processed/audio/cycles/179/1b1_Tc_004.wav
179,1b1,Tc,Healthy,4,train,/Users/vs/Sem 5/Respiratory-Disease-Classification/data/processed/audio/cycles/179/1b1_Tc_005.wav
179,1b1,Tc,Healthy,4,train,/Users/vs/Sem 5/Respiratory-Disease-Classification/data/processed/audio/cycles/179/1b1_Tc_006.wav
179,1b1,Tc,Healthy,4,train,/Users/vs/Sem 5/Respiratory-Disease-Classification/data/processed/audio/cycles/179/1b1_Tc_007.wav
180,1b4,Al,COPD,3,train,/Users/vs/Sem 5/Respiratory-Disease-Classification/data/processed/audio/cycles/180/1b4_Al_001.wav
180,1b4,Al,COPD,3,train,/Users/vs/Sem 5/Respiratory-Disease-Classification/data/processed/audio/cycles/180/1b4_Al_002.wav
180,1b4,Al,COPD,3,train,/Users/vs/Sem 5/Respiratory-Disease-Classification/data/processed/audio/cycles/180/1b4_Al_003.wav
180,1b4,Al,COPD,3,train,/Users/vs/Sem 5/Respiratory-Disease-Classification/data/processed/audio/cycles/180/1b4_Al_004.wav
180,1b4,Al,COPD,3,train,/Users/vs/Sem 5/Respiratory-Disease-Classification/data/processed/audio/cycles/180/1b4_Al_005.wav
180,1b4,Al,COPD,3,train,/Users/vs/Sem 5/Respiratory-Disease-Classification/data/processed/audio/cycles/180/1b4_Al_006.wav
180,1b4,Ar,COPD,3,train,/Users/vs/Sem 5/Respiratory-Disease-Classification/data/processed/audio/cycles/180/1b4_Ar_001.wav
180,1b4,Ar,COPD,3,train,/Users/vs/Sem 5/Respiratory-Disease-Classification/data/processed/audio/cycles/180/1b4_Ar_002.wav
180,1b4,Ar,COPD,3,train,/Users/vs/Sem 5/Respiratory-Disease-Classification/data/processed/audio/cycles/180/1b4_Ar_003.wav
180,1b4,Ar,COPD,3,train,/Users/vs/Sem 5/Respiratory-Disease-Classification/data/processed/audio/cycles/180/1b4_Ar_004.wav
180,1b4,Ar,COPD,3,train,/Users/vs/Sem 5/Respiratory-Disease-Classification/data/processed/audio/cycles/180/1b4_Ar_005.wav
180,1b4,Ar,COPD,3,train,/Users/vs/Sem 5/Respiratory-Disease-Classification/data/processed/audio/cycles/180/1b4_Ar_006.wav
180,1b4,Lr,COPD,3,train,/Users/vs/Sem 5/Respiratory-Disease-Classification/data/processed/audio/cycles/180/1b4_Lr_001.wav
180,1b4,Lr,COPD,3,train,/Users/vs/Sem 5/Respiratory-Disease-Classification/data/processed/audio/cycles/180/1b4_Lr_002.wav
180,1b4,Lr,COPD,3,train,/Users/vs/Sem 5/Respiratory-Disease-Classification/data/processed/audio/cycles/180/1b4_Lr_003.wav
180,1b4,Lr,COPD,3,train,/Users/vs/Sem 5/Respiratory-Disease-Classification/data/processed/audio/cycles/180/1b4_Lr_004.wav
180,1b4,Lr,COPD,3,train,/Users/vs/Sem 5/Respiratory-Disease-Classification/data/processed/audio/cycles/180/1b4_Lr_005.wav
180,1b4,Lr,COPD,3,train,/Users/vs/Sem 5/Respiratory-Disease-Classification/data/processed/audio/cycles/180/1b4_Lr_006.wav
180,1b4,Pl,COPD,3,train,/Users/vs/Sem 5/Respiratory-Disease-Classification/data/processed/audio/cycles/180/1b4_Pl_001.wav
180,1b4,Pl,COPD,3,train,/Users/vs/Sem 5/Respiratory-Disease-Classification/data/processed/audio/cycles/180/1b4_Pl_002.wav
180,1b4,Pl,COPD,3,train,/Users/vs/Sem 5/Respiratory-Disease-Classification/data/processed/audio/cycles/180/1b4_Pl_003.wav
180,1b4,Pl,COPD,3,train,/Users/vs/Sem 5/Respiratory-Disease-Classification/data/processed/audio/cycles/180/1b4_Pl_004.wav
180,1b4,Pl,COPD,3,train,/Users/vs/Sem 5/Respiratory-Disease-Classification/data/processed/audio/cycles/180/1b4_Pl_005.wav
180,1b4,Pl,COPD,3,train,/Users/vs/Sem 5/Respiratory-Disease-Classification/data/processed/audio/cycles/180/1b4_Pl_006.wav
180,1b4,Pr,COPD,3,train,/Users/vs/Sem 5/Respiratory-Disease-Classification/data/processed/audio/cycles/180/1b4_Pr_001.wav
180,1b4,Pr,COPD,3,train,/Users/vs/Sem 5/Respiratory-Disease-Classification/data/processed/audio/cycles/180/1b4_Pr_002.wav
180,1b4,Pr,COPD,3,train,/Users/vs/Sem 5/Respiratory-Disease-Classification/data/processed/audio/cycles/180/1b4_Pr_003.wav
180,1b4,Pr,COPD,3,train,/Users/vs/Sem 5/Respiratory-Disease-Classification/data/processed/audio/cycles/180/1b4_Pr_004.wav
180,1b4,Pr,COPD,3,train,/Users/vs/Sem 5/Respiratory-Disease-Classification/data/processed/audio/cycles/180/1b4_Pr_005.wav
180,1b4,Pr,COPD,3,train,/Users/vs/Sem 5/Respiratory-Disease-Classification/data/processed/audio/cycles/180/1b4_Pr_006.wav
181,1b1,Ar,COPD,3,train,/Users/vs/Sem 5/Respiratory-Disease-Classification/data/processed/audio/cycles/181/1b1_Ar_001.wav
181,1b1,Ar,COPD,3,train,/Users/vs/Sem 5/Respiratory-Disease-Classification/data/processed/audio/cycles/181/1b1_Ar_002.wav
181,1b1,Ar,COPD,3,train,/Users/vs/Sem 5/Respiratory-Disease-Classification/data/processed/audio/cycles/181/1b1_Ar_003.wav
181,1b1,Ar,COPD,3,train,/Users/vs/Sem 5/Respiratory-Disease-Classification/data/processed/audio/cycles/181/1b1_Ar_004.wav
181,1b1,Tc,COPD,3,train,/Users/vs/Sem 5/Respiratory-Disease-Classification/data/processed/audio/cycles/181/1b1_Tc_001.wav
181,1b1,Tc,COPD,3,train,/Users/vs/Sem 5/Respiratory-Disease-Classification/data/processed/audio/cycles/181/1b1_Tc_002.wav
181,1b1,Tc,COPD,3,train,/Users/vs/Sem 5/Respiratory-Disease-Classification/data/processed/audio/cycles/181/1b1_Tc_003.wav
181,1b1,Tc,COPD,3,train,/Users/vs/Sem 5/Respiratory-Disease-Classification/data/processed/audio/cycles/181/1b1_Tc_004.wav
181,1b2,Ar,COPD,3,train,/Users/vs/Sem 5/Respiratory-Disease-Classification/data/processed/audio/cycles/181/1b2_Ar_001.wav
181,1b2,Ar,COPD,3,train,/Users/vs/Sem 5/Respiratory-Disease-Classification/data/processed/audio/cycles/181/1b2_Ar_002.wav
181,1b2,Ar,COPD,3,train,/Users/vs/Sem 5/Respiratory-Disease-Classification/data/processed/audio/cycles/181/1b2_Ar_003.wav
181,1b2,Ar,COPD,3,train,/Users/vs/Sem 5/Respiratory-Disease-Classification/data/processed/audio/cycles/181/1b2_Ar_004.wav
181,1b3,Tc,COPD,3,train,/Users/vs/Sem 5/Respiratory-Disease-Classification/data/processed/audio/cycles/181/1b3_Tc_001.wav
181,1b3,Tc,COPD,3,train,/Users/vs/Sem 5/Respiratory-Disease-Classification/data/processed/audio/cycles/181/1b3_Tc_002.wav
181,1b3,Tc,COPD,3,train,/Users/vs/Sem 5/Respiratory-Disease-Classification/data/processed/audio/cycles/181/1b3_Tc_003.wav
181,1b3,Tc,COPD,3,train,/Users/vs/Sem 5/Respiratory-Disease-Classification/data/processed/audio/cycles/181/1b3_Tc_004.wav
181,1b3,Tc,COPD,3,train,/Users/vs/Sem 5/Respiratory-Disease-Classification/data/processed/audio/cycles/181/1b3_Tc_005.wav
182,1b1,Tc,Healthy,4,test,/Users/vs/Sem 5/Respiratory-Disease-Classification/data/processed/audio/cycles/182/1b1_Tc_001.wav
182,1b1,Tc,Healthy,4,test,/Users/vs/Sem 5/Respiratory-Disease-Classification/data/processed/audio/cycles/182/1b1_Tc_002.wav
182,1b1,Tc,Healthy,4,test,/Users/vs/Sem 5/Respiratory-Disease-Classification/data/processed/audio/cycles/182/1b1_Tc_003.wav
182,1b1,Tc,Healthy,4,test,/Users/vs/Sem 5/Respiratory-Disease-Classification/data/processed/audio/cycles/182/1b1_Tc_004.wav
182,1b1,Tc,Healthy,4,test,/Users/vs/Sem 5/Respiratory-Disease-Classification/data/processed/audio/cycles/182/1b1_Tc_005.wav
182,1b1,Tc,Healthy,4,test,/Users/vs/Sem 5/Respiratory-Disease-Classification/data/processed/audio/cycles/182/1b1_Tc_006.wav
182,1b1,Tc,Healthy,4,test,/Users/vs/Sem 5/Respiratory-Disease-Classification/data/processed/audio/cycles/182/1b1_Tc_007.wav
183,1b1,Pl,Healthy,4,train,/Users/vs/Sem 5/Respiratory-Disease-Classification/data/processed/audio/cycles/183/1b1_Pl_001.wav
183,1b1,Pl,Healthy,4,train,/Users/vs/Sem 5/Respiratory-Disease-Classification/data/processed/audio/cycles/183/1b1_Pl_002.wav
183,1b1,Pl,Healthy,4,train,/Users/vs/Sem 5/Respiratory-Disease-Classification/data/processed/audio/cycles/183/1b1_Pl_003.wav
183,1b1,Pl,Healthy,4,train,/Users/vs/Sem 5/Respiratory-Disease-Classification/data/processed/audio/cycles/183/1b1_Pl_004.wav
183,1b1,Tc,Healthy,4,train,/Users/vs/Sem 5/Respiratory-Disease-Classification/data/processed/audio/cycles/183/1b1_Tc_001.wav
183,1b1,Tc,Healthy,4,train,/Users/vs/Sem 5/Respiratory-Disease-Classification/data/processed/audio/cycles/183/1b1_Tc_002.wav
183,1b1,Tc,Healthy,4,train,/Users/vs/Sem 5/Respiratory-Disease-Classification/data/processed/audio/cycles/183/1b1_Tc_003.wav
183,1b1,Tc,Healthy,4,train,/Users/vs/Sem 5/Respiratory-Disease-Classification/data/processed/audio/cycles/183/1b1_Tc_004.wav
184,1b1,Ar,Healthy,4,train,/Users/vs/Sem 5/Respiratory-Disease-Classification/data/processed/audio/cycles/184/1b1_Ar_001.wav
184,1b1,Ar,Healthy,4,train,/Users/vs/Sem 5/Respiratory-Disease-Classification/data/processed/audio/cycles/184/1b1_Ar_002.wav
184,1b1,Ar,Healthy,4,train,/Users/vs/Sem 5/Respiratory-Disease-Classification/data/processed/audio/cycles/184/1b1_Ar_003.wav
184,1b1,Ar,Healthy,4,train,/Users/vs/Sem 5/Respiratory-Disease-Classification/data/processed/audio/cycles/184/1b1_Ar_004.wav
184,1b1,Ar,Healthy,4,train,/Users/vs/Sem 5/Respiratory-Disease-Classification/data/processed/audio/cycles/184/1b1_Ar_005.wav
184,1b1,Ar,Healthy,4,train,/Users/vs/Sem 5/Respiratory-Disease-Classification/data/processed/audio/cycles/184/1b1_Ar_006.wav
184,1b1,Ar,Healthy,4,train,/Users/vs/Sem 5/Respiratory-Disease-Classification/data/processed/audio/cycles/184/1b1_Ar_007.wav
184,1b1,Ar,Healthy,4,train,/Users/vs/Sem 5/Respiratory-Disease-Classification/data/processed/audio/cycles/184/1b1_Ar_008.wav
185,1b1,Al,COPD,3,test,/Users/vs/Sem 5/Respiratory-Disease-Classification/data/processed/audio/cycles/185/1b1_Al_001.wav
185,1b1,Al,COPD,3,test,/Users/vs/Sem 5/Respiratory-Disease-Classification/data/processed/audio/cycles/185/1b1_Al_002.wav
185,1b1,Al,COPD,3,test,/Users/vs/Sem 5/Respiratory-Disease-Classification/data/processed/audio/cycles/185/1b1_Al_003.wav
185,1b1,Al,COPD,3,test,/Users/vs/Sem 5/Respiratory-Disease-Classification/data/processed/audio/cycles/185/1b1_Al_004.wav
185,1b1,Al,COPD,3,test,/Users/vs/Sem 5/Respiratory-Disease-Classification/data/processed/audio/cycles/185/1b1_Al_005.wav
185,1b1,Al,COPD,3,test,/Users/vs/Sem 5/Respiratory-Disease-Classification/data/processed/audio/cycles/185/1b1_Al_006.wav
185,1b1,Al,COPD,3,test,/Users/vs/Sem 5/Respiratory-Disease-Classification/data/processed/audio/cycles/185/1b1_Al_007.wav
185,1b1,Ar,COPD,3,test,/Users/vs/Sem 5/Respiratory-Disease-Classification/data/processed/audio/cycles/185/1b1_Ar_001.wav
185,1b1,Ar,COPD,3,test,/Users/vs/Sem 5/Respiratory-Disease-Classification/data/processed/audio/cycles/185/1b1_Ar_002.wav
185,1b1,Ar,COPD,3,test,/Users/vs/Sem 5/Respiratory-Disease-Classification/data/processed/audio/cycles/185/1b1_Ar_003.wav
185,1b1,Ar,COPD,3,test,/Users/vs/Sem 5/Respiratory-Disease-Classification/data/processed/audio/cycles/185/1b1_Ar_004.wav
185,1b1,Ar,COPD,3,test,/Users/vs/Sem 5/Respiratory-Disease-Classification/data/processed/audio/cycles/185/1b1_Ar_005.wav
185,1b1,Ar,COPD,3,test,/Users/vs/Sem 5/Respiratory-Disease-Classification/data/processed/audio/cycles/185/1b1_Ar_006.wav
185,1b1,Ar,COPD,3,test,/Users/vs/Sem 5/Respiratory-Disease-Classification/data/processed/audio/cycles/185/1b1_Ar_007.wav
185,1b1,Ar,COPD,3,test,/Users/vs/Sem 5/Respiratory-Disease-Classification/data/processed/audio/cycles/185/1b1_Ar_008.wav
185,1b1,Ar,COPD,3,test,/Users/vs/Sem 5/Respiratory-Disease-Classification/data/processed/audio/cycles/185/1b1_Ar_009.wav
185,1b1,Ar,COPD,3,test,/Users/vs/Sem 5/Respiratory-Disease-Classification/data/processed/audio/cycles/185/1b1_Ar_010.wav
185,1b1,Ar,COPD,3,test,/Users/vs/Sem 5/Respiratory-Disease-Classification/data/processed/audio/cycles/185/1b1_Ar_011.wav
185,1b1,Ll,COPD,3,test,/Users/vs/Sem 5/Respiratory-Disease-Classification/data/processed/audio/cycles/185/1b1_Ll_001.wav
185,1b1,Ll,COPD,3,test,/Users/vs/Sem 5/Respiratory-Disease-Classification/data/processed/audio/cycles/185/1b1_Ll_002.wav
185,1b1,Ll,COPD,3,test,/Users/vs/Sem 5/Respiratory-Disease-Classification/data/processed/audio/cycles/185/1b1_Ll_003.wav
185,1b1,Ll,COPD,3,test,/Users/vs/Sem 5/Respiratory-Disease-Classification/data/processed/audio/cycles/185/1b1_Ll_004.wav
185,1b1,Ll,COPD,3,test,/Users/vs/Sem 5/Respiratory-Disease-Classification/data/processed/audio/cycles/185/1b1_Ll_005.wav
185,1b1,Ll,COPD,3,test,/Users/vs/Sem 5/Respiratory-Disease-Classification/data/processed/audio/cycles/185/1b1_Ll_006.wav
185,1b1,Ll,COPD,3,test,/Users/vs/Sem 5/Respiratory-Disease-Classification/data/processed/audio/cycles/185/1b1_Ll_007.wav
185,1b1,Ll,COPD,3,test,/Users/vs/Sem 5/Respiratory-Disease-Classification/data/processed/audio/cycles/185/1b1_Ll_008.wav
185,1b1,Ll,COPD,3,test,/Users/vs/Sem 5/Respiratory-Disease-Classification/data/processed/audio/cycles/185/1b1_Ll_009.wav
185,1b1,Ll,COPD,3,test,/Users/vs/Sem 5/Respiratory-Disease-Classification/data/processed/audio/cycles/185/1b1_Ll_010.wav
185,1b1,Lr,COPD,3,test,/Users/vs/Sem 5/Respiratory-Disease-Classification/data/processed/audio/cycles/185/1b1_Lr_001.wav
185,1b1,Lr,COPD,3,test,/Users/vs/Sem 5/Respiratory-Disease-Classification/data/processed/audio/cycles/185/1b1_Lr_002.wav
185,1b1,Lr,COPD,3,test,/Users/vs/Sem 5/Respiratory-Disease-Classification/data/processed/audio/cycles/185/1b1_Lr_003.wav
185,1b1,Lr,COPD,3,test,/Users/vs/Sem 5/Respiratory-Disease-Classification/data/processed/audio/cycles/185/1b1_Lr_004.wav
185,1b1,Lr,COPD,3,test,/Users/vs/Sem 5/Respiratory-Disease-Classification/data/processed/audio/cycles/185/1b1_Lr_005.wav
185,1b1,Lr,COPD,3,test,/Users/vs/Sem 5/Respiratory-Disease-Classification/data/processed/audio/cycles/185/1b1_Lr_006.wav
185,1b1,Lr,COPD,3,test,/Users/vs/Sem 5/Respiratory-Disease-Classification/data/processed/audio/cycles/185/1b1_Lr_007.wav
185,1b1,Pl,COPD,3,test,/Users/vs/Sem 5/Respiratory-Disease-Classification/data/processed/audio/cycles/185/1b1_Pl_001.wav
185,1b1,Pl,COPD,3,test,/Users/vs/Sem 5/Respiratory-Disease-Classification/data/processed/audio/cycles/185/1b1_Pl_002.wav
185,1b1,Pl,COPD,3,test,/Users/vs/Sem 5/Respiratory-Disease-Classification/data/processed/audio/cycles/185/1b1_Pl_003.wav
185,1b1,Pl,COPD,3,test,/Users/vs/Sem 5/Respiratory-Disease-Classification/data/processed/audio/cycles/185/1b1_Pl_004.wav
185,1b1,Pl,COPD,3,test,/Users/vs/Sem 5/Respiratory-Disease-Classification/data/processed/audio/cycles/185/1b1_Pl_005.wav
185,1b1,Pl,COPD,3,test,/Users/vs/Sem 5/Respiratory-Disease-Classification/data/processed/audio/cycles/185/1b1_Pl_006.wav
185,1b1,Pl,COPD,3,test,/Users/vs/Sem 5/Respiratory-Disease-Classification/data/processed/audio/cycles/185/1b1_Pl_007.wav
185,1b1,Pl,COPD,3,test,/Users/vs/Sem 5/Respiratory-Disease-Classification/data/processed/audio/cycles/185/1b1_Pl_008.wav
185,1b1,Pl,COPD,3,test,/Users/vs/Sem 5/Respiratory-Disease-Classification/data/processed/audio/cycles/185/1b1_Pl_009.wav
185,1b1,Pr,COPD,3,test,/Users/vs/Sem 5/Respiratory-Disease-Classification/data/processed/audio/cycles/185/1b1_Pr_001.wav
185,1b1,Pr,COPD,3,test,/Users/vs/Sem 5/Respiratory-Disease-Classification/data/processed/audio/cycles/185/1b1_Pr_002.wav
185,1b1,Pr,COPD,3,test,/Users/vs/Sem 5/Respiratory-Disease-Classification/data/processed/audio/cycles/185/1b1_Pr_003.wav
185,1b1,Pr,COPD,3,test,/Users/vs/Sem 5/Respiratory-Disease-Classification/data/processed/audio/cycles/185/1b1_Pr_004.wav
185,1b1,Pr,COPD,3,test,/Users/vs/Sem 5/Respiratory-Disease-Classification/data/processed/audio/cycles/185/1b1_Pr_005.wav
185,1b1,Pr,COPD,3,test,/Users/vs/Sem 5/Respiratory-Disease-Classification/data/processed/audio/cycles/185/1b1_Pr_006.wav
185,1b1,Pr,COPD,3,test,/Users/vs/Sem 5/Respiratory-Disease-Classification/data/processed/audio/cycles/185/1b1_Pr_007.wav
185,1b1,Pr,COPD,3,test,/Users/vs/Sem 5/Respiratory-Disease-Classification/data/processed/audio/cycles/185/1b1_Pr_008.wav
185,1b1,Pr,COPD,3,test,/Users/vs/Sem 5/Respiratory-Disease-Classification/data/processed/audio/cycles/185/1b1_Pr_009.wav
185,1b1,Pr,COPD,3,test,/Users/vs/Sem 5/Respiratory-Disease-Classification/data/processed/audio/cycles/185/1b1_Pr_010.wav
185,1b1,Pr,COPD,3,test,/Users/vs/Sem 5/Respiratory-Disease-Classification/data/processed/audio/cycles/185/1b1_Pr_011.wav
186,2b2,Al,COPD,3,train,/Users/vs/Sem 5/Respiratory-Disease-Classification/data/processed/audio/cycles/186/2b2_Al_001.wav
186,2b2,Al,COPD,3,train,/Users/vs/Sem 5/Respiratory-Disease-Classification/data/processed/audio/cycles/186/2b2_Al_002.wav
186,2b2,Al,COPD,3,train,/Users/vs/Sem 5/Respiratory-Disease-Classification/data/processed/audio/cycles/186/2b2_Al_003.wav
186,2b2,Al,COPD,3,train,/Users/vs/Sem 5/Respiratory-Disease-Classification/data/processed/audio/cycles/186/2b2_Al_004.wav
186,2b2,Al,COPD,3,train,/Users/vs/Sem 5/Respiratory-Disease-Classification/data/processed/audio/cycles/186/2b2_Al_005.wav
186,2b2,Ar,COPD,3,train,/Users/vs/Sem 5/Respiratory-Disease-Classification/data/processed/audio/cycles/186/2b2_Ar_001.wav
186,2b2,Ar,COPD,3,train,/Users/vs/Sem 5/Respiratory-Disease-Classification/data/processed/audio/cycles/186/2b2_Ar_002.wav
186,2b2,Ar,COPD,3,train,/Users/vs/Sem 5/Respiratory-Disease-Classification/data/processed/audio/cycles/186/2b2_Ar_003.wav
186,2b2,Ar,COPD,3,train,/Users/vs/Sem 5/Respiratory-Disease-Classification/data/processed/audio/cycles/186/2b2_Ar_004.wav
186,2b2,Ar,COPD,3,train,/Users/vs/Sem 5/Respiratory-Disease-Classification/data/processed/audio/cycles/186/2b2_Ar_005.wav
186,2b2,Lr,COPD,3,train,/Users/vs/Sem 5/Respiratory-Disease-Classification/data/processed/audio/cycles/186/2b2_Lr_001.wav
186,2b2,Lr,COPD,3,train,/Users/vs/Sem 5/Respiratory-Disease-Classification/data/processed/audio/cycles/186/2b2_Lr_002.wav
186,2b2,Lr,COPD,3,train,/Users/vs/Sem 5/Respiratory-Disease-Classification/data/processed/audio/cycles/186/2b2_Lr_003.wav
186,2b2,Lr,COPD,3,train,/Users/vs/Sem 5/Respiratory-Disease-Classification/data/processed/audio/cycles/186/2b2_Lr_004.wav
186,2b2,Lr,COPD,3,train,/Users/vs/Sem 5/Respiratory-Disease-Classification/data/processed/audio/cycles/186/2b2_Lr_005.wav
186,2b2,Pl,COPD,3,train,/Users/vs/Sem 5/Respiratory-Disease-Classification/data/processed/audio/cycles/186/2b2_Pl_001.wav
186,2b2,Pl,COPD,3,train,/Users/vs/Sem 5/Respiratory-Disease-Classification/data/processed/audio/cycles/186/2b2_Pl_002.wav
186,2b2,Pl,COPD,3,train,/Users/vs/Sem 5/Respiratory-Disease-Classification/data/processed/audio/cycles/186/2b2_Pl_003.wav
186,2b2,Pl,COPD,3,train,/Users/vs/Sem 5/Respiratory-Disease-Classification/data/processed/audio/cycles/186/2b2_Pl_004.wav
186,2b2,Pl,COPD,3,train,/Users/vs/Sem 5/Respiratory-Disease-Classification/data/processed/audio/cycles/186/2b2_Pl_005.wav
186,2b2,Pr,COPD,3,train,/Users/vs/Sem 5/Respiratory-Disease-Classification/data/processed/audio/cycles/186/2b2_Pr_001.wav
186,2b2,Pr,COPD,3,train,/Users/vs/Sem 5/Respiratory-Disease-Classification/data/processed/audio/cycles/186/2b2_Pr_002.wav
186,2b2,Pr,COPD,3,train,/Users/vs/Sem 5/Respiratory-Disease-Classification/data/processed/audio/cycles/186/2b2_Pr_003.wav
186,2b2,Pr,COPD,3,train,/Users/vs/Sem 5/Respiratory-Disease-Classification/data/processed/audio/cycles/186/2b2_Pr_004.wav
186,2b2,Pr,COPD,3,train,/Users/vs/Sem 5/Respiratory-Disease-Classification/data/processed/audio/cycles/186/2b2_Pr_005.wav
186,2b2,Tc,COPD,3,train,/Users/vs/Sem 5/Respiratory-Disease-Classification/data/processed/audio/cycles/186/2b2_Tc_001.wav
186,2b2,Tc,COPD,3,train,/Users/vs/Sem 5/Respiratory-Disease-Classification/data/processed/audio/cycles/186/2b2_Tc_002.wav
186,2b2,Tc,COPD,3,train,/Users/vs/Sem 5/Respiratory-Disease-Classification/data/processed/audio/cycles/186/2b2_Tc_003.wav
186,2b2,Tc,COPD,3,train,/Users/vs/Sem 5/Respiratory-Disease-Classification/data/processed/audio/cycles/186/2b2_Tc_004.wav
186,2b2,Tc,COPD,3,train,/Users/vs/Sem 5/Respiratory-Disease-Classification/data/processed/audio/cycles/186/2b2_Tc_005.wav
186,2b3,Al,COPD,3,train,/Users/vs/Sem 5/Respiratory-Disease-Classification/data/processed/audio/cycles/186/2b3_Al_001.wav
186,2b3,Al,COPD,3,train,/Users/vs/Sem 5/Respiratory-Disease-Classification/data/processed/audio/cycles/186/2b3_Al_002.wav
186,2b3,Al,COPD,3,train,/Users/vs/Sem 5/Respiratory-Disease-Classification/data/processed/audio/cycles/186/2b3_Al_003.wav
186,2b3,Al,COPD,3,train,/Users/vs/Sem 5/Respiratory-Disease-Classification/data/processed/audio/cycles/186/2b3_Al_004.wav
186,2b3,Al,COPD,3,train,/Users/vs/Sem 5/Respiratory-Disease-Classification/data/processed/audio/cycles/186/2b3_Al_005.wav
186,2b3,Ar,COPD,3,train,/Users/vs/Sem 5/Respiratory-Disease-Classification/data/processed/audio/cycles/186/2b3_Ar_001.wav
186,2b3,Ar,COPD,3,train,/Users/vs/Sem 5/Respiratory-Disease-Classification/data/processed/audio/cycles/186/2b3_Ar_002.wav
186,2b3,Ar,COPD,3,train,/Users/vs/Sem 5/Respiratory-Disease-Classification/data/processed/audio/cycles/186/2b3_Ar_003.wav
186,2b3,Ar,COPD,3,train,/Users/vs/Sem 5/Respiratory-Disease-Classification/data/processed/audio/cycles/186/2b3_Ar_004.wav
186,2b3,Ar,COPD,3,train,/Users/vs/Sem 5/Respiratory-Disease-Classification/data/processed/audio/cycles/186/2b3_Ar_005.wav
186,2b3,Lr,COPD,3,train,/Users/vs/Sem 5/Respiratory-Disease-Classification/data/processed/audio/cycles/186/2b3_Lr_001.wav
186,2b3,Lr,COPD,3,train,/Users/vs/Sem 5/Respiratory-Disease-Classification/data/processed/audio/cycles/186/2b3_Lr_002.wav
186,2b3,Lr,COPD,3,train,/Users/vs/Sem 5/Respiratory-Disease-Classification/data/processed/audio/cycles/186/2b3_Lr_003.wav
186,2b3,Lr,COPD,3,train,/Users/vs/Sem 5/Respiratory-Disease-Classification/data/processed/audio/cycles/186/2b3_Lr_004.wav
186,2b3,Lr,COPD,3,train,/Users/vs/Sem 5/Respiratory-Disease-Classification/data/processed/audio/cycles/186/2b3_Lr_005.wav
186,2b3,Pl,COPD,3,train,/Users/vs/Sem 5/Respiratory-Disease-Classification/data/processed/audio/cycles/186/2b3_Pl_001.wav
186,2b3,Pl,COPD,3,train,/Users/vs/Sem 5/Respiratory-Disease-Classification/data/processed/audio/cycles/186/2b3_Pl_002.wav
186,2b3,Pl,COPD,3,train,/Users/vs/Sem 5/Respiratory-Disease-Classification/data/processed/audio/cycles/186/2b3_Pl_003.wav
186,2b3,Pl,COPD,3,train,/Users/vs/Sem 5/Respiratory-Disease-Classification/data/processed/audio/cycles/186/2b3_Pl_004.wav
186,2b3,Pl,COPD,3,train,/Users/vs/Sem 5/Respiratory-Disease-Classification/data/processed/audio/cycles/186/2b3_Pl_005.wav
186,2b3,Pr,COPD,3,train,/Users/vs/Sem 5/Respiratory-Disease-Classification/data/processed/audio/cycles/186/2b3_Pr_001.wav
186,2b3,Pr,COPD,3,train,/Users/vs/Sem 5/Respiratory-Disease-Classification/data/processed/audio/cycles/186/2b3_Pr_002.wav
186,2b3,Pr,COPD,3,train,/Users/vs/Sem 5/Respiratory-Disease-Classification/data/processed/audio/cycles/186/2b3_Pr_003.wav
186,2b3,Pr,COPD,3,train,/Users/vs/Sem 5/Respiratory-Disease-Classification/data/processed/audio/cycles/186/2b3_Pr_004.wav
186,2b3,Pr,COPD,3,train,/Users/vs/Sem 5/Respiratory-Disease-Classification/data/processed/audio/cycles/186/2b3_Pr_005.wav
186,2b3,Tc,COPD,3,train,/Users/vs/Sem 5/Respiratory-Disease-Classification/data/processed/audio/cycles/186/2b3_Tc_001.wav
186,2b3,Tc,COPD,3,train,/Users/vs/Sem 5/Respiratory-Disease-Classification/data/processed/audio/cycles/186/2b3_Tc_002.wav
186,2b3,Tc,COPD,3,train,/Users/vs/Sem 5/Respiratory-Disease-Classification/data/processed/audio/cycles/186/2b3_Tc_003.wav
186,2b3,Tc,COPD,3,train,/Users/vs/Sem 5/Respiratory-Disease-Classification/data/processed/audio/cycles/186/2b3_Tc_004.wav
186,2b3,Tc,COPD,3,train,/Users/vs/Sem 5/Respiratory-Disease-Classification/data/processed/audio/cycles/186/2b3_Tc_005.wav
186,2b4,Al,COPD,3,train,/Users/vs/Sem 5/Respiratory-Disease-Classification/data/processed/audio/cycles/186/2b4_Al_001.wav
186,2b4,Al,COPD,3,train,/Users/vs/Sem 5/Respiratory-Disease-Classification/data/processed/audio/cycles/186/2b4_Al_002.wav
186,2b4,Al,COPD,3,train,/Users/vs/Sem 5/Respiratory-Disease-Classification/data/processed/audio/cycles/186/2b4_Al_003.wav
186,2b4,Al,COPD,3,train,/Users/vs/Sem 5/Respiratory-Disease-Classification/data/processed/audio/cycles/186/2b4_Al_004.wav
186,2b4,Al,COPD,3,train,/Users/vs/Sem 5/Respiratory-Disease-Classification/data/processed/audio/cycles/186/2b4_Al_005.wav
186,2b4,Ar,COPD,3,train,/Users/vs/Sem 5/Respiratory-Disease-Classification/data/processed/audio/cycles/186/2b4_Ar_001.wav
186,2b4,Ar,COPD,3,train,/Users/vs/Sem 5/Respiratory-Disease-Classification/data/processed/audio/cycles/186/2b4_Ar_002.wav
186,2b4,Ar,COPD,3,train,/Users/vs/Sem 5/Respiratory-Disease-Classification/data/processed/audio/cycles/186/2b4_Ar_003.wav
186,2b4,Ar,COPD,3,train,/Users/vs/Sem 5/Respiratory-Disease-Classification/data/processed/audio/cycles/186/2b4_Ar_004.wav
186,2b4,Ar,COPD,3,train,/Users/vs/Sem 5/Respiratory-Disease-Classification/data/processed/audio/cycles/186/2b4_Ar_005.wav
186,2b4,Lr,COPD,3,train,/Users/vs/Sem 5/Respiratory-Disease-Classification/data/processed/audio/cycles/186/2b4_Lr_001.wav
186,2b4,Lr,COPD,3,train,/Users/vs/Sem 5/Respiratory-Disease-Classification/data/processed/audio/cycles/186/2b4_Lr_002.wav
186,2b4,Lr,COPD,3,train,/Users/vs/Sem 5/Respiratory-Disease-Classification/data/processed/audio/cycles/186/2b4_Lr_003.wav
186,2b4,Lr,COPD,3,train,/Users/vs/Sem 5/Respiratory-Disease-Classification/data/processed/audio/cycles/186/2b4_Lr_004.wav
186,2b4,Lr,COPD,3,train,/Users/vs/Sem 5/Respiratory-Disease-Classification/data/processed/audio/cycles/186/2b4_Lr_005.wav
186,2b4,Pl,COPD,3,train,/Users/vs/Sem 5/Respiratory-Disease-Classification/data/processed/audio/cycles/186/2b4_Pl_001.wav
186,2b4,Pl,COPD,3,train,/Users/vs/Sem 5/Respiratory-Disease-Classification/data/processed/audio/cycles/186/2b4_Pl_002.wav
186,2b4,Pl,COPD,3,train,/Users/vs/Sem 5/Respiratory-Disease-Classification/data/processed/audio/cycles/186/2b4_Pl_003.wav
186,2b4,Pl,COPD,3,train,/Users/vs/Sem 5/Respiratory-Disease-Classification/data/processed/audio/cycles/186/2b4_Pl_004.wav
186,2b4,Pl,COPD,3,train,/Users/vs/Sem 5/Respiratory-Disease-Classification/data/processed/audio/cycles/186/2b4_Pl_005.wav
186,2b4,Pr,COPD,3,train,/Users/vs/Sem 5/Respiratory-Disease-Classification/data/processed/audio/cycles/186/2b4_Pr_001.wav
186,2b4,Pr,COPD,3,train,/Users/vs/Sem 5/Respiratory-Disease-Classification/data/processed/audio/cycles/186/2b4_Pr_002.wav
186,2b4,Pr,COPD,3,train,/Users/vs/Sem 5/Respiratory-Disease-Classification/data/processed/audio/cycles/186/2b4_Pr_003.wav
186,2b4,Pr,COPD,3,train,/Users/vs/Sem 5/Respiratory-Disease-Classification/data/processed/audio/cycles/186/2b4_Pr_004.wav
186,2b4,Pr,COPD,3,train,/Users/vs/Sem 5/Respiratory-Disease-Classification/data/processed/audio/cycles/186/2b4_Pr_005.wav
186,2b4,Tc,COPD,3,train,/Users/vs/Sem 5/Respiratory-Disease-Classification/data/processed/audio/cycles/186/2b4_Tc_001.wav
186,2b4,Tc,COPD,3,train,/Users/vs/Sem 5/Respiratory-Disease-Classification/data/processed/audio/cycles/186/2b4_Tc_002.wav
186,2b4,Tc,COPD,3,train,/Users/vs/Sem 5/Respiratory-Disease-Classification/data/processed/audio/cycles/186/2b4_Tc_003.wav
186,2b4,Tc,COPD,3,train,/Users/vs/Sem 5/Respiratory-Disease-Classification/data/processed/audio/cycles/186/2b4_Tc_004.wav
186,2b4,Tc,COPD,3,train,/Users/vs/Sem 5/Respiratory-Disease-Classification/data/processed/audio/cycles/186/2b4_Tc_005.wav
186,3b3,Al,COPD,3,train,/Users/vs/Sem 5/Respiratory-Disease-Classification/data/processed/audio/cycles/186/3b3_Al_001.wav
186,3b3,Al,COPD,3,train,/Users/vs/Sem 5/Respiratory-Disease-Classification/data/processed/audio/cycles/186/3b3_Al_002.wav
186,3b3,Al,COPD,3,train,/Users/vs/Sem 5/Respiratory-Disease-Classification/data/processed/audio/cycles/186/3b3_Al_003.wav
186,3b3,Al,COPD,3,train,/Users/vs/Sem 5/Respiratory-Disease-Classification/data/processed/audio/cycles/186/3b3_Al_004.wav
186,3b3,Al,COPD,3,train,/Users/vs/Sem 5/Respiratory-Disease-Classification/data/processed/audio/cycles/186/3b3_Al_005.wav
186,3b3,Al,COPD,3,train,/Users/vs/Sem 5/Respiratory-Disease-Classification/data/processed/audio/cycles/186/3b3_Al_006.wav
186,3b3,Ar,COPD,3,train,/Users/vs/Sem 5/Respiratory-Disease-Classification/data/processed/audio/cycles/186/3b3_Ar_001.wav
186,3b3,Ar,COPD,3,train,/Users/vs/Sem 5/Respiratory-Disease-Classification/data/processed/audio/cycles/186/3b3_Ar_002.wav
186,3b3,Ar,COPD,3,train,/Users/vs/Sem 5/Respiratory-Disease-Classification/data/processed/audio/cycles/186/3b3_Ar_003.wav
186,3b3,Ar,COPD,3,train,/Users/vs/Sem 5/Respiratory-Disease-Classification/data/processed/audio/cycles/186/3b3_Ar_004.wav
186,3b3,Ar,COPD,3,train,/Users/vs/Sem 5/Respiratory-Disease-Classification/data/processed/audio/cycles/186/3b3_Ar_005.wav
186,3b3,Ar,COPD,3,train,/Users/vs/Sem 5/Respiratory-Disease-Classification/data/processed/audio/cycles/186/3b3_Ar_006.wav
186,3b3,Lr,COPD,3,train,/Users/vs/Sem 5/Respiratory-Disease-Classification/data/processed/audio/cycles/186/3b3_Lr_001.wav
186,3b3,Lr,COPD,3,train,/Users/vs/Sem 5/Respiratory-Disease-Classification/data/processed/audio/cycles/186/3b3_Lr_002.wav
186,3b3,Lr,COPD,3,train,/Users/vs/Sem 5/Respiratory-Disease-Classification/data/processed/audio/cycles/186/3b3_Lr_003.wav
186,3b3,Lr,COPD,3,train,/Users/vs/Sem 5/Respiratory-Disease-Classification/data/processed/audio/cycles/186/3b3_Lr_004.wav
186,3b3,Lr,COPD,3,train,/Users/vs/Sem 5/Respiratory-Disease-Classification/data/processed/audio/cycles/186/3b3_Lr_005.wav
186,3b3,Lr,COPD,3,train,/Users/vs/Sem 5/Respiratory-Disease-Classification/data/processed/audio/cycles/186/3b3_Lr_006.wav
186,3b3,Pl,COPD,3,train,/Users/vs/Sem 5/Respiratory-Disease-Classification/data/processed/audio/cycles/186/3b3_Pl_001.wav
186,3b3,Pl,COPD,3,train,/Users/vs/Sem 5/Respiratory-Disease-Classification/data/processed/audio/cycles/186/3b3_Pl_002.wav
186,3b3,Pl,COPD,3,train,/Users/vs/Sem 5/Respiratory-Disease-Classification/data/processed/audio/cycles/186/3b3_Pl_003.wav
186,3b3,Pl,COPD,3,train,/Users/vs/Sem 5/Respiratory-Disease-Classification/data/processed/audio/cycles/186/3b3_Pl_004.wav
186,3b3,Pl,COPD,3,train,/Users/vs/Sem 5/Respiratory-Disease-Classification/data/processed/audio/cycles/186/3b3_Pl_005.wav
186,3b3,Pl,COPD,3,train,/Users/vs/Sem 5/Respiratory-Disease-Classification/data/processed/audio/cycles/186/3b3_Pl_006.wav
186,3b3,Pr,COPD,3,train,/Users/vs/Sem 5/Respiratory-Disease-Classification/data/processed/audio/cycles/186/3b3_Pr_001.wav
186,3b3,Pr,COPD,3,train,/Users/vs/Sem 5/Respiratory-Disease-Classification/data/processed/audio/cycles/186/3b3_Pr_002.wav
186,3b3,Pr,COPD,3,train,/Users/vs/Sem 5/Respiratory-Disease-Classification/data/processed/audio/cycles/186/3b3_Pr_003.wav
186,3b3,Pr,COPD,3,train,/Users/vs/Sem 5/Respiratory-Disease-Classification/data/processed/audio/cycles/186/3b3_Pr_004.wav
186,3b3,Pr,COPD,3,train,/Users/vs/Sem 5/Respiratory-Disease-Classification/data/processed/audio/cycles/186/3b3_Pr_005.wav
186,3b3,Pr,COPD,3,train,/Users/vs/Sem 5/Respiratory-Disease-Classification/data/processed/audio/cycles/186/3b3_Pr_006.wav
186,3b3,Tc,COPD,3,train,/Users/vs/Sem 5/Respiratory-Disease-Classification/data/processed/audio/cycles/186/3b3_Tc_001.wav
186,3b3,Tc,COPD,3,train,/Users/vs/Sem 5/Respiratory-Disease-Classification/data/processed/audio/cycles/186/3b3_Tc_002.wav
186,3b3,Tc,COPD,3,train,/Users/vs/Sem 5/Respiratory-Disease-Classification/data/processed/audio/cycles/186/3b3_Tc_003.wav
186,3b3,Tc,COPD,3,train,/Users/vs/Sem 5/Respiratory-Disease-Classification/data/processed/audio/cycles/186/3b3_Tc_004.wav
186,3b3,Tc,COPD,3,train,/Users/vs/Sem 5/Respiratory-Disease-Classification/data/processed/audio/cycles/186/3b3_Tc_005.wav
186,3b3,Tc,COPD,3,train,/Users/vs/Sem 5/Respiratory-Disease-Classification/data/processed/audio/cycles/186/3b3_Tc_006.wav
187,1b1,Ll,Healthy,4,test,/Users/vs/Sem 5/Respiratory-Disease-Classification/data/processed/audio/cycles/187/1b1_Ll_001.wav
187,1b1,Ll,Healthy,4,test,/Users/vs/Sem 5/Respiratory-Disease-Classification/data/processed/audio/cycles/187/1b1_Ll_002.wav
187,1b1,Ll,Healthy,4,test,/Users/vs/Sem 5/Respiratory-Disease-Classification/data/processed/audio/cycles/187/1b1_Ll_003.wav
187,1b1,Ll,Healthy,4,test,/Users/vs/Sem 5/Respiratory-Disease-Classification/data/processed/audio/cycles/187/1b1_Ll_004.wav
187,1b1,Ll,Healthy,4,test,/Users/vs/Sem 5/Respiratory-Disease-Classification/data/processed/audio/cycles/187/1b1_Ll_005.wav
187,1b1,Ll,Healthy,4,test,/Users/vs/Sem 5/Respiratory-Disease-Classification/data/processed/audio/cycles/187/1b1_Ll_006.wav
187,1b1,Ll,Healthy,4,test,/Users/vs/Sem 5/Respiratory-Disease-Classification/data/processed/audio/cycles/187/1b1_Ll_007.wav
187,1b1,Ll,Healthy,4,test,/Users/vs/Sem 5/Respiratory-Disease-Classification/data/processed/audio/cycles/187/1b1_Ll_008.wav
187,1b1,Ll,Healthy,4,test,/Users/vs/Sem 5/Respiratory-Disease-Classification/data/processed/audio/cycles/187/1b1_Ll_009.wav
187,1b1,Ll,Healthy,4,test,/Users/vs/Sem 5/Respiratory-Disease-Classification/data/processed/audio/cycles/187/1b1_Ll_010.wav
187,1b1,Ll,Healthy,4,test,/Users/vs/Sem 5/Respiratory-Disease-Classification/data/processed/audio/cycles/187/1b1_Ll_011.wav
187,1b1,Ll,Healthy,4,test,/Users/vs/Sem 5/Respiratory-Disease-Classification/data/processed/audio/cycles/187/1b1_Ll_012.wav
187,1b1,Ll,Healthy,4,test,/Users/vs/Sem 5/Respiratory-Disease-Classification/data/processed/audio/cycles/187/1b1_Ll_013.wav
187,1b1,Ll,Healthy,4,test,/Users/vs/Sem 5/Respiratory-Disease-Classification/data/processed/audio/cycles/187/1b1_Ll_014.wav
187,1b1,Ll,Healthy,4,test,/Users/vs/Sem 5/Respiratory-Disease-Classification/data/processed/audio/cycles/187/1b1_Ll_015.wav
187,1b1,Ll,Healthy,4,test,/Users/vs/Sem 5/Respiratory-Disease-Classification/data/processed/audio/cycles/187/1b1_Ll_016.wav
187,1b1,Ll,Healthy,4,test,/Users/vs/Sem 5/Respiratory-Disease-Classification/data/processed/audio/cycles/187/1b1_Ll_017.wav
188,1b1,Al,URTI,7,train,/Users/vs/Sem 5/Respiratory-Disease-Classification/data/processed/audio/cycles/188/1b1_Al_001.wav
188,1b1,Al,URTI,7,train,/Users/vs/Sem 5/Respiratory-Disease-Classification/data/processed/audio/cycles/188/1b1_Al_002.wav
188,1b1,Al,URTI,7,train,/Users/vs/Sem 5/Respiratory-Disease-Classification/data/processed/audio/cycles/188/1b1_Al_003.wav
188,1b1,Al,URTI,7,train,/Users/vs/Sem 5/Respiratory-Disease-Classification/data/processed/audio/cycles/188/1b1_Al_004.wav
188,1b1,Al,URTI,7,train,/Users/vs/Sem 5/Respiratory-Disease-Classification/data/processed/audio/cycles/188/1b1_Al_005.wav
188,1b1,Al,URTI,7,train,/Users/vs/Sem 5/Respiratory-Disease-Classification/data/processed/audio/cycles/188/1b1_Al_006.wav
188,1b1,Al,URTI,7,train,/Users/vs/Sem 5/Respiratory-Disease-Classification/data/processed/audio/cycles/188/1b1_Al_007.wav
188,1b1,Al,URTI,7,train,/Users/vs/Sem 5/Respiratory-Disease-Classification/data/processed/audio/cycles/188/1b1_Al_008.wav
188,1b1,Al,URTI,7,train,/Users/vs/Sem 5/Respiratory-Disease-Classification/data/processed/audio/cycles/188/1b1_Al_009.wav
188,1b1,Al,URTI,7,train,/Users/vs/Sem 5/Respiratory-Disease-Classification/data/processed/audio/cycles/188/1b1_Al_010.wav
188,1b1,Al,URTI,7,train,/Users/vs/Sem 5/Respiratory-Disease-Classification/data/processed/audio/cycles/188/1b1_Al_011.wav
188,1b1,Al,URTI,7,train,/Users/vs/Sem 5/Respiratory-Disease-Classification/data/processed/audio/cycles/188/1b1_Al_012.wav
188,1b1,Al,URTI,7,train,/Users/vs/Sem 5/Respiratory-Disease-Classification/data/processed/audio/cycles/188/1b1_Al_013.wav
188,1b1,Al,URTI,7,train,/Users/vs/Sem 5/Respiratory-Disease-Classification/data/processed/audio/cycles/188/1b1_Al_014.wav
188,1b1,Al,URTI,7,train,/Users/vs/Sem 5/Respiratory-Disease-Classification/data/processed/audio/cycles/188/1b1_Al_015.wav
188,1b1,Ar,URTI,7,train,/Users/vs/Sem 5/Respiratory-Disease-Classification/data/processed/audio/cycles/188/1b1_Ar_001.wav
188,1b1,Ar,URTI,7,train,/Users/vs/Sem 5/Respiratory-Disease-Classification/data/processed/audio/cycles/188/1b1_Ar_002.wav
188,1b1,Ar,URTI,7,train,/Users/vs/Sem 5/Respiratory-Disease-Classification/data/processed/audio/cycles/188/1b1_Ar_003.wav
188,1b1,Ar,URTI,7,train,/Users/vs/Sem 5/Respiratory-Disease-Classification/data/processed/audio/cycles/188/1b1_Ar_004.wav
188,1b1,Ar,URTI,7,train,/Users/vs/Sem 5/Respiratory-Disease-Classification/data/processed/audio/cycles/188/1b1_Ar_005.wav
188,1b1,Ar,URTI,7,train,/Users/vs/Sem 5/Respiratory-Disease-Classification/data/processed/audio/cycles/188/1b1_Ar_006.wav
188,1b1,Ar,URTI,7,train,/Users/vs/Sem 5/Respiratory-Disease-Classification/data/processed/audio/cycles/188/1b1_Ar_007.wav
188,1b1,Ar,URTI,7,train,/Users/vs/Sem 5/Respiratory-Disease-Classification/data/processed/audio/cycles/188/1b1_Ar_008.wav
188,1b1,Ar,URTI,7,train,/Users/vs/Sem 5/Respiratory-Disease-Classification/data/processed/audio/cycles/188/1b1_Ar_009.wav
188,1b1,Ar,URTI,7,train,/Users/vs/Sem 5/Respiratory-Disease-Classification/data/processed/audio/cycles/188/1b1_Ar_010.wav
188,1b1,Ar,URTI,7,train,/Users/vs/Sem 5/Respiratory-Disease-Classification/data/processed/audio/cycles/188/1b1_Ar_011.wav
188,1b1,Ar,URTI,7,train,/Users/vs/Sem 5/Respiratory-Disease-Classification/data/processed/audio/cycles/188/1b1_Ar_012.wav
188,1b1,Ar,URTI,7,train,/Users/vs/Sem 5/Respiratory-Disease-Classification/data/processed/audio/cycles/188/1b1_Ar_013.wav
188,1b1,Ar,URTI,7,train,/Users/vs/Sem 5/Respiratory-Disease-Classification/data/processed/audio/cycles/188/1b1_Ar_014.wav
188,1b1,Ar,URTI,7,train,/Users/vs/Sem 5/Respiratory-Disease-Classification/data/processed/audio/cycles/188/1b1_Ar_015.wav
188,1b1,Ar,URTI,7,train,/Users/vs/Sem 5/Respiratory-Disease-Classification/data/processed/audio/cycles/188/1b1_Ar_016.wav
188,1b1,Ar,URTI,7,train,/Users/vs/Sem 5/Respiratory-Disease-Classification/data/processed/audio/cycles/188/1b1_Ar_017.wav
188,1b1,Pl,URTI,7,train,/Users/vs/Sem 5/Respiratory-Disease-Classification/data/processed/audio/cycles/188/1b1_Pl_001.wav
188,1b1,Pl,URTI,7,train,/Users/vs/Sem 5/Respiratory-Disease-Classification/data/processed/audio/cycles/188/1b1_Pl_002.wav
188,1b1,Pl,URTI,7,train,/Users/vs/Sem 5/Respiratory-Disease-Classification/data/processed/audio/cycles/188/1b1_Pl_003.wav
188,1b1,Pl,URTI,7,train,/Users/vs/Sem 5/Respiratory-Disease-Classification/data/processed/audio/cycles/188/1b1_Pl_004.wav
188,1b1,Pl,URTI,7,train,/Users/vs/Sem 5/Respiratory-Disease-Classification/data/processed/audio/cycles/188/1b1_Pl_005.wav
188,1b1,Pl,URTI,7,train,/Users/vs/Sem 5/Respiratory-Disease-Classification/data/processed/audio/cycles/188/1b1_Pl_006.wav
188,1b1,Pl,URTI,7,train,/Users/vs/Sem 5/Respiratory-Disease-Classification/data/processed/audio/cycles/188/1b1_Pl_007.wav
188,1b1,Pl,URTI,7,train,/Users/vs/Sem 5/Respiratory-Disease-Classification/data/processed/audio/cycles/188/1b1_Pl_008.wav
188,1b1,Pl,URTI,7,train,/Users/vs/Sem 5/Respiratory-Disease-Classification/data/processed/audio/cycles/188/1b1_Pl_009.wav
188,1b1,Pl,URTI,7,train,/Users/vs/Sem 5/Respiratory-Disease-Classification/data/processed/audio/cycles/188/1b1_Pl_010.wav
188,1b1,Pl,URTI,7,train,/Users/vs/Sem 5/Respiratory-Disease-Classification/data/processed/audio/cycles/188/1b1_Pl_011.wav
188,1b1,Pl,URTI,7,train,/Users/vs/Sem 5/Respiratory-Disease-Classification/data/processed/audio/cycles/188/1b1_Pl_012.wav
188,1b1,Pl,URTI,7,train,/Users/vs/Sem 5/Respiratory-Disease-Classification/data/processed/audio/cycles/188/1b1_Pl_013.wav
188,1b1,Pl,URTI,7,train,/Users/vs/Sem 5/Respiratory-Disease-Classification/data/processed/audio/cycles/188/1b1_Pl_014.wav
188,1b1,Tc,URTI,7,train,/Users/vs/Sem 5/Respiratory-Disease-Classification/data/processed/audio/cycles/188/1b1_Tc_001.wav
188,1b1,Tc,URTI,7,train,/Users/vs/Sem 5/Respiratory-Disease-Classification/data/processed/audio/cycles/188/1b1_Tc_002.wav
188,1b1,Tc,URTI,7,train,/Users/vs/Sem 5/Respiratory-Disease-Classification/data/processed/audio/cycles/188/1b1_Tc_003.wav
188,1b1,Tc,URTI,7,train,/Users/vs/Sem 5/Respiratory-Disease-Classification/data/processed/audio/cycles/188/1b1_Tc_004.wav
188,1b1,Tc,URTI,7,train,/Users/vs/Sem 5/Respiratory-Disease-Classification/data/processed/audio/cycles/188/1b1_Tc_005.wav
188,1b1,Tc,URTI,7,train,/Users/vs/Sem 5/Respiratory-Disease-Classification/data/processed/audio/cycles/188/1b1_Tc_006.wav
188,1b1,Tc,URTI,7,train,/Users/vs/Sem 5/Respiratory-Disease-Classification/data/processed/audio/cycles/188/1b1_Tc_007.wav
188,1b1,Tc,URTI,7,train,/Users/vs/Sem 5/Respiratory-Disease-Classification/data/processed/audio/cycles/188/1b1_Tc_008.wav
188,1b1,Tc,URTI,7,train,/Users/vs/Sem 5/Respiratory-Disease-Classification/data/processed/audio/cycles/188/1b1_Tc_009.wav
188,1b1,Tc,URTI,7,train,/Users/vs/Sem 5/Respiratory-Disease-Classification/data/processed/audio/cycles/188/1b1_Tc_010.wav
188,1b1,Tc,URTI,7,train,/Users/vs/Sem 5/Respiratory-Disease-Classification/data/processed/audio/cycles/188/1b1_Tc_011.wav
188,1b1,Tc,URTI,7,train,/Users/vs/Sem 5/Respiratory-Disease-Classification/data/processed/audio/cycles/188/1b1_Tc_012.wav
188,1b1,Tc,URTI,7,train,/Users/vs/Sem 5/Respiratory-Disease-Classification/data/processed/audio/cycles/188/1b1_Tc_013.wav
188,1b1,Tc,URTI,7,train,/Users/vs/Sem 5/Respiratory-Disease-Classification/data/processed/audio/cycles/188/1b1_Tc_014.wav
188,1b1,Tc,URTI,7,train,/Users/vs/Sem 5/Respiratory-Disease-Classification/data/processed/audio/cycles/188/1b1_Tc_015.wav
188,1b1,Tc,URTI,7,train,/Users/vs/Sem 5/Respiratory-Disease-Classification/data/processed/audio/cycles/188/1b1_Tc_016.wav
189,1b2,Lr,COPD,3,train,/Users/vs/Sem 5/Respiratory-Disease-Classification/data/processed/audio/cycles/189/1b2_Lr_001.wav
189,1b2,Lr,COPD,3,train,/Users/vs/Sem 5/Respiratory-Disease-Classification/data/processed/audio/cycles/189/1b2_Lr_002.wav
189,1b2,Lr,COPD,3,train,/Users/vs/Sem 5/Respiratory-Disease-Classification/data/processed/audio/cycles/189/1b2_Lr_003.wav
189,1b2,Lr,COPD,3,train,/Users/vs/Sem 5/Respiratory-Disease-Classification/data/processed/audio/cycles/189/1b2_Lr_004.wav
189,1b2,Lr,COPD,3,train,/Users/vs/Sem 5/Respiratory-Disease-Classification/data/processed/audio/cycles/189/1b2_Lr_005.wav
190,1b1,Tc,URTI,7,train,/Users/vs/Sem 5/Respiratory-Disease-Classification/data/processed/audio/cycles/190/1b1_Tc_001.wav
190,1b1,Tc,URTI,7,train,/Users/vs/Sem 5/Respiratory-Disease-Classification/data/processed/audio/cycles/190/1b1_Tc_002.wav
190,1b1,Tc,URTI,7,train,/Users/vs/Sem 5/Respiratory-Disease-Classification/data/processed/audio/cycles/190/1b1_Tc_003.wav
190,1b1,Tc,URTI,7,train,/Users/vs/Sem 5/Respiratory-Disease-Classification/data/processed/audio/cycles/190/1b1_Tc_004.wav
191,2b1,Pl,Pneumonia,6,train,/Users/vs/Sem 5/Respiratory-Disease-Classification/data/processed/audio/cycles/191/2b1_Pl_001.wav
191,2b1,Pl,Pneumonia,6,train,/Users/vs/Sem 5/Respiratory-Disease-Classification/data/processed/audio/cycles/191/2b1_Pl_002.wav
191,2b1,Pl,Pneumonia,6,train,/Users/vs/Sem 5/Respiratory-Disease-Classification/data/processed/audio/cycles/191/2b1_Pl_003.wav
191,2b1,Pl,Pneumonia,6,train,/Users/vs/Sem 5/Respiratory-Disease-Classification/data/processed/audio/cycles/191/2b1_Pl_004.wav
191,2b1,Pl,Pneumonia,6,train,/Users/vs/Sem 5/Respiratory-Disease-Classification/data/processed/audio/cycles/191/2b1_Pl_005.wav
191,2b1,Pl,Pneumonia,6,train,/Users/vs/Sem 5/Respiratory-Disease-Classification/data/processed/audio/cycles/191/2b1_Pl_006.wav
191,2b1,Pl,Pneumonia,6,train,/Users/vs/Sem 5/Respiratory-Disease-Classification/data/processed/audio/cycles/191/2b1_Pl_007.wav
191,2b1,Pl,Pneumonia,6,train,/Users/vs/Sem 5/Respiratory-Disease-Classification/data/processed/audio/cycles/191/2b1_Pl_008.wav
191,2b1,Pr,Pneumonia,6,train,/Users/vs/Sem 5/Respiratory-Disease-Classification/data/processed/audio/cycles/191/2b1_Pr_001.wav
191,2b1,Pr,Pneumonia,6,train,/Users/vs/Sem 5/Respiratory-Disease-Classification/data/processed/audio/cycles/191/2b1_Pr_002.wav
191,2b1,Pr,Pneumonia,6,train,/Users/vs/Sem 5/Respiratory-Disease-Classification/data/processed/audio/cycles/191/2b1_Pr_003.wav
191,2b1,Pr,Pneumonia,6,train,/Users/vs/Sem 5/Respiratory-Disease-Classification/data/processed/audio/cycles/191/2b1_Pr_004.wav
191,2b1,Pr,Pneumonia,6,train,/Users/vs/Sem 5/Respiratory-Disease-Classification/data/processed/audio/cycles/191/2b1_Pr_005.wav
191,2b1,Pr,Pneumonia,6,train,/Users/vs/Sem 5/Respiratory-Disease-Classification/data/processed/audio/cycles/191/2b1_Pr_006.wav
191,2b1,Pr,Pneumonia,6,train,/Users/vs/Sem 5/Respiratory-Disease-Classification/data/processed/audio/cycles/191/2b1_Pr_007.wav
191,2b1,Pr,Pneumonia,6,train,/Users/vs/Sem 5/Respiratory-Disease-Classification/data/processed/audio/cycles/191/2b1_Pr_008.wav
191,2b2,Tc,Pneumonia,6,train,/Users/vs/Sem 5/Respiratory-Disease-Classification/data/processed/audio/cycles/191/2b2_Tc_001.wav
191,2b2,Tc,Pneumonia,6,train,/Users/vs/Sem 5/Respiratory-Disease-Classification/data/processed/audio/cycles/191/2b2_Tc_002.wav
191,2b2,Tc,Pneumonia,6,train,/Users/vs/Sem 5/Respiratory-Disease-Classification/data/processed/audio/cycles/191/2b2_Tc_003.wav
191,2b2,Tc,Pneumonia,6,train,/Users/vs/Sem 5/Respiratory-Disease-Classification/data/processed/audio/cycles/191/2b2_Tc_004.wav
191,2b2,Tc,Pneumonia,6,train,/Users/vs/Sem 5/Respiratory-Disease-Classification/data/processed/audio/cycles/191/2b2_Tc_005.wav
191,2b2,Tc,Pneumonia,6,train,/Users/vs/Sem 5/Respiratory-Disease-Classification/data/processed/audio/cycles/191/2b2_Tc_006.wav
191,2b2,Tc,Pneumonia,6,train,/Users/vs/Sem 5/Respiratory-Disease-Classification/data/processed/audio/cycles/191/2b2_Tc_007.wav
191,2b2,Tc,Pneumonia,6,train,/Users/vs/Sem 5/Respiratory-Disease-Classification/data/processed/audio/cycles/191/2b2_Tc_008.wav
192,2b1,Al,COPD,3,train,/Users/vs/Sem 5/Respiratory-Disease-Classification/data/processed/audio/cycles/192/2b1_Al_001.wav
192,2b1,Al,COPD,3,train,/Users/vs/Sem 5/Respiratory-Disease-Classification/data/processed/audio/cycles/192/2b1_Al_002.wav
192,2b1,Al,COPD,3,train,/Users/vs/Sem 5/Respiratory-Disease-Classification/data/processed/audio/cycles/192/2b1_Al_003.wav
192,2b1,Al,COPD,3,train,/Users/vs/Sem 5/Respiratory-Disease-Classification/data/processed/audio/cycles/192/2b1_Al_004.wav
192,2b1,Al,COPD,3,train,/Users/vs/Sem 5/Respiratory-Disease-Classification/data/processed/audio/cycles/192/2b1_Al_005.wav
192,2b1,Al,COPD,3,train,/Users/vs/Sem 5/Respiratory-Disease-Classification/data/processed/audio/cycles/192/2b1_Al_006.wav
192,2b1,Al,COPD,3,train,/Users/vs/Sem 5/Respiratory-Disease-Classification/data/processed/audio/cycles/192/2b1_Al_007.wav
192,2b1,Al,COPD,3,train,/Users/vs/Sem 5/Respiratory-Disease-Classification/data/processed/audio/cycles/192/2b1_Al_008.wav
192,2b1,Ar,COPD,3,train,/Users/vs/Sem 5/Respiratory-Disease-Classification/data/processed/audio/cycles/192/2b1_Ar_001.wav
192,2b1,Ar,COPD,3,train,/Users/vs/Sem 5/Respiratory-Disease-Classification/data/processed/audio/cycles/192/2b1_Ar_002.wav
192,2b1,Ar,COPD,3,train,/Users/vs/Sem 5/Respiratory-Disease-Classification/data/processed/audio/cycles/192/2b1_Ar_003.wav
192,2b1,Ar,COPD,3,train,/Users/vs/Sem 5/Respiratory-Disease-Classification/data/processed/audio/cycles/192/2b1_Ar_004.wav
192,2b1,Ar,COPD,3,train,/Users/vs/Sem 5/Respiratory-Disease-Classification/data/processed/audio/cycles/192/2b1_Ar_005.wav
192,2b1,Ar,COPD,3,train,/Users/vs/Sem 5/Respiratory-Disease-Classification/data/processed/audio/cycles/192/2b1_Ar_006.wav
192,2b1,Ar,COPD,3,train,/Users/vs/Sem 5/Respiratory-Disease-Classification/data/processed/audio/cycles/192/2b1_Ar_007.wav
192,2b1,Ar,COPD,3,train,/Users/vs/Sem 5/Respiratory-Disease-Classification/data/processed/audio/cycles/192/2b1_Ar_008.wav
192,2b2,Al,COPD,3,train,/Users/vs/Sem 5/Respiratory-Disease-Classification/data/processed/audio/cycles/192/2b2_Al_001.wav
192,2b2,Al,COPD,3,train,/Users/vs/Sem 5/Respiratory-Disease-Classification/data/processed/audio/cycles/192/2b2_Al_002.wav
192,2b2,Al,COPD,3,train,/Users/vs/Sem 5/Respiratory-Disease-Classification/data/processed/audio/cycles/192/2b2_Al_003.wav
192,2b2,Al,COPD,3,train,/Users/vs/Sem 5/Respiratory-Disease-Classification/data/processed/audio/cycles/192/2b2_Al_004.wav
192,2b2,Al,COPD,3,train,/Users/vs/Sem 5/Respiratory-Disease-Classification/data/processed/audio/cycles/192/2b2_Al_005.wav
192,2b2,Al,COPD,3,train,/Users/vs/Sem 5/Respiratory-Disease-Classification/data/processed/audio/cycles/192/2b2_Al_006.wav
192,2b2,Al,COPD,3,train,/Users/vs/Sem 5/Respiratory-Disease-Classification/data/processed/audio/cycles/192/2b2_Al_007.wav
192,2b2,Al,COPD,3,train,/Users/vs/Sem 5/Respiratory-Disease-Classification/data/processed/audio/cycles/192/2b2_Al_008.wav
192,2b2,Ar,COPD,3,train,/Users/vs/Sem 5/Respiratory-Disease-Classification/data/processed/audio/cycles/192/2b2_Ar_001.wav
192,2b2,Ar,COPD,3,train,/Users/vs/Sem 5/Respiratory-Disease-Classification/data/processed/audio/cycles/192/2b2_Ar_002.wav
192,2b2,Ar,COPD,3,train,/Users/vs/Sem 5/Respiratory-Disease-Classification/data/processed/audio/cycles/192/2b2_Ar_003.wav
192,2b2,Ar,COPD,3,train,/Users/vs/Sem 5/Respiratory-Disease-Classification/data/processed/audio/cycles/192/2b2_Ar_004.wav
192,2b2,Ar,COPD,3,train,/Users/vs/Sem 5/Respiratory-Disease-Classification/data/processed/audio/cycles/192/2b2_Ar_005.wav
192,2b2,Ar,COPD,3,train,/Users/vs/Sem 5/Respiratory-Disease-Classification/data/processed/audio/cycles/192/2b2_Ar_006.wav
192,2b2,Ar,COPD,3,train,/Users/vs/Sem 5/Respiratory-Disease-Classification/data/processed/audio/cycles/192/2b2_Ar_007.wav
192,2b2,Ar,COPD,3,train,/Users/vs/Sem 5/Respiratory-Disease-Classification/data/processed/audio/cycles/192/2b2_Ar_008.wav
192,2b3,Al,COPD,3,train,/Users/vs/Sem 5/Respiratory-Disease-Classification/data/processed/audio/cycles/192/2b3_Al_001.wav
192,2b3,Al,COPD,3,train,/Users/vs/Sem 5/Respiratory-Disease-Classification/data/processed/audio/cycles/192/2b3_Al_002.wav
192,2b3,Al,COPD,3,train,/Users/vs/Sem 5/Respiratory-Disease-Classification/data/processed/audio/cycles/192/2b3_Al_003.wav
192,2b3,Al,COPD,3,train,/Users/vs/Sem 5/Respiratory-Disease-Classification/data/processed/audio/cycles/192/2b3_Al_004.wav
192,2b3,Al,COPD,3,train,/Users/vs/Sem 5/Respiratory-Disease-Classification/data/processed/audio/cycles/192/2b3_Al_005.wav
192,2b3,Al,COPD,3,train,/Users/vs/Sem 5/Respiratory-Disease-Classification/data/processed/audio/cycles/192/2b3_Al_006.wav
192,2b3,Al,COPD,3,train,/Users/vs/Sem 5/Respiratory-Disease-Classification/data/processed/audio/cycles/192/2b3_Al_007.wav
192,2b3,Ar,COPD,3,train,/Users/vs/Sem 5/Respiratory-Disease-Classification/data/processed/audio/cycles/192/2b3_Ar_001.wav
192,2b3,Ar,COPD,3,train,/Users/vs/Sem 5/Respiratory-Disease-Classification/data/processed/audio/cycles/192/2b3_Ar_002.wav
192,2b3,Ar,COPD,3,train,/Users/vs/Sem 5/Respiratory-Disease-Classification/data/processed/audio/cycles/192/2b3_Ar_003.wav
192,2b3,Ar,COPD,3,train,/Users/vs/Sem 5/Respiratory-Disease-Classification/data/processed/audio/cycles/192/2b3_Ar_004.wav
192,2b3,Ar,COPD,3,train,/Users/vs/Sem 5/Respiratory-Disease-Classification/data/processed/audio/cycles/192/2b3_Ar_005.wav
192,2b3,Ar,COPD,3,train,/Users/vs/Sem 5/Respiratory-Disease-Classification/data/processed/audio/cycles/192/2b3_Ar_006.wav
192,2b3,Ar,COPD,3,train,/Users/vs/Sem 5/Respiratory-Disease-Classification/data/processed/audio/cycles/192/2b3_Ar_007.wav
193,1b2,Al,COPD,3,train,/Users/vs/Sem 5/Respiratory-Disease-Classification/data/processed/audio/cycles/193/1b2_Al_001.wav
193,1b2,Al,COPD,3,train,/Users/vs/Sem 5/Respiratory-Disease-Classification/data/processed/audio/cycles/193/1b2_Al_002.wav
193,1b2,Al,COPD,3,train,/Users/vs/Sem 5/Respiratory-Disease-Classification/data/processed/audio/cycles/193/1b2_Al_003.wav
193,1b2,Al,COPD,3,train,/Users/vs/Sem 5/Respiratory-Disease-Classification/data/processed/audio/cycles/193/1b2_Al_004.wav
193,1b2,Al,COPD,3,train,/Users/vs/Sem 5/Respiratory-Disease-Classification/data/processed/audio/cycles/193/1b2_Al_005.wav
193,1b2,Al,COPD,3,train,/Users/vs/Sem 5/Respiratory-Disease-Classification/data/processed/audio/cycles/193/1b2_Al_006.wav
193,1b2,Al,COPD,3,train,/Users/vs/Sem 5/Respiratory-Disease-Classification/data/processed/audio/cycles/193/1b2_Al_007.wav
193,1b2,Al,COPD,3,train,/Users/vs/Sem 5/Respiratory-Disease-Classification/data/processed/audio/cycles/193/1b2_Al_008.wav
193,1b2,Al,COPD,3,train,/Users/vs/Sem 5/Respiratory-Disease-Classification/data/processed/audio/cycles/193/1b2_Al_009.wav
193,1b2,Al,COPD,3,train,/Users/vs/Sem 5/Respiratory-Disease-Classification/data/processed/audio/cycles/193/1b2_Al_010.wav
193,1b2,Al,COPD,3,train,/Users/vs/Sem 5/Respiratory-Disease-Classification/data/processed/audio/cycles/193/1b2_Al_011.wav
193,1b2,Al,COPD,3,train,/Users/vs/Sem 5/Respiratory-Disease-Classification/data/processed/audio/cycles/193/1b2_Al_012.wav
193,1b2,Ar,COPD,3,train,/Users/vs/Sem 5/Respiratory-Disease-Classification/data/processed/audio/cycles/193/1b2_Ar_001.wav
193,1b2,Ar,COPD,3,train,/Users/vs/Sem 5/Respiratory-Disease-Classification/data/processed/audio/cycles/193/1b2_Ar_002.wav
193,1b2,Ar,COPD,3,train,/Users/vs/Sem 5/Respiratory-Disease-Classification/data/processed/audio/cycles/193/1b2_Ar_003.wav
193,1b2,Ar,COPD,3,train,/Users/vs/Sem 5/Respiratory-Disease-Classification/data/processed/audio/cycles/193/1b2_Ar_004.wav
193,1b2,Ar,COPD,3,train,/Users/vs/Sem 5/Respiratory-Disease-Classification/data/processed/audio/cycles/193/1b2_Ar_005.wav
193,1b2,Ar,COPD,3,train,/Users/vs/Sem 5/Respiratory-Disease-Classification/data/processed/audio/cycles/193/1b2_Ar_006.wav
193,1b2,Ar,COPD,3,train,/Users/vs/Sem 5/Respiratory-Disease-Classification/data/processed/audio/cycles/193/1b2_Ar_007.wav
193,1b2,Ar,COPD,3,train,/Users/vs/Sem 5/Respiratory-Disease-Classification/data/processed/audio/cycles/193/1b2_Ar_008.wav
193,1b2,Ar,COPD,3,train,/Users/vs/Sem 5/Respiratory-Disease-Classification/data/processed/audio/cycles/193/1b2_Ar_009.wav
193,1b2,Ar,COPD,3,train,/Users/vs/Sem 5/Respiratory-Disease-Classification/data/processed/audio/cycles/193/1b2_Ar_010.wav
193,1b2,Ar,COPD,3,train,/Users/vs/Sem 5/Respiratory-Disease-Classification/data/processed/audio/cycles/193/1b2_Ar_011.wav
193,1b2,Ar,COPD,3,train,/Users/vs/Sem 5/Respiratory-Disease-Classification/data/processed/audio/cycles/193/1b2_Ar_012.wav
193,1b2,Ll,COPD,3,train,/Users/vs/Sem 5/Respiratory-Disease-Classification/data/processed/audio/cycles/193/1b2_Ll_001.wav
193,1b2,Ll,COPD,3,train,/Users/vs/Sem 5/Respiratory-Disease-Classification/data/processed/audio/cycles/193/1b2_Ll_002.wav
193,1b2,Ll,COPD,3,train,/Users/vs/Sem 5/Respiratory-Disease-Classification/data/processed/audio/cycles/193/1b2_Ll_003.wav
193,1b2,Ll,COPD,3,train,/Users/vs/Sem 5/Respiratory-Disease-Classification/data/processed/audio/cycles/193/1b2_Ll_004.wav
193,1b2,Ll,COPD,3,train,/Users/vs/Sem 5/Respiratory-Disease-Classification/data/processed/audio/cycles/193/1b2_Ll_005.wav
193,1b2,Ll,COPD,3,train,/Users/vs/Sem 5/Respiratory-Disease-Classification/data/processed/audio/cycles/193/1b2_Ll_006.wav
193,1b2,Ll,COPD,3,train,/Users/vs/Sem 5/Respiratory-Disease-Classification/data/processed/audio/cycles/193/1b2_Ll_007.wav
193,1b2,Ll,COPD,3,train,/Users/vs/Sem 5/Respiratory-Disease-Classification/data/processed/audio/cycles/193/1b2_Ll_008.wav
193,1b2,Ll,COPD,3,train,/Users/vs/Sem 5/Respiratory-Disease-Classification/data/processed/audio/cycles/193/1b2_Ll_009.wav
193,1b2,Ll,COPD,3,train,/Users/vs/Sem 5/Respiratory-Disease-Classification/data/processed/audio/cycles/193/1b2_Ll_010.wav
193,1b2,Ll,COPD,3,train,/Users/vs/Sem 5/Respiratory-Disease-Classification/data/processed/audio/cycles/193/1b2_Ll_011.wav
193,1b2,Ll,COPD,3,train,/Users/vs/Sem 5/Respiratory-Disease-Classification/data/processed/audio/cycles/193/1b2_Ll_012.wav
193,1b2,Pl,COPD,3,train,/Users/vs/Sem 5/Respiratory-Disease-Classification/data/processed/audio/cycles/193/1b2_Pl_001.wav
193,1b2,Pl,COPD,3,train,/Users/vs/Sem 5/Respiratory-Disease-Classification/data/processed/audio/cycles/193/1b2_Pl_002.wav
193,1b2,Pl,COPD,3,train,/Users/vs/Sem 5/Respiratory-Disease-Classification/data/processed/audio/cycles/193/1b2_Pl_003.wav
193,1b2,Pl,COPD,3,train,/Users/vs/Sem 5/Respiratory-Disease-Classification/data/processed/audio/cycles/193/1b2_Pl_004.wav
193,1b2,Pl,COPD,3,train,/Users/vs/Sem 5/Respiratory-Disease-Classification/data/processed/audio/cycles/193/1b2_Pl_005.wav
193,1b2,Pl,COPD,3,train,/Users/vs/Sem 5/Respiratory-Disease-Classification/data/processed/audio/cycles/193/1b2_Pl_006.wav
193,1b2,Pl,COPD,3,train,/Users/vs/Sem 5/Respiratory-Disease-Classification/data/processed/audio/cycles/193/1b2_Pl_007.wav
193,1b2,Pl,COPD,3,train,/Users/vs/Sem 5/Respiratory-Disease-Classification/data/processed/audio/cycles/193/1b2_Pl_008.wav
193,1b2,Pl,COPD,3,train,/Users/vs/Sem 5/Respiratory-Disease-Classification/data/processed/audio/cycles/193/1b2_Pl_009.wav
193,1b2,Pl,COPD,3,train,/Users/vs/Sem 5/Respiratory-Disease-Classification/data/processed/audio/cycles/193/1b2_Pl_010.wav
193,1b2,Pl,COPD,3,train,/Users/vs/Sem 5/Respiratory-Disease-Classification/data/processed/audio/cycles/193/1b2_Pl_011.wav
193,1b2,Pl,COPD,3,train,/Users/vs/Sem 5/Respiratory-Disease-Classification/data/processed/audio/cycles/193/1b2_Pl_012.wav
193,1b2,Pr,COPD,3,train,/Users/vs/Sem 5/Respiratory-Disease-Classification/data/processed/audio/cycles/193/1b2_Pr_001.wav
193,1b2,Pr,COPD,3,train,/Users/vs/Sem 5/Respiratory-Disease-Classification/data/processed/audio/cycles/193/1b2_Pr_002.wav
193,1b2,Pr,COPD,3,train,/Users/vs/Sem 5/Respiratory-Disease-Classification/data/processed/audio/cycles/193/1b2_Pr_003.wav
193,1b2,Pr,COPD,3,train,/Users/vs/Sem 5/Respiratory-Disease-Classification/data/processed/audio/cycles/193/1b2_Pr_004.wav
193,1b2,Pr,COPD,3,train,/Users/vs/Sem 5/Respiratory-Disease-Classification/data/processed/audio/cycles/193/1b2_Pr_005.wav
193,1b2,Pr,COPD,3,train,/Users/vs/Sem 5/Respiratory-Disease-Classification/data/processed/audio/cycles/193/1b2_Pr_006.wav
193,1b2,Pr,COPD,3,train,/Users/vs/Sem 5/Respiratory-Disease-Classification/data/processed/audio/cycles/193/1b2_Pr_007.wav
193,1b2,Pr,COPD,3,train,/Users/vs/Sem 5/Respiratory-Disease-Classification/data/processed/audio/cycles/193/1b2_Pr_008.wav
193,1b2,Pr,COPD,3,train,/Users/vs/Sem 5/Respiratory-Disease-Classification/data/processed/audio/cycles/193/1b2_Pr_009.wav
193,1b2,Pr,COPD,3,train,/Users/vs/Sem 5/Respiratory-Disease-Classification/data/processed/audio/cycles/193/1b2_Pr_010.wav
193,1b2,Pr,COPD,3,train,/Users/vs/Sem 5/Respiratory-Disease-Classification/data/processed/audio/cycles/193/1b2_Pr_011.wav
193,1b2,Pr,COPD,3,train,/Users/vs/Sem 5/Respiratory-Disease-Classification/data/processed/audio/cycles/193/1b2_Pr_012.wav
193,1b2,Tc,COPD,3,train,/Users/vs/Sem 5/Respiratory-Disease-Classification/data/processed/audio/cycles/193/1b2_Tc_001.wav
193,1b2,Tc,COPD,3,train,/Users/vs/Sem 5/Respiratory-Disease-Classification/data/processed/audio/cycles/193/1b2_Tc_002.wav
193,1b2,Tc,COPD,3,train,/Users/vs/Sem 5/Respiratory-Disease-Classification/data/processed/audio/cycles/193/1b2_Tc_003.wav
193,1b2,Tc,COPD,3,train,/Users/vs/Sem 5/Respiratory-Disease-Classification/data/processed/audio/cycles/193/1b2_Tc_004.wav
193,1b2,Tc,COPD,3,train,/Users/vs/Sem 5/Respiratory-Disease-Classification/data/processed/audio/cycles/193/1b2_Tc_005.wav
193,1b2,Tc,COPD,3,train,/Users/vs/Sem 5/Respiratory-Disease-Classification/data/processed/audio/cycles/193/1b2_Tc_006.wav
193,1b2,Tc,COPD,3,train,/Users/vs/Sem 5/Respiratory-Disease-Classification/data/processed/audio/cycles/193/1b2_Tc_007.wav
193,1b2,Tc,COPD,3,train,/Users/vs/Sem 5/Respiratory-Disease-Classification/data/processed/audio/cycles/193/1b2_Tc_008.wav
193,1b2,Tc,COPD,3,train,/Users/vs/Sem 5/Respiratory-Disease-Classification/data/processed/audio/cycles/193/1b2_Tc_009.wav
193,1b2,Tc,COPD,3,train,/Users/vs/Sem 5/Respiratory-Disease-Classification/data/processed/audio/cycles/193/1b2_Tc_010.wav
193,1b2,Tc,COPD,3,train,/Users/vs/Sem 5/Respiratory-Disease-Classification/data/processed/audio/cycles/193/1b2_Tc_011.wav
193,1b2,Tc,COPD,3,train,/Users/vs/Sem 5/Respiratory-Disease-Classification/data/processed/audio/cycles/193/1b2_Tc_012.wav
193,1b4,Lr,COPD,3,train,/Users/vs/Sem 5/Respiratory-Disease-Classification/data/processed/audio/cycles/193/1b4_Lr_001.wav
193,1b4,Lr,COPD,3,train,/Users/vs/Sem 5/Respiratory-Disease-Classification/data/processed/audio/cycles/193/1b4_Lr_002.wav
193,1b4,Lr,COPD,3,train,/Users/vs/Sem 5/Respiratory-Disease-Classification/data/processed/audio/cycles/193/1b4_Lr_003.wav
193,1b4,Lr,COPD,3,train,/Users/vs/Sem 5/Respiratory-Disease-Classification/data/processed/audio/cycles/193/1b4_Lr_004.wav
193,1b4,Lr,COPD,3,train,/Users/vs/Sem 5/Respiratory-Disease-Classification/data/processed/audio/cycles/193/1b4_Lr_005.wav
193,1b4,Lr,COPD,3,train,/Users/vs/Sem 5/Respiratory-Disease-Classification/data/processed/audio/cycles/193/1b4_Lr_006.wav
193,1b4,Lr,COPD,3,train,/Users/vs/Sem 5/Respiratory-Disease-Classification/data/processed/audio/cycles/193/1b4_Lr_007.wav
193,1b4,Lr,COPD,3,train,/Users/vs/Sem 5/Respiratory-Disease-Classification/data/processed/audio/cycles/193/1b4_Lr_008.wav
193,1b4,Lr,COPD,3,train,/Users/vs/Sem 5/Respiratory-Disease-Classification/data/processed/audio/cycles/193/1b4_Lr_009.wav
193,1b4,Lr,COPD,3,train,/Users/vs/Sem 5/Respiratory-Disease-Classification/data/processed/audio/cycles/193/1b4_Lr_010.wav
193,7b3,Al,COPD,3,train,/Users/vs/Sem 5/Respiratory-Disease-Classification/data/processed/audio/cycles/193/7b3_Al_001.wav
193,7b3,Al,COPD,3,train,/Users/vs/Sem 5/Respiratory-Disease-Classification/data/processed/audio/cycles/193/7b3_Al_002.wav
193,7b3,Al,COPD,3,train,/Users/vs/Sem 5/Respiratory-Disease-Classification/data/processed/audio/cycles/193/7b3_Al_003.wav
193,7b3,Al,COPD,3,train,/Users/vs/Sem 5/Respiratory-Disease-Classification/data/processed/audio/cycles/193/7b3_Al_004.wav
193,7b3,Al,COPD,3,train,/Users/vs/Sem 5/Respiratory-Disease-Classification/data/processed/audio/cycles/193/7b3_Al_005.wav
193,7b3,Al,COPD,3,train,/Users/vs/Sem 5/Respiratory-Disease-Classification/data/processed/audio/cycles/193/7b3_Al_006.wav
193,7b3,Al,COPD,3,train,/Users/vs/Sem 5/Respiratory-Disease-Classification/data/processed/audio/cycles/193/7b3_Al_007.wav
193,7b3,Al,COPD,3,train,/Users/vs/Sem 5/Respiratory-Disease-Classification/data/processed/audio/cycles/193/7b3_Al_008.wav
193,7b3,Ar,COPD,3,train,/Users/vs/Sem 5/Respiratory-Disease-Classification/data/processed/audio/cycles/193/7b3_Ar_001.wav
193,7b3,Ar,COPD,3,train,/Users/vs/Sem 5/Respiratory-Disease-Classification/data/processed/audio/cycles/193/7b3_Ar_002.wav
193,7b3,Ar,COPD,3,train,/Users/vs/Sem 5/Respiratory-Disease-Classification/data/processed/audio/cycles/193/7b3_Ar_003.wav
193,7b3,Ar,COPD,3,train,/Users/vs/Sem 5/Respiratory-Disease-Classification/data/processed/audio/cycles/193/7b3_Ar_004.wav
193,7b3,Ar,COPD,3,train,/Users/vs/Sem 5/Respiratory-Disease-Classification/data/processed/audio/cycles/193/7b3_Ar_005.wav
193,7b3,Ar,COPD,3,train,/Users/vs/Sem 5/Respiratory-Disease-Classification/data/processed/audio/cycles/193/7b3_Ar_006.wav
193,7b3,Ar,COPD,3,train,/Users/vs/Sem 5/Respiratory-Disease-Classification/data/processed/audio/cycles/193/7b3_Ar_007.wav
193,7b3,Ar,COPD,3,train,/Users/vs/Sem 5/Respiratory-Disease-Classification/data/processed/audio/cycles/193/7b3_Ar_008.wav
193,7b3,Ll,COPD,3,train,/Users/vs/Sem 5/Respiratory-Disease-Classification/data/processed/audio/cycles/193/7b3_Ll_001.wav
193,7b3,Ll,COPD,3,train,/Users/vs/Sem 5/Respiratory-Disease-Classification/data/processed/audio/cycles/193/7b3_Ll_002.wav
193,7b3,Ll,COPD,3,train,/Users/vs/Sem 5/Respiratory-Disease-Classification/data/processed/audio/cycles/193/7b3_Ll_003.wav
193,7b3,Ll,COPD,3,train,/Users/vs/Sem 5/Respiratory-Disease-Classification/data/processed/audio/cycles/193/7b3_Ll_004.wav
193,7b3,Ll,COPD,3,train,/Users/vs/Sem 5/Respiratory-Disease-Classification/data/processed/audio/cycles/193/7b3_Ll_005.wav
193,7b3,Ll,COPD,3,train,/Users/vs/Sem 5/Respiratory-Disease-Classification/data/processed/audio/cycles/193/7b3_Ll_006.wav
193,7b3,Ll,COPD,3,train,/Users/vs/Sem 5/Respiratory-Disease-Classification/data/processed/audio/cycles/193/7b3_Ll_007.wav
193,7b3,Ll,COPD,3,train,/Users/vs/Sem 5/Respiratory-Disease-Classification/data/processed/audio/cycles/193/7b3_Ll_008.wav
193,7b3,Lr,COPD,3,train,/Users/vs/Sem 5/Respiratory-Disease-Classification/data/processed/audio/cycles/193/7b3_Lr_001.wav
193,7b3,Lr,COPD,3,train,/Users/vs/Sem 5/Respiratory-Disease-Classification/data/processed/audio/cycles/193/7b3_Lr_002.wav
193,7b3,Lr,COPD,3,train,/Users/vs/Sem 5/Respiratory-Disease-Classification/data/processed/audio/cycles/193/7b3_Lr_003.wav
193,7b3,Lr,COPD,3,train,/Users/vs/Sem 5/Respiratory-Disease-Classification/data/processed/audio/cycles/193/7b3_Lr_004.wav
193,7b3,Lr,COPD,3,train,/Users/vs/Sem 5/Respiratory-Disease-Classification/data/processed/audio/cycles/193/7b3_Lr_005.wav
193,7b3,Lr,COPD,3,train,/Users/vs/Sem 5/Respiratory-Disease-Classification/data/processed/audio/cycles/193/7b3_Lr_006.wav
193,7b3,Lr,COPD,3,train,/Users/vs/Sem 5/Respiratory-Disease-Classification/data/processed/audio/cycles/193/7b3_Lr_007.wav
193,7b3,Lr,COPD,3,train,/Users/vs/Sem 5/Respiratory-Disease-Classification/data/processed/audio/cycles/193/7b3_Lr_008.wav
193,7b3,Pl,COPD,3,train,/Users/vs/Sem 5/Respiratory-Disease-Classification/data/processed/audio/cycles/193/7b3_Pl_001.wav
193,7b3,Pl,COPD,3,train,/Users/vs/Sem 5/Respiratory-Disease-Classification/data/processed/audio/cycles/193/7b3_Pl_002.wav
193,7b3,Pl,COPD,3,train,/Users/vs/Sem 5/Respiratory-Disease-Classification/data/processed/audio/cycles/193/7b3_Pl_003.wav
193,7b3,Pl,COPD,3,train,/Users/vs/Sem 5/Respiratory-Disease-Classification/data/processed/audio/cycles/193/7b3_Pl_004.wav
193,7b3,Pl,COPD,3,train,/Users/vs/Sem 5/Respiratory-Disease-Classification/data/processed/audio/cycles/193/7b3_Pl_005.wav
193,7b3,Pl,COPD,3,train,/Users/vs/Sem 5/Respiratory-Disease-Classification/data/processed/audio/cycles/193/7b3_Pl_006.wav
193,7b3,Pl,COPD,3,train,/Users/vs/Sem 5/Respiratory-Disease-Classification/data/processed/audio/cycles/193/7b3_Pl_007.wav
193,7b3,Pl,COPD,3,train,/Users/vs/Sem 5/Respiratory-Disease-Classification/data/processed/audio/cycles/193/7b3_Pl_008.wav
193,7b3,Pr,COPD,3,train,/Users/vs/Sem 5/Respiratory-Disease-Classification/data/processed/audio/cycles/193/7b3_Pr_001.wav
193,7b3,Pr,COPD,3,train,/Users/vs/Sem 5/Respiratory-Disease-Classification/data/processed/audio/cycles/193/7b3_Pr_002.wav
193,7b3,Pr,COPD,3,train,/Users/vs/Sem 5/Respiratory-Disease-Classification/data/processed/audio/cycles/193/7b3_Pr_003.wav
193,7b3,Pr,COPD,3,train,/Users/vs/Sem 5/Respiratory-Disease-Classification/data/processed/audio/cycles/193/7b3_Pr_004.wav
193,7b3,Pr,COPD,3,train,/Users/vs/Sem 5/Respiratory-Disease-Classification/data/processed/audio/cycles/193/7b3_Pr_005.wav
193,7b3,Pr,COPD,3,train,/Users/vs/Sem 5/Respiratory-Disease-Classification/data/processed/audio/cycles/193/7b3_Pr_006.wav
193,7b3,Pr,COPD,3,train,/Users/vs/Sem 5/Respiratory-Disease-Classification/data/processed/audio/cycles/193/7b3_Pr_007.wav
193,7b3,Pr,COPD,3,train,/Users/vs/Sem 5/Respiratory-Disease-Classification/data/processed/audio/cycles/193/7b3_Pr_008.wav
193,7b3,Tc,COPD,3,train,/Users/vs/Sem 5/Respiratory-Disease-Classification/data/processed/audio/cycles/193/7b3_Tc_001.wav
193,7b3,Tc,COPD,3,train,/Users/vs/Sem 5/Respiratory-Disease-Classification/data/processed/audio/cycles/193/7b3_Tc_002.wav
193,7b3,Tc,COPD,3,train,/Users/vs/Sem 5/Respiratory-Disease-Classification/data/processed/audio/cycles/193/7b3_Tc_003.wav
193,7b3,Tc,COPD,3,train,/Users/vs/Sem 5/Respiratory-Disease-Classification/data/processed/audio/cycles/193/7b3_Tc_004.wav
193,7b3,Tc,COPD,3,train,/Users/vs/Sem 5/Respiratory-Disease-Classification/data/processed/audio/cycles/193/7b3_Tc_005.wav
193,7b3,Tc,COPD,3,train,/Users/vs/Sem 5/Respiratory-Disease-Classification/data/processed/audio/cycles/193/7b3_Tc_006.wav
193,7b3,Tc,COPD,3,train,/Users/vs/Sem 5/Respiratory-Disease-Classification/data/processed/audio/cycles/193/7b3_Tc_007.wav
193,7b3,Tc,COPD,3,train,/Users/vs/Sem 5/Respiratory-Disease-Classification/data/processed/audio/cycles/193/7b3_Tc_008.wav
194,1b1,Lr,Healthy,4,test,/Users/vs/Sem 5/Respiratory-Disease-Classification/data/processed/audio/cycles/194/1b1_Lr_001.wav
194,1b1,Lr,Healthy,4,test,/Users/vs/Sem 5/Respiratory-Disease-Classification/data/processed/audio/cycles/194/1b1_Lr_002.wav
194,1b1,Lr,Healthy,4,test,/Users/vs/Sem 5/Respiratory-Disease-Classification/data/processed/audio/cycles/194/1b1_Lr_003.wav
194,1b1,Lr,Healthy,4,test,/Users/vs/Sem 5/Respiratory-Disease-Classification/data/processed/audio/cycles/194/1b1_Lr_004.wav
194,1b1,Lr,Healthy,4,test,/Users/vs/Sem 5/Respiratory-Disease-Classification/data/processed/audio/cycles/194/1b1_Lr_005.wav
194,1b1,Lr,Healthy,4,test,/Users/vs/Sem 5/Respiratory-Disease-Classification/data/processed/audio/cycles/194/1b1_Lr_006.wav
194,1b1,Lr,Healthy,4,test,/Users/vs/Sem 5/Respiratory-Disease-Classification/data/processed/audio/cycles/194/1b1_Lr_007.wav
194,1b1,Lr,Healthy,4,test,/Users/vs/Sem 5/Respiratory-Disease-Classification/data/processed/audio/cycles/194/1b1_Lr_008.wav
194,1b1,Lr,Healthy,4,test,/Users/vs/Sem 5/Respiratory-Disease-Classification/data/processed/audio/cycles/194/1b1_Lr_009.wav
194,1b1,Pr,Healthy,4,test,/Users/vs/Sem 5/Respiratory-Disease-Classification/data/processed/audio/cycles/194/1b1_Pr_001.wav
194,1b1,Pr,Healthy,4,test,/Users/vs/Sem 5/Respiratory-Disease-Classification/data/processed/audio/cycles/194/1b1_Pr_002.wav
194,1b1,Pr,Healthy,4,test,/Users/vs/Sem 5/Respiratory-Disease-Classification/data/processed/audio/cycles/194/1b1_Pr_003.wav
194,1b1,Pr,Healthy,4,test,/Users/vs/Sem 5/Respiratory-Disease-Classification/data/processed/audio/cycles/194/1b1_Pr_004.wav
194,1b1,Pr,Healthy,4,test,/Users/vs/Sem 5/Respiratory-Disease-Classification/data/processed/audio/cycles/194/1b1_Pr_005.wav
194,1b1,Pr,Healthy,4,test,/Users/vs/Sem 5/Respiratory-Disease-Classification/data/processed/audio/cycles/194/1b1_Pr_006.wav
194,1b1,Pr,Healthy,4,test,/Users/vs/Sem 5/Respiratory-Disease-Classification/data/processed/audio/cycles/194/1b1_Pr_007.wav
194,1b1,Pr,Healthy,4,test,/Users/vs/Sem 5/Respiratory-Disease-Classification/data/processed/audio/cycles/194/1b1_Pr_008.wav
194,1b1,Pr,Healthy,4,test,/Users/vs/Sem 5/Respiratory-Disease-Classification/data/processed/audio/cycles/194/1b1_Pr_009.wav
195,1b1,Al,COPD,3,test,/Users/vs/Sem 5/Respiratory-Disease-Classification/data/processed/audio/cycles/195/1b1_Al_001.wav
195,1b1,Al,COPD,3,test,/Users/vs/Sem 5/Respiratory-Disease-Classification/data/processed/audio/cycles/195/1b1_Al_002.wav
195,1b1,Al,COPD,3,test,/Users/vs/Sem 5/Respiratory-Disease-Classification/data/processed/audio/cycles/195/1b1_Al_003.wav
195,1b1,Al,COPD,3,test,/Users/vs/Sem 5/Respiratory-Disease-Classification/data/processed/audio/cycles/195/1b1_Al_004.wav
195,1b1,Al,COPD,3,test,/Users/vs/Sem 5/Respiratory-Disease-Classification/data/processed/audio/cycles/195/1b1_Al_005.wav
195,1b1,Al,COPD,3,test,/Users/vs/Sem 5/Respiratory-Disease-Classification/data/processed/audio/cycles/195/1b1_Al_006.wav
195,1b1,Al,COPD,3,test,/Users/vs/Sem 5/Respiratory-Disease-Classification/data/processed/audio/cycles/195/1b1_Al_007.wav
195,1b1,Al,COPD,3,test,/Users/vs/Sem 5/Respiratory-Disease-Classification/data/processed/audio/cycles/195/1b1_Al_008.wav
195,1b1,Al,COPD,3,test,/Users/vs/Sem 5/Respiratory-Disease-Classification/data/processed/audio/cycles/195/1b1_Al_009.wav
195,1b1,Al,COPD,3,test,/Users/vs/Sem 5/Respiratory-Disease-Classification/data/processed/audio/cycles/195/1b1_Al_010.wav
195,1b1,Al,COPD,3,test,/Users/vs/Sem 5/Respiratory-Disease-Classification/data/processed/audio/cycles/195/1b1_Al_011.wav
195,1b1,Al,COPD,3,test,/Users/vs/Sem 5/Respiratory-Disease-Classification/data/processed/audio/cycles/195/1b1_Al_012.wav
195,1b1,Ar,COPD,3,test,/Users/vs/Sem 5/Respiratory-Disease-Classification/data/processed/audio/cycles/195/1b1_Ar_001.wav
195,1b1,Ar,COPD,3,test,/Users/vs/Sem 5/Respiratory-Disease-Classification/data/processed/audio/cycles/195/1b1_Ar_002.wav
195,1b1,Ar,COPD,3,test,/Users/vs/Sem 5/Respiratory-Disease-Classification/data/processed/audio/cycles/195/1b1_Ar_003.wav
195,1b1,Ar,COPD,3,test,/Users/vs/Sem 5/Respiratory-Disease-Classification/data/processed/audio/cycles/195/1b1_Ar_004.wav
195,1b1,Ar,COPD,3,test,/Users/vs/Sem 5/Respiratory-Disease-Classification/data/processed/audio/cycles/195/1b1_Ar_005.wav
195,1b1,Ar,COPD,3,test,/Users/vs/Sem 5/Respiratory-Disease-Classification/data/processed/audio/cycles/195/1b1_Ar_006.wav
195,1b1,Ar,COPD,3,test,/Users/vs/Sem 5/Respiratory-Disease-Classification/data/processed/audio/cycles/195/1b1_Ar_007.wav
195,1b1,Ar,COPD,3,test,/Users/vs/Sem 5/Respiratory-Disease-Classification/data/processed/audio/cycles/195/1b1_Ar_008.wav
195,1b1,Ar,COPD,3,test,/Users/vs/Sem 5/Respiratory-Disease-Classification/data/processed/audio/cycles/195/1b1_Ar_009.wav
195,1b1,Ar,COPD,3,test,/Users/vs/Sem 5/Respiratory-Disease-Classification/data/processed/audio/cycles/195/1b1_Ar_010.wav
195,1b1,Ar,COPD,3,test,/Users/vs/Sem 5/Respiratory-Disease-Classification/data/processed/audio/cycles/195/1b1_Ar_011.wav
195,1b1,Ar,COPD,3,test,/Users/vs/Sem 5/Respiratory-Disease-Classification/data/processed/audio/cycles/195/1b1_Ar_012.wav
195,1b1,Ar,COPD,3,test,/Users/vs/Sem 5/Respiratory-Disease-Classification/data/processed/audio/cycles/195/1b1_Ar_013.wav
195,1b1,Ar,COPD,3,test,/Users/vs/Sem 5/Respiratory-Disease-Classification/data/processed/audio/cycles/195/1b1_Ar_014.wav
195,1b1,Ar,COPD,3,test,/Users/vs/Sem 5/Respiratory-Disease-Classification/data/processed/audio/cycles/195/1b1_Ar_015.wav
195,1b1,Ar,COPD,3,test,/Users/vs/Sem 5/Respiratory-Disease-Classification/data/processed/audio/cycles/195/1b1_Ar_016.wav
195,1b1,Ar,COPD,3,test,/Users/vs/Sem 5/Respiratory-Disease-Classification/data/processed/audio/cycles/195/1b1_Ar_017.wav
195,1b1,Ll,COPD,3,test,/Users/vs/Sem 5/Respiratory-Disease-Classification/data/processed/audio/cycles/195/1b1_Ll_001.wav
195,1b1,Ll,COPD,3,test,/Users/vs/Sem 5/Respiratory-Disease-Classification/data/processed/audio/cycles/195/1b1_Ll_002.wav
195,1b1,Ll,COPD,3,test,/Users/vs/Sem 5/Respiratory-Disease-Classification/data/processed/audio/cycles/195/1b1_Ll_003.wav
195,1b1,Ll,COPD,3,test,/Users/vs/Sem 5/Respiratory-Disease-Classification/data/processed/audio/cycles/195/1b1_Ll_004.wav
195,1b1,Ll,COPD,3,test,/Users/vs/Sem 5/Respiratory-Disease-Classification/data/processed/audio/cycles/195/1b1_Ll_005.wav
195,1b1,Ll,COPD,3,test,/Users/vs/Sem 5/Respiratory-Disease-Classification/data/processed/audio/cycles/195/1b1_Ll_006.wav
195,1b1,Ll,COPD,3,test,/Users/vs/Sem 5/Respiratory-Disease-Classification/data/processed/audio/cycles/195/1b1_Ll_007.wav
195,1b1,Ll,COPD,3,test,/Users/vs/Sem 5/Respiratory-Disease-Classification/data/processed/audio/cycles/195/1b1_Ll_008.wav
195,1b1,Ll,COPD,3,test,/Users/vs/Sem 5/Respiratory-Disease-Classification/data/processed/audio/cycles/195/1b1_Ll_009.wav
195,1b1,Ll,COPD,3,test,/Users/vs/Sem 5/Respiratory-Disease-Classification/data/processed/audio/cycles/195/1b1_Ll_010.wav
195,1b1,Ll,COPD,3,test,/Users/vs/Sem 5/Respiratory-Disease-Classification/data/processed/audio/cycles/195/1b1_Ll_011.wav
195,1b1,Lr,COPD,3,test,/Users/vs/Sem 5/Respiratory-Disease-Classification/data/processed/audio/cycles/195/1b1_Lr_001.wav
195,1b1,Lr,COPD,3,test,/Users/vs/Sem 5/Respiratory-Disease-Classification/data/processed/audio/cycles/195/1b1_Lr_002.wav
195,1b1,Lr,COPD,3,test,/Users/vs/Sem 5/Respiratory-Disease-Classification/data/processed/audio/cycles/195/1b1_Lr_003.wav
195,1b1,Lr,COPD,3,test,/Users/vs/Sem 5/Respiratory-Disease-Classification/data/processed/audio/cycles/195/1b1_Lr_004.wav
195,1b1,Lr,COPD,3,test,/Users/vs/Sem 5/Respiratory-Disease-Classification/data/processed/audio/cycles/195/1b1_Lr_005.wav
195,1b1,Lr,COPD,3,test,/Users/vs/Sem 5/Respiratory-Disease-Classification/data/processed/audio/cycles/195/1b1_Lr_006.wav
195,1b1,Lr,COPD,3,test,/Users/vs/Sem 5/Respiratory-Disease-Classification/data/processed/audio/cycles/195/1b1_Lr_007.wav
195,1b1,Lr,COPD,3,test,/Users/vs/Sem 5/Respiratory-Disease-Classification/data/processed/audio/cycles/195/1b1_Lr_008.wav
195,1b1,Lr,COPD,3,test,/Users/vs/Sem 5/Respiratory-Disease-Classification/data/processed/audio/cycles/195/1b1_Lr_009.wav
195,1b1,Pl,COPD,3,test,/Users/vs/Sem 5/Respiratory-Disease-Classification/data/processed/audio/cycles/195/1b1_Pl_001.wav
195,1b1,Pl,COPD,3,test,/Users/vs/Sem 5/Respiratory-Disease-Classification/data/processed/audio/cycles/195/1b1_Pl_002.wav
195,1b1,Pl,COPD,3,test,/Users/vs/Sem 5/Respiratory-Disease-Classification/data/processed/audio/cycles/195/1b1_Pl_003.wav
195,1b1,Pl,COPD,3,test,/Users/vs/Sem 5/Respiratory-Disease-Classification/data/processed/audio/cycles/195/1b1_Pl_004.wav
195,1b1,Pl,COPD,3,test,/Users/vs/Sem 5/Respiratory-Disease-Classification/data/processed/audio/cycles/195/1b1_Pl_005.wav
195,1b1,Pl,COPD,3,test,/Users/vs/Sem 5/Respiratory-Disease-Classification/data/processed/audio/cycles/195/1b1_Pl_006.wav
195,1b1,Pl,COPD,3,test,/Users/vs/Sem 5/Respiratory-Disease-Classification/data/processed/audio/cycles/195/1b1_Pl_007.wav
195,1b1,Pl,COPD,3,test,/Users/vs/Sem 5/Respiratory-Disease-Classification/data/processed/audio/cycles/195/1b1_Pl_008.wav
195,1b1,Pl,COPD,3,test,/Users/vs/Sem 5/Respiratory-Disease-Classification/data/processed/audio/cycles/195/1b1_Pl_009.wav
195,1b1,Pr,COPD,3,test,/Users/vs/Sem 5/Respiratory-Disease-Classification/data/processed/audio/cycles/195/1b1_Pr_001.wav
195,1b1,Pr,COPD,3,test,/Users/vs/Sem 5/Respiratory-Disease-Classification/data/processed/audio/cycles/195/1b1_Pr_002.wav
195,1b1,Pr,COPD,3,test,/Users/vs/Sem 5/Respiratory-Disease-Classification/data/processed/audio/cycles/195/1b1_Pr_003.wav
195,1b1,Pr,COPD,3,test,/Users/vs/Sem 5/Respiratory-Disease-Classification/data/processed/audio/cycles/195/1b1_Pr_004.wav
195,1b1,Pr,COPD,3,test,/Users/vs/Sem 5/Respiratory-Disease-Classification/data/processed/audio/cycles/195/1b1_Pr_005.wav
195,1b1,Pr,COPD,3,test,/Users/vs/Sem 5/Respiratory-Disease-Classification/data/processed/audio/cycles/195/1b1_Pr_006.wav
195,1b1,Pr,COPD,3,test,/Users/vs/Sem 5/Respiratory-Disease-Classification/data/processed/audio/cycles/195/1b1_Pr_007.wav
195,1b1,Pr,COPD,3,test,/Users/vs/Sem 5/Respiratory-Disease-Classification/data/processed/audio/cycles/195/1b1_Pr_008.wav
195,1b1,Pr,COPD,3,test,/Users/vs/Sem 5/Respiratory-Disease-Classification/data/processed/audio/cycles/195/1b1_Pr_009.wav
195,1b1,Pr,COPD,3,test,/Users/vs/Sem 5/Respiratory-Disease-Classification/data/processed/audio/cycles/195/1b1_Pr_010.wav
195,1b1,Pr,COPD,3,test,/Users/vs/Sem 5/Respiratory-Disease-Classification/data/processed/audio/cycles/195/1b1_Pr_011.wav
195,1b1,Pr,COPD,3,test,/Users/vs/Sem 5/Respiratory-Disease-Classification/data/processed/audio/cycles/195/1b1_Pr_012.wav
195,1b1,Pr,COPD,3,test,/Users/vs/Sem 5/Respiratory-Disease-Classification/data/processed/audio/cycles/195/1b1_Pr_013.wav
195,1b1,Pr,COPD,3,test,/Users/vs/Sem 5/Respiratory-Disease-Classification/data/processed/audio/cycles/195/1b1_Pr_014.wav
195,1b1,Pr,COPD,3,test,/Users/vs/Sem 5/Respiratory-Disease-Classification/data/processed/audio/cycles/195/1b1_Pr_015.wav
195,1b1,Pr,COPD,3,test,/Users/vs/Sem 5/Respiratory-Disease-Classification/data/processed/audio/cycles/195/1b1_Pr_016.wav
195,1b1,Pr,COPD,3,test,/Users/vs/Sem 5/Respiratory-Disease-Classification/data/processed/audio/cycles/195/1b1_Pr_017.wav
196,1b1,Pr,Bronchiectasis,1,train,/Users/vs/Sem 5/Respiratory-Disease-Classification/data/processed/audio/cycles/196/1b1_Pr_001.wav
196,1b1,Pr,Bronchiectasis,1,train,/Users/vs/Sem 5/Respiratory-Disease-Classification/data/processed/audio/cycles/196/1b1_Pr_002.wav
196,1b1,Pr,Bronchiectasis,1,train,/Users/vs/Sem 5/Respiratory-Disease-Classification/data/processed/audio/cycles/196/1b1_Pr_003.wav
196,1b1,Pr,Bronchiectasis,1,train,/Users/vs/Sem 5/Respiratory-Disease-Classification/data/processed/audio/cycles/196/1b1_Pr_004.wav
196,1b1,Pr,Bronchiectasis,1,train,/Users/vs/Sem 5/Respiratory-Disease-Classification/data/processed/audio/cycles/196/1b1_Pr_005.wav
196,1b1,Pr,Bronchiectasis,1,train,/Users/vs/Sem 5/Respiratory-Disease-Classification/data/processed/audio/cycles/196/1b1_Pr_006.wav
197,1b1,Al,URTI,7,train,/Users/vs/Sem 5/Respiratory-Disease-Classification/data/processed/audio/cycles/197/1b1_Al_001.wav
197,1b1,Al,URTI,7,train,/Users/vs/Sem 5/Respiratory-Disease-Classification/data/processed/audio/cycles/197/1b1_Al_002.wav
197,1b1,Al,URTI,7,train,/Users/vs/Sem 5/Respiratory-Disease-Classification/data/processed/audio/cycles/197/1b1_Al_003.wav
197,1b1,Tc,URTI,7,train,/Users/vs/Sem 5/Respiratory-Disease-Classification/data/processed/audio/cycles/197/1b1_Tc_001.wav
197,1b1,Tc,URTI,7,train,/Users/vs/Sem 5/Respiratory-Disease-Classification/data/processed/audio/cycles/197/1b1_Tc_002.wav
197,1b1,Tc,URTI,7,train,/Users/vs/Sem 5/Respiratory-Disease-Classification/data/processed/audio/cycles/197/1b1_Tc_003.wav
197,1b1,Tc,URTI,7,train,/Users/vs/Sem 5/Respiratory-Disease-Classification/data/processed/audio/cycles/197/1b1_Tc_004.wav
197,1b1,Tc,URTI,7,train,/Users/vs/Sem 5/Respiratory-Disease-Classification/data/processed/audio/cycles/197/1b1_Tc_005.wav
198,1b5,Al,COPD,3,test,/Users/vs/Sem 5/Respiratory-Disease-Classification/data/processed/audio/cycles/198/1b5_Al_001.wav
198,1b5,Al,COPD,3,test,/Users/vs/Sem 5/Respiratory-Disease-Classification/data/processed/audio/cycles/198/1b5_Al_002.wav
198,1b5,Al,COPD,3,test,/Users/vs/Sem 5/Respiratory-Disease-Classification/data/processed/audio/cycles/198/1b5_Al_003.wav
198,1b5,Al,COPD,3,test,/Users/vs/Sem 5/Respiratory-Disease-Classification/data/processed/audio/cycles/198/1b5_Al_004.wav
198,1b5,Al,COPD,3,test,/Users/vs/Sem 5/Respiratory-Disease-Classification/data/processed/audio/cycles/198/1b5_Al_005.wav
198,1b5,Al,COPD,3,test,/Users/vs/Sem 5/Respiratory-Disease-Classification/data/processed/audio/cycles/198/1b5_Al_006.wav
198,1b5,Al,COPD,3,test,/Users/vs/Sem 5/Respiratory-Disease-Classification/data/processed/audio/cycles/198/1b5_Al_007.wav
198,1b5,Ar,COPD,3,test,/Users/vs/Sem 5/Respiratory-Disease-Classification/data/processed/audio/cycles/198/1b5_Ar_001.wav
198,1b5,Ar,COPD,3,test,/Users/vs/Sem 5/Respiratory-Disease-Classification/data/processed/audio/cycles/198/1b5_Ar_002.wav
198,1b5,Ar,COPD,3,test,/Users/vs/Sem 5/Respiratory-Disease-Classification/data/processed/audio/cycles/198/1b5_Ar_003.wav
198,1b5,Ar,COPD,3,test,/Users/vs/Sem 5/Respiratory-Disease-Classification/data/processed/audio/cycles/198/1b5_Ar_004.wav
198,1b5,Ar,COPD,3,test,/Users/vs/Sem 5/Respiratory-Disease-Classification/data/processed/audio/cycles/198/1b5_Ar_005.wav
198,1b5,Ar,COPD,3,test,/Users/vs/Sem 5/Respiratory-Disease-Classification/data/processed/audio/cycles/198/1b5_Ar_006.wav
198,1b5,Ar,COPD,3,test,/Users/vs/Sem 5/Respiratory-Disease-Classification/data/processed/audio/cycles/198/1b5_Ar_007.wav
198,1b5,Ll,COPD,3,test,/Users/vs/Sem 5/Respiratory-Disease-Classification/data/processed/audio/cycles/198/1b5_Ll_001.wav
198,1b5,Ll,COPD,3,test,/Users/vs/Sem 5/Respiratory-Disease-Classification/data/processed/audio/cycles/198/1b5_Ll_002.wav
198,1b5,Ll,COPD,3,test,/Users/vs/Sem 5/Respiratory-Disease-Classification/data/processed/audio/cycles/198/1b5_Ll_003.wav
198,1b5,Ll,COPD,3,test,/Users/vs/Sem 5/Respiratory-Disease-Classification/data/processed/audio/cycles/198/1b5_Ll_004.wav
198,1b5,Ll,COPD,3,test,/Users/vs/Sem 5/Respiratory-Disease-Classification/data/processed/audio/cycles/198/1b5_Ll_005.wav
198,1b5,Ll,COPD,3,test,/Users/vs/Sem 5/Respiratory-Disease-Classification/data/processed/audio/cycles/198/1b5_Ll_006.wav
198,1b5,Ll,COPD,3,test,/Users/vs/Sem 5/Respiratory-Disease-Classification/data/processed/audio/cycles/198/1b5_Ll_007.wav
198,1b5,Lr,COPD,3,test,/Users/vs/Sem 5/Respiratory-Disease-Classification/data/processed/audio/cycles/198/1b5_Lr_001.wav
198,1b5,Lr,COPD,3,test,/Users/vs/Sem 5/Respiratory-Disease-Classification/data/processed/audio/cycles/198/1b5_Lr_002.wav
198,1b5,Lr,COPD,3,test,/Users/vs/Sem 5/Respiratory-Disease-Classification/data/processed/audio/cycles/198/1b5_Lr_003.wav
198,1b5,Lr,COPD,3,test,/Users/vs/Sem 5/Respiratory-Disease-Classification/data/processed/audio/cycles/198/1b5_Lr_004.wav
198,1b5,Lr,COPD,3,test,/Users/vs/Sem 5/Respiratory-Disease-Classification/data/processed/audio/cycles/198/1b5_Lr_005.wav
198,1b5,Lr,COPD,3,test,/Users/vs/Sem 5/Respiratory-Disease-Classification/data/processed/audio/cycles/198/1b5_Lr_006.wav
198,1b5,Lr,COPD,3,test,/Users/vs/Sem 5/Respiratory-Disease-Classification/data/processed/audio/cycles/198/1b5_Lr_007.wav
198,1b5,Pl,COPD,3,test,/Users/vs/Sem 5/Respiratory-Disease-Classification/data/processed/audio/cycles/198/1b5_Pl_001.wav
198,1b5,Pl,COPD,3,test,/Users/vs/Sem 5/Respiratory-Disease-Classification/data/processed/audio/cycles/198/1b5_Pl_002.wav
198,1b5,Pl,COPD,3,test,/Users/vs/Sem 5/Respiratory-Disease-Classification/data/processed/audio/cycles/198/1b5_Pl_003.wav
198,1b5,Pl,COPD,3,test,/Users/vs/Sem 5/Respiratory-Disease-Classification/data/processed/audio/cycles/198/1b5_Pl_004.wav
198,1b5,Pl,COPD,3,test,/Users/vs/Sem 5/Respiratory-Disease-Classification/data/processed/audio/cycles/198/1b5_Pl_005.wav
198,1b5,Pl,COPD,3,test,/Users/vs/Sem 5/Respiratory-Disease-Classification/data/processed/audio/cycles/198/1b5_Pl_006.wav
198,1b5,Pl,COPD,3,test,/Users/vs/Sem 5/Respiratory-Disease-Classification/data/processed/audio/cycles/198/1b5_Pl_007.wav
198,1b5,Pr,COPD,3,test,/Users/vs/Sem 5/Respiratory-Disease-Classification/data/processed/audio/cycles/198/1b5_Pr_001.wav
198,1b5,Pr,COPD,3,test,/Users/vs/Sem 5/Respiratory-Disease-Classification/data/processed/audio/cycles/198/1b5_Pr_002.wav
198,1b5,Pr,COPD,3,test,/Users/vs/Sem 5/Respiratory-Disease-Classification/data/processed/audio/cycles/198/1b5_Pr_003.wav
198,1b5,Pr,COPD,3,test,/Users/vs/Sem 5/Respiratory-Disease-Classification/data/processed/audio/cycles/198/1b5_Pr_004.wav
198,1b5,Pr,COPD,3,test,/Users/vs/Sem 5/Respiratory-Disease-Classification/data/processed/audio/cycles/198/1b5_Pr_005.wav
198,1b5,Pr,COPD,3,test,/Users/vs/Sem 5/Respiratory-Disease-Classification/data/processed/audio/cycles/198/1b5_Pr_006.wav
198,1b5,Pr,COPD,3,test,/Users/vs/Sem 5/Respiratory-Disease-Classification/data/processed/audio/cycles/198/1b5_Pr_007.wav
198,1b5,Tc,COPD,3,test,/Users/vs/Sem 5/Respiratory-Disease-Classification/data/processed/audio/cycles/198/1b5_Tc_001.wav
198,1b5,Tc,COPD,3,test,/Users/vs/Sem 5/Respiratory-Disease-Classification/data/processed/audio/cycles/198/1b5_Tc_002.wav
198,1b5,Tc,COPD,3,test,/Users/vs/Sem 5/Respiratory-Disease-Classification/data/processed/audio/cycles/198/1b5_Tc_003.wav
198,1b5,Tc,COPD,3,test,/Users/vs/Sem 5/Respiratory-Disease-Classification/data/processed/audio/cycles/198/1b5_Tc_004.wav
198,1b5,Tc,COPD,3,test,/Users/vs/Sem 5/Respiratory-Disease-Classification/data/processed/audio/cycles/198/1b5_Tc_005.wav
198,1b5,Tc,COPD,3,test,/Users/vs/Sem 5/Respiratory-Disease-Classification/data/processed/audio/cycles/198/1b5_Tc_006.wav
198,1b5,Tc,COPD,3,test,/Users/vs/Sem 5/Respiratory-Disease-Classification/data/processed/audio/cycles/198/1b5_Tc_007.wav
198,6p1,Al,COPD,3,test,/Users/vs/Sem 5/Respiratory-Disease-Classification/data/processed/audio/cycles/198/6p1_Al_001.wav
198,6p1,Al,COPD,3,test,/Users/vs/Sem 5/Respiratory-Disease-Classification/data/processed/audio/cycles/198/6p1_Al_002.wav
198,6p1,Al,COPD,3,test,/Users/vs/Sem 5/Respiratory-Disease-Classification/data/processed/audio/cycles/198/6p1_Al_003.wav
198,6p1,Al,COPD,3,test,/Users/vs/Sem 5/Respiratory-Disease-Classification/data/processed/audio/cycles/198/6p1_Al_004.wav
198,6p1,Al,COPD,3,test,/Users/vs/Sem 5/Respiratory-Disease-Classification/data/processed/audio/cycles/198/6p1_Al_005.wav
198,6p1,Al,COPD,3,test,/Users/vs/Sem 5/Respiratory-Disease-Classification/data/processed/audio/cycles/198/6p1_Al_006.wav
198,6p1,Al,COPD,3,test,/Users/vs/Sem 5/Respiratory-Disease-Classification/data/processed/audio/cycles/198/6p1_Al_007.wav
198,6p1,Ar,COPD,3,test,/Users/vs/Sem 5/Respiratory-Disease-Classification/data/processed/audio/cycles/198/6p1_Ar_001.wav
198,6p1,Ar,COPD,3,test,/Users/vs/Sem 5/Respiratory-Disease-Classification/data/processed/audio/cycles/198/6p1_Ar_002.wav
198,6p1,Ar,COPD,3,test,/Users/vs/Sem 5/Respiratory-Disease-Classification/data/processed/audio/cycles/198/6p1_Ar_003.wav
198,6p1,Ar,COPD,3,test,/Users/vs/Sem 5/Respiratory-Disease-Classification/data/processed/audio/cycles/198/6p1_Ar_004.wav
198,6p1,Ar,COPD,3,test,/Users/vs/Sem 5/Respiratory-Disease-Classification/data/processed/audio/cycles/198/6p1_Ar_005.wav
198,6p1,Ar,COPD,3,test,/Users/vs/Sem 5/Respiratory-Disease-Classification/data/processed/audio/cycles/198/6p1_Ar_006.wav
198,6p1,Ll,COPD,3,test,/Users/vs/Sem 5/Respiratory-Disease-Classification/data/processed/audio/cycles/198/6p1_Ll_001.wav
198,6p1,Ll,COPD,3,test,/Users/vs/Sem 5/Respiratory-Disease-Classification/data/processed/audio/cycles/198/6p1_Ll_002.wav
198,6p1,Ll,COPD,3,test,/Users/vs/Sem 5/Respiratory-Disease-Classification/data/processed/audio/cycles/198/6p1_Ll_003.wav
198,6p1,Ll,COPD,3,test,/Users/vs/Sem 5/Respiratory-Disease-Classification/data/processed/audio/cycles/198/6p1_Ll_004.wav
198,6p1,Ll,COPD,3,test,/Users/vs/Sem 5/Respiratory-Disease-Classification/data/processed/audio/cycles/198/6p1_Ll_005.wav
198,6p1,Ll,COPD,3,test,/Users/vs/Sem 5/Respiratory-Disease-Classification/data/processed/audio/cycles/198/6p1_Ll_006.wav
198,6p1,Ll,COPD,3,test,/Users/vs/Sem 5/Respiratory-Disease-Classification/data/processed/audio/cycles/198/6p1_Ll_007.wav
198,6p1,Lr,COPD,3,test,/Users/vs/Sem 5/Respiratory-Disease-Classification/data/processed/audio/cycles/198/6p1_Lr_001.wav
198,6p1,Lr,COPD,3,test,/Users/vs/Sem 5/Respiratory-Disease-Classification/data/processed/audio/cycles/198/6p1_Lr_002.wav
198,6p1,Lr,COPD,3,test,/Users/vs/Sem 5/Respiratory-Disease-Classification/data/processed/audio/cycles/198/6p1_Lr_003.wav
198,6p1,Lr,COPD,3,test,/Users/vs/Sem 5/Respiratory-Disease-Classification/data/processed/audio/cycles/198/6p1_Lr_004.wav
198,6p1,Lr,COPD,3,test,/Users/vs/Sem 5/Respiratory-Disease-Classification/data/processed/audio/cycles/198/6p1_Lr_005.wav
198,6p1,Lr,COPD,3,test,/Users/vs/Sem 5/Respiratory-Disease-Classification/data/processed/audio/cycles/198/6p1_Lr_006.wav
198,6p1,Lr,COPD,3,test,/Users/vs/Sem 5/Respiratory-Disease-Classification/data/processed/audio/cycles/198/6p1_Lr_007.wav
198,6p1,Pl,COPD,3,test,/Users/vs/Sem 5/Respiratory-Disease-Classification/data/processed/audio/cycles/198/6p1_Pl_001.wav
198,6p1,Pl,COPD,3,test,/Users/vs/Sem 5/Respiratory-Disease-Classification/data/processed/audio/cycles/198/6p1_Pl_002.wav
198,6p1,Pl,COPD,3,test,/Users/vs/Sem 5/Respiratory-Disease-Classification/data/processed/audio/cycles/198/6p1_Pl_003.wav
198,6p1,Pl,COPD,3,test,/Users/vs/Sem 5/Respiratory-Disease-Classification/data/processed/audio/cycles/198/6p1_Pl_004.wav
198,6p1,Pl,COPD,3,test,/Users/vs/Sem 5/Respiratory-Disease-Classification/data/processed/audio/cycles/198/6p1_Pl_005.wav
198,6p1,Pl,COPD,3,test,/Users/vs/Sem 5/Respiratory-Disease-Classification/data/processed/audio/cycles/198/6p1_Pl_006.wav
198,6p1,Pl,COPD,3,test,/Users/vs/Sem 5/Respiratory-Disease-Classification/data/processed/audio/cycles/198/6p1_Pl_007.wav
198,6p1,Pr,COPD,3,test,/Users/vs/Sem 5/Respiratory-Disease-Classification/data/processed/audio/cycles/198/6p1_Pr_001.wav
198,6p1,Pr,COPD,3,test,/Users/vs/Sem 5/Respiratory-Disease-Classification/data/processed/audio/cycles/198/6p1_Pr_002.wav
198,6p1,Pr,COPD,3,test,/Users/vs/Sem 5/Respiratory-Disease-Classification/data/processed/audio/cycles/198/6p1_Pr_003.wav
198,6p1,Pr,COPD,3,test,/Users/vs/Sem 5/Respiratory-Disease-Classification/data/processed/audio/cycles/198/6p1_Pr_004.wav
198,6p1,Pr,COPD,3,test,/Users/vs/Sem 5/Respiratory-Disease-Classification/data/processed/audio/cycles/198/6p1_Pr_005.wav
198,6p1,Pr,COPD,3,test,/Users/vs/Sem 5/Respiratory-Disease-Classification/data/processed/audio/cycles/198/6p1_Pr_006.wav
198,6p1,Pr,COPD,3,test,/Users/vs/Sem 5/Respiratory-Disease-Classification/data/processed/audio/cycles/198/6p1_Pr_007.wav
198,6p1,Tc,COPD,3,test,/Users/vs/Sem 5/Respiratory-Disease-Classification/data/processed/audio/cycles/198/6p1_Tc_001.wav
198,6p1,Tc,COPD,3,test,/Users/vs/Sem 5/Respiratory-Disease-Classification/data/processed/audio/cycles/198/6p1_Tc_002.wav
198,6p1,Tc,COPD,3,test,/Users/vs/Sem 5/Respiratory-Disease-Classification/data/processed/audio/cycles/198/6p1_Tc_003.wav
198,6p1,Tc,COPD,3,test,/Users/vs/Sem 5/Respiratory-Disease-Classification/data/processed/audio/cycles/198/6p1_Tc_004.wav
198,6p1,Tc,COPD,3,test,/Users/vs/Sem 5/Respiratory-Disease-Classification/data/processed/audio/cycles/198/6p1_Tc_005.wav
198,6p1,Tc,COPD,3,test,/Users/vs/Sem 5/Respiratory-Disease-Classification/data/processed/audio/cycles/198/6p1_Tc_006.wav
198,6p1,Tc,COPD,3,test,/Users/vs/Sem 5/Respiratory-Disease-Classification/data/processed/audio/cycles/198/6p1_Tc_007.wav
198,6p1,Tc,COPD,3,test,/Users/vs/Sem 5/Respiratory-Disease-Classification/data/processed/audio/cycles/198/6p1_Tc_008.wav
199,2b1,Ll,COPD,3,train,/Users/vs/Sem 5/Respiratory-Disease-Classification/data/processed/audio/cycles/199/2b1_Ll_001.wav
199,2b1,Ll,COPD,3,train,/Users/vs/Sem 5/Respiratory-Disease-Classification/data/processed/audio/cycles/199/2b1_Ll_002.wav
199,2b1,Ll,COPD,3,train,/Users/vs/Sem 5/Respiratory-Disease-Classification/data/processed/audio/cycles/199/2b1_Ll_003.wav
199,2b1,Ll,COPD,3,train,/Users/vs/Sem 5/Respiratory-Disease-Classification/data/processed/audio/cycles/199/2b1_Ll_004.wav
199,2b1,Ll,COPD,3,train,/Users/vs/Sem 5/Respiratory-Disease-Classification/data/processed/audio/cycles/199/2b1_Ll_005.wav
199,2b1,Ll,COPD,3,train,/Users/vs/Sem 5/Respiratory-Disease-Classification/data/processed/audio/cycles/199/2b1_Ll_006.wav
199,2b1,Ll,COPD,3,train,/Users/vs/Sem 5/Respiratory-Disease-Classification/data/processed/audio/cycles/199/2b1_Ll_007.wav
199,2b1,Ll,COPD,3,train,/Users/vs/Sem 5/Respiratory-Disease-Classification/data/processed/audio/cycles/199/2b1_Ll_008.wav
199,2b1,Ll,COPD,3,train,/Users/vs/Sem 5/Respiratory-Disease-Classification/data/processed/audio/cycles/199/2b1_Ll_009.wav
199,2b3,Ll,COPD,3,train,/Users/vs/Sem 5/Respiratory-Disease-Classification/data/processed/audio/cycles/199/2b3_Ll_001.wav
199,2b3,Ll,COPD,3,train,/Users/vs/Sem 5/Respiratory-Disease-Classification/data/processed/audio/cycles/199/2b3_Ll_002.wav
199,2b3,Ll,COPD,3,train,/Users/vs/Sem 5/Respiratory-Disease-Classification/data/processed/audio/cycles/199/2b3_Ll_003.wav
199,2b3,Ll,COPD,3,train,/Users/vs/Sem 5/Respiratory-Disease-Classification/data/processed/audio/cycles/199/2b3_Ll_004.wav
199,2b3,Ll,COPD,3,train,/Users/vs/Sem 5/Respiratory-Disease-Classification/data/processed/audio/cycles/199/2b3_Ll_005.wav
199,2b3,Ll,COPD,3,train,/Users/vs/Sem 5/Respiratory-Disease-Classification/data/processed/audio/cycles/199/2b3_Ll_006.wav
199,2b3,Ll,COPD,3,train,/Users/vs/Sem 5/Respiratory-Disease-Classification/data/processed/audio/cycles/199/2b3_Ll_007.wav
199,2b3,Ll,COPD,3,train,/Users/vs/Sem 5/Respiratory-Disease-Classification/data/processed/audio/cycles/199/2b3_Ll_008.wav
199,2b3,Ll,COPD,3,train,/Users/vs/Sem 5/Respiratory-Disease-Classification/data/processed/audio/cycles/199/2b3_Ll_009.wav
200,2p2,Al,COPD,3,train,/Users/vs/Sem 5/Respiratory-Disease-Classification/data/processed/audio/cycles/200/2p2_Al_001.wav
200,2p2,Al,COPD,3,train,/Users/vs/Sem 5/Respiratory-Disease-Classification/data/processed/audio/cycles/200/2p2_Al_002.wav
200,2p2,Al,COPD,3,train,/Users/vs/Sem 5/Respiratory-Disease-Classification/data/processed/audio/cycles/200/2p2_Al_003.wav
200,2p2,Al,COPD,3,train,/Users/vs/Sem 5/Respiratory-Disease-Classification/data/processed/audio/cycles/200/2p2_Al_004.wav
200,2p2,Al,COPD,3,train,/Users/vs/Sem 5/Respiratory-Disease-Classification/data/processed/audio/cycles/200/2p2_Al_005.wav
200,2p2,Ar,COPD,3,train,/Users/vs/Sem 5/Respiratory-Disease-Classification/data/processed/audio/cycles/200/2p2_Ar_001.wav
200,2p2,Ar,COPD,3,train,/Users/vs/Sem 5/Respiratory-Disease-Classification/data/processed/audio/cycles/200/2p2_Ar_002.wav
200,2p2,Ar,COPD,3,train,/Users/vs/Sem 5/Respiratory-Disease-Classification/data/processed/audio/cycles/200/2p2_Ar_003.wav
200,2p2,Ar,COPD,3,train,/Users/vs/Sem 5/Respiratory-Disease-Classification/data/processed/audio/cycles/200/2p2_Ar_004.wav
200,2p2,Ar,COPD,3,train,/Users/vs/Sem 5/Respiratory-Disease-Classification/data/processed/audio/cycles/200/2p2_Ar_005.wav
200,2p2,Lr,COPD,3,train,/Users/vs/Sem 5/Respiratory-Disease-Classification/data/processed/audio/cycles/200/2p2_Lr_001.wav
200,2p2,Lr,COPD,3,train,/Users/vs/Sem 5/Respiratory-Disease-Classification/data/processed/audio/cycles/200/2p2_Lr_002.wav
200,2p2,Lr,COPD,3,train,/Users/vs/Sem 5/Respiratory-Disease-Classification/data/processed/audio/cycles/200/2p2_Lr_003.wav
200,2p2,Lr,COPD,3,train,/Users/vs/Sem 5/Respiratory-Disease-Classification/data/processed/audio/cycles/200/2p2_Lr_004.wav
200,2p2,Lr,COPD,3,train,/Users/vs/Sem 5/Respiratory-Disease-Classification/data/processed/audio/cycles/200/2p2_Lr_005.wav
200,2p2,Pl,COPD,3,train,/Users/vs/Sem 5/Respiratory-Disease-Classification/data/processed/audio/cycles/200/2p2_Pl_001.wav
200,2p2,Pl,COPD,3,train,/Users/vs/Sem 5/Respiratory-Disease-Classification/data/processed/audio/cycles/200/2p2_Pl_002.wav
200,2p2,Pl,COPD,3,train,/Users/vs/Sem 5/Respiratory-Disease-Classification/data/processed/audio/cycles/200/2p2_Pl_003.wav
200,2p2,Pl,COPD,3,train,/Users/vs/Sem 5/Respiratory-Disease-Classification/data/processed/audio/cycles/200/2p2_Pl_004.wav
200,2p2,Pl,COPD,3,train,/Users/vs/Sem 5/Respiratory-Disease-Classification/data/processed/audio/cycles/200/2p2_Pl_005.wav
200,2p2,Pr,COPD,3,train,/Users/vs/Sem 5/Respiratory-Disease-Classification/data/processed/audio/cycles/200/2p2_Pr_001.wav
200,2p2,Pr,COPD,3,train,/Users/vs/Sem 5/Respiratory-Disease-Classification/data/processed/audio/cycles/200/2p2_Pr_002.wav
200,2p2,Pr,COPD,3,train,/Users/vs/Sem 5/Respiratory-Disease-Classification/data/processed/audio/cycles/200/2p2_Pr_003.wav
200,2p2,Pr,COPD,3,train,/Users/vs/Sem 5/Respiratory-Disease-Classification/data/processed/audio/cycles/200/2p2_Pr_004.wav
200,2p2,Pr,COPD,3,train,/Users/vs/Sem 5/Respiratory-Disease-Classification/data/processed/audio/cycles/200/2p2_Pr_005.wav
200,2p2,Tc,COPD,3,train,/Users/vs/Sem 5/Respiratory-Disease-Classification/data/processed/audio/cycles/200/2p2_Tc_001.wav
200,2p2,Tc,COPD,3,train,/Users/vs/Sem 5/Respiratory-Disease-Classification/data/processed/audio/cycles/200/2p2_Tc_002.wav
200,2p2,Tc,COPD,3,train,/Users/vs/Sem 5/Respiratory-Disease-Classification/data/processed/audio/cycles/200/2p2_Tc_003.wav
200,2p2,Tc,COPD,3,train,/Users/vs/Sem 5/Respiratory-Disease-Classification/data/processed/audio/cycles/200/2p2_Tc_004.wav
200,2p2,Tc,COPD,3,train,/Users/vs/Sem 5/Respiratory-Disease-Classification/data/processed/audio/cycles/200/2p2_Tc_005.wav
200,2p3,Al,COPD,3,train,/Users/vs/Sem 5/Respiratory-Disease-Classification/data/processed/audio/cycles/200/2p3_Al_001.wav
200,2p3,Al,COPD,3,train,/Users/vs/Sem 5/Respiratory-Disease-Classification/data/processed/audio/cycles/200/2p3_Al_002.wav
200,2p3,Al,COPD,3,train,/Users/vs/Sem 5/Respiratory-Disease-Classification/data/processed/audio/cycles/200/2p3_Al_003.wav
200,2p3,Ar,COPD,3,train,/Users/vs/Sem 5/Respiratory-Disease-Classification/data/processed/audio/cycles/200/2p3_Ar_001.wav
200,2p3,Ar,COPD,3,train,/Users/vs/Sem 5/Respiratory-Disease-Classification/data/processed/audio/cycles/200/2p3_Ar_002.wav
200,2p3,Ar,COPD,3,train,/Users/vs/Sem 5/Respiratory-Disease-Classification/data/processed/audio/cycles/200/2p3_Ar_003.wav
200,2p3,Lr,COPD,3,train,/Users/vs/Sem 5/Respiratory-Disease-Classification/data/processed/audio/cycles/200/2p3_Lr_001.wav
200,2p3,Lr,COPD,3,train,/Users/vs/Sem 5/Respiratory-Disease-Classification/data/processed/audio/cycles/200/2p3_Lr_002.wav
200,2p3,Lr,COPD,3,train,/Users/vs/Sem 5/Respiratory-Disease-Classification/data/processed/audio/cycles/200/2p3_Lr_003.wav
200,2p3,Pl,COPD,3,train,/Users/vs/Sem 5/Respiratory-Disease-Classification/data/processed/audio/cycles/200/2p3_Pl_001.wav
200,2p3,Pl,COPD,3,train,/Users/vs/Sem 5/Respiratory-Disease-Classification/data/processed/audio/cycles/200/2p3_Pl_002.wav
200,2p3,Pl,COPD,3,train,/Users/vs/Sem 5/Respiratory-Disease-Classification/data/processed/audio/cycles/200/2p3_Pl_003.wav
200,2p3,Pr,COPD,3,train,/Users/vs/Sem 5/Respiratory-Disease-Classification/data/processed/audio/cycles/200/2p3_Pr_001.wav
200,2p3,Pr,COPD,3,train,/Users/vs/Sem 5/Respiratory-Disease-Classification/data/processed/audio/cycles/200/2p3_Pr_002.wav
200,2p3,Pr,COPD,3,train,/Users/vs/Sem 5/Respiratory-Disease-Classification/data/processed/audio/cycles/200/2p3_Pr_003.wav
200,2p3,Tc,COPD,3,train,/Users/vs/Sem 5/Respiratory-Disease-Classification/data/processed/audio/cycles/200/2p3_Tc_001.wav
200,2p3,Tc,COPD,3,train,/Users/vs/Sem 5/Respiratory-Disease-Classification/data/processed/audio/cycles/200/2p3_Tc_002.wav
200,2p3,Tc,COPD,3,train,/Users/vs/Sem 5/Respiratory-Disease-Classification/data/processed/audio/cycles/200/2p3_Tc_003.wav
200,2p4,Al,COPD,3,train,/Users/vs/Sem 5/Respiratory-Disease-Classification/data/processed/audio/cycles/200/2p4_Al_001.wav
200,2p4,Al,COPD,3,train,/Users/vs/Sem 5/Respiratory-Disease-Classification/data/processed/audio/cycles/200/2p4_Al_002.wav
200,2p4,Al,COPD,3,train,/Users/vs/Sem 5/Respiratory-Disease-Classification/data/processed/audio/cycles/200/2p4_Al_003.wav
200,2p4,Al,COPD,3,train,/Users/vs/Sem 5/Respiratory-Disease-Classification/data/processed/audio/cycles/200/2p4_Al_004.wav
200,2p4,Al,COPD,3,train,/Users/vs/Sem 5/Respiratory-Disease-Classification/data/processed/audio/cycles/200/2p4_Al_005.wav
200,2p4,Ar,COPD,3,train,/Users/vs/Sem 5/Respiratory-Disease-Classification/data/processed/audio/cycles/200/2p4_Ar_001.wav
200,2p4,Ar,COPD,3,train,/Users/vs/Sem 5/Respiratory-Disease-Classification/data/processed/audio/cycles/200/2p4_Ar_002.wav
200,2p4,Ar,COPD,3,train,/Users/vs/Sem 5/Respiratory-Disease-Classification/data/processed/audio/cycles/200/2p4_Ar_003.wav
200,2p4,Ar,COPD,3,train,/Users/vs/Sem 5/Respiratory-Disease-Classification/data/processed/audio/cycles/200/2p4_Ar_004.wav
200,2p4,Ar,COPD,3,train,/Users/vs/Sem 5/Respiratory-Disease-Classification/data/processed/audio/cycles/200/2p4_Ar_005.wav
200,2p4,Lr,COPD,3,train,/Users/vs/Sem 5/Respiratory-Disease-Classification/data/processed/audio/cycles/200/2p4_Lr_001.wav
200,2p4,Lr,COPD,3,train,/Users/vs/Sem 5/Respiratory-Disease-Classification/data/processed/audio/cycles/200/2p4_Lr_002.wav
200,2p4,Lr,COPD,3,train,/Users/vs/Sem 5/Respiratory-Disease-Classification/data/processed/audio/cycles/200/2p4_Lr_003.wav
200,2p4,Lr,COPD,3,train,/Users/vs/Sem 5/Respiratory-Disease-Classification/data/processed/audio/cycles/200/2p4_Lr_004.wav
200,2p4,Lr,COPD,3,train,/Users/vs/Sem 5/Respiratory-Disease-Classification/data/processed/audio/cycles/200/2p4_Lr_005.wav
200,2p4,Pl,COPD,3,train,/Users/vs/Sem 5/Respiratory-Disease-Classification/data/processed/audio/cycles/200/2p4_Pl_001.wav
200,2p4,Pl,COPD,3,train,/Users/vs/Sem 5/Respiratory-Disease-Classification/data/processed/audio/cycles/200/2p4_Pl_002.wav
200,2p4,Pl,COPD,3,train,/Users/vs/Sem 5/Respiratory-Disease-Classification/data/processed/audio/cycles/200/2p4_Pl_003.wav
200,2p4,Pl,COPD,3,train,/Users/vs/Sem 5/Respiratory-Disease-Classification/data/processed/audio/cycles/200/2p4_Pl_004.wav
200,2p4,Pl,COPD,3,train,/Users/vs/Sem 5/Respiratory-Disease-Classification/data/processed/audio/cycles/200/2p4_Pl_005.wav
200,2p4,Pr,COPD,3,train,/Users/vs/Sem 5/Respiratory-Disease-Classification/data/processed/audio/cycles/200/2p4_Pr_001.wav
200,2p4,Pr,COPD,3,train,/Users/vs/Sem 5/Respiratory-Disease-Classification/data/processed/audio/cycles/200/2p4_Pr_002.wav
200,2p4,Pr,COPD,3,train,/Users/vs/Sem 5/Respiratory-Disease-Classification/data/processed/audio/cycles/200/2p4_Pr_003.wav
200,2p4,Pr,COPD,3,train,/Users/vs/Sem 5/Respiratory-Disease-Classification/data/processed/audio/cycles/200/2p4_Pr_004.wav
200,2p4,Pr,COPD,3,train,/Users/vs/Sem 5/Respiratory-Disease-Classification/data/processed/audio/cycles/200/2p4_Pr_005.wav
200,2p4,Tc,COPD,3,train,/Users/vs/Sem 5/Respiratory-Disease-Classification/data/processed/audio/cycles/200/2p4_Tc_001.wav
200,2p4,Tc,COPD,3,train,/Users/vs/Sem 5/Respiratory-Disease-Classification/data/processed/audio/cycles/200/2p4_Tc_002.wav
200,2p4,Tc,COPD,3,train,/Users/vs/Sem 5/Respiratory-Disease-Classification/data/processed/audio/cycles/200/2p4_Tc_003.wav
200,2p4,Tc,COPD,3,train,/Users/vs/Sem 5/Respiratory-Disease-Classification/data/processed/audio/cycles/200/2p4_Tc_004.wav
200,2p4,Tc,COPD,3,train,/Users/vs/Sem 5/Respiratory-Disease-Classification/data/processed/audio/cycles/200/2p4_Tc_005.wav
200,3p4,Al,COPD,3,train,/Users/vs/Sem 5/Respiratory-Disease-Classification/data/processed/audio/cycles/200/3p4_Al_001.wav
200,3p4,Al,COPD,3,train,/Users/vs/Sem 5/Respiratory-Disease-Classification/data/processed/audio/cycles/200/3p4_Al_002.wav
200,3p4,Al,COPD,3,train,/Users/vs/Sem 5/Respiratory-Disease-Classification/data/processed/audio/cycles/200/3p4_Al_003.wav
200,3p4,Al,COPD,3,train,/Users/vs/Sem 5/Respiratory-Disease-Classification/data/processed/audio/cycles/200/3p4_Al_004.wav
200,3p4,Ar,COPD,3,train,/Users/vs/Sem 5/Respiratory-Disease-Classification/data/processed/audio/cycles/200/3p4_Ar_001.wav
200,3p4,Ar,COPD,3,train,/Users/vs/Sem 5/Respiratory-Disease-Classification/data/processed/audio/cycles/200/3p4_Ar_002.wav
200,3p4,Ar,COPD,3,train,/Users/vs/Sem 5/Respiratory-Disease-Classification/data/processed/audio/cycles/200/3p4_Ar_003.wav
200,3p4,Ar,COPD,3,train,/Users/vs/Sem 5/Respiratory-Disease-Classification/data/processed/audio/cycles/200/3p4_Ar_004.wav
200,3p4,Pl,COPD,3,train,/Users/vs/Sem 5/Respiratory-Disease-Classification/data/processed/audio/cycles/200/3p4_Pl_001.wav
200,3p4,Pl,COPD,3,train,/Users/vs/Sem 5/Respiratory-Disease-Classification/data/processed/audio/cycles/200/3p4_Pl_002.wav
200,3p4,Pl,COPD,3,train,/Users/vs/Sem 5/Respiratory-Disease-Classification/data/processed/audio/cycles/200/3p4_Pl_003.wav
200,3p4,Pl,COPD,3,train,/Users/vs/Sem 5/Respiratory-Disease-Classification/data/processed/audio/cycles/200/3p4_Pl_004.wav
200,3p4,Pr,COPD,3,train,/Users/vs/Sem 5/Respiratory-Disease-Classification/data/processed/audio/cycles/200/3p4_Pr_001.wav
200,3p4,Pr,COPD,3,train,/Users/vs/Sem 5/Respiratory-Disease-Classification/data/processed/audio/cycles/200/3p4_Pr_002.wav
200,3p4,Pr,COPD,3,train,/Users/vs/Sem 5/Respiratory-Disease-Classification/data/processed/audio/cycles/200/3p4_Pr_003.wav
200,3p4,Pr,COPD,3,train,/Users/vs/Sem 5/Respiratory-Disease-Classification/data/processed/audio/cycles/200/3p4_Pr_004.wav
200,3p4,Tc,COPD,3,train,/Users/vs/Sem 5/Respiratory-Disease-Classification/data/processed/audio/cycles/200/3p4_Tc_001.wav
200,3p4,Tc,COPD,3,train,/Users/vs/Sem 5/Respiratory-Disease-Classification/data/processed/audio/cycles/200/3p4_Tc_002.wav
200,3p4,Tc,COPD,3,train,/Users/vs/Sem 5/Respiratory-Disease-Classification/data/processed/audio/cycles/200/3p4_Tc_003.wav
200,3p4,Tc,COPD,3,train,/Users/vs/Sem 5/Respiratory-Disease-Classification/data/processed/audio/cycles/200/3p4_Tc_004.wav
201,1b1,Al,Bronchiectasis,1,train,/Users/vs/Sem 5/Respiratory-Disease-Classification/data/processed/audio/cycles/201/1b1_Al_001.wav
201,1b1,Al,Bronchiectasis,1,train,/Users/vs/Sem 5/Respiratory-Disease-Classification/data/processed/audio/cycles/201/1b1_Al_002.wav
201,1b1,Al,Bronchiectasis,1,train,/Users/vs/Sem 5/Respiratory-Disease-Classification/data/processed/audio/cycles/201/1b1_Al_003.wav
201,1b1,Al,Bronchiectasis,1,train,/Users/vs/Sem 5/Respiratory-Disease-Classification/data/processed/audio/cycles/201/1b1_Al_004.wav
201,1b1,Al,Bronchiectasis,1,train,/Users/vs/Sem 5/Respiratory-Disease-Classification/data/processed/audio/cycles/201/1b1_Al_005.wav
201,1b1,Al,Bronchiectasis,1,train,/Users/vs/Sem 5/Respiratory-Disease-Classification/data/processed/audio/cycles/201/1b1_Al_006.wav
201,1b1,Al,Bronchiectasis,1,train,/Users/vs/Sem 5/Respiratory-Disease-Classification/data/processed/audio/cycles/201/1b1_Al_007.wav
201,1b1,Ar,Bronchiectasis,1,train,/Users/vs/Sem 5/Respiratory-Disease-Classification/data/processed/audio/cycles/201/1b1_Ar_001.wav
201,1b1,Ar,Bronchiectasis,1,train,/Users/vs/Sem 5/Respiratory-Disease-Classification/data/processed/audio/cycles/201/1b1_Ar_002.wav
201,1b1,Ar,Bronchiectasis,1,train,/Users/vs/Sem 5/Respiratory-Disease-Classification/data/processed/audio/cycles/201/1b1_Ar_003.wav
201,1b1,Ar,Bronchiectasis,1,train,/Users/vs/Sem 5/Respiratory-Disease-Classification/data/processed/audio/cycles/201/1b1_Ar_004.wav
201,1b1,Ar,Bronchiectasis,1,train,/Users/vs/Sem 5/Respiratory-Disease-Classification/data/processed/audio/cycles/201/1b1_Ar_005.wav
201,1b1,Ar,Bronchiectasis,1,train,/Users/vs/Sem 5/Respiratory-Disease-Classification/data/processed/audio/cycles/201/1b1_Ar_006.wav
201,1b1,Ar,Bronchiectasis,1,train,/Users/vs/Sem 5/Respiratory-Disease-Classification/data/processed/audio/cycles/201/1b1_Ar_007.wav
201,1b2,Al,Bronchiectasis,1,train,/Users/vs/Sem 5/Respiratory-Disease-Classification/data/processed/audio/cycles/201/1b2_Al_001.wav
201,1b2,Al,Bronchiectasis,1,train,/Users/vs/Sem 5/Respiratory-Disease-Classification/data/processed/audio/cycles/201/1b2_Al_002.wav
201,1b2,Al,Bronchiectasis,1,train,/Users/vs/Sem 5/Respiratory-Disease-Classification/data/processed/audio/cycles/201/1b2_Al_003.wav
201,1b2,Al,Bronchiectasis,1,train,/Users/vs/Sem 5/Respiratory-Disease-Classification/data/processed/audio/cycles/201/1b2_Al_004.wav
201,1b2,Al,Bronchiectasis,1,train,/Users/vs/Sem 5/Respiratory-Disease-Classification/data/processed/audio/cycles/201/1b2_Al_005.wav
201,1b2,Al,Bronchiectasis,1,train,/Users/vs/Sem 5/Respiratory-Disease-Classification/data/processed/audio/cycles/201/1b2_Al_006.wav
201,1b2,Al,Bronchiectasis,1,train,/Users/vs/Sem 5/Respiratory-Disease-Classification/data/processed/audio/cycles/201/1b2_Al_007.wav
201,1b2,Ar,Bronchiectasis,1,train,/Users/vs/Sem 5/Respiratory-Disease-Classification/data/processed/audio/cycles/201/1b2_Ar_001.wav
201,1b2,Ar,Bronchiectasis,1,train,/Users/vs/Sem 5/Respiratory-Disease-Classification/data/processed/audio/cycles/201/1b2_Ar_002.wav
201,1b2,Ar,Bronchiectasis,1,train,/Users/vs/Sem 5/Respiratory-Disease-Classification/data/processed/audio/cycles/201/1b2_Ar_003.wav
201,1b2,Ar,Bronchiectasis,1,train,/Users/vs/Sem 5/Respiratory-Disease-Classification/data/processed/audio/cycles/201/1b2_Ar_004.wav
201,1b2,Ar,Bronchiectasis,1,train,/Users/vs/Sem 5/Respiratory-Disease-Classification/data/processed/audio/cycles/201/1b2_Ar_005.wav
201,1b2,Ar,Bronchiectasis,1,train,/Users/vs/Sem 5/Respiratory-Disease-Classification/data/processed/audio/cycles/201/1b2_Ar_006.wav
201,1b2,Ar,Bronchiectasis,1,train,/Users/vs/Sem 5/Respiratory-Disease-Classification/data/processed/audio/cycles/201/1b2_Ar_007.wav
201,1b3,Al,Bronchiectasis,1,train,/Users/vs/Sem 5/Respiratory-Disease-Classification/data/processed/audio/cycles/201/1b3_Al_001.wav
201,1b3,Al,Bronchiectasis,1,train,/Users/vs/Sem 5/Respiratory-Disease-Classification/data/processed/audio/cycles/201/1b3_Al_002.wav
201,1b3,Al,Bronchiectasis,1,train,/Users/vs/Sem 5/Respiratory-Disease-Classification/data/processed/audio/cycles/201/1b3_Al_003.wav
201,1b3,Al,Bronchiectasis,1,train,/Users/vs/Sem 5/Respiratory-Disease-Classification/data/processed/audio/cycles/201/1b3_Al_004.wav
201,1b3,Al,Bronchiectasis,1,train,/Users/vs/Sem 5/Respiratory-Disease-Classification/data/processed/audio/cycles/201/1b3_Al_005.wav
201,1b3,Al,Bronchiectasis,1,train,/Users/vs/Sem 5/Respiratory-Disease-Classification/data/processed/audio/cycles/201/1b3_Al_006.wav
201,1b3,Ar,Bronchiectasis,1,train,/Users/vs/Sem 5/Respiratory-Disease-Classification/data/processed/audio/cycles/201/1b3_Ar_001.wav
201,1b3,Ar,Bronchiectasis,1,train,/Users/vs/Sem 5/Respiratory-Disease-Classification/data/processed/audio/cycles/201/1b3_Ar_002.wav
201,1b3,Ar,Bronchiectasis,1,train,/Users/vs/Sem 5/Respiratory-Disease-Classification/data/processed/audio/cycles/201/1b3_Ar_003.wav
201,1b3,Ar,Bronchiectasis,1,train,/Users/vs/Sem 5/Respiratory-Disease-Classification/data/processed/audio/cycles/201/1b3_Ar_004.wav
201,1b3,Ar,Bronchiectasis,1,train,/Users/vs/Sem 5/Respiratory-Disease-Classification/data/processed/audio/cycles/201/1b3_Ar_005.wav
201,1b3,Ar,Bronchiectasis,1,train,/Users/vs/Sem 5/Respiratory-Disease-Classification/data/processed/audio/cycles/201/1b3_Ar_006.wav
201,1b3,Ar,Bronchiectasis,1,train,/Users/vs/Sem 5/Respiratory-Disease-Classification/data/processed/audio/cycles/201/1b3_Ar_007.wav
202,1b1,Ar,Healthy,4,test,/Users/vs/Sem 5/Respiratory-Disease-Classification/data/processed/audio/cycles/202/1b1_Ar_001.wav
202,1b1,Ar,Healthy,4,test,/Users/vs/Sem 5/Respiratory-Disease-Classification/data/processed/audio/cycles/202/1b1_Ar_002.wav
202,1b1,Ar,Healthy,4,test,/Users/vs/Sem 5/Respiratory-Disease-Classification/data/processed/audio/cycles/202/1b1_Ar_003.wav
202,1b1,Ar,Healthy,4,test,/Users/vs/Sem 5/Respiratory-Disease-Classification/data/processed/audio/cycles/202/1b1_Ar_004.wav
202,1b1,Ar,Healthy,4,test,/Users/vs/Sem 5/Respiratory-Disease-Classification/data/processed/audio/cycles/202/1b1_Ar_005.wav
202,1b1,Ar,Healthy,4,test,/Users/vs/Sem 5/Respiratory-Disease-Classification/data/processed/audio/cycles/202/1b1_Ar_006.wav
202,1b1,Ar,Healthy,4,test,/Users/vs/Sem 5/Respiratory-Disease-Classification/data/processed/audio/cycles/202/1b1_Ar_007.wav
202,1b1,Ar,Healthy,4,test,/Users/vs/Sem 5/Respiratory-Disease-Classification/data/processed/audio/cycles/202/1b1_Ar_008.wav
202,1b1,Ar,Healthy,4,test,/Users/vs/Sem 5/Respiratory-Disease-Classification/data/processed/audio/cycles/202/1b1_Ar_009.wav
202,1b1,Ar,Healthy,4,test,/Users/vs/Sem 5/Respiratory-Disease-Classification/data/processed/audio/cycles/202/1b1_Ar_010.wav
203,1p2,Al,COPD,3,train,/Users/vs/Sem 5/Respiratory-Disease-Classification/data/processed/audio/cycles/203/1p2_Al_001.wav
203,1p2,Al,COPD,3,train,/Users/vs/Sem 5/Respiratory-Disease-Classification/data/processed/audio/cycles/203/1p2_Al_002.wav
203,1p2,Al,COPD,3,train,/Users/vs/Sem 5/Respiratory-Disease-Classification/data/processed/audio/cycles/203/1p2_Al_003.wav
203,1p2,Al,COPD,3,train,/Users/vs/Sem 5/Respiratory-Disease-Classification/data/processed/audio/cycles/203/1p2_Al_004.wav
203,1p2,Al,COPD,3,train,/Users/vs/Sem 5/Respiratory-Disease-Classification/data/processed/audio/cycles/203/1p2_Al_005.wav
203,1p2,Al,COPD,3,train,/Users/vs/Sem 5/Respiratory-Disease-Classification/data/processed/audio/cycles/203/1p2_Al_006.wav
203,1p2,Al,COPD,3,train,/Users/vs/Sem 5/Respiratory-Disease-Classification/data/processed/audio/cycles/203/1p2_Al_007.wav
203,1p2,Al,COPD,3,train,/Users/vs/Sem 5/Respiratory-Disease-Classification/data/processed/audio/cycles/203/1p2_Al_008.wav
203,1p2,Al,COPD,3,train,/Users/vs/Sem 5/Respiratory-Disease-Classification/data/processed/audio/cycles/203/1p2_Al_009.wav
203,1p2,Al,COPD,3,train,/Users/vs/Sem 5/Respiratory-Disease-Classification/data/processed/audio/cycles/203/1p2_Al_010.wav
203,1p2,Ar,COPD,3,train,/Users/vs/Sem 5/Respiratory-Disease-Classification/data/processed/audio/cycles/203/1p2_Ar_001.wav
203,1p2,Ar,COPD,3,train,/Users/vs/Sem 5/Respiratory-Disease-Classification/data/processed/audio/cycles/203/1p2_Ar_002.wav
203,1p2,Ar,COPD,3,train,/Users/vs/Sem 5/Respiratory-Disease-Classification/data/processed/audio/cycles/203/1p2_Ar_003.wav
203,1p2,Ar,COPD,3,train,/Users/vs/Sem 5/Respiratory-Disease-Classification/data/processed/audio/cycles/203/1p2_Ar_004.wav
203,1p2,Ar,COPD,3,train,/Users/vs/Sem 5/Respiratory-Disease-Classification/data/processed/audio/cycles/203/1p2_Ar_005.wav
203,1p2,Ar,COPD,3,train,/Users/vs/Sem 5/Respiratory-Disease-Classification/data/processed/audio/cycles/203/1p2_Ar_006.wav
203,1p2,Ar,COPD,3,train,/Users/vs/Sem 5/Respiratory-Disease-Classification/data/processed/audio/cycles/203/1p2_Ar_007.wav
203,1p2,Ar,COPD,3,train,/Users/vs/Sem 5/Respiratory-Disease-Classification/data/processed/audio/cycles/203/1p2_Ar_008.wav
203,1p2,Ar,COPD,3,train,/Users/vs/Sem 5/Respiratory-Disease-Classification/data/processed/audio/cycles/203/1p2_Ar_009.wav
203,1p2,Ar,COPD,3,train,/Users/vs/Sem 5/Respiratory-Disease-Classification/data/processed/audio/cycles/203/1p2_Ar_010.wav
203,1p2,Lr,COPD,3,train,/Users/vs/Sem 5/Respiratory-Disease-Classification/data/processed/audio/cycles/203/1p2_Lr_001.wav
203,1p2,Lr,COPD,3,train,/Users/vs/Sem 5/Respiratory-Disease-Classification/data/processed/audio/cycles/203/1p2_Lr_002.wav
203,1p2,Lr,COPD,3,train,/Users/vs/Sem 5/Respiratory-Disease-Classification/data/processed/audio/cycles/203/1p2_Lr_003.wav
203,1p2,Lr,COPD,3,train,/Users/vs/Sem 5/Respiratory-Disease-Classification/data/processed/audio/cycles/203/1p2_Lr_004.wav
203,1p2,Lr,COPD,3,train,/Users/vs/Sem 5/Respiratory-Disease-Classification/data/processed/audio/cycles/203/1p2_Lr_005.wav
203,1p2,Lr,COPD,3,train,/Users/vs/Sem 5/Respiratory-Disease-Classification/data/processed/audio/cycles/203/1p2_Lr_006.wav
203,1p2,Lr,COPD,3,train,/Users/vs/Sem 5/Respiratory-Disease-Classification/data/processed/audio/cycles/203/1p2_Lr_007.wav
203,1p2,Lr,COPD,3,train,/Users/vs/Sem 5/Respiratory-Disease-Classification/data/processed/audio/cycles/203/1p2_Lr_008.wav
203,1p2,Lr,COPD,3,train,/Users/vs/Sem 5/Respiratory-Disease-Classification/data/processed/audio/cycles/203/1p2_Lr_009.wav
203,1p2,Lr,COPD,3,train,/Users/vs/Sem 5/Respiratory-Disease-Classification/data/processed/audio/cycles/203/1p2_Lr_010.wav
203,1p2,Pl,COPD,3,train,/Users/vs/Sem 5/Respiratory-Disease-Classification/data/processed/audio/cycles/203/1p2_Pl_001.wav
203,1p2,Pl,COPD,3,train,/Users/vs/Sem 5/Respiratory-Disease-Classification/data/processed/audio/cycles/203/1p2_Pl_002.wav
203,1p2,Pl,COPD,3,train,/Users/vs/Sem 5/Respiratory-Disease-Classification/data/processed/audio/cycles/203/1p2_Pl_003.wav
203,1p2,Pl,COPD,3,train,/Users/vs/Sem 5/Respiratory-Disease-Classification/data/processed/audio/cycles/203/1p2_Pl_004.wav
203,1p2,Pl,COPD,3,train,/Users/vs/Sem 5/Respiratory-Disease-Classification/data/processed/audio/cycles/203/1p2_Pl_005.wav
203,1p2,Pl,COPD,3,train,/Users/vs/Sem 5/Respiratory-Disease-Classification/data/processed/audio/cycles/203/1p2_Pl_006.wav
203,1p2,Pl,COPD,3,train,/Users/vs/Sem 5/Respiratory-Disease-Classification/data/processed/audio/cycles/203/1p2_Pl_007.wav
203,1p2,Pl,COPD,3,train,/Users/vs/Sem 5/Respiratory-Disease-Classification/data/processed/audio/cycles/203/1p2_Pl_008.wav
203,1p2,Pl,COPD,3,train,/Users/vs/Sem 5/Respiratory-Disease-Classification/data/processed/audio/cycles/203/1p2_Pl_009.wav
203,1p2,Pl,COPD,3,train,/Users/vs/Sem 5/Respiratory-Disease-Classification/data/processed/audio/cycles/203/1p2_Pl_010.wav
203,1p2,Pr,COPD,3,train,/Users/vs/Sem 5/Respiratory-Disease-Classification/data/processed/audio/cycles/203/1p2_Pr_001.wav
203,1p2,Pr,COPD,3,train,/Users/vs/Sem 5/Respiratory-Disease-Classification/data/processed/audio/cycles/203/1p2_Pr_002.wav
203,1p2,Pr,COPD,3,train,/Users/vs/Sem 5/Respiratory-Disease-Classification/data/processed/audio/cycles/203/1p2_Pr_003.wav
203,1p2,Pr,COPD,3,train,/Users/vs/Sem 5/Respiratory-Disease-Classification/data/processed/audio/cycles/203/1p2_Pr_004.wav
203,1p2,Pr,COPD,3,train,/Users/vs/Sem 5/Respiratory-Disease-Classification/data/processed/audio/cycles/203/1p2_Pr_005.wav
203,1p2,Pr,COPD,3,train,/Users/vs/Sem 5/Respiratory-Disease-Classification/data/processed/audio/cycles/203/1p2_Pr_006.wav
203,1p2,Pr,COPD,3,train,/Users/vs/Sem 5/Respiratory-Disease-Classification/data/processed/audio/cycles/203/1p2_Pr_007.wav
203,1p2,Pr,COPD,3,train,/Users/vs/Sem 5/Respiratory-Disease-Classification/data/processed/audio/cycles/203/1p2_Pr_008.wav
203,1p2,Pr,COPD,3,train,/Users/vs/Sem 5/Respiratory-Disease-Classification/data/processed/audio/cycles/203/1p2_Pr_009.wav
203,1p2,Pr,COPD,3,train,/Users/vs/Sem 5/Respiratory-Disease-Classification/data/processed/audio/cycles/203/1p2_Pr_010.wav
203,1p2,Tc,COPD,3,train,/Users/vs/Sem 5/Respiratory-Disease-Classification/data/processed/audio/cycles/203/1p2_Tc_001.wav
203,1p2,Tc,COPD,3,train,/Users/vs/Sem 5/Respiratory-Disease-Classification/data/processed/audio/cycles/203/1p2_Tc_002.wav
203,1p2,Tc,COPD,3,train,/Users/vs/Sem 5/Respiratory-Disease-Classification/data/processed/audio/cycles/203/1p2_Tc_003.wav
203,1p2,Tc,COPD,3,train,/Users/vs/Sem 5/Respiratory-Disease-Classification/data/processed/audio/cycles/203/1p2_Tc_004.wav
203,1p2,Tc,COPD,3,train,/Users/vs/Sem 5/Respiratory-Disease-Classification/data/processed/audio/cycles/203/1p2_Tc_005.wav
203,1p2,Tc,COPD,3,train,/Users/vs/Sem 5/Respiratory-Disease-Classification/data/processed/audio/cycles/203/1p2_Tc_006.wav
203,1p2,Tc,COPD,3,train,/Users/vs/Sem 5/Respiratory-Disease-Classification/data/processed/audio/cycles/203/1p2_Tc_007.wav
203,1p2,Tc,COPD,3,train,/Users/vs/Sem 5/Respiratory-Disease-Classification/data/processed/audio/cycles/203/1p2_Tc_008.wav
203,1p2,Tc,COPD,3,train,/Users/vs/Sem 5/Respiratory-Disease-Classification/data/processed/audio/cycles/203/1p2_Tc_009.wav
203,1p2,Tc,COPD,3,train,/Users/vs/Sem 5/Respiratory-Disease-Classification/data/processed/audio/cycles/203/1p2_Tc_010.wav
203,1p3,Al,COPD,3,train,/Users/vs/Sem 5/Respiratory-Disease-Classification/data/processed/audio/cycles/203/1p3_Al_001.wav
203,1p3,Al,COPD,3,train,/Users/vs/Sem 5/Respiratory-Disease-Classification/data/processed/audio/cycles/203/1p3_Al_002.wav
203,1p3,Al,COPD,3,train,/Users/vs/Sem 5/Respiratory-Disease-Classification/data/processed/audio/cycles/203/1p3_Al_003.wav
203,1p3,Al,COPD,3,train,/Users/vs/Sem 5/Respiratory-Disease-Classification/data/processed/audio/cycles/203/1p3_Al_004.wav
203,1p3,Al,COPD,3,train,/Users/vs/Sem 5/Respiratory-Disease-Classification/data/processed/audio/cycles/203/1p3_Al_005.wav
203,1p3,Al,COPD,3,train,/Users/vs/Sem 5/Respiratory-Disease-Classification/data/processed/audio/cycles/203/1p3_Al_006.wav
203,1p3,Al,COPD,3,train,/Users/vs/Sem 5/Respiratory-Disease-Classification/data/processed/audio/cycles/203/1p3_Al_007.wav
203,1p3,Al,COPD,3,train,/Users/vs/Sem 5/Respiratory-Disease-Classification/data/processed/audio/cycles/203/1p3_Al_008.wav
203,1p3,Al,COPD,3,train,/Users/vs/Sem 5/Respiratory-Disease-Classification/data/processed/audio/cycles/203/1p3_Al_009.wav
203,1p3,Al,COPD,3,train,/Users/vs/Sem 5/Respiratory-Disease-Classification/data/processed/audio/cycles/203/1p3_Al_010.wav
203,1p3,Ar,COPD,3,train,/Users/vs/Sem 5/Respiratory-Disease-Classification/data/processed/audio/cycles/203/1p3_Ar_001.wav
203,1p3,Ar,COPD,3,train,/Users/vs/Sem 5/Respiratory-Disease-Classification/data/processed/audio/cycles/203/1p3_Ar_002.wav
203,1p3,Ar,COPD,3,train,/Users/vs/Sem 5/Respiratory-Disease-Classification/data/processed/audio/cycles/203/1p3_Ar_003.wav
203,1p3,Ar,COPD,3,train,/Users/vs/Sem 5/Respiratory-Disease-Classification/data/processed/audio/cycles/203/1p3_Ar_004.wav
203,1p3,Ar,COPD,3,train,/Users/vs/Sem 5/Respiratory-Disease-Classification/data/processed/audio/cycles/203/1p3_Ar_005.wav
203,1p3,Ar,COPD,3,train,/Users/vs/Sem 5/Respiratory-Disease-Classification/data/processed/audio/cycles/203/1p3_Ar_006.wav
203,1p3,Ar,COPD,3,train,/Users/vs/Sem 5/Respiratory-Disease-Classification/data/processed/audio/cycles/203/1p3_Ar_007.wav
203,1p3,Ar,COPD,3,train,/Users/vs/Sem 5/Respiratory-Disease-Classification/data/processed/audio/cycles/203/1p3_Ar_008.wav
203,1p3,Ar,COPD,3,train,/Users/vs/Sem 5/Respiratory-Disease-Classification/data/processed/audio/cycles/203/1p3_Ar_009.wav
203,1p3,Ar,COPD,3,train,/Users/vs/Sem 5/Respiratory-Disease-Classification/data/processed/audio/cycles/203/1p3_Ar_010.wav
203,1p3,Pl,COPD,3,train,/Users/vs/Sem 5/Respiratory-Disease-Classification/data/processed/audio/cycles/203/1p3_Pl_001.wav
203,1p3,Pl,COPD,3,train,/Users/vs/Sem 5/Respiratory-Disease-Classification/data/processed/audio/cycles/203/1p3_Pl_002.wav
203,1p3,Pl,COPD,3,train,/Users/vs/Sem 5/Respiratory-Disease-Classification/data/processed/audio/cycles/203/1p3_Pl_003.wav
203,1p3,Pl,COPD,3,train,/Users/vs/Sem 5/Respiratory-Disease-Classification/data/processed/audio/cycles/203/1p3_Pl_004.wav
203,1p3,Pl,COPD,3,train,/Users/vs/Sem 5/Respiratory-Disease-Classification/data/processed/audio/cycles/203/1p3_Pl_005.wav
203,1p3,Pl,COPD,3,train,/Users/vs/Sem 5/Respiratory-Disease-Classification/data/processed/audio/cycles/203/1p3_Pl_006.wav
203,1p3,Pl,COPD,3,train,/Users/vs/Sem 5/Respiratory-Disease-Classification/data/processed/audio/cycles/203/1p3_Pl_007.wav
203,1p3,Pl,COPD,3,train,/Users/vs/Sem 5/Respiratory-Disease-Classification/data/processed/audio/cycles/203/1p3_Pl_008.wav
203,1p3,Pl,COPD,3,train,/Users/vs/Sem 5/Respiratory-Disease-Classification/data/processed/audio/cycles/203/1p3_Pl_009.wav
203,1p3,Pl,COPD,3,train,/Users/vs/Sem 5/Respiratory-Disease-Classification/data/processed/audio/cycles/203/1p3_Pl_010.wav
203,1p3,Pr,COPD,3,train,/Users/vs/Sem 5/Respiratory-Disease-Classification/data/processed/audio/cycles/203/1p3_Pr_001.wav
203,1p3,Pr,COPD,3,train,/Users/vs/Sem 5/Respiratory-Disease-Classification/data/processed/audio/cycles/203/1p3_Pr_002.wav
203,1p3,Pr,COPD,3,train,/Users/vs/Sem 5/Respiratory-Disease-Classification/data/processed/audio/cycles/203/1p3_Pr_003.wav
203,1p3,Pr,COPD,3,train,/Users/vs/Sem 5/Respiratory-Disease-Classification/data/processed/audio/cycles/203/1p3_Pr_004.wav
203,1p3,Pr,COPD,3,train,/Users/vs/Sem 5/Respiratory-Disease-Classification/data/processed/audio/cycles/203/1p3_Pr_005.wav
203,1p3,Pr,COPD,3,train,/Users/vs/Sem 5/Respiratory-Disease-Classification/data/processed/audio/cycles/203/1p3_Pr_006.wav
203,1p3,Pr,COPD,3,train,/Users/vs/Sem 5/Respiratory-Disease-Classification/data/processed/audio/cycles/203/1p3_Pr_007.wav
203,1p3,Pr,COPD,3,train,/Users/vs/Sem 5/Respiratory-Disease-Classification/data/processed/audio/cycles/203/1p3_Pr_008.wav
203,1p3,Pr,COPD,3,train,/Users/vs/Sem 5/Respiratory-Disease-Classification/data/processed/audio/cycles/203/1p3_Pr_009.wav
203,1p3,Pr,COPD,3,train,/Users/vs/Sem 5/Respiratory-Disease-Classification/data/processed/audio/cycles/203/1p3_Pr_010.wav
203,1p3,Tc,COPD,3,train,/Users/vs/Sem 5/Respiratory-Disease-Classification/data/processed/audio/cycles/203/1p3_Tc_001.wav
203,1p3,Tc,COPD,3,train,/Users/vs/Sem 5/Respiratory-Disease-Classification/data/processed/audio/cycles/203/1p3_Tc_002.wav
203,1p3,Tc,COPD,3,train,/Users/vs/Sem 5/Respiratory-Disease-Classification/data/processed/audio/cycles/203/1p3_Tc_003.wav
203,1p3,Tc,COPD,3,train,/Users/vs/Sem 5/Respiratory-Disease-Classification/data/processed/audio/cycles/203/1p3_Tc_004.wav
203,1p3,Tc,COPD,3,train,/Users/vs/Sem 5/Respiratory-Disease-Classification/data/processed/audio/cycles/203/1p3_Tc_005.wav
203,1p3,Tc,COPD,3,train,/Users/vs/Sem 5/Respiratory-Disease-Classification/data/processed/audio/cycles/203/1p3_Tc_006.wav
203,1p3,Tc,COPD,3,train,/Users/vs/Sem 5/Respiratory-Disease-Classification/data/processed/audio/cycles/203/1p3_Tc_007.wav
203,1p3,Tc,COPD,3,train,/Users/vs/Sem 5/Respiratory-Disease-Classification/data/processed/audio/cycles/203/1p3_Tc_008.wav
203,1p3,Tc,COPD,3,train,/Users/vs/Sem 5/Respiratory-Disease-Classification/data/processed/audio/cycles/203/1p3_Tc_009.wav
203,1p3,Tc,COPD,3,train,/Users/vs/Sem 5/Respiratory-Disease-Classification/data/processed/audio/cycles/203/1p3_Tc_010.wav
203,1p4,Al,COPD,3,train,/Users/vs/Sem 5/Respiratory-Disease-Classification/data/processed/audio/cycles/203/1p4_Al_001.wav
203,1p4,Al,COPD,3,train,/Users/vs/Sem 5/Respiratory-Disease-Classification/data/processed/audio/cycles/203/1p4_Al_002.wav
203,1p4,Al,COPD,3,train,/Users/vs/Sem 5/Respiratory-Disease-Classification/data/processed/audio/cycles/203/1p4_Al_003.wav
203,1p4,Al,COPD,3,train,/Users/vs/Sem 5/Respiratory-Disease-Classification/data/processed/audio/cycles/203/1p4_Al_004.wav
203,1p4,Al,COPD,3,train,/Users/vs/Sem 5/Respiratory-Disease-Classification/data/processed/audio/cycles/203/1p4_Al_005.wav
203,1p4,Al,COPD,3,train,/Users/vs/Sem 5/Respiratory-Disease-Classification/data/processed/audio/cycles/203/1p4_Al_006.wav
203,1p4,Al,COPD,3,train,/Users/vs/Sem 5/Respiratory-Disease-Classification/data/processed/audio/cycles/203/1p4_Al_007.wav
203,1p4,Al,COPD,3,train,/Users/vs/Sem 5/Respiratory-Disease-Classification/data/processed/audio/cycles/203/1p4_Al_008.wav
203,1p4,Al,COPD,3,train,/Users/vs/Sem 5/Respiratory-Disease-Classification/data/processed/audio/cycles/203/1p4_Al_009.wav
203,1p4,Ar,COPD,3,train,/Users/vs/Sem 5/Respiratory-Disease-Classification/data/processed/audio/cycles/203/1p4_Ar_001.wav
203,1p4,Ar,COPD,3,train,/Users/vs/Sem 5/Respiratory-Disease-Classification/data/processed/audio/cycles/203/1p4_Ar_002.wav
203,1p4,Ar,COPD,3,train,/Users/vs/Sem 5/Respiratory-Disease-Classification/data/processed/audio/cycles/203/1p4_Ar_003.wav
203,1p4,Ar,COPD,3,train,/Users/vs/Sem 5/Respiratory-Disease-Classification/data/processed/audio/cycles/203/1p4_Ar_004.wav
203,1p4,Ar,COPD,3,train,/Users/vs/Sem 5/Respiratory-Disease-Classification/data/processed/audio/cycles/203/1p4_Ar_005.wav
203,1p4,Ar,COPD,3,train,/Users/vs/Sem 5/Respiratory-Disease-Classification/data/processed/audio/cycles/203/1p4_Ar_006.wav
203,1p4,Ar,COPD,3,train,/Users/vs/Sem 5/Respiratory-Disease-Classification/data/processed/audio/cycles/203/1p4_Ar_007.wav
203,1p4,Ar,COPD,3,train,/Users/vs/Sem 5/Respiratory-Disease-Classification/data/processed/audio/cycles/203/1p4_Ar_008.wav
203,1p4,Ar,COPD,3,train,/Users/vs/Sem 5/Respiratory-Disease-Classification/data/processed/audio/cycles/203/1p4_Ar_009.wav
203,1p4,Pl,COPD,3,train,/Users/vs/Sem 5/Respiratory-Disease-Classification/data/processed/audio/cycles/203/1p4_Pl_001.wav
203,1p4,Pl,COPD,3,train,/Users/vs/Sem 5/Respiratory-Disease-Classification/data/processed/audio/cycles/203/1p4_Pl_002.wav
203,1p4,Pl,COPD,3,train,/Users/vs/Sem 5/Respiratory-Disease-Classification/data/processed/audio/cycles/203/1p4_Pl_003.wav
203,1p4,Pl,COPD,3,train,/Users/vs/Sem 5/Respiratory-Disease-Classification/data/processed/audio/cycles/203/1p4_Pl_004.wav
203,1p4,Pl,COPD,3,train,/Users/vs/Sem 5/Respiratory-Disease-Classification/data/processed/audio/cycles/203/1p4_Pl_005.wav
203,1p4,Pl,COPD,3,train,/Users/vs/Sem 5/Respiratory-Disease-Classification/data/processed/audio/cycles/203/1p4_Pl_006.wav
203,1p4,Pl,COPD,3,train,/Users/vs/Sem 5/Respiratory-Disease-Classification/data/processed/audio/cycles/203/1p4_Pl_007.wav
203,1p4,Pl,COPD,3,train,/Users/vs/Sem 5/Respiratory-Disease-Classification/data/processed/audio/cycles/203/1p4_Pl_008.wav
203,1p4,Pl,COPD,3,train,/Users/vs/Sem 5/Respiratory-Disease-Classification/data/processed/audio/cycles/203/1p4_Pl_009.wav
203,1p4,Pr,COPD,3,train,/Users/vs/Sem 5/Respiratory-Disease-Classification/data/processed/audio/cycles/203/1p4_Pr_001.wav
203,1p4,Pr,COPD,3,train,/Users/vs/Sem 5/Respiratory-Disease-Classification/data/processed/audio/cycles/203/1p4_Pr_002.wav
203,1p4,Pr,COPD,3,train,/Users/vs/Sem 5/Respiratory-Disease-Classification/data/processed/audio/cycles/203/1p4_Pr_003.wav
203,1p4,Pr,COPD,3,train,/Users/vs/Sem 5/Respiratory-Disease-Classification/data/processed/audio/cycles/203/1p4_Pr_004.wav
203,1p4,Pr,COPD,3,train,/Users/vs/Sem 5/Respiratory-Disease-Classification/data/processed/audio/cycles/203/1p4_Pr_005.wav
203,1p4,Pr,COPD,3,train,/Users/vs/Sem 5/Respiratory-Disease-Classification/data/processed/audio/cycles/203/1p4_Pr_006.wav
203,1p4,Pr,COPD,3,train,/Users/vs/Sem 5/Respiratory-Disease-Classification/data/processed/audio/cycles/203/1p4_Pr_007.wav
203,1p4,Pr,COPD,3,train,/Users/vs/Sem 5/Respiratory-Disease-Classification/data/processed/audio/cycles/203/1p4_Pr_008.wav
203,1p4,Pr,COPD,3,train,/Users/vs/Sem 5/Respiratory-Disease-Classification/data/processed/audio/cycles/203/1p4_Pr_009.wav
203,1p4,Tc,COPD,3,train,/Users/vs/Sem 5/Respiratory-Disease-Classification/data/processed/audio/cycles/203/1p4_Tc_001.wav
203,1p4,Tc,COPD,3,train,/Users/vs/Sem 5/Respiratory-Disease-Classification/data/processed/audio/cycles/203/1p4_Tc_002.wav
203,1p4,Tc,COPD,3,train,/Users/vs/Sem 5/Respiratory-Disease-Classification/data/processed/audio/cycles/203/1p4_Tc_003.wav
203,1p4,Tc,COPD,3,train,/Users/vs/Sem 5/Respiratory-Disease-Classification/data/processed/audio/cycles/203/1p4_Tc_004.wav
203,1p4,Tc,COPD,3,train,/Users/vs/Sem 5/Respiratory-Disease-Classification/data/processed/audio/cycles/203/1p4_Tc_005.wav
203,1p4,Tc,COPD,3,train,/Users/vs/Sem 5/Respiratory-Disease-Classification/data/processed/audio/cycles/203/1p4_Tc_006.wav
203,1p4,Tc,COPD,3,train,/Users/vs/Sem 5/Respiratory-Disease-Classification/data/processed/audio/cycles/203/1p4_Tc_007.wav
203,1p4,Tc,COPD,3,train,/Users/vs/Sem 5/Respiratory-Disease-Classification/data/processed/audio/cycles/203/1p4_Tc_008.wav
203,1p4,Tc,COPD,3,train,/Users/vs/Sem 5/Respiratory-Disease-Classification/data/processed/audio/cycles/203/1p4_Tc_009.wav
203,2p3,Al,COPD,3,train,/Users/vs/Sem 5/Respiratory-Disease-Classification/data/processed/audio/cycles/203/2p3_Al_001.wav
203,2p3,Al,COPD,3,train,/Users/vs/Sem 5/Respiratory-Disease-Classification/data/processed/audio/cycles/203/2p3_Al_002.wav
203,2p3,Al,COPD,3,train,/Users/vs/Sem 5/Respiratory-Disease-Classification/data/processed/audio/cycles/203/2p3_Al_003.wav
203,2p3,Al,COPD,3,train,/Users/vs/Sem 5/Respiratory-Disease-Classification/data/processed/audio/cycles/203/2p3_Al_004.wav
203,2p3,Al,COPD,3,train,/Users/vs/Sem 5/Respiratory-Disease-Classification/data/processed/audio/cycles/203/2p3_Al_005.wav
203,2p3,Al,COPD,3,train,/Users/vs/Sem 5/Respiratory-Disease-Classification/data/processed/audio/cycles/203/2p3_Al_006.wav
203,2p3,Ar,COPD,3,train,/Users/vs/Sem 5/Respiratory-Disease-Classification/data/processed/audio/cycles/203/2p3_Ar_001.wav
203,2p3,Ar,COPD,3,train,/Users/vs/Sem 5/Respiratory-Disease-Classification/data/processed/audio/cycles/203/2p3_Ar_002.wav
203,2p3,Ar,COPD,3,train,/Users/vs/Sem 5/Respiratory-Disease-Classification/data/processed/audio/cycles/203/2p3_Ar_003.wav
203,2p3,Ar,COPD,3,train,/Users/vs/Sem 5/Respiratory-Disease-Classification/data/processed/audio/cycles/203/2p3_Ar_004.wav
203,2p3,Ar,COPD,3,train,/Users/vs/Sem 5/Respiratory-Disease-Classification/data/processed/audio/cycles/203/2p3_Ar_005.wav
203,2p3,Ar,COPD,3,train,/Users/vs/Sem 5/Respiratory-Disease-Classification/data/processed/audio/cycles/203/2p3_Ar_006.wav
203,2p3,Pl,COPD,3,train,/Users/vs/Sem 5/Respiratory-Disease-Classification/data/processed/audio/cycles/203/2p3_Pl_001.wav
203,2p3,Pl,COPD,3,train,/Users/vs/Sem 5/Respiratory-Disease-Classification/data/processed/audio/cycles/203/2p3_Pl_002.wav
203,2p3,Pl,COPD,3,train,/Users/vs/Sem 5/Respiratory-Disease-Classification/data/processed/audio/cycles/203/2p3_Pl_003.wav
203,2p3,Pl,COPD,3,train,/Users/vs/Sem 5/Respiratory-Disease-Classification/data/processed/audio/cycles/203/2p3_Pl_004.wav
203,2p3,Pl,COPD,3,train,/Users/vs/Sem 5/Respiratory-Disease-Classification/data/processed/audio/cycles/203/2p3_Pl_005.wav
203,2p3,Pl,COPD,3,train,/Users/vs/Sem 5/Respiratory-Disease-Classification/data/processed/audio/cycles/203/2p3_Pl_006.wav
203,2p3,Pr,COPD,3,train,/Users/vs/Sem 5/Respiratory-Disease-Classification/data/processed/audio/cycles/203/2p3_Pr_001.wav
203,2p3,Pr,COPD,3,train,/Users/vs/Sem 5/Respiratory-Disease-Classification/data/processed/audio/cycles/203/2p3_Pr_002.wav
203,2p3,Pr,COPD,3,train,/Users/vs/Sem 5/Respiratory-Disease-Classification/data/processed/audio/cycles/203/2p3_Pr_003.wav
203,2p3,Pr,COPD,3,train,/Users/vs/Sem 5/Respiratory-Disease-Classification/data/processed/audio/cycles/203/2p3_Pr_004.wav
203,2p3,Pr,COPD,3,train,/Users/vs/Sem 5/Respiratory-Disease-Classification/data/processed/audio/cycles/203/2p3_Pr_005.wav
203,2p3,Pr,COPD,3,train,/Users/vs/Sem 5/Respiratory-Disease-Classification/data/processed/audio/cycles/203/2p3_Pr_006.wav
203,2p3,Tc,COPD,3,train,/Users/vs/Sem 5/Respiratory-Disease-Classification/data/processed/audio/cycles/203/2p3_Tc_001.wav
203,2p3,Tc,COPD,3,train,/Users/vs/Sem 5/Respiratory-Disease-Classification/data/processed/audio/cycles/203/2p3_Tc_002.wav
203,2p3,Tc,COPD,3,train,/Users/vs/Sem 5/Respiratory-Disease-Classification/data/processed/audio/cycles/203/2p3_Tc_003.wav
203,2p3,Tc,COPD,3,train,/Users/vs/Sem 5/Respiratory-Disease-Classification/data/processed/audio/cycles/203/2p3_Tc_004.wav
203,2p3,Tc,COPD,3,train,/Users/vs/Sem 5/Respiratory-Disease-Classification/data/processed/audio/cycles/203/2p3_Tc_005.wav
203,2p3,Tc,COPD,3,train,/Users/vs/Sem 5/Respiratory-Disease-Classification/data/processed/audio/cycles/203/2p3_Tc_006.wav
204,2b5,Al,COPD,3,train,/Users/vs/Sem 5/Respiratory-Disease-Classification/data/processed/audio/cycles/204/2b5_Al_001.wav
204,2b5,Al,COPD,3,train,/Users/vs/Sem 5/Respiratory-Disease-Classification/data/processed/audio/cycles/204/2b5_Al_002.wav
204,2b5,Al,COPD,3,train,/Users/vs/Sem 5/Respiratory-Disease-Classification/data/processed/audio/cycles/204/2b5_Al_003.wav
204,2b5,Al,COPD,3,train,/Users/vs/Sem 5/Respiratory-Disease-Classification/data/processed/audio/cycles/204/2b5_Al_004.wav
204,2b5,Al,COPD,3,train,/Users/vs/Sem 5/Respiratory-Disease-Classification/data/processed/audio/cycles/204/2b5_Al_005.wav
204,2b5,Al,COPD,3,train,/Users/vs/Sem 5/Respiratory-Disease-Classification/data/processed/audio/cycles/204/2b5_Al_006.wav
204,2b5,Al,COPD,3,train,/Users/vs/Sem 5/Respiratory-Disease-Classification/data/processed/audio/cycles/204/2b5_Al_007.wav
204,2b5,Ar,COPD,3,train,/Users/vs/Sem 5/Respiratory-Disease-Classification/data/processed/audio/cycles/204/2b5_Ar_001.wav
204,2b5,Ar,COPD,3,train,/Users/vs/Sem 5/Respiratory-Disease-Classification/data/processed/audio/cycles/204/2b5_Ar_002.wav
204,2b5,Ar,COPD,3,train,/Users/vs/Sem 5/Respiratory-Disease-Classification/data/processed/audio/cycles/204/2b5_Ar_003.wav
204,2b5,Ar,COPD,3,train,/Users/vs/Sem 5/Respiratory-Disease-Classification/data/processed/audio/cycles/204/2b5_Ar_004.wav
204,2b5,Ar,COPD,3,train,/Users/vs/Sem 5/Respiratory-Disease-Classification/data/processed/audio/cycles/204/2b5_Ar_005.wav
204,2b5,Ar,COPD,3,train,/Users/vs/Sem 5/Respiratory-Disease-Classification/data/processed/audio/cycles/204/2b5_Ar_006.wav
204,2b5,Ar,COPD,3,train,/Users/vs/Sem 5/Respiratory-Disease-Classification/data/processed/audio/cycles/204/2b5_Ar_007.wav
204,2b5,Ll,COPD,3,train,/Users/vs/Sem 5/Respiratory-Disease-Classification/data/processed/audio/cycles/204/2b5_Ll_001.wav
204,2b5,Ll,COPD,3,train,/Users/vs/Sem 5/Respiratory-Disease-Classification/data/processed/audio/cycles/204/2b5_Ll_002.wav
204,2b5,Ll,COPD,3,train,/Users/vs/Sem 5/Respiratory-Disease-Classification/data/processed/audio/cycles/204/2b5_Ll_003.wav
204,2b5,Ll,COPD,3,train,/Users/vs/Sem 5/Respiratory-Disease-Classification/data/processed/audio/cycles/204/2b5_Ll_004.wav
204,2b5,Ll,COPD,3,train,/Users/vs/Sem 5/Respiratory-Disease-Classification/data/processed/audio/cycles/204/2b5_Ll_005.wav
204,2b5,Ll,COPD,3,train,/Users/vs/Sem 5/Respiratory-Disease-Classification/data/processed/audio/cycles/204/2b5_Ll_006.wav
204,2b5,Ll,COPD,3,train,/Users/vs/Sem 5/Respiratory-Disease-Classification/data/processed/audio/cycles/204/2b5_Ll_007.wav
204,7p5,Al,COPD,3,train,/Users/vs/Sem 5/Respiratory-Disease-Classification/data/processed/audio/cycles/204/7p5_Al_001.wav
204,7p5,Al,COPD,3,train,/Users/vs/Sem 5/Respiratory-Disease-Classification/data/processed/audio/cycles/204/7p5_Al_002.wav
204,7p5,Al,COPD,3,train,/Users/vs/Sem 5/Respiratory-Disease-Classification/data/processed/audio/cycles/204/7p5_Al_003.wav
204,7p5,Al,COPD,3,train,/Users/vs/Sem 5/Respiratory-Disease-Classification/data/processed/audio/cycles/204/7p5_Al_004.wav
204,7p5,Al,COPD,3,train,/Users/vs/Sem 5/Respiratory-Disease-Classification/data/processed/audio/cycles/204/7p5_Al_005.wav
204,7p5,Al,COPD,3,train,/Users/vs/Sem 5/Respiratory-Disease-Classification/data/processed/audio/cycles/204/7p5_Al_006.wav
204,7p5,Al,COPD,3,train,/Users/vs/Sem 5/Respiratory-Disease-Classification/data/processed/audio/cycles/204/7p5_Al_007.wav
204,7p5,Ar,COPD,3,train,/Users/vs/Sem 5/Respiratory-Disease-Classification/data/processed/audio/cycles/204/7p5_Ar_001.wav
204,7p5,Ar,COPD,3,train,/Users/vs/Sem 5/Respiratory-Disease-Classification/data/processed/audio/cycles/204/7p5_Ar_002.wav
204,7p5,Ar,COPD,3,train,/Users/vs/Sem 5/Respiratory-Disease-Classification/data/processed/audio/cycles/204/7p5_Ar_003.wav
204,7p5,Ar,COPD,3,train,/Users/vs/Sem 5/Respiratory-Disease-Classification/data/processed/audio/cycles/204/7p5_Ar_004.wav
204,7p5,Ar,COPD,3,train,/Users/vs/Sem 5/Respiratory-Disease-Classification/data/processed/audio/cycles/204/7p5_Ar_005.wav
204,7p5,Ar,COPD,3,train,/Users/vs/Sem 5/Respiratory-Disease-Classification/data/processed/audio/cycles/204/7p5_Ar_006.wav
204,7p5,Ar,COPD,3,train,/Users/vs/Sem 5/Respiratory-Disease-Classification/data/processed/audio/cycles/204/7p5_Ar_007.wav
204,7p5,Ll,COPD,3,train,/Users/vs/Sem 5/Respiratory-Disease-Classification/data/processed/audio/cycles/204/7p5_Ll_001.wav
204,7p5,Ll,COPD,3,train,/Users/vs/Sem 5/Respiratory-Disease-Classification/data/processed/audio/cycles/204/7p5_Ll_002.wav
204,7p5,Ll,COPD,3,train,/Users/vs/Sem 5/Respiratory-Disease-Classification/data/processed/audio/cycles/204/7p5_Ll_003.wav
204,7p5,Ll,COPD,3,train,/Users/vs/Sem 5/Respiratory-Disease-Classification/data/processed/audio/cycles/204/7p5_Ll_004.wav
204,7p5,Ll,COPD,3,train,/Users/vs/Sem 5/Respiratory-Disease-Classification/data/processed/audio/cycles/204/7p5_Ll_005.wav
204,7p5,Ll,COPD,3,train,/Users/vs/Sem 5/Respiratory-Disease-Classification/data/processed/audio/cycles/204/7p5_Ll_006.wav
204,7p5,Ll,COPD,3,train,/Users/vs/Sem 5/Respiratory-Disease-Classification/data/processed/audio/cycles/204/7p5_Ll_007.wav
204,7p5,Lr,COPD,3,train,/Users/vs/Sem 5/Respiratory-Disease-Classification/data/processed/audio/cycles/204/7p5_Lr_001.wav
204,7p5,Lr,COPD,3,train,/Users/vs/Sem 5/Respiratory-Disease-Classification/data/processed/audio/cycles/204/7p5_Lr_002.wav
204,7p5,Lr,COPD,3,train,/Users/vs/Sem 5/Respiratory-Disease-Classification/data/processed/audio/cycles/204/7p5_Lr_003.wav
204,7p5,Lr,COPD,3,train,/Users/vs/Sem 5/Respiratory-Disease-Classification/data/processed/audio/cycles/204/7p5_Lr_004.wav
204,7p5,Lr,COPD,3,train,/Users/vs/Sem 5/Respiratory-Disease-Classification/data/processed/audio/cycles/204/7p5_Lr_005.wav
204,7p5,Lr,COPD,3,train,/Users/vs/Sem 5/Respiratory-Disease-Classification/data/processed/audio/cycles/204/7p5_Lr_006.wav
204,7p5,Lr,COPD,3,train,/Users/vs/Sem 5/Respiratory-Disease-Classification/data/processed/audio/cycles/204/7p5_Lr_007.wav
204,7p5,Pr,COPD,3,train,/Users/vs/Sem 5/Respiratory-Disease-Classification/data/processed/audio/cycles/204/7p5_Pr_001.wav
204,7p5,Pr,COPD,3,train,/Users/vs/Sem 5/Respiratory-Disease-Classification/data/processed/audio/cycles/204/7p5_Pr_002.wav
204,7p5,Pr,COPD,3,train,/Users/vs/Sem 5/Respiratory-Disease-Classification/data/processed/audio/cycles/204/7p5_Pr_003.wav
204,7p5,Pr,COPD,3,train,/Users/vs/Sem 5/Respiratory-Disease-Classification/data/processed/audio/cycles/204/7p5_Pr_004.wav
204,7p5,Pr,COPD,3,train,/Users/vs/Sem 5/Respiratory-Disease-Classification/data/processed/audio/cycles/204/7p5_Pr_005.wav
204,7p5,Pr,COPD,3,train,/Users/vs/Sem 5/Respiratory-Disease-Classification/data/processed/audio/cycles/204/7p5_Pr_006.wav
204,7p5,Pr,COPD,3,train,/Users/vs/Sem 5/Respiratory-Disease-Classification/data/processed/audio/cycles/204/7p5_Pr_007.wav
204,7p5,Tc,COPD,3,train,/Users/vs/Sem 5/Respiratory-Disease-Classification/data/processed/audio/cycles/204/7p5_Tc_001.wav
204,7p5,Tc,COPD,3,train,/Users/vs/Sem 5/Respiratory-Disease-Classification/data/processed/audio/cycles/204/7p5_Tc_002.wav
204,7p5,Tc,COPD,3,train,/Users/vs/Sem 5/Respiratory-Disease-Classification/data/processed/audio/cycles/204/7p5_Tc_003.wav
204,7p5,Tc,COPD,3,train,/Users/vs/Sem 5/Respiratory-Disease-Classification/data/processed/audio/cycles/204/7p5_Tc_004.wav
204,7p5,Tc,COPD,3,train,/Users/vs/Sem 5/Respiratory-Disease-Classification/data/processed/audio/cycles/204/7p5_Tc_005.wav
204,7p5,Tc,COPD,3,train,/Users/vs/Sem 5/Respiratory-Disease-Classification/data/processed/audio/cycles/204/7p5_Tc_006.wav
204,7p5,Tc,COPD,3,train,/Users/vs/Sem 5/Respiratory-Disease-Classification/data/processed/audio/cycles/204/7p5_Tc_007.wav
205,1b3,Al,COPD,3,test,/Users/vs/Sem 5/Respiratory-Disease-Classification/data/processed/audio/cycles/205/1b3_Al_001.wav
205,1b3,Al,COPD,3,test,/Users/vs/Sem 5/Respiratory-Disease-Classification/data/processed/audio/cycles/205/1b3_Al_002.wav
205,1b3,Al,COPD,3,test,/Users/vs/Sem 5/Respiratory-Disease-Classification/data/processed/audio/cycles/205/1b3_Al_003.wav
205,1b3,Al,COPD,3,test,/Users/vs/Sem 5/Respiratory-Disease-Classification/data/processed/audio/cycles/205/1b3_Al_004.wav
205,1b3,Al,COPD,3,test,/Users/vs/Sem 5/Respiratory-Disease-Classification/data/processed/audio/cycles/205/1b3_Al_005.wav
205,1b3,Al,COPD,3,test,/Users/vs/Sem 5/Respiratory-Disease-Classification/data/processed/audio/cycles/205/1b3_Al_006.wav
205,1b3,Ar,COPD,3,test,/Users/vs/Sem 5/Respiratory-Disease-Classification/data/processed/audio/cycles/205/1b3_Ar_001.wav
205,1b3,Ar,COPD,3,test,/Users/vs/Sem 5/Respiratory-Disease-Classification/data/processed/audio/cycles/205/1b3_Ar_002.wav
205,1b3,Ar,COPD,3,test,/Users/vs/Sem 5/Respiratory-Disease-Classification/data/processed/audio/cycles/205/1b3_Ar_003.wav
205,1b3,Ar,COPD,3,test,/Users/vs/Sem 5/Respiratory-Disease-Classification/data/processed/audio/cycles/205/1b3_Ar_004.wav
205,1b3,Ar,COPD,3,test,/Users/vs/Sem 5/Respiratory-Disease-Classification/data/processed/audio/cycles/205/1b3_Ar_005.wav
205,1b3,Ar,COPD,3,test,/Users/vs/Sem 5/Respiratory-Disease-Classification/data/processed/audio/cycles/205/1b3_Ar_006.wav
205,1b3,Ll,COPD,3,test,/Users/vs/Sem 5/Respiratory-Disease-Classification/data/processed/audio/cycles/205/1b3_Ll_001.wav
205,1b3,Ll,COPD,3,test,/Users/vs/Sem 5/Respiratory-Disease-Classification/data/processed/audio/cycles/205/1b3_Ll_002.wav
205,1b3,Ll,COPD,3,test,/Users/vs/Sem 5/Respiratory-Disease-Classification/data/processed/audio/cycles/205/1b3_Ll_003.wav
205,1b3,Ll,COPD,3,test,/Users/vs/Sem 5/Respiratory-Disease-Classification/data/processed/audio/cycles/205/1b3_Ll_004.wav
205,1b3,Ll,COPD,3,test,/Users/vs/Sem 5/Respiratory-Disease-Classification/data/processed/audio/cycles/205/1b3_Ll_005.wav
205,1b3,Ll,COPD,3,test,/Users/vs/Sem 5/Respiratory-Disease-Classification/data/processed/audio/cycles/205/1b3_Ll_006.wav
205,1b3,Lr,COPD,3,test,/Users/vs/Sem 5/Respiratory-Disease-Classification/data/processed/audio/cycles/205/1b3_Lr_001.wav
205,1b3,Lr,COPD,3,test,/Users/vs/Sem 5/Respiratory-Disease-Classification/data/processed/audio/cycles/205/1b3_Lr_002.wav
205,1b3,Lr,COPD,3,test,/Users/vs/Sem 5/Respiratory-Disease-Classification/data/processed/audio/cycles/205/1b3_Lr_003.wav
205,1b3,Lr,COPD,3,test,/Users/vs/Sem 5/Respiratory-Disease-Classification/data/processed/audio/cycles/205/1b3_Lr_004.wav
205,1b3,Lr,COPD,3,test,/Users/vs/Sem 5/Respiratory-Disease-Classification/data/processed/audio/cycles/205/1b3_Lr_005.wav
205,1b3,Lr,COPD,3,test,/Users/vs/Sem 5/Respiratory-Disease-Classification/data/processed/audio/cycles/205/1b3_Lr_006.wav
205,1b3,Pl,COPD,3,test,/Users/vs/Sem 5/Respiratory-Disease-Classification/data/processed/audio/cycles/205/1b3_Pl_001.wav
205,1b3,Pl,COPD,3,test,/Users/vs/Sem 5/Respiratory-Disease-Classification/data/processed/audio/cycles/205/1b3_Pl_002.wav
205,1b3,Pl,COPD,3,test,/Users/vs/Sem 5/Respiratory-Disease-Classification/data/processed/audio/cycles/205/1b3_Pl_003.wav
205,1b3,Pl,COPD,3,test,/Users/vs/Sem 5/Respiratory-Disease-Classification/data/processed/audio/cycles/205/1b3_Pl_004.wav
205,1b3,Pl,COPD,3,test,/Users/vs/Sem 5/Respiratory-Disease-Classification/data/processed/audio/cycles/205/1b3_Pl_005.wav
205,1b3,Pl,COPD,3,test,/Users/vs/Sem 5/Respiratory-Disease-Classification/data/processed/audio/cycles/205/1b3_Pl_006.wav
205,1b3,Pr,COPD,3,test,/Users/vs/Sem 5/Respiratory-Disease-Classification/data/processed/audio/cycles/205/1b3_Pr_001.wav
205,1b3,Pr,COPD,3,test,/Users/vs/Sem 5/Respiratory-Disease-Classification/data/processed/audio/cycles/205/1b3_Pr_002.wav
205,1b3,Pr,COPD,3,test,/Users/vs/Sem 5/Respiratory-Disease-Classification/data/processed/audio/cycles/205/1b3_Pr_003.wav
205,1b3,Pr,COPD,3,test,/Users/vs/Sem 5/Respiratory-Disease-Classification/data/processed/audio/cycles/205/1b3_Pr_004.wav
205,1b3,Pr,COPD,3,test,/Users/vs/Sem 5/Respiratory-Disease-Classification/data/processed/audio/cycles/205/1b3_Pr_005.wav
205,1b3,Pr,COPD,3,test,/Users/vs/Sem 5/Respiratory-Disease-Classification/data/processed/audio/cycles/205/1b3_Pr_006.wav
205,2b2,Pr,COPD,3,test,/Users/vs/Sem 5/Respiratory-Disease-Classification/data/processed/audio/cycles/205/2b2_Pr_001.wav
205,2b2,Pr,COPD,3,test,/Users/vs/Sem 5/Respiratory-Disease-Classification/data/processed/audio/cycles/205/2b2_Pr_002.wav
205,2b2,Pr,COPD,3,test,/Users/vs/Sem 5/Respiratory-Disease-Classification/data/processed/audio/cycles/205/2b2_Pr_003.wav
205,2b2,Pr,COPD,3,test,/Users/vs/Sem 5/Respiratory-Disease-Classification/data/processed/audio/cycles/205/2b2_Pr_004.wav
205,2b2,Pr,COPD,3,test,/Users/vs/Sem 5/Respiratory-Disease-Classification/data/processed/audio/cycles/205/2b2_Pr_005.wav
205,2b3,Al,COPD,3,test,/Users/vs/Sem 5/Respiratory-Disease-Classification/data/processed/audio/cycles/205/2b3_Al_001.wav
205,2b3,Al,COPD,3,test,/Users/vs/Sem 5/Respiratory-Disease-Classification/data/processed/audio/cycles/205/2b3_Al_002.wav
205,2b3,Al,COPD,3,test,/Users/vs/Sem 5/Respiratory-Disease-Classification/data/processed/audio/cycles/205/2b3_Al_003.wav
205,2b3,Al,COPD,3,test,/Users/vs/Sem 5/Respiratory-Disease-Classification/data/processed/audio/cycles/205/2b3_Al_004.wav
205,2b3,Al,COPD,3,test,/Users/vs/Sem 5/Respiratory-Disease-Classification/data/processed/audio/cycles/205/2b3_Al_005.wav
205,2b3,Ar,COPD,3,test,/Users/vs/Sem 5/Respiratory-Disease-Classification/data/processed/audio/cycles/205/2b3_Ar_001.wav
205,2b3,Ar,COPD,3,test,/Users/vs/Sem 5/Respiratory-Disease-Classification/data/processed/audio/cycles/205/2b3_Ar_002.wav
205,2b3,Ar,COPD,3,test,/Users/vs/Sem 5/Respiratory-Disease-Classification/data/processed/audio/cycles/205/2b3_Ar_003.wav
205,2b3,Ar,COPD,3,test,/Users/vs/Sem 5/Respiratory-Disease-Classification/data/processed/audio/cycles/205/2b3_Ar_004.wav
205,2b3,Ar,COPD,3,test,/Users/vs/Sem 5/Respiratory-Disease-Classification/data/processed/audio/cycles/205/2b3_Ar_005.wav
205,2b3,Ll,COPD,3,test,/Users/vs/Sem 5/Respiratory-Disease-Classification/data/processed/audio/cycles/205/2b3_Ll_001.wav
205,2b3,Ll,COPD,3,test,/Users/vs/Sem 5/Respiratory-Disease-Classification/data/processed/audio/cycles/205/2b3_Ll_002.wav
205,2b3,Ll,COPD,3,test,/Users/vs/Sem 5/Respiratory-Disease-Classification/data/processed/audio/cycles/205/2b3_Ll_003.wav
205,2b3,Ll,COPD,3,test,/Users/vs/Sem 5/Respiratory-Disease-Classification/data/processed/audio/cycles/205/2b3_Ll_004.wav
205,2b3,Ll,COPD,3,test,/Users/vs/Sem 5/Respiratory-Disease-Classification/data/processed/audio/cycles/205/2b3_Ll_005.wav
205,2b4,Pl,COPD,3,test,/Users/vs/Sem 5/Respiratory-Disease-Classification/data/processed/audio/cycles/205/2b4_Pl_001.wav
205,2b4,Pl,COPD,3,test,/Users/vs/Sem 5/Respiratory-Disease-Classification/data/processed/audio/cycles/205/2b4_Pl_002.wav
205,2b4,Pl,COPD,3,test,/Users/vs/Sem 5/Respiratory-Disease-Classification/data/processed/audio/cycles/205/2b4_Pl_003.wav
205,2b4,Pl,COPD,3,test,/Users/vs/Sem 5/Respiratory-Disease-Classification/data/processed/audio/cycles/205/2b4_Pl_004.wav
205,2b4,Pl,COPD,3,test,/Users/vs/Sem 5/Respiratory-Disease-Classification/data/processed/audio/cycles/205/2b4_Pl_005.wav
205,3b4,Al,COPD,3,test,/Users/vs/Sem 5/Respiratory-Disease-Classification/data/processed/audio/cycles/205/3b4_Al_001.wav
205,3b4,Al,COPD,3,test,/Users/vs/Sem 5/Respiratory-Disease-Classification/data/processed/audio/cycles/205/3b4_Al_002.wav
205,3b4,Al,COPD,3,test,/Users/vs/Sem 5/Respiratory-Disease-Classification/data/processed/audio/cycles/205/3b4_Al_003.wav
205,3b4,Al,COPD,3,test,/Users/vs/Sem 5/Respiratory-Disease-Classification/data/processed/audio/cycles/205/3b4_Al_004.wav
205,3b4,Ar,COPD,3,test,/Users/vs/Sem 5/Respiratory-Disease-Classification/data/processed/audio/cycles/205/3b4_Ar_001.wav
205,3b4,Ar,COPD,3,test,/Users/vs/Sem 5/Respiratory-Disease-Classification/data/processed/audio/cycles/205/3b4_Ar_002.wav
205,3b4,Ar,COPD,3,test,/Users/vs/Sem 5/Respiratory-Disease-Classification/data/processed/audio/cycles/205/3b4_Ar_003.wav
205,3b4,Ar,COPD,3,test,/Users/vs/Sem 5/Respiratory-Disease-Classification/data/processed/audio/cycles/205/3b4_Ar_004.wav
205,3b4,Pl,COPD,3,test,/Users/vs/Sem 5/Respiratory-Disease-Classification/data/processed/audio/cycles/205/3b4_Pl_001.wav
205,3b4,Pl,COPD,3,test,/Users/vs/Sem 5/Respiratory-Disease-Classification/data/processed/audio/cycles/205/3b4_Pl_002.wav
205,3b4,Pl,COPD,3,test,/Users/vs/Sem 5/Respiratory-Disease-Classification/data/processed/audio/cycles/205/3b4_Pl_003.wav
205,3b4,Pl,COPD,3,test,/Users/vs/Sem 5/Respiratory-Disease-Classification/data/processed/audio/cycles/205/3b4_Pl_004.wav
205,3b4,Pr,COPD,3,test,/Users/vs/Sem 5/Respiratory-Disease-Classification/data/processed/audio/cycles/205/3b4_Pr_001.wav
205,3b4,Pr,COPD,3,test,/Users/vs/Sem 5/Respiratory-Disease-Classification/data/processed/audio/cycles/205/3b4_Pr_002.wav
205,3b4,Pr,COPD,3,test,/Users/vs/Sem 5/Respiratory-Disease-Classification/data/processed/audio/cycles/205/3b4_Pr_003.wav
205,3b4,Pr,COPD,3,test,/Users/vs/Sem 5/Respiratory-Disease-Classification/data/processed/audio/cycles/205/3b4_Pr_004.wav
205,4b2,Al,COPD,3,test,/Users/vs/Sem 5/Respiratory-Disease-Classification/data/processed/audio/cycles/205/4b2_Al_001.wav
205,4b2,Al,COPD,3,test,/Users/vs/Sem 5/Respiratory-Disease-Classification/data/processed/audio/cycles/205/4b2_Al_002.wav
205,4b2,Al,COPD,3,test,/Users/vs/Sem 5/Respiratory-Disease-Classification/data/processed/audio/cycles/205/4b2_Al_003.wav
205,4b2,Al,COPD,3,test,/Users/vs/Sem 5/Respiratory-Disease-Classification/data/processed/audio/cycles/205/4b2_Al_004.wav
205,4b2,Al,COPD,3,test,/Users/vs/Sem 5/Respiratory-Disease-Classification/data/processed/audio/cycles/205/4b2_Al_005.wav
205,4b2,Ar,COPD,3,test,/Users/vs/Sem 5/Respiratory-Disease-Classification/data/processed/audio/cycles/205/4b2_Ar_001.wav
205,4b2,Ar,COPD,3,test,/Users/vs/Sem 5/Respiratory-Disease-Classification/data/processed/audio/cycles/205/4b2_Ar_002.wav
205,4b2,Ar,COPD,3,test,/Users/vs/Sem 5/Respiratory-Disease-Classification/data/processed/audio/cycles/205/4b2_Ar_003.wav
205,4b2,Ar,COPD,3,test,/Users/vs/Sem 5/Respiratory-Disease-Classification/data/processed/audio/cycles/205/4b2_Ar_004.wav
205,4b2,Ar,COPD,3,test,/Users/vs/Sem 5/Respiratory-Disease-Classification/data/processed/audio/cycles/205/4b2_Ar_005.wav
205,4b2,Lr,COPD,3,test,/Users/vs/Sem 5/Respiratory-Disease-Classification/data/processed/audio/cycles/205/4b2_Lr_001.wav
205,4b2,Lr,COPD,3,test,/Users/vs/Sem 5/Respiratory-Disease-Classification/data/processed/audio/cycles/205/4b2_Lr_002.wav
205,4b2,Lr,COPD,3,test,/Users/vs/Sem 5/Respiratory-Disease-Classification/data/processed/audio/cycles/205/4b2_Lr_003.wav
205,4b2,Lr,COPD,3,test,/Users/vs/Sem 5/Respiratory-Disease-Classification/data/processed/audio/cycles/205/4b2_Lr_004.wav
205,4b2,Lr,COPD,3,test,/Users/vs/Sem 5/Respiratory-Disease-Classification/data/processed/audio/cycles/205/4b2_Lr_005.wav
205,4b2,Pl,COPD,3,test,/Users/vs/Sem 5/Respiratory-Disease-Classification/data/processed/audio/cycles/205/4b2_Pl_001.wav
205,4b2,Pl,COPD,3,test,/Users/vs/Sem 5/Respiratory-Disease-Classification/data/processed/audio/cycles/205/4b2_Pl_002.wav
205,4b2,Pl,COPD,3,test,/Users/vs/Sem 5/Respiratory-Disease-Classification/data/processed/audio/cycles/205/4b2_Pl_003.wav
205,4b2,Pl,COPD,3,test,/Users/vs/Sem 5/Respiratory-Disease-Classification/data/processed/audio/cycles/205/4b2_Pl_004.wav
205,4b2,Pl,COPD,3,test,/Users/vs/Sem 5/Respiratory-Disease-Classification/data/processed/audio/cycles/205/4b2_Pl_005.wav
205,4b2,Pr,COPD,3,test,/Users/vs/Sem 5/Respiratory-Disease-Classification/data/processed/audio/cycles/205/4b2_Pr_001.wav
205,4b2,Pr,COPD,3,test,/Users/vs/Sem 5/Respiratory-Disease-Classification/data/processed/audio/cycles/205/4b2_Pr_002.wav
205,4b2,Pr,COPD,3,test,/Users/vs/Sem 5/Respiratory-Disease-Classification/data/processed/audio/cycles/205/4b2_Pr_003.wav
205,4b2,Pr,COPD,3,test,/Users/vs/Sem 5/Respiratory-Disease-Classification/data/processed/audio/cycles/205/4b2_Pr_004.wav
205,4b2,Pr,COPD,3,test,/Users/vs/Sem 5/Respiratory-Disease-Classification/data/processed/audio/cycles/205/4b2_Pr_005.wav
206,1b1,Ar,Bronchiolitis,2,train,/Users/vs/Sem 5/Respiratory-Disease-Classification/data/processed/audio/cycles/206/1b1_Ar_001.wav
206,1b1,Ar,Bronchiolitis,2,train,/Users/vs/Sem 5/Respiratory-Disease-Classification/data/processed/audio/cycles/206/1b1_Ar_002.wav
206,1b1,Ar,Bronchiolitis,2,train,/Users/vs/Sem 5/Respiratory-Disease-Classification/data/processed/audio/cycles/206/1b1_Ar_003.wav
206,1b1,Ar,Bronchiolitis,2,train,/Users/vs/Sem 5/Respiratory-Disease-Classification/data/processed/audio/cycles/206/1b1_Ar_004.wav
206,1b1,Ar,Bronchiolitis,2,train,/Users/vs/Sem 5/Respiratory-Disease-Classification/data/processed/audio/cycles/206/1b1_Ar_005.wav
206,1b1,Ar,Bronchiolitis,2,train,/Users/vs/Sem 5/Respiratory-Disease-Classification/data/processed/audio/cycles/206/1b1_Ar_006.wav
206,1b1,Ar,Bronchiolitis,2,train,/Users/vs/Sem 5/Respiratory-Disease-Classification/data/processed/audio/cycles/206/1b1_Ar_007.wav
206,1b1,Ar,Bronchiolitis,2,train,/Users/vs/Sem 5/Respiratory-Disease-Classification/data/processed/audio/cycles/206/1b1_Ar_008.wav
206,1b1,Ar,Bronchiolitis,2,train,/Users/vs/Sem 5/Respiratory-Disease-Classification/data/processed/audio/cycles/206/1b1_Ar_009.wav
206,1b1,Ar,Bronchiolitis,2,train,/Users/vs/Sem 5/Respiratory-Disease-Classification/data/processed/audio/cycles/206/1b1_Ar_010.wav
206,1b1,Ar,Bronchiolitis,2,train,/Users/vs/Sem 5/Respiratory-Disease-Classification/data/processed/audio/cycles/206/1b1_Ar_011.wav
206,1b1,Lr,Bronchiolitis,2,train,/Users/vs/Sem 5/Respiratory-Disease-Classification/data/processed/audio/cycles/206/1b1_Lr_001.wav
206,1b1,Lr,Bronchiolitis,2,train,/Users/vs/Sem 5/Respiratory-Disease-Classification/data/processed/audio/cycles/206/1b1_Lr_002.wav
206,1b1,Lr,Bronchiolitis,2,train,/Users/vs/Sem 5/Respiratory-Disease-Classification/data/processed/audio/cycles/206/1b1_Lr_003.wav
206,1b1,Lr,Bronchiolitis,2,train,/Users/vs/Sem 5/Respiratory-Disease-Classification/data/processed/audio/cycles/206/1b1_Lr_004.wav
206,1b1,Lr,Bronchiolitis,2,train,/Users/vs/Sem 5/Respiratory-Disease-Classification/data/processed/audio/cycles/206/1b1_Lr_005.wav
206,1b1,Lr,Bronchiolitis,2,train,/Users/vs/Sem 5/Respiratory-Disease-Classification/data/processed/audio/cycles/206/1b1_Lr_006.wav
206,1b1,Lr,Bronchiolitis,2,train,/Users/vs/Sem 5/Respiratory-Disease-Classification/data/processed/audio/cycles/206/1b1_Lr_007.wav
206,1b1,Lr,Bronchiolitis,2,train,/Users/vs/Sem 5/Respiratory-Disease-Classification/data/processed/audio/cycles/206/1b1_Lr_008.wav
206,1b1,Pl,Bronchiolitis,2,train,/Users/vs/Sem 5/Respiratory-Disease-Classification/data/processed/audio/cycles/206/1b1_Pl_001.wav
206,1b1,Pl,Bronchiolitis,2,train,/Users/vs/Sem 5/Respiratory-Disease-Classification/data/processed/audio/cycles/206/1b1_Pl_002.wav
206,1b1,Pl,Bronchiolitis,2,train,/Users/vs/Sem 5/Respiratory-Disease-Classification/data/processed/audio/cycles/206/1b1_Pl_003.wav
206,1b1,Pl,Bronchiolitis,2,train,/Users/vs/Sem 5/Respiratory-Disease-Classification/data/processed/audio/cycles/206/1b1_Pl_004.wav
206,1b1,Pl,Bronchiolitis,2,train,/Users/vs/Sem 5/Respiratory-Disease-Classification/data/processed/audio/cycles/206/1b1_Pl_005.wav
206,1b1,Pl,Bronchiolitis,2,train,/Users/vs/Sem 5/Respiratory-Disease-Classification/data/processed/audio/cycles/206/1b1_Pl_006.wav
206,1b1,Pl,Bronchiolitis,2,train,/Users/vs/Sem 5/Respiratory-Disease-Classification/data/processed/audio/cycles/206/1b1_Pl_007.wav
206,1b1,Pl,Bronchiolitis,2,train,/Users/vs/Sem 5/Respiratory-Disease-Classification/data/processed/audio/cycles/206/1b1_Pl_008.wav
207,2b2,Al,COPD,3,test,/Users/vs/Sem 5/Respiratory-Disease-Classification/data/processed/audio/cycles/207/2b2_Al_001.wav
207,2b2,Al,COPD,3,test,/Users/vs/Sem 5/Respiratory-Disease-Classification/data/processed/audio/cycles/207/2b2_Al_002.wav
207,2b2,Al,COPD,3,test,/Users/vs/Sem 5/Respiratory-Disease-Classification/data/processed/audio/cycles/207/2b2_Al_003.wav
207,2b2,Al,COPD,3,test,/Users/vs/Sem 5/Respiratory-Disease-Classification/data/processed/audio/cycles/207/2b2_Al_004.wav
207,2b2,Al,COPD,3,test,/Users/vs/Sem 5/Respiratory-Disease-Classification/data/processed/audio/cycles/207/2b2_Al_005.wav
207,2b2,Al,COPD,3,test,/Users/vs/Sem 5/Respiratory-Disease-Classification/data/processed/audio/cycles/207/2b2_Al_006.wav
207,2b2,Ar,COPD,3,test,/Users/vs/Sem 5/Respiratory-Disease-Classification/data/processed/audio/cycles/207/2b2_Ar_001.wav
207,2b2,Ar,COPD,3,test,/Users/vs/Sem 5/Respiratory-Disease-Classification/data/processed/audio/cycles/207/2b2_Ar_002.wav
207,2b2,Ar,COPD,3,test,/Users/vs/Sem 5/Respiratory-Disease-Classification/data/processed/audio/cycles/207/2b2_Ar_003.wav
207,2b2,Ar,COPD,3,test,/Users/vs/Sem 5/Respiratory-Disease-Classification/data/processed/audio/cycles/207/2b2_Ar_004.wav
207,2b2,Ar,COPD,3,test,/Users/vs/Sem 5/Respiratory-Disease-Classification/data/processed/audio/cycles/207/2b2_Ar_005.wav
207,2b2,Ar,COPD,3,test,/Users/vs/Sem 5/Respiratory-Disease-Classification/data/processed/audio/cycles/207/2b2_Ar_006.wav
207,2b2,Pl,COPD,3,test,/Users/vs/Sem 5/Respiratory-Disease-Classification/data/processed/audio/cycles/207/2b2_Pl_001.wav
207,2b2,Pl,COPD,3,test,/Users/vs/Sem 5/Respiratory-Disease-Classification/data/processed/audio/cycles/207/2b2_Pl_002.wav
207,2b2,Pl,COPD,3,test,/Users/vs/Sem 5/Respiratory-Disease-Classification/data/processed/audio/cycles/207/2b2_Pl_003.wav
207,2b2,Pl,COPD,3,test,/Users/vs/Sem 5/Respiratory-Disease-Classification/data/processed/audio/cycles/207/2b2_Pl_004.wav
207,2b2,Pl,COPD,3,test,/Users/vs/Sem 5/Respiratory-Disease-Classification/data/processed/audio/cycles/207/2b2_Pl_005.wav
207,2b2,Pl,COPD,3,test,/Users/vs/Sem 5/Respiratory-Disease-Classification/data/processed/audio/cycles/207/2b2_Pl_006.wav
207,2b2,Pr,COPD,3,test,/Users/vs/Sem 5/Respiratory-Disease-Classification/data/processed/audio/cycles/207/2b2_Pr_001.wav
207,2b2,Pr,COPD,3,test,/Users/vs/Sem 5/Respiratory-Disease-Classification/data/processed/audio/cycles/207/2b2_Pr_002.wav
207,2b2,Pr,COPD,3,test,/Users/vs/Sem 5/Respiratory-Disease-Classification/data/processed/audio/cycles/207/2b2_Pr_003.wav
207,2b2,Pr,COPD,3,test,/Users/vs/Sem 5/Respiratory-Disease-Classification/data/processed/audio/cycles/207/2b2_Pr_004.wav
207,2b2,Pr,COPD,3,test,/Users/vs/Sem 5/Respiratory-Disease-Classification/data/processed/audio/cycles/207/2b2_Pr_005.wav
207,2b2,Pr,COPD,3,test,/Users/vs/Sem 5/Respiratory-Disease-Classification/data/processed/audio/cycles/207/2b2_Pr_006.wav
207,2b2,Tc,COPD,3,test,/Users/vs/Sem 5/Respiratory-Disease-Classification/data/processed/audio/cycles/207/2b2_Tc_001.wav
207,2b2,Tc,COPD,3,test,/Users/vs/Sem 5/Respiratory-Disease-Classification/data/processed/audio/cycles/207/2b2_Tc_002.wav
207,2b2,Tc,COPD,3,test,/Users/vs/Sem 5/Respiratory-Disease-Classification/data/processed/audio/cycles/207/2b2_Tc_003.wav
207,2b2,Tc,COPD,3,test,/Users/vs/Sem 5/Respiratory-Disease-Classification/data/processed/audio/cycles/207/2b2_Tc_004.wav
207,2b2,Tc,COPD,3,test,/Users/vs/Sem 5/Respiratory-Disease-Classification/data/processed/audio/cycles/207/2b2_Tc_005.wav
207,2b2,Tc,COPD,3,test,/Users/vs/Sem 5/Respiratory-Disease-Classification/data/processed/audio/cycles/207/2b2_Tc_006.wav
207,2b3,Al,COPD,3,test,/Users/vs/Sem 5/Respiratory-Disease-Classification/data/processed/audio/cycles/207/2b3_Al_001.wav
207,2b3,Al,COPD,3,test,/Users/vs/Sem 5/Respiratory-Disease-Classification/data/processed/audio/cycles/207/2b3_Al_002.wav
207,2b3,Al,COPD,3,test,/Users/vs/Sem 5/Respiratory-Disease-Classification/data/processed/audio/cycles/207/2b3_Al_003.wav
207,2b3,Al,COPD,3,test,/Users/vs/Sem 5/Respiratory-Disease-Classification/data/processed/audio/cycles/207/2b3_Al_004.wav
207,2b3,Al,COPD,3,test,/Users/vs/Sem 5/Respiratory-Disease-Classification/data/processed/audio/cycles/207/2b3_Al_005.wav
207,2b3,Al,COPD,3,test,/Users/vs/Sem 5/Respiratory-Disease-Classification/data/processed/audio/cycles/207/2b3_Al_006.wav
207,2b3,Ar,COPD,3,test,/Users/vs/Sem 5/Respiratory-Disease-Classification/data/processed/audio/cycles/207/2b3_Ar_001.wav
207,2b3,Ar,COPD,3,test,/Users/vs/Sem 5/Respiratory-Disease-Classification/data/processed/audio/cycles/207/2b3_Ar_002.wav
207,2b3,Ar,COPD,3,test,/Users/vs/Sem 5/Respiratory-Disease-Classification/data/processed/audio/cycles/207/2b3_Ar_003.wav
207,2b3,Ar,COPD,3,test,/Users/vs/Sem 5/Respiratory-Disease-Classification/data/processed/audio/cycles/207/2b3_Ar_004.wav
207,2b3,Ar,COPD,3,test,/Users/vs/Sem 5/Respiratory-Disease-Classification/data/processed/audio/cycles/207/2b3_Ar_005.wav
207,2b3,Ar,COPD,3,test,/Users/vs/Sem 5/Respiratory-Disease-Classification/data/processed/audio/cycles/207/2b3_Ar_006.wav
207,2b3,Pl,COPD,3,test,/Users/vs/Sem 5/Respiratory-Disease-Classification/data/processed/audio/cycles/207/2b3_Pl_001.wav
207,2b3,Pl,COPD,3,test,/Users/vs/Sem 5/Respiratory-Disease-Classification/data/processed/audio/cycles/207/2b3_Pl_002.wav
207,2b3,Pl,COPD,3,test,/Users/vs/Sem 5/Respiratory-Disease-Classification/data/processed/audio/cycles/207/2b3_Pl_003.wav
207,2b3,Pl,COPD,3,test,/Users/vs/Sem 5/Respiratory-Disease-Classification/data/processed/audio/cycles/207/2b3_Pl_004.wav
207,2b3,Pl,COPD,3,test,/Users/vs/Sem 5/Respiratory-Disease-Classification/data/processed/audio/cycles/207/2b3_Pl_005.wav
207,2b3,Pl,COPD,3,test,/Users/vs/Sem 5/Respiratory-Disease-Classification/data/processed/audio/cycles/207/2b3_Pl_006.wav
207,2b3,Pr,COPD,3,test,/Users/vs/Sem 5/Respiratory-Disease-Classification/data/processed/audio/cycles/207/2b3_Pr_001.wav
207,2b3,Pr,COPD,3,test,/Users/vs/Sem 5/Respiratory-Disease-Classification/data/processed/audio/cycles/207/2b3_Pr_002.wav
207,2b3,Pr,COPD,3,test,/Users/vs/Sem 5/Respiratory-Disease-Classification/data/processed/audio/cycles/207/2b3_Pr_003.wav
207,2b3,Pr,COPD,3,test,/Users/vs/Sem 5/Respiratory-Disease-Classification/data/processed/audio/cycles/207/2b3_Pr_004.wav
207,2b3,Pr,COPD,3,test,/Users/vs/Sem 5/Respiratory-Disease-Classification/data/processed/audio/cycles/207/2b3_Pr_005.wav
207,2b3,Pr,COPD,3,test,/Users/vs/Sem 5/Respiratory-Disease-Classification/data/processed/audio/cycles/207/2b3_Pr_006.wav
207,2b3,Tc,COPD,3,test,/Users/vs/Sem 5/Respiratory-Disease-Classification/data/processed/audio/cycles/207/2b3_Tc_001.wav
207,2b3,Tc,COPD,3,test,/Users/vs/Sem 5/Respiratory-Disease-Classification/data/processed/audio/cycles/207/2b3_Tc_002.wav
207,2b3,Tc,COPD,3,test,/Users/vs/Sem 5/Respiratory-Disease-Classification/data/processed/audio/cycles/207/2b3_Tc_003.wav
207,2b3,Tc,COPD,3,test,/Users/vs/Sem 5/Respiratory-Disease-Classification/data/processed/audio/cycles/207/2b3_Tc_004.wav
207,2b3,Tc,COPD,3,test,/Users/vs/Sem 5/Respiratory-Disease-Classification/data/processed/audio/cycles/207/2b3_Tc_005.wav
207,2b3,Tc,COPD,3,test,/Users/vs/Sem 5/Respiratory-Disease-Classification/data/processed/audio/cycles/207/2b3_Tc_006.wav
207,2b4,Al,COPD,3,test,/Users/vs/Sem 5/Respiratory-Disease-Classification/data/processed/audio/cycles/207/2b4_Al_001.wav
207,2b4,Al,COPD,3,test,/Users/vs/Sem 5/Respiratory-Disease-Classification/data/processed/audio/cycles/207/2b4_Al_002.wav
207,2b4,Al,COPD,3,test,/Users/vs/Sem 5/Respiratory-Disease-Classification/data/processed/audio/cycles/207/2b4_Al_003.wav
207,2b4,Al,COPD,3,test,/Users/vs/Sem 5/Respiratory-Disease-Classification/data/processed/audio/cycles/207/2b4_Al_004.wav
207,2b4,Al,COPD,3,test,/Users/vs/Sem 5/Respiratory-Disease-Classification/data/processed/audio/cycles/207/2b4_Al_005.wav
207,2b4,Ar,COPD,3,test,/Users/vs/Sem 5/Respiratory-Disease-Classification/data/processed/audio/cycles/207/2b4_Ar_001.wav
207,2b4,Ar,COPD,3,test,/Users/vs/Sem 5/Respiratory-Disease-Classification/data/processed/audio/cycles/207/2b4_Ar_002.wav
207,2b4,Ar,COPD,3,test,/Users/vs/Sem 5/Respiratory-Disease-Classification/data/processed/audio/cycles/207/2b4_Ar_003.wav
207,2b4,Ar,COPD,3,test,/Users/vs/Sem 5/Respiratory-Disease-Classification/data/processed/audio/cycles/207/2b4_Ar_004.wav
207,2b4,Ar,COPD,3,test,/Users/vs/Sem 5/Respiratory-Disease-Classification/data/processed/audio/cycles/207/2b4_Ar_005.wav
207,2b4,Pl,COPD,3,test,/Users/vs/Sem 5/Respiratory-Disease-Classification/data/processed/audio/cycles/207/2b4_Pl_001.wav
207,2b4,Pl,COPD,3,test,/Users/vs/Sem 5/Respiratory-Disease-Classification/data/processed/audio/cycles/207/2b4_Pl_002.wav
207,2b4,Pl,COPD,3,test,/Users/vs/Sem 5/Respiratory-Disease-Classification/data/processed/audio/cycles/207/2b4_Pl_003.wav
207,2b4,Pl,COPD,3,test,/Users/vs/Sem 5/Respiratory-Disease-Classification/data/processed/audio/cycles/207/2b4_Pl_004.wav
207,2b4,Pl,COPD,3,test,/Users/vs/Sem 5/Respiratory-Disease-Classification/data/processed/audio/cycles/207/2b4_Pl_005.wav
207,2b4,Pr,COPD,3,test,/Users/vs/Sem 5/Respiratory-Disease-Classification/data/processed/audio/cycles/207/2b4_Pr_001.wav
207,2b4,Pr,COPD,3,test,/Users/vs/Sem 5/Respiratory-Disease-Classification/data/processed/audio/cycles/207/2b4_Pr_002.wav
207,2b4,Pr,COPD,3,test,/Users/vs/Sem 5/Respiratory-Disease-Classification/data/processed/audio/cycles/207/2b4_Pr_003.wav
207,2b4,Pr,COPD,3,test,/Users/vs/Sem 5/Respiratory-Disease-Classification/data/processed/audio/cycles/207/2b4_Pr_004.wav
207,2b4,Pr,COPD,3,test,/Users/vs/Sem 5/Respiratory-Disease-Classification/data/processed/audio/cycles/207/2b4_Pr_005.wav
207,2b4,Tc,COPD,3,test,/Users/vs/Sem 5/Respiratory-Disease-Classification/data/processed/audio/cycles/207/2b4_Tc_001.wav
207,2b4,Tc,COPD,3,test,/Users/vs/Sem 5/Respiratory-Disease-Classification/data/processed/audio/cycles/207/2b4_Tc_002.wav
207,2b4,Tc,COPD,3,test,/Users/vs/Sem 5/Respiratory-Disease-Classification/data/processed/audio/cycles/207/2b4_Tc_003.wav
207,2b4,Tc,COPD,3,test,/Users/vs/Sem 5/Respiratory-Disease-Classification/data/processed/audio/cycles/207/2b4_Tc_004.wav
207,2b4,Tc,COPD,3,test,/Users/vs/Sem 5/Respiratory-Disease-Classification/data/processed/audio/cycles/207/2b4_Tc_005.wav
207,3b2,Al,COPD,3,test,/Users/vs/Sem 5/Respiratory-Disease-Classification/data/processed/audio/cycles/207/3b2_Al_001.wav
207,3b2,Al,COPD,3,test,/Users/vs/Sem 5/Respiratory-Disease-Classification/data/processed/audio/cycles/207/3b2_Al_002.wav
207,3b2,Al,COPD,3,test,/Users/vs/Sem 5/Respiratory-Disease-Classification/data/processed/audio/cycles/207/3b2_Al_003.wav
207,3b2,Al,COPD,3,test,/Users/vs/Sem 5/Respiratory-Disease-Classification/data/processed/audio/cycles/207/3b2_Al_004.wav
207,3b2,Al,COPD,3,test,/Users/vs/Sem 5/Respiratory-Disease-Classification/data/processed/audio/cycles/207/3b2_Al_005.wav
207,3b2,Al,COPD,3,test,/Users/vs/Sem 5/Respiratory-Disease-Classification/data/processed/audio/cycles/207/3b2_Al_006.wav
207,3b2,Al,COPD,3,test,/Users/vs/Sem 5/Respiratory-Disease-Classification/data/processed/audio/cycles/207/3b2_Al_007.wav
207,3b2,Al,COPD,3,test,/Users/vs/Sem 5/Respiratory-Disease-Classification/data/processed/audio/cycles/207/3b2_Al_008.wav
207,3b2,Al,COPD,3,test,/Users/vs/Sem 5/Respiratory-Disease-Classification/data/processed/audio/cycles/207/3b2_Al_009.wav
207,3b2,Ar,COPD,3,test,/Users/vs/Sem 5/Respiratory-Disease-Classification/data/processed/audio/cycles/207/3b2_Ar_001.wav
207,3b2,Ar,COPD,3,test,/Users/vs/Sem 5/Respiratory-Disease-Classification/data/processed/audio/cycles/207/3b2_Ar_002.wav
207,3b2,Ar,COPD,3,test,/Users/vs/Sem 5/Respiratory-Disease-Classification/data/processed/audio/cycles/207/3b2_Ar_003.wav
207,3b2,Ar,COPD,3,test,/Users/vs/Sem 5/Respiratory-Disease-Classification/data/processed/audio/cycles/207/3b2_Ar_004.wav
207,3b2,Ar,COPD,3,test,/Users/vs/Sem 5/Respiratory-Disease-Classification/data/processed/audio/cycles/207/3b2_Ar_005.wav
207,3b2,Ar,COPD,3,test,/Users/vs/Sem 5/Respiratory-Disease-Classification/data/processed/audio/cycles/207/3b2_Ar_006.wav
207,3b2,Ar,COPD,3,test,/Users/vs/Sem 5/Respiratory-Disease-Classification/data/processed/audio/cycles/207/3b2_Ar_007.wav
207,3b2,Ar,COPD,3,test,/Users/vs/Sem 5/Respiratory-Disease-Classification/data/processed/audio/cycles/207/3b2_Ar_008.wav
207,3b2,Ar,COPD,3,test,/Users/vs/Sem 5/Respiratory-Disease-Classification/data/processed/audio/cycles/207/3b2_Ar_009.wav
207,3b2,Lr,COPD,3,test,/Users/vs/Sem 5/Respiratory-Disease-Classification/data/processed/audio/cycles/207/3b2_Lr_001.wav
207,3b2,Lr,COPD,3,test,/Users/vs/Sem 5/Respiratory-Disease-Classification/data/processed/audio/cycles/207/3b2_Lr_002.wav
207,3b2,Lr,COPD,3,test,/Users/vs/Sem 5/Respiratory-Disease-Classification/data/processed/audio/cycles/207/3b2_Lr_003.wav
207,3b2,Lr,COPD,3,test,/Users/vs/Sem 5/Respiratory-Disease-Classification/data/processed/audio/cycles/207/3b2_Lr_004.wav
207,3b2,Lr,COPD,3,test,/Users/vs/Sem 5/Respiratory-Disease-Classification/data/processed/audio/cycles/207/3b2_Lr_005.wav
207,3b2,Lr,COPD,3,test,/Users/vs/Sem 5/Respiratory-Disease-Classification/data/processed/audio/cycles/207/3b2_Lr_006.wav
207,3b2,Lr,COPD,3,test,/Users/vs/Sem 5/Respiratory-Disease-Classification/data/processed/audio/cycles/207/3b2_Lr_007.wav
207,3b2,Lr,COPD,3,test,/Users/vs/Sem 5/Respiratory-Disease-Classification/data/processed/audio/cycles/207/3b2_Lr_008.wav
207,3b2,Lr,COPD,3,test,/Users/vs/Sem 5/Respiratory-Disease-Classification/data/processed/audio/cycles/207/3b2_Lr_009.wav
207,3b2,Pl,COPD,3,test,/Users/vs/Sem 5/Respiratory-Disease-Classification/data/processed/audio/cycles/207/3b2_Pl_001.wav
207,3b2,Pl,COPD,3,test,/Users/vs/Sem 5/Respiratory-Disease-Classification/data/processed/audio/cycles/207/3b2_Pl_002.wav
207,3b2,Pl,COPD,3,test,/Users/vs/Sem 5/Respiratory-Disease-Classification/data/processed/audio/cycles/207/3b2_Pl_003.wav
207,3b2,Pl,COPD,3,test,/Users/vs/Sem 5/Respiratory-Disease-Classification/data/processed/audio/cycles/207/3b2_Pl_004.wav
207,3b2,Pl,COPD,3,test,/Users/vs/Sem 5/Respiratory-Disease-Classification/data/processed/audio/cycles/207/3b2_Pl_005.wav
207,3b2,Pl,COPD,3,test,/Users/vs/Sem 5/Respiratory-Disease-Classification/data/processed/audio/cycles/207/3b2_Pl_006.wav
207,3b2,Pl,COPD,3,test,/Users/vs/Sem 5/Respiratory-Disease-Classification/data/processed/audio/cycles/207/3b2_Pl_007.wav
207,3b2,Pl,COPD,3,test,/Users/vs/Sem 5/Respiratory-Disease-Classification/data/processed/audio/cycles/207/3b2_Pl_008.wav
207,3b2,Pl,COPD,3,test,/Users/vs/Sem 5/Respiratory-Disease-Classification/data/processed/audio/cycles/207/3b2_Pl_009.wav
207,3b2,Pr,COPD,3,test,/Users/vs/Sem 5/Respiratory-Disease-Classification/data/processed/audio/cycles/207/3b2_Pr_001.wav
207,3b2,Pr,COPD,3,test,/Users/vs/Sem 5/Respiratory-Disease-Classification/data/processed/audio/cycles/207/3b2_Pr_002.wav
207,3b2,Pr,COPD,3,test,/Users/vs/Sem 5/Respiratory-Disease-Classification/data/processed/audio/cycles/207/3b2_Pr_003.wav
207,3b2,Pr,COPD,3,test,/Users/vs/Sem 5/Respiratory-Disease-Classification/data/processed/audio/cycles/207/3b2_Pr_004.wav
207,3b2,Pr,COPD,3,test,/Users/vs/Sem 5/Respiratory-Disease-Classification/data/processed/audio/cycles/207/3b2_Pr_005.wav
207,3b2,Pr,COPD,3,test,/Users/vs/Sem 5/Respiratory-Disease-Classification/data/processed/audio/cycles/207/3b2_Pr_006.wav
207,3b2,Pr,COPD,3,test,/Users/vs/Sem 5/Respiratory-Disease-Classification/data/processed/audio/cycles/207/3b2_Pr_007.wav
207,3b2,Pr,COPD,3,test,/Users/vs/Sem 5/Respiratory-Disease-Classification/data/processed/audio/cycles/207/3b2_Pr_008.wav
207,3b2,Pr,COPD,3,test,/Users/vs/Sem 5/Respiratory-Disease-Classification/data/processed/audio/cycles/207/3b2_Pr_009.wav
207,3b2,Tc,COPD,3,test,/Users/vs/Sem 5/Respiratory-Disease-Classification/data/processed/audio/cycles/207/3b2_Tc_001.wav
207,3b2,Tc,COPD,3,test,/Users/vs/Sem 5/Respiratory-Disease-Classification/data/processed/audio/cycles/207/3b2_Tc_002.wav
207,3b2,Tc,COPD,3,test,/Users/vs/Sem 5/Respiratory-Disease-Classification/data/processed/audio/cycles/207/3b2_Tc_003.wav
207,3b2,Tc,COPD,3,test,/Users/vs/Sem 5/Respiratory-Disease-Classification/data/processed/audio/cycles/207/3b2_Tc_004.wav
207,3b2,Tc,COPD,3,test,/Users/vs/Sem 5/Respiratory-Disease-Classification/data/processed/audio/cycles/207/3b2_Tc_005.wav
207,3b2,Tc,COPD,3,test,/Users/vs/Sem 5/Respiratory-Disease-Classification/data/processed/audio/cycles/207/3b2_Tc_006.wav
207,3b2,Tc,COPD,3,test,/Users/vs/Sem 5/Respiratory-Disease-Classification/data/processed/audio/cycles/207/3b2_Tc_007.wav
207,3b2,Tc,COPD,3,test,/Users/vs/Sem 5/Respiratory-Disease-Classification/data/processed/audio/cycles/207/3b2_Tc_008.wav
207,3b2,Tc,COPD,3,test,/Users/vs/Sem 5/Respiratory-Disease-Classification/data/processed/audio/cycles/207/3b2_Tc_009.wav
208,1b1,Ll,Healthy,4,train,/Users/vs/Sem 5/Respiratory-Disease-Classification/data/processed/audio/cycles/208/1b1_Ll_001.wav
208,1b1,Ll,Healthy,4,train,/Users/vs/Sem 5/Respiratory-Disease-Classification/data/processed/audio/cycles/208/1b1_Ll_002.wav
208,1b1,Ll,Healthy,4,train,/Users/vs/Sem 5/Respiratory-Disease-Classification/data/processed/audio/cycles/208/1b1_Ll_003.wav
208,1b1,Ll,Healthy,4,train,/Users/vs/Sem 5/Respiratory-Disease-Classification/data/processed/audio/cycles/208/1b1_Ll_004.wav
208,1b1,Ll,Healthy,4,train,/Users/vs/Sem 5/Respiratory-Disease-Classification/data/processed/audio/cycles/208/1b1_Ll_005.wav
208,1b1,Ll,Healthy,4,train,/Users/vs/Sem 5/Respiratory-Disease-Classification/data/processed/audio/cycles/208/1b1_Ll_006.wav
208,1b1,Ll,Healthy,4,train,/Users/vs/Sem 5/Respiratory-Disease-Classification/data/processed/audio/cycles/208/1b1_Ll_007.wav
208,1b1,Ll,Healthy,4,train,/Users/vs/Sem 5/Respiratory-Disease-Classification/data/processed/audio/cycles/208/1b1_Ll_008.wav
208,1b1,Ll,Healthy,4,train,/Users/vs/Sem 5/Respiratory-Disease-Classification/data/processed/audio/cycles/208/1b1_Ll_009.wav
208,1b1,Ll,Healthy,4,train,/Users/vs/Sem 5/Respiratory-Disease-Classification/data/processed/audio/cycles/208/1b1_Ll_010.wav
208,1b1,Ll,Healthy,4,train,/Users/vs/Sem 5/Respiratory-Disease-Classification/data/processed/audio/cycles/208/1b1_Ll_011.wav
208,1b1,Ll,Healthy,4,train,/Users/vs/Sem 5/Respiratory-Disease-Classification/data/processed/audio/cycles/208/1b1_Ll_012.wav
208,1b1,Ll,Healthy,4,train,/Users/vs/Sem 5/Respiratory-Disease-Classification/data/processed/audio/cycles/208/1b1_Ll_013.wav
209,1b1,Tc,Healthy,4,train,/Users/vs/Sem 5/Respiratory-Disease-Classification/data/processed/audio/cycles/209/1b1_Tc_001.wav
209,1b1,Tc,Healthy,4,train,/Users/vs/Sem 5/Respiratory-Disease-Classification/data/processed/audio/cycles/209/1b1_Tc_002.wav
209,1b1,Tc,Healthy,4,train,/Users/vs/Sem 5/Respiratory-Disease-Classification/data/processed/audio/cycles/209/1b1_Tc_003.wav
209,1b1,Tc,Healthy,4,train,/Users/vs/Sem 5/Respiratory-Disease-Classification/data/processed/audio/cycles/209/1b1_Tc_004.wav
210,1b1,Al,URTI,7,train,/Users/vs/Sem 5/Respiratory-Disease-Classification/data/processed/audio/cycles/210/1b1_Al_001.wav
210,1b1,Al,URTI,7,train,/Users/vs/Sem 5/Respiratory-Disease-Classification/data/processed/audio/cycles/210/1b1_Al_002.wav
210,1b1,Al,URTI,7,train,/Users/vs/Sem 5/Respiratory-Disease-Classification/data/processed/audio/cycles/210/1b1_Al_003.wav
210,1b1,Al,URTI,7,train,/Users/vs/Sem 5/Respiratory-Disease-Classification/data/processed/audio/cycles/210/1b1_Al_004.wav
210,1b1,Al,URTI,7,train,/Users/vs/Sem 5/Respiratory-Disease-Classification/data/processed/audio/cycles/210/1b1_Al_005.wav
210,1b1,Al,URTI,7,train,/Users/vs/Sem 5/Respiratory-Disease-Classification/data/processed/audio/cycles/210/1b1_Al_006.wav
210,1b1,Al,URTI,7,train,/Users/vs/Sem 5/Respiratory-Disease-Classification/data/processed/audio/cycles/210/1b1_Al_007.wav
210,1b1,Al,URTI,7,train,/Users/vs/Sem 5/Respiratory-Disease-Classification/data/processed/audio/cycles/210/1b1_Al_008.wav
210,1b1,Al,URTI,7,train,/Users/vs/Sem 5/Respiratory-Disease-Classification/data/processed/audio/cycles/210/1b1_Al_009.wav
210,1b1,Al,URTI,7,train,/Users/vs/Sem 5/Respiratory-Disease-Classification/data/processed/audio/cycles/210/1b1_Al_010.wav
210,1b1,Al,URTI,7,train,/Users/vs/Sem 5/Respiratory-Disease-Classification/data/processed/audio/cycles/210/1b1_Al_011.wav
210,1b1,Al,URTI,7,train,/Users/vs/Sem 5/Respiratory-Disease-Classification/data/processed/audio/cycles/210/1b1_Al_012.wav
210,1b1,Al,URTI,7,train,/Users/vs/Sem 5/Respiratory-Disease-Classification/data/processed/audio/cycles/210/1b1_Al_013.wav
210,1b1,Al,URTI,7,train,/Users/vs/Sem 5/Respiratory-Disease-Classification/data/processed/audio/cycles/210/1b1_Al_014.wav
210,1b1,Al,URTI,7,train,/Users/vs/Sem 5/Respiratory-Disease-Classification/data/processed/audio/cycles/210/1b1_Al_015.wav
210,1b1,Al,URTI,7,train,/Users/vs/Sem 5/Respiratory-Disease-Classification/data/processed/audio/cycles/210/1b1_Al_016.wav
210,1b1,Al,URTI,7,train,/Users/vs/Sem 5/Respiratory-Disease-Classification/data/processed/audio/cycles/210/1b1_Al_017.wav
210,1b1,Al,URTI,7,train,/Users/vs/Sem 5/Respiratory-Disease-Classification/data/processed/audio/cycles/210/1b1_Al_018.wav
210,1b1,Ar,URTI,7,train,/Users/vs/Sem 5/Respiratory-Disease-Classification/data/processed/audio/cycles/210/1b1_Ar_001.wav
210,1b1,Ar,URTI,7,train,/Users/vs/Sem 5/Respiratory-Disease-Classification/data/processed/audio/cycles/210/1b1_Ar_002.wav
210,1b1,Ar,URTI,7,train,/Users/vs/Sem 5/Respiratory-Disease-Classification/data/processed/audio/cycles/210/1b1_Ar_003.wav
210,1b1,Ar,URTI,7,train,/Users/vs/Sem 5/Respiratory-Disease-Classification/data/processed/audio/cycles/210/1b1_Ar_004.wav
210,1b1,Ar,URTI,7,train,/Users/vs/Sem 5/Respiratory-Disease-Classification/data/processed/audio/cycles/210/1b1_Ar_005.wav
210,1b1,Ar,URTI,7,train,/Users/vs/Sem 5/Respiratory-Disease-Classification/data/processed/audio/cycles/210/1b1_Ar_006.wav
210,1b1,Ar,URTI,7,train,/Users/vs/Sem 5/Respiratory-Disease-Classification/data/processed/audio/cycles/210/1b1_Ar_007.wav
210,1b1,Ar,URTI,7,train,/Users/vs/Sem 5/Respiratory-Disease-Classification/data/processed/audio/cycles/210/1b1_Ar_008.wav
210,1b1,Ar,URTI,7,train,/Users/vs/Sem 5/Respiratory-Disease-Classification/data/processed/audio/cycles/210/1b1_Ar_009.wav
210,1b1,Ar,URTI,7,train,/Users/vs/Sem 5/Respiratory-Disease-Classification/data/processed/audio/cycles/210/1b1_Ar_010.wav
210,1b1,Ar,URTI,7,train,/Users/vs/Sem 5/Respiratory-Disease-Classification/data/processed/audio/cycles/210/1b1_Ar_011.wav
210,1b1,Ar,URTI,7,train,/Users/vs/Sem 5/Respiratory-Disease-Classification/data/processed/audio/cycles/210/1b1_Ar_012.wav
210,1b1,Ar,URTI,7,train,/Users/vs/Sem 5/Respiratory-Disease-Classification/data/processed/audio/cycles/210/1b1_Ar_013.wav
211,1p2,Ar,COPD,3,test,/Users/vs/Sem 5/Respiratory-Disease-Classification/data/processed/audio/cycles/211/1p2_Ar_001.wav
211,1p2,Ar,COPD,3,test,/Users/vs/Sem 5/Respiratory-Disease-Classification/data/processed/audio/cycles/211/1p2_Ar_002.wav
211,1p2,Ar,COPD,3,test,/Users/vs/Sem 5/Respiratory-Disease-Classification/data/processed/audio/cycles/211/1p2_Ar_003.wav
211,1p2,Ar,COPD,3,test,/Users/vs/Sem 5/Respiratory-Disease-Classification/data/processed/audio/cycles/211/1p2_Ar_004.wav
211,1p2,Ar,COPD,3,test,/Users/vs/Sem 5/Respiratory-Disease-Classification/data/processed/audio/cycles/211/1p2_Ar_005.wav
211,1p2,Ar,COPD,3,test,/Users/vs/Sem 5/Respiratory-Disease-Classification/data/processed/audio/cycles/211/1p2_Ar_006.wav
211,1p2,Ar,COPD,3,test,/Users/vs/Sem 5/Respiratory-Disease-Classification/data/processed/audio/cycles/211/1p2_Ar_007.wav
211,1p2,Ar,COPD,3,test,/Users/vs/Sem 5/Respiratory-Disease-Classification/data/processed/audio/cycles/211/1p2_Ar_008.wav
211,1p2,Ar,COPD,3,test,/Users/vs/Sem 5/Respiratory-Disease-Classification/data/processed/audio/cycles/211/1p2_Ar_009.wav
211,1p2,Ar,COPD,3,test,/Users/vs/Sem 5/Respiratory-Disease-Classification/data/processed/audio/cycles/211/1p2_Ar_010.wav
211,1p2,Ar,COPD,3,test,/Users/vs/Sem 5/Respiratory-Disease-Classification/data/processed/audio/cycles/211/1p2_Ar_011.wav
211,1p2,Ar,COPD,3,test,/Users/vs/Sem 5/Respiratory-Disease-Classification/data/processed/audio/cycles/211/1p2_Ar_012.wav
211,1p2,Ar,COPD,3,test,/Users/vs/Sem 5/Respiratory-Disease-Classification/data/processed/audio/cycles/211/1p2_Ar_013.wav
211,1p2,Pl,COPD,3,test,/Users/vs/Sem 5/Respiratory-Disease-Classification/data/processed/audio/cycles/211/1p2_Pl_001.wav
211,1p2,Pl,COPD,3,test,/Users/vs/Sem 5/Respiratory-Disease-Classification/data/processed/audio/cycles/211/1p2_Pl_002.wav
211,1p2,Pl,COPD,3,test,/Users/vs/Sem 5/Respiratory-Disease-Classification/data/processed/audio/cycles/211/1p2_Pl_003.wav
211,1p2,Pl,COPD,3,test,/Users/vs/Sem 5/Respiratory-Disease-Classification/data/processed/audio/cycles/211/1p2_Pl_004.wav
211,1p2,Pl,COPD,3,test,/Users/vs/Sem 5/Respiratory-Disease-Classification/data/processed/audio/cycles/211/1p2_Pl_005.wav
211,1p2,Pl,COPD,3,test,/Users/vs/Sem 5/Respiratory-Disease-Classification/data/processed/audio/cycles/211/1p2_Pl_006.wav
211,1p2,Pl,COPD,3,test,/Users/vs/Sem 5/Respiratory-Disease-Classification/data/processed/audio/cycles/211/1p2_Pl_007.wav
211,1p2,Pl,COPD,3,test,/Users/vs/Sem 5/Respiratory-Disease-Classification/data/processed/audio/cycles/211/1p2_Pl_008.wav
211,1p2,Pl,COPD,3,test,/Users/vs/Sem 5/Respiratory-Disease-Classification/data/processed/audio/cycles/211/1p2_Pl_009.wav
211,1p2,Pl,COPD,3,test,/Users/vs/Sem 5/Respiratory-Disease-Classification/data/processed/audio/cycles/211/1p2_Pl_010.wav
211,1p2,Pl,COPD,3,test,/Users/vs/Sem 5/Respiratory-Disease-Classification/data/processed/audio/cycles/211/1p2_Pl_011.wav
211,1p2,Pl,COPD,3,test,/Users/vs/Sem 5/Respiratory-Disease-Classification/data/processed/audio/cycles/211/1p2_Pl_012.wav
211,1p2,Pl,COPD,3,test,/Users/vs/Sem 5/Respiratory-Disease-Classification/data/processed/audio/cycles/211/1p2_Pl_013.wav
211,1p2,Pr,COPD,3,test,/Users/vs/Sem 5/Respiratory-Disease-Classification/data/processed/audio/cycles/211/1p2_Pr_001.wav
211,1p2,Pr,COPD,3,test,/Users/vs/Sem 5/Respiratory-Disease-Classification/data/processed/audio/cycles/211/1p2_Pr_002.wav
211,1p2,Pr,COPD,3,test,/Users/vs/Sem 5/Respiratory-Disease-Classification/data/processed/audio/cycles/211/1p2_Pr_003.wav
211,1p2,Pr,COPD,3,test,/Users/vs/Sem 5/Respiratory-Disease-Classification/data/processed/audio/cycles/211/1p2_Pr_004.wav
211,1p2,Pr,COPD,3,test,/Users/vs/Sem 5/Respiratory-Disease-Classification/data/processed/audio/cycles/211/1p2_Pr_005.wav
211,1p2,Pr,COPD,3,test,/Users/vs/Sem 5/Respiratory-Disease-Classification/data/processed/audio/cycles/211/1p2_Pr_006.wav
211,1p2,Pr,COPD,3,test,/Users/vs/Sem 5/Respiratory-Disease-Classification/data/processed/audio/cycles/211/1p2_Pr_007.wav
211,1p2,Pr,COPD,3,test,/Users/vs/Sem 5/Respiratory-Disease-Classification/data/processed/audio/cycles/211/1p2_Pr_008.wav
211,1p2,Pr,COPD,3,test,/Users/vs/Sem 5/Respiratory-Disease-Classification/data/processed/audio/cycles/211/1p2_Pr_009.wav
211,1p2,Pr,COPD,3,test,/Users/vs/Sem 5/Respiratory-Disease-Classification/data/processed/audio/cycles/211/1p2_Pr_010.wav
211,1p2,Pr,COPD,3,test,/Users/vs/Sem 5/Respiratory-Disease-Classification/data/processed/audio/cycles/211/1p2_Pr_011.wav
211,1p2,Pr,COPD,3,test,/Users/vs/Sem 5/Respiratory-Disease-Classification/data/processed/audio/cycles/211/1p2_Pr_012.wav
211,1p2,Pr,COPD,3,test,/Users/vs/Sem 5/Respiratory-Disease-Classification/data/processed/audio/cycles/211/1p2_Pr_013.wav
211,1p3,Ar,COPD,3,test,/Users/vs/Sem 5/Respiratory-Disease-Classification/data/processed/audio/cycles/211/1p3_Ar_001.wav
211,1p3,Ar,COPD,3,test,/Users/vs/Sem 5/Respiratory-Disease-Classification/data/processed/audio/cycles/211/1p3_Ar_002.wav
211,1p3,Ar,COPD,3,test,/Users/vs/Sem 5/Respiratory-Disease-Classification/data/processed/audio/cycles/211/1p3_Ar_003.wav
211,1p3,Ar,COPD,3,test,/Users/vs/Sem 5/Respiratory-Disease-Classification/data/processed/audio/cycles/211/1p3_Ar_004.wav
211,1p3,Ar,COPD,3,test,/Users/vs/Sem 5/Respiratory-Disease-Classification/data/processed/audio/cycles/211/1p3_Ar_005.wav
211,1p3,Ar,COPD,3,test,/Users/vs/Sem 5/Respiratory-Disease-Classification/data/processed/audio/cycles/211/1p3_Ar_006.wav
211,1p3,Ar,COPD,3,test,/Users/vs/Sem 5/Respiratory-Disease-Classification/data/processed/audio/cycles/211/1p3_Ar_007.wav
211,1p3,Ar,COPD,3,test,/Users/vs/Sem 5/Respiratory-Disease-Classification/data/processed/audio/cycles/211/1p3_Ar_008.wav
211,1p3,Ar,COPD,3,test,/Users/vs/Sem 5/Respiratory-Disease-Classification/data/processed/audio/cycles/211/1p3_Ar_009.wav
211,1p3,Ar,COPD,3,test,/Users/vs/Sem 5/Respiratory-Disease-Classification/data/processed/audio/cycles/211/1p3_Ar_010.wav
211,1p3,Ar,COPD,3,test,/Users/vs/Sem 5/Respiratory-Disease-Classification/data/processed/audio/cycles/211/1p3_Ar_011.wav
211,1p3,Ar,COPD,3,test,/Users/vs/Sem 5/Respiratory-Disease-Classification/data/processed/audio/cycles/211/1p3_Ar_012.wav
211,1p3,Ar,COPD,3,test,/Users/vs/Sem 5/Respiratory-Disease-Classification/data/processed/audio/cycles/211/1p3_Ar_013.wav
211,1p3,Ar,COPD,3,test,/Users/vs/Sem 5/Respiratory-Disease-Classification/data/processed/audio/cycles/211/1p3_Ar_014.wav
211,1p5,Ar,COPD,3,test,/Users/vs/Sem 5/Respiratory-Disease-Classification/data/processed/audio/cycles/211/1p5_Ar_001.wav
211,1p5,Ar,COPD,3,test,/Users/vs/Sem 5/Respiratory-Disease-Classification/data/processed/audio/cycles/211/1p5_Ar_002.wav
211,1p5,Ar,COPD,3,test,/Users/vs/Sem 5/Respiratory-Disease-Classification/data/processed/audio/cycles/211/1p5_Ar_003.wav
211,1p5,Ar,COPD,3,test,/Users/vs/Sem 5/Respiratory-Disease-Classification/data/processed/audio/cycles/211/1p5_Ar_004.wav
211,1p5,Ar,COPD,3,test,/Users/vs/Sem 5/Respiratory-Disease-Classification/data/processed/audio/cycles/211/1p5_Ar_005.wav
211,1p5,Ar,COPD,3,test,/Users/vs/Sem 5/Respiratory-Disease-Classification/data/processed/audio/cycles/211/1p5_Ar_006.wav
211,1p5,Ar,COPD,3,test,/Users/vs/Sem 5/Respiratory-Disease-Classification/data/processed/audio/cycles/211/1p5_Ar_007.wav
211,1p5,Ar,COPD,3,test,/Users/vs/Sem 5/Respiratory-Disease-Classification/data/processed/audio/cycles/211/1p5_Ar_008.wav
211,1p5,Ar,COPD,3,test,/Users/vs/Sem 5/Respiratory-Disease-Classification/data/processed/audio/cycles/211/1p5_Ar_009.wav
211,1p5,Ar,COPD,3,test,/Users/vs/Sem 5/Respiratory-Disease-Classification/data/processed/audio/cycles/211/1p5_Ar_010.wav
211,1p5,Ar,COPD,3,test,/Users/vs/Sem 5/Respiratory-Disease-Classification/data/processed/audio/cycles/211/1p5_Ar_011.wav
211,1p5,Ar,COPD,3,test,/Users/vs/Sem 5/Respiratory-Disease-Classification/data/processed/audio/cycles/211/1p5_Ar_012.wav
211,1p5,Ar,COPD,3,test,/Users/vs/Sem 5/Respiratory-Disease-Classification/data/processed/audio/cycles/211/1p5_Ar_013.wav
211,1p5,Ar,COPD,3,test,/Users/vs/Sem 5/Respiratory-Disease-Classification/data/processed/audio/cycles/211/1p5_Ar_014.wav
211,2p2,Tc,COPD,3,test,/Users/vs/Sem 5/Respiratory-Disease-Classification/data/processed/audio/cycles/211/2p2_Tc_001.wav
211,2p2,Tc,COPD,3,test,/Users/vs/Sem 5/Respiratory-Disease-Classification/data/processed/audio/cycles/211/2p2_Tc_002.wav
211,2p2,Tc,COPD,3,test,/Users/vs/Sem 5/Respiratory-Disease-Classification/data/processed/audio/cycles/211/2p2_Tc_003.wav
211,2p2,Tc,COPD,3,test,/Users/vs/Sem 5/Respiratory-Disease-Classification/data/processed/audio/cycles/211/2p2_Tc_004.wav
211,2p2,Tc,COPD,3,test,/Users/vs/Sem 5/Respiratory-Disease-Classification/data/processed/audio/cycles/211/2p2_Tc_005.wav
211,2p2,Tc,COPD,3,test,/Users/vs/Sem 5/Respiratory-Disease-Classification/data/processed/audio/cycles/211/2p2_Tc_006.wav
211,2p2,Tc,COPD,3,test,/Users/vs/Sem 5/Respiratory-Disease-Classification/data/processed/audio/cycles/211/2p2_Tc_007.wav
211,2p2,Tc,COPD,3,test,/Users/vs/Sem 5/Respiratory-Disease-Classification/data/processed/audio/cycles/211/2p2_Tc_008.wav
211,2p2,Tc,COPD,3,test,/Users/vs/Sem 5/Respiratory-Disease-Classification/data/processed/audio/cycles/211/2p2_Tc_009.wav
211,2p2,Tc,COPD,3,test,/Users/vs/Sem 5/Respiratory-Disease-Classification/data/processed/audio/cycles/211/2p2_Tc_010.wav
211,2p2,Tc,COPD,3,test,/Users/vs/Sem 5/Respiratory-Disease-Classification/data/processed/audio/cycles/211/2p2_Tc_011.wav
211,2p2,Tc,COPD,3,test,/Users/vs/Sem 5/Respiratory-Disease-Classification/data/processed/audio/cycles/211/2p2_Tc_012.wav
211,2p2,Tc,COPD,3,test,/Users/vs/Sem 5/Respiratory-Disease-Classification/data/processed/audio/cycles/211/2p2_Tc_013.wav
211,2p3,Tc,COPD,3,test,/Users/vs/Sem 5/Respiratory-Disease-Classification/data/processed/audio/cycles/211/2p3_Tc_001.wav
211,2p3,Tc,COPD,3,test,/Users/vs/Sem 5/Respiratory-Disease-Classification/data/processed/audio/cycles/211/2p3_Tc_002.wav
211,2p3,Tc,COPD,3,test,/Users/vs/Sem 5/Respiratory-Disease-Classification/data/processed/audio/cycles/211/2p3_Tc_003.wav
211,2p3,Tc,COPD,3,test,/Users/vs/Sem 5/Respiratory-Disease-Classification/data/processed/audio/cycles/211/2p3_Tc_004.wav
211,2p3,Tc,COPD,3,test,/Users/vs/Sem 5/Respiratory-Disease-Classification/data/processed/audio/cycles/211/2p3_Tc_005.wav
211,2p3,Tc,COPD,3,test,/Users/vs/Sem 5/Respiratory-Disease-Classification/data/processed/audio/cycles/211/2p3_Tc_006.wav
211,2p3,Tc,COPD,3,test,/Users/vs/Sem 5/Respiratory-Disease-Classification/data/processed/audio/cycles/211/2p3_Tc_007.wav
211,2p3,Tc,COPD,3,test,/Users/vs/Sem 5/Respiratory-Disease-Classification/data/processed/audio/cycles/211/2p3_Tc_008.wav
211,2p3,Tc,COPD,3,test,/Users/vs/Sem 5/Respiratory-Disease-Classification/data/processed/audio/cycles/211/2p3_Tc_009.wav
211,2p3,Tc,COPD,3,test,/Users/vs/Sem 5/Respiratory-Disease-Classification/data/processed/audio/cycles/211/2p3_Tc_010.wav
211,2p3,Tc,COPD,3,test,/Users/vs/Sem 5/Respiratory-Disease-Classification/data/processed/audio/cycles/211/2p3_Tc_011.wav
211,2p3,Tc,COPD,3,test,/Users/vs/Sem 5/Respiratory-Disease-Classification/data/processed/audio/cycles/211/2p3_Tc_012.wav
211,2p3,Tc,COPD,3,test,/Users/vs/Sem 5/Respiratory-Disease-Classification/data/processed/audio/cycles/211/2p3_Tc_013.wav
211,2p3,Tc,COPD,3,test,/Users/vs/Sem 5/Respiratory-Disease-Classification/data/processed/audio/cycles/211/2p3_Tc_014.wav
211,2p3,Tc,COPD,3,test,/Users/vs/Sem 5/Respiratory-Disease-Classification/data/processed/audio/cycles/211/2p3_Tc_015.wav
211,2p3,Tc,COPD,3,test,/Users/vs/Sem 5/Respiratory-Disease-Classification/data/processed/audio/cycles/211/2p3_Tc_016.wav
211,2p4,Tc,COPD,3,test,/Users/vs/Sem 5/Respiratory-Disease-Classification/data/processed/audio/cycles/211/2p4_Tc_001.wav
211,2p4,Tc,COPD,3,test,/Users/vs/Sem 5/Respiratory-Disease-Classification/data/processed/audio/cycles/211/2p4_Tc_002.wav
211,2p4,Tc,COPD,3,test,/Users/vs/Sem 5/Respiratory-Disease-Classification/data/processed/audio/cycles/211/2p4_Tc_003.wav
211,2p4,Tc,COPD,3,test,/Users/vs/Sem 5/Respiratory-Disease-Classification/data/processed/audio/cycles/211/2p4_Tc_004.wav
211,2p4,Tc,COPD,3,test,/Users/vs/Sem 5/Respiratory-Disease-Classification/data/processed/audio/cycles/211/2p4_Tc_005.wav
211,2p4,Tc,COPD,3,test,/Users/vs/Sem 5/Respiratory-Disease-Classification/data/processed/audio/cycles/211/2p4_Tc_006.wav
211,2p4,Tc,COPD,3,test,/Users/vs/Sem 5/Respiratory-Disease-Classification/data/processed/audio/cycles/211/2p4_Tc_007.wav
211,2p4,Tc,COPD,3,test,/Users/vs/Sem 5/Respiratory-Disease-Classification/data/processed/audio/cycles/211/2p4_Tc_008.wav
211,2p4,Tc,COPD,3,test,/Users/vs/Sem 5/Respiratory-Disease-Classification/data/processed/audio/cycles/211/2p4_Tc_009.wav
211,2p4,Tc,COPD,3,test,/Users/vs/Sem 5/Respiratory-Disease-Classification/data/processed/audio/cycles/211/2p4_Tc_010.wav
211,2p4,Tc,COPD,3,test,/Users/vs/Sem 5/Respiratory-Disease-Classification/data/processed/audio/cycles/211/2p4_Tc_011.wav
211,2p4,Tc,COPD,3,test,/Users/vs/Sem 5/Respiratory-Disease-Classification/data/processed/audio/cycles/211/2p4_Tc_012.wav
211,2p4,Tc,COPD,3,test,/Users/vs/Sem 5/Respiratory-Disease-Classification/data/processed/audio/cycles/211/2p4_Tc_013.wav
211,2p4,Tc,COPD,3,test,/Users/vs/Sem 5/Respiratory-Disease-Classification/data/processed/audio/cycles/211/2p4_Tc_014.wav
211,2p4,Tc,COPD,3,test,/Users/vs/Sem 5/Respiratory-Disease-Classification/data/processed/audio/cycles/211/2p4_Tc_015.wav
212,2b2,Tc,COPD,3,train,/Users/vs/Sem 5/Respiratory-Disease-Classification/data/processed/audio/cycles/212/2b2_Tc_001.wav
212,2b2,Tc,COPD,3,train,/Users/vs/Sem 5/Respiratory-Disease-Classification/data/processed/audio/cycles/212/2b2_Tc_002.wav
212,2b2,Tc,COPD,3,train,/Users/vs/Sem 5/Respiratory-Disease-Classification/data/processed/audio/cycles/212/2b2_Tc_003.wav
212,2b2,Tc,COPD,3,train,/Users/vs/Sem 5/Respiratory-Disease-Classification/data/processed/audio/cycles/212/2b2_Tc_004.wav
212,2b2,Tc,COPD,3,train,/Users/vs/Sem 5/Respiratory-Disease-Classification/data/processed/audio/cycles/212/2b2_Tc_005.wav
212,2b2,Tc,COPD,3,train,/Users/vs/Sem 5/Respiratory-Disease-Classification/data/processed/audio/cycles/212/2b2_Tc_006.wav
212,2b2,Tc,COPD,3,train,/Users/vs/Sem 5/Respiratory-Disease-Classification/data/processed/audio/cycles/212/2b2_Tc_007.wav
213,1p2,Al,COPD,3,train,/Users/vs/Sem 5/Respiratory-Disease-Classification/data/processed/audio/cycles/213/1p2_Al_001.wav
213,1p2,Al,COPD,3,train,/Users/vs/Sem 5/Respiratory-Disease-Classification/data/processed/audio/cycles/213/1p2_Al_002.wav
213,1p2,Al,COPD,3,train,/Users/vs/Sem 5/Respiratory-Disease-Classification/data/processed/audio/cycles/213/1p2_Al_003.wav
213,1p2,Al,COPD,3,train,/Users/vs/Sem 5/Respiratory-Disease-Classification/data/processed/audio/cycles/213/1p2_Al_004.wav
213,1p2,Al,COPD,3,train,/Users/vs/Sem 5/Respiratory-Disease-Classification/data/processed/audio/cycles/213/1p2_Al_005.wav
213,1p2,Al,COPD,3,train,/Users/vs/Sem 5/Respiratory-Disease-Classification/data/processed/audio/cycles/213/1p2_Al_006.wav
213,1p2,Ar,COPD,3,train,/Users/vs/Sem 5/Respiratory-Disease-Classification/data/processed/audio/cycles/213/1p2_Ar_001.wav
213,1p2,Ar,COPD,3,train,/Users/vs/Sem 5/Respiratory-Disease-Classification/data/processed/audio/cycles/213/1p2_Ar_002.wav
213,1p2,Ar,COPD,3,train,/Users/vs/Sem 5/Respiratory-Disease-Classification/data/processed/audio/cycles/213/1p2_Ar_003.wav
213,1p2,Ar,COPD,3,train,/Users/vs/Sem 5/Respiratory-Disease-Classification/data/processed/audio/cycles/213/1p2_Ar_004.wav
213,1p2,Ar,COPD,3,train,/Users/vs/Sem 5/Respiratory-Disease-Classification/data/processed/audio/cycles/213/1p2_Ar_005.wav
213,1p2,Ar,COPD,3,train,/Users/vs/Sem 5/Respiratory-Disease-Classification/data/processed/audio/cycles/213/1p2_Ar_006.wav
213,1p2,Lr,COPD,3,train,/Users/vs/Sem 5/Respiratory-Disease-Classification/data/processed/audio/cycles/213/1p2_Lr_001.wav
213,1p2,Lr,COPD,3,train,/Users/vs/Sem 5/Respiratory-Disease-Classification/data/processed/audio/cycles/213/1p2_Lr_002.wav
213,1p2,Lr,COPD,3,train,/Users/vs/Sem 5/Respiratory-Disease-Classification/data/processed/audio/cycles/213/1p2_Lr_003.wav
213,1p2,Lr,COPD,3,train,/Users/vs/Sem 5/Respiratory-Disease-Classification/data/processed/audio/cycles/213/1p2_Lr_004.wav
213,1p2,Lr,COPD,3,train,/Users/vs/Sem 5/Respiratory-Disease-Classification/data/processed/audio/cycles/213/1p2_Lr_005.wav
213,1p2,Lr,COPD,3,train,/Users/vs/Sem 5/Respiratory-Disease-Classification/data/processed/audio/cycles/213/1p2_Lr_006.wav
213,1p2,Pl,COPD,3,train,/Users/vs/Sem 5/Respiratory-Disease-Classification/data/processed/audio/cycles/213/1p2_Pl_001.wav
213,1p2,Pl,COPD,3,train,/Users/vs/Sem 5/Respiratory-Disease-Classification/data/processed/audio/cycles/213/1p2_Pl_002.wav
213,1p2,Pl,COPD,3,train,/Users/vs/Sem 5/Respiratory-Disease-Classification/data/processed/audio/cycles/213/1p2_Pl_003.wav
213,1p2,Pl,COPD,3,train,/Users/vs/Sem 5/Respiratory-Disease-Classification/data/processed/audio/cycles/213/1p2_Pl_004.wav
213,1p2,Pl,COPD,3,train,/Users/vs/Sem 5/Respiratory-Disease-Classification/data/processed/audio/cycles/213/1p2_Pl_005.wav
213,1p2,Pl,COPD,3,train,/Users/vs/Sem 5/Respiratory-Disease-Classification/data/processed/audio/cycles/213/1p2_Pl_006.wav
213,1p2,Pr,COPD,3,train,/Users/vs/Sem 5/Respiratory-Disease-Classification/data/processed/audio/cycles/213/1p2_Pr_001.wav
213,1p2,Pr,COPD,3,train,/Users/vs/Sem 5/Respiratory-Disease-Classification/data/processed/audio/cycles/213/1p2_Pr_002.wav
213,1p2,Pr,COPD,3,train,/Users/vs/Sem 5/Respiratory-Disease-Classification/data/processed/audio/cycles/213/1p2_Pr_003.wav
213,1p2,Pr,COPD,3,train,/Users/vs/Sem 5/Respiratory-Disease-Classification/data/processed/audio/cycles/213/1p2_Pr_004.wav
213,1p2,Pr,COPD,3,train,/Users/vs/Sem 5/Respiratory-Disease-Classification/data/processed/audio/cycles/213/1p2_Pr_005.wav
213,1p2,Pr,COPD,3,train,/Users/vs/Sem 5/Respiratory-Disease-Classification/data/processed/audio/cycles/213/1p2_Pr_006.wav
213,1p2,Tc,COPD,3,train,/Users/vs/Sem 5/Respiratory-Disease-Classification/data/processed/audio/cycles/213/1p2_Tc_001.wav
213,1p2,Tc,COPD,3,train,/Users/vs/Sem 5/Respiratory-Disease-Classification/data/processed/audio/cycles/213/1p2_Tc_002.wav
213,1p2,Tc,COPD,3,train,/Users/vs/Sem 5/Respiratory-Disease-Classification/data/processed/audio/cycles/213/1p2_Tc_003.wav
213,1p2,Tc,COPD,3,train,/Users/vs/Sem 5/Respiratory-Disease-Classification/data/processed/audio/cycles/213/1p2_Tc_004.wav
213,1p2,Tc,COPD,3,train,/Users/vs/Sem 5/Respiratory-Disease-Classification/data/processed/audio/cycles/213/1p2_Tc_005.wav
213,1p2,Tc,COPD,3,train,/Users/vs/Sem 5/Respiratory-Disease-Classification/data/processed/audio/cycles/213/1p2_Tc_006.wav
213,1p3,Al,COPD,3,train,/Users/vs/Sem 5/Respiratory-Disease-Classification/data/processed/audio/cycles/213/1p3_Al_001.wav
213,1p3,Al,COPD,3,train,/Users/vs/Sem 5/Respiratory-Disease-Classification/data/processed/audio/cycles/213/1p3_Al_002.wav
213,1p3,Al,COPD,3,train,/Users/vs/Sem 5/Respiratory-Disease-Classification/data/processed/audio/cycles/213/1p3_Al_003.wav
213,1p3,Al,COPD,3,train,/Users/vs/Sem 5/Respiratory-Disease-Classification/data/processed/audio/cycles/213/1p3_Al_004.wav
213,1p3,Al,COPD,3,train,/Users/vs/Sem 5/Respiratory-Disease-Classification/data/processed/audio/cycles/213/1p3_Al_005.wav
213,1p3,Al,COPD,3,train,/Users/vs/Sem 5/Respiratory-Disease-Classification/data/processed/audio/cycles/213/1p3_Al_006.wav
213,1p3,Al,COPD,3,train,/Users/vs/Sem 5/Respiratory-Disease-Classification/data/processed/audio/cycles/213/1p3_Al_007.wav
213,1p3,Ar,COPD,3,train,/Users/vs/Sem 5/Respiratory-Disease-Classification/data/processed/audio/cycles/213/1p3_Ar_001.wav
213,1p3,Ar,COPD,3,train,/Users/vs/Sem 5/Respiratory-Disease-Classification/data/processed/audio/cycles/213/1p3_Ar_002.wav
213,1p3,Ar,COPD,3,train,/Users/vs/Sem 5/Respiratory-Disease-Classification/data/processed/audio/cycles/213/1p3_Ar_003.wav
213,1p3,Ar,COPD,3,train,/Users/vs/Sem 5/Respiratory-Disease-Classification/data/processed/audio/cycles/213/1p3_Ar_004.wav
213,1p3,Ar,COPD,3,train,/Users/vs/Sem 5/Respiratory-Disease-Classification/data/processed/audio/cycles/213/1p3_Ar_005.wav
213,1p3,Ar,COPD,3,train,/Users/vs/Sem 5/Respiratory-Disease-Classification/data/processed/audio/cycles/213/1p3_Ar_006.wav
213,1p3,Ar,COPD,3,train,/Users/vs/Sem 5/Respiratory-Disease-Classification/data/processed/audio/cycles/213/1p3_Ar_007.wav
213,1p3,Pl,COPD,3,train,/Users/vs/Sem 5/Respiratory-Disease-Classification/data/processed/audio/cycles/213/1p3_Pl_001.wav
213,1p3,Pl,COPD,3,train,/Users/vs/Sem 5/Respiratory-Disease-Classification/data/processed/audio/cycles/213/1p3_Pl_002.wav
213,1p3,Pl,COPD,3,train,/Users/vs/Sem 5/Respiratory-Disease-Classification/data/processed/audio/cycles/213/1p3_Pl_003.wav
213,1p3,Pl,COPD,3,train,/Users/vs/Sem 5/Respiratory-Disease-Classification/data/processed/audio/cycles/213/1p3_Pl_004.wav
213,1p3,Pl,COPD,3,train,/Users/vs/Sem 5/Respiratory-Disease-Classification/data/processed/audio/cycles/213/1p3_Pl_005.wav
213,1p3,Pl,COPD,3,train,/Users/vs/Sem 5/Respiratory-Disease-Classification/data/processed/audio/cycles/213/1p3_Pl_006.wav
213,1p3,Pl,COPD,3,train,/Users/vs/Sem 5/Respiratory-Disease-Classification/data/processed/audio/cycles/213/1p3_Pl_007.wav
213,1p3,Pr,COPD,3,train,/Users/vs/Sem 5/Respiratory-Disease-Classification/data/processed/audio/cycles/213/1p3_Pr_001.wav
213,1p3,Pr,COPD,3,train,/Users/vs/Sem 5/Respiratory-Disease-Classification/data/processed/audio/cycles/213/1p3_Pr_002.wav
213,1p3,Pr,COPD,3,train,/Users/vs/Sem 5/Respiratory-Disease-Classification/data/processed/audio/cycles/213/1p3_Pr_003.wav
213,1p3,Pr,COPD,3,train,/Users/vs/Sem 5/Respiratory-Disease-Classification/data/processed/audio/cycles/213/1p3_Pr_004.wav
213,1p3,Pr,COPD,3,train,/Users/vs/Sem 5/Respiratory-Disease-Classification/data/processed/audio/cycles/213/1p3_Pr_005.wav
213,1p3,Pr,COPD,3,train,/Users/vs/Sem 5/Respiratory-Disease-Classification/data/processed/audio/cycles/213/1p3_Pr_006.wav
213,1p3,Pr,COPD,3,train,/Users/vs/Sem 5/Respiratory-Disease-Classification/data/processed/audio/cycles/213/1p3_Pr_007.wav
213,1p5,Al,COPD,3,train,/Users/vs/Sem 5/Respiratory-Disease-Classification/data/processed/audio/cycles/213/1p5_Al_001.wav
213,1p5,Al,COPD,3,train,/Users/vs/Sem 5/Respiratory-Disease-Classification/data/processed/audio/cycles/213/1p5_Al_002.wav
213,1p5,Al,COPD,3,train,/Users/vs/Sem 5/Respiratory-Disease-Classification/data/processed/audio/cycles/213/1p5_Al_003.wav
213,1p5,Al,COPD,3,train,/Users/vs/Sem 5/Respiratory-Disease-Classification/data/processed/audio/cycles/213/1p5_Al_004.wav
213,1p5,Al,COPD,3,train,/Users/vs/Sem 5/Respiratory-Disease-Classification/data/processed/audio/cycles/213/1p5_Al_005.wav
213,1p5,Al,COPD,3,train,/Users/vs/Sem 5/Respiratory-Disease-Classification/data/processed/audio/cycles/213/1p5_Al_006.wav
213,1p5,Ar,COPD,3,train,/Users/vs/Sem 5/Respiratory-Disease-Classification/data/processed/audio/cycles/213/1p5_Ar_001.wav
213,1p5,Ar,COPD,3,train,/Users/vs/Sem 5/Respiratory-Disease-Classification/data/processed/audio/cycles/213/1p5_Ar_002.wav
213,1p5,Ar,COPD,3,train,/Users/vs/Sem 5/Respiratory-Disease-Classification/data/processed/audio/cycles/213/1p5_Ar_003.wav
213,1p5,Ar,COPD,3,train,/Users/vs/Sem 5/Respiratory-Disease-Classification/data/processed/audio/cycles/213/1p5_Ar_004.wav
213,1p5,Ar,COPD,3,train,/Users/vs/Sem 5/Respiratory-Disease-Classification/data/processed/audio/cycles/213/1p5_Ar_005.wav
213,1p5,Ar,COPD,3,train,/Users/vs/Sem 5/Respiratory-Disease-Classification/data/processed/audio/cycles/213/1p5_Ar_006.wav
213,1p5,Pl,COPD,3,train,/Users/vs/Sem 5/Respiratory-Disease-Classification/data/processed/audio/cycles/213/1p5_Pl_001.wav
213,1p5,Pl,COPD,3,train,/Users/vs/Sem 5/Respiratory-Disease-Classification/data/processed/audio/cycles/213/1p5_Pl_002.wav
213,1p5,Pl,COPD,3,train,/Users/vs/Sem 5/Respiratory-Disease-Classification/data/processed/audio/cycles/213/1p5_Pl_003.wav
213,1p5,Pl,COPD,3,train,/Users/vs/Sem 5/Respiratory-Disease-Classification/data/processed/audio/cycles/213/1p5_Pl_004.wav
213,1p5,Pl,COPD,3,train,/Users/vs/Sem 5/Respiratory-Disease-Classification/data/processed/audio/cycles/213/1p5_Pl_005.wav
213,1p5,Pl,COPD,3,train,/Users/vs/Sem 5/Respiratory-Disease-Classification/data/processed/audio/cycles/213/1p5_Pl_006.wav
213,1p5,Pr,COPD,3,train,/Users/vs/Sem 5/Respiratory-Disease-Classification/data/processed/audio/cycles/213/1p5_Pr_001.wav
213,1p5,Pr,COPD,3,train,/Users/vs/Sem 5/Respiratory-Disease-Classification/data/processed/audio/cycles/213/1p5_Pr_002.wav
213,1p5,Pr,COPD,3,train,/Users/vs/Sem 5/Respiratory-Disease-Classification/data/processed/audio/cycles/213/1p5_Pr_003.wav
213,1p5,Pr,COPD,3,train,/Users/vs/Sem 5/Respiratory-Disease-Classification/data/processed/audio/cycles/213/1p5_Pr_004.wav
213,1p5,Pr,COPD,3,train,/Users/vs/Sem 5/Respiratory-Disease-Classification/data/processed/audio/cycles/213/1p5_Pr_005.wav
213,1p5,Pr,COPD,3,train,/Users/vs/Sem 5/Respiratory-Disease-Classification/data/processed/audio/cycles/213/1p5_Pr_006.wav
213,1p5,Tc,COPD,3,train,/Users/vs/Sem 5/Respiratory-Disease-Classification/data/processed/audio/cycles/213/1p5_Tc_001.wav
213,1p5,Tc,COPD,3,train,/Users/vs/Sem 5/Respiratory-Disease-Classification/data/processed/audio/cycles/213/1p5_Tc_002.wav
213,1p5,Tc,COPD,3,train,/Users/vs/Sem 5/Respiratory-Disease-Classification/data/processed/audio/cycles/213/1p5_Tc_003.wav
213,1p5,Tc,COPD,3,train,/Users/vs/Sem 5/Respiratory-Disease-Classification/data/processed/audio/cycles/213/1p5_Tc_004.wav
213,1p5,Tc,COPD,3,train,/Users/vs/Sem 5/Respiratory-Disease-Classification/data/processed/audio/cycles/213/1p5_Tc_005.wav
213,1p5,Tc,COPD,3,train,/Users/vs/Sem 5/Respiratory-Disease-Classification/data/processed/audio/cycles/213/1p5_Tc_006.wav
213,2p2,Al,COPD,3,train,/Users/vs/Sem 5/Respiratory-Disease-Classification/data/processed/audio/cycles/213/2p2_Al_001.wav
213,2p2,Al,COPD,3,train,/Users/vs/Sem 5/Respiratory-Disease-Classification/data/processed/audio/cycles/213/2p2_Al_002.wav
213,2p2,Al,COPD,3,train,/Users/vs/Sem 5/Respiratory-Disease-Classification/data/processed/audio/cycles/213/2p2_Al_003.wav
213,2p2,Al,COPD,3,train,/Users/vs/Sem 5/Respiratory-Disease-Classification/data/processed/audio/cycles/213/2p2_Al_004.wav
213,2p2,Al,COPD,3,train,/Users/vs/Sem 5/Respiratory-Disease-Classification/data/processed/audio/cycles/213/2p2_Al_005.wav
213,2p2,Al,COPD,3,train,/Users/vs/Sem 5/Respiratory-Disease-Classification/data/processed/audio/cycles/213/2p2_Al_006.wav
213,2p2,Al,COPD,3,train,/Users/vs/Sem 5/Respiratory-Disease-Classification/data/processed/audio/cycles/213/2p2_Al_007.wav
213,2p2,Ar,COPD,3,train,/Users/vs/Sem 5/Respiratory-Disease-Classification/data/processed/audio/cycles/213/2p2_Ar_001.wav
213,2p2,Ar,COPD,3,train,/Users/vs/Sem 5/Respiratory-Disease-Classification/data/processed/audio/cycles/213/2p2_Ar_002.wav
213,2p2,Ar,COPD,3,train,/Users/vs/Sem 5/Respiratory-Disease-Classification/data/processed/audio/cycles/213/2p2_Ar_003.wav
213,2p2,Ar,COPD,3,train,/Users/vs/Sem 5/Respiratory-Disease-Classification/data/processed/audio/cycles/213/2p2_Ar_004.wav
213,2p2,Ar,COPD,3,train,/Users/vs/Sem 5/Respiratory-Disease-Classification/data/processed/audio/cycles/213/2p2_Ar_005.wav
213,2p2,Ar,COPD,3,train,/Users/vs/Sem 5/Respiratory-Disease-Classification/data/processed/audio/cycles/213/2p2_Ar_006.wav
213,2p2,Ar,COPD,3,train,/Users/vs/Sem 5/Respiratory-Disease-Classification/data/processed/audio/cycles/213/2p2_Ar_007.wav
213,2p2,Pl,COPD,3,train,/Users/vs/Sem 5/Respiratory-Disease-Classification/data/processed/audio/cycles/213/2p2_Pl_001.wav
213,2p2,Pl,COPD,3,train,/Users/vs/Sem 5/Respiratory-Disease-Classification/data/processed/audio/cycles/213/2p2_Pl_002.wav
213,2p2,Pl,COPD,3,train,/Users/vs/Sem 5/Respiratory-Disease-Classification/data/processed/audio/cycles/213/2p2_Pl_003.wav
213,2p2,Pl,COPD,3,train,/Users/vs/Sem 5/Respiratory-Disease-Classification/data/processed/audio/cycles/213/2p2_Pl_004.wav
213,2p2,Pl,COPD,3,train,/Users/vs/Sem 5/Respiratory-Disease-Classification/data/processed/audio/cycles/213/2p2_Pl_005.wav
213,2p2,Pl,COPD,3,train,/Users/vs/Sem 5/Respiratory-Disease-Classification/data/processed/audio/cycles/213/2p2_Pl_006.wav
213,2p2,Pl,COPD,3,train,/Users/vs/Sem 5/Respiratory-Disease-Classification/data/processed/audio/cycles/213/2p2_Pl_007.wav
213,2p2,Pr,COPD,3,train,/Users/vs/Sem 5/Respiratory-Disease-Classification/data/processed/audio/cycles/213/2p2_Pr_001.wav
213,2p2,Pr,COPD,3,train,/Users/vs/Sem 5/Respiratory-Disease-Classification/data/processed/audio/cycles/213/2p2_Pr_002.wav
213,2p2,Pr,COPD,3,train,/Users/vs/Sem 5/Respiratory-Disease-Classification/data/processed/audio/cycles/213/2p2_Pr_003.wav
213,2p2,Pr,COPD,3,train,/Users/vs/Sem 5/Respiratory-Disease-Classification/data/processed/audio/cycles/213/2p2_Pr_004.wav
213,2p2,Pr,COPD,3,train,/Users/vs/Sem 5/Respiratory-Disease-Classification/data/processed/audio/cycles/213/2p2_Pr_005.wav
213,2p2,Pr,COPD,3,train,/Users/vs/Sem 5/Respiratory-Disease-Classification/data/processed/audio/cycles/213/2p2_Pr_006.wav
213,2p2,Pr,COPD,3,train,/Users/vs/Sem 5/Respiratory-Disease-Classification/data/processed/audio/cycles/213/2p2_Pr_007.wav
213,2p2,Tc,COPD,3,train,/Users/vs/Sem 5/Respiratory-Disease-Classification/data/processed/audio/cycles/213/2p2_Tc_001.wav
213,2p2,Tc,COPD,3,train,/Users/vs/Sem 5/Respiratory-Disease-Classification/data/processed/audio/cycles/213/2p2_Tc_002.wav
213,2p2,Tc,COPD,3,train,/Users/vs/Sem 5/Respiratory-Disease-Classification/data/processed/audio/cycles/213/2p2_Tc_003.wav
213,2p2,Tc,COPD,3,train,/Users/vs/Sem 5/Respiratory-Disease-Classification/data/processed/audio/cycles/213/2p2_Tc_004.wav
213,2p2,Tc,COPD,3,train,/Users/vs/Sem 5/Respiratory-Disease-Classification/data/processed/audio/cycles/213/2p2_Tc_005.wav
213,2p2,Tc,COPD,3,train,/Users/vs/Sem 5/Respiratory-Disease-Classification/data/processed/audio/cycles/213/2p2_Tc_006.wav
213,2p2,Tc,COPD,3,train,/Users/vs/Sem 5/Respiratory-Disease-Classification/data/processed/audio/cycles/213/2p2_Tc_007.wav
214,1b1,Ar,Healthy,4,test,/Users/vs/Sem 5/Respiratory-Disease-Classification/data/processed/audio/cycles/214/1b1_Ar_001.wav
214,1b1,Ar,Healthy,4,test,/Users/vs/Sem 5/Respiratory-Disease-Classification/data/processed/audio/cycles/214/1b1_Ar_002.wav
214,1b1,Ar,Healthy,4,test,/Users/vs/Sem 5/Respiratory-Disease-Classification/data/processed/audio/cycles/214/1b1_Ar_003.wav
214,1b1,Ar,Healthy,4,test,/Users/vs/Sem 5/Respiratory-Disease-Classification/data/processed/audio/cycles/214/1b1_Ar_004.wav
214,1b1,Ar,Healthy,4,test,/Users/vs/Sem 5/Respiratory-Disease-Classification/data/processed/audio/cycles/214/1b1_Ar_005.wav
214,1b1,Ar,Healthy,4,test,/Users/vs/Sem 5/Respiratory-Disease-Classification/data/processed/audio/cycles/214/1b1_Ar_006.wav
214,1b1,Ar,Healthy,4,test,/Users/vs/Sem 5/Respiratory-Disease-Classification/data/processed/audio/cycles/214/1b1_Ar_007.wav
215,1b2,Ar,Bronchiectasis,1,train,/Users/vs/Sem 5/Respiratory-Disease-Classification/data/processed/audio/cycles/215/1b2_Ar_001.wav
215,1b2,Ar,Bronchiectasis,1,train,/Users/vs/Sem 5/Respiratory-Disease-Classification/data/processed/audio/cycles/215/1b2_Ar_002.wav
215,1b2,Ar,Bronchiectasis,1,train,/Users/vs/Sem 5/Respiratory-Disease-Classification/data/processed/audio/cycles/215/1b2_Ar_003.wav
215,1b2,Ar,Bronchiectasis,1,train,/Users/vs/Sem 5/Respiratory-Disease-Classification/data/processed/audio/cycles/215/1b2_Ar_004.wav
215,1b2,Ar,Bronchiectasis,1,train,/Users/vs/Sem 5/Respiratory-Disease-Classification/data/processed/audio/cycles/215/1b2_Ar_005.wav
215,1b3,Tc,Bronchiectasis,1,train,/Users/vs/Sem 5/Respiratory-Disease-Classification/data/processed/audio/cycles/215/1b3_Tc_001.wav
215,1b3,Tc,Bronchiectasis,1,train,/Users/vs/Sem 5/Respiratory-Disease-Classification/data/processed/audio/cycles/215/1b3_Tc_002.wav
215,1b3,Tc,Bronchiectasis,1,train,/Users/vs/Sem 5/Respiratory-Disease-Classification/data/processed/audio/cycles/215/1b3_Tc_003.wav
215,1b3,Tc,Bronchiectasis,1,train,/Users/vs/Sem 5/Respiratory-Disease-Classification/data/processed/audio/cycles/215/1b3_Tc_004.wav
215,1b3,Tc,Bronchiectasis,1,train,/Users/vs/Sem 5/Respiratory-Disease-Classification/data/processed/audio/cycles/215/1b3_Tc_005.wav
215,1b3,Tc,Bronchiectasis,1,train,/Users/vs/Sem 5/Respiratory-Disease-Classification/data/processed/audio/cycles/215/1b3_Tc_006.wav
216,1b1,Al,Bronchiolitis,2,test,/Users/vs/Sem 5/Respiratory-Disease-Classification/data/processed/audio/cycles/216/1b1_Al_001.wav
216,1b1,Al,Bronchiolitis,2,test,/Users/vs/Sem 5/Respiratory-Disease-Classification/data/processed/audio/cycles/216/1b1_Al_002.wav
216,1b1,Al,Bronchiolitis,2,test,/Users/vs/Sem 5/Respiratory-Disease-Classification/data/processed/audio/cycles/216/1b1_Al_003.wav
216,1b1,Al,Bronchiolitis,2,test,/Users/vs/Sem 5/Respiratory-Disease-Classification/data/processed/audio/cycles/216/1b1_Al_004.wav
216,1b1,Al,Bronchiolitis,2,test,/Users/vs/Sem 5/Respiratory-Disease-Classification/data/processed/audio/cycles/216/1b1_Al_005.wav
216,1b1,Al,Bronchiolitis,2,test,/Users/vs/Sem 5/Respiratory-Disease-Classification/data/processed/audio/cycles/216/1b1_Al_006.wav
216,1b1,Al,Bronchiolitis,2,test,/Users/vs/Sem 5/Respiratory-Disease-Classification/data/processed/audio/cycles/216/1b1_Al_007.wav
216,1b1,Al,Bronchiolitis,2,test,/Users/vs/Sem 5/Respiratory-Disease-Classification/data/processed/audio/cycles/216/1b1_Al_008.wav
216,1b1,Al,Bronchiolitis,2,test,/Users/vs/Sem 5/Respiratory-Disease-Classification/data/processed/audio/cycles/216/1b1_Al_009.wav
216,1b1,Al,Bronchiolitis,2,test,/Users/vs/Sem 5/Respiratory-Disease-Classification/data/processed/audio/cycles/216/1b1_Al_010.wav
216,1b1,Al,Bronchiolitis,2,test,/Users/vs/Sem 5/Respiratory-Disease-Classification/data/processed/audio/cycles/216/1b1_Al_011.wav
216,1b1,Al,Bronchiolitis,2,test,/Users/vs/Sem 5/Respiratory-Disease-Classification/data/processed/audio/cycles/216/1b1_Al_012.wav
216,1b1,Pl,Bronchiolitis,2,test,/Users/vs/Sem 5/Respiratory-Disease-Classification/data/processed/audio/cycles/216/1b1_Pl_001.wav
216,1b1,Pl,Bronchiolitis,2,test,/Users/vs/Sem 5/Respiratory-Disease-Classification/data/processed/audio/cycles/216/1b1_Pl_002.wav
216,1b1,Pl,Bronchiolitis,2,test,/Users/vs/Sem 5/Respiratory-Disease-Classification/data/processed/audio/cycles/216/1b1_Pl_003.wav
216,1b1,Pl,Bronchiolitis,2,test,/Users/vs/Sem 5/Respiratory-Disease-Classification/data/processed/audio/cycles/216/1b1_Pl_004.wav
216,1b1,Pl,Bronchiolitis,2,test,/Users/vs/Sem 5/Respiratory-Disease-Classification/data/processed/audio/cycles/216/1b1_Pl_005.wav
216,1b1,Pl,Bronchiolitis,2,test,/Users/vs/Sem 5/Respiratory-Disease-Classification/data/processed/audio/cycles/216/1b1_Pl_006.wav
216,1b1,Pl,Bronchiolitis,2,test,/Users/vs/Sem 5/Respiratory-Disease-Classification/data/processed/audio/cycles/216/1b1_Pl_007.wav
216,1b1,Pl,Bronchiolitis,2,test,/Users/vs/Sem 5/Respiratory-Disease-Classification/data/processed/audio/cycles/216/1b1_Pl_008.wav
216,1b1,Pl,Bronchiolitis,2,test,/Users/vs/Sem 5/Respiratory-Disease-Classification/data/processed/audio/cycles/216/1b1_Pl_009.wav
216,1b1,Pl,Bronchiolitis,2,test,/Users/vs/Sem 5/Respiratory-Disease-Classification/data/processed/audio/cycles/216/1b1_Pl_010.wav
217,1b1,Tc,Healthy,4,train,/Users/vs/Sem 5/Respiratory-Disease-Classification/data/processed/audio/cycles/217/1b1_Tc_001.wav
217,1b1,Tc,Healthy,4,train,/Users/vs/Sem 5/Respiratory-Disease-Classification/data/processed/audio/cycles/217/1b1_Tc_002.wav
217,1b1,Tc,Healthy,4,train,/Users/vs/Sem 5/Respiratory-Disease-Classification/data/processed/audio/cycles/217/1b1_Tc_003.wav
217,1b1,Tc,Healthy,4,train,/Users/vs/Sem 5/Respiratory-Disease-Classification/data/processed/audio/cycles/217/1b1_Tc_004.wav
217,1b1,Tc,Healthy,4,train,/Users/vs/Sem 5/Respiratory-Disease-Classification/data/processed/audio/cycles/217/1b1_Tc_005.wav
217,1b1,Tc,Healthy,4,train,/Users/vs/Sem 5/Respiratory-Disease-Classification/data/processed/audio/cycles/217/1b1_Tc_006.wav
217,1b1,Tc,Healthy,4,train,/Users/vs/Sem 5/Respiratory-Disease-Classification/data/processed/audio/cycles/217/1b1_Tc_007.wav
217,1b1,Tc,Healthy,4,train,/Users/vs/Sem 5/Respiratory-Disease-Classification/data/processed/audio/cycles/217/1b1_Tc_008.wav
217,1b1,Tc,Healthy,4,train,/Users/vs/Sem 5/Respiratory-Disease-Classification/data/processed/audio/cycles/217/1b1_Tc_009.wav
217,1b1,Tc,Healthy,4,train,/Users/vs/Sem 5/Respiratory-Disease-Classification/data/processed/audio/cycles/217/1b1_Tc_010.wav
217,1b1,Tc,Healthy,4,train,/Users/vs/Sem 5/Respiratory-Disease-Classification/data/processed/audio/cycles/217/1b1_Tc_011.wav
218,1b1,Al,COPD,3,test,/Users/vs/Sem 5/Respiratory-Disease-Classification/data/processed/audio/cycles/218/1b1_Al_001.wav
218,1b1,Al,COPD,3,test,/Users/vs/Sem 5/Respiratory-Disease-Classification/data/processed/audio/cycles/218/1b1_Al_002.wav
218,1b1,Al,COPD,3,test,/Users/vs/Sem 5/Respiratory-Disease-Classification/data/processed/audio/cycles/218/1b1_Al_003.wav
218,1b1,Al,COPD,3,test,/Users/vs/Sem 5/Respiratory-Disease-Classification/data/processed/audio/cycles/218/1b1_Al_004.wav
218,1b1,Al,COPD,3,test,/Users/vs/Sem 5/Respiratory-Disease-Classification/data/processed/audio/cycles/218/1b1_Al_005.wav
218,1b1,Al,COPD,3,test,/Users/vs/Sem 5/Respiratory-Disease-Classification/data/processed/audio/cycles/218/1b1_Al_006.wav
218,1b1,Al,COPD,3,test,/Users/vs/Sem 5/Respiratory-Disease-Classification/data/processed/audio/cycles/218/1b1_Al_007.wav
218,1b1,Al,COPD,3,test,/Users/vs/Sem 5/Respiratory-Disease-Classification/data/processed/audio/cycles/218/1b1_Al_008.wav
218,1b1,Al,COPD,3,test,/Users/vs/Sem 5/Respiratory-Disease-Classification/data/processed/audio/cycles/218/1b1_Al_009.wav
218,1b1,Al,COPD,3,test,/Users/vs/Sem 5/Respiratory-Disease-Classification/data/processed/audio/cycles/218/1b1_Al_010.wav
218,1b1,Al,COPD,3,test,/Users/vs/Sem 5/Respiratory-Disease-Classification/data/processed/audio/cycles/218/1b1_Al_011.wav
218,1b1,Al,COPD,3,test,/Users/vs/Sem 5/Respiratory-Disease-Classification/data/processed/audio/cycles/218/1b1_Al_012.wav
218,1b1,Al,COPD,3,test,/Users/vs/Sem 5/Respiratory-Disease-Classification/data/processed/audio/cycles/218/1b1_Al_013.wav
218,1b1,Al,COPD,3,test,/Users/vs/Sem 5/Respiratory-Disease-Classification/data/processed/audio/cycles/218/1b1_Al_014.wav
218,1b1,Al,COPD,3,test,/Users/vs/Sem 5/Respiratory-Disease-Classification/data/processed/audio/cycles/218/1b1_Al_015.wav
218,1b1,Ar,COPD,3,train,/Users/vs/Sem 5/Respiratory-Disease-Classification/data/processed/audio/cycles/218/1b1_Ar_001.wav
218,1b1,Ar,COPD,3,train,/Users/vs/Sem 5/Respiratory-Disease-Classification/data/processed/audio/cycles/218/1b1_Ar_002.wav
218,1b1,Ar,COPD,3,train,/Users/vs/Sem 5/Respiratory-Disease-Classification/data/processed/audio/cycles/218/1b1_Ar_003.wav
218,1b1,Ar,COPD,3,train,/Users/vs/Sem 5/Respiratory-Disease-Classification/data/processed/audio/cycles/218/1b1_Ar_004.wav
218,1b1,Ar,COPD,3,train,/Users/vs/Sem 5/Respiratory-Disease-Classification/data/processed/audio/cycles/218/1b1_Ar_005.wav
218,1b1,Ar,COPD,3,train,/Users/vs/Sem 5/Respiratory-Disease-Classification/data/processed/audio/cycles/218/1b1_Ar_006.wav
218,1b1,Ar,COPD,3,train,/Users/vs/Sem 5/Respiratory-Disease-Classification/data/processed/audio/cycles/218/1b1_Ar_007.wav
218,1b1,Ar,COPD,3,train,/Users/vs/Sem 5/Respiratory-Disease-Classification/data/processed/audio/cycles/218/1b1_Ar_008.wav
218,1b1,Ar,COPD,3,train,/Users/vs/Sem 5/Respiratory-Disease-Classification/data/processed/audio/cycles/218/1b1_Ar_009.wav
218,1b1,Ar,COPD,3,train,/Users/vs/Sem 5/Respiratory-Disease-Classification/data/processed/audio/cycles/218/1b1_Ar_010.wav
218,1b1,Ar,COPD,3,train,/Users/vs/Sem 5/Respiratory-Disease-Classification/data/processed/audio/cycles/218/1b1_Ar_011.wav
218,1b1,Ar,COPD,3,train,/Users/vs/Sem 5/Respiratory-Disease-Classification/data/processed/audio/cycles/218/1b1_Ar_012.wav
218,1b1,Ar,COPD,3,train,/Users/vs/Sem 5/Respiratory-Disease-Classification/data/processed/audio/cycles/218/1b1_Ar_013.wav
218,1b1,Ar,COPD,3,train,/Users/vs/Sem 5/Respiratory-Disease-Classification/data/processed/audio/cycles/218/1b1_Ar_014.wav
218,1b1,Ar,COPD,3,train,/Users/vs/Sem 5/Respiratory-Disease-Classification/data/processed/audio/cycles/218/1b1_Ar_015.wav
218,1b1,Ar,COPD,3,train,/Users/vs/Sem 5/Respiratory-Disease-Classification/data/processed/audio/cycles/218/1b1_Ar_016.wav
218,1b1,Lr,COPD,3,train,/Users/vs/Sem 5/Respiratory-Disease-Classification/data/processed/audio/cycles/218/1b1_Lr_001.wav
218,1b1,Lr,COPD,3,train,/Users/vs/Sem 5/Respiratory-Disease-Classification/data/processed/audio/cycles/218/1b1_Lr_002.wav
218,1b1,Lr,COPD,3,train,/Users/vs/Sem 5/Respiratory-Disease-Classification/data/processed/audio/cycles/218/1b1_Lr_003.wav
218,1b1,Lr,COPD,3,train,/Users/vs/Sem 5/Respiratory-Disease-Classification/data/processed/audio/cycles/218/1b1_Lr_004.wav
218,1b1,Lr,COPD,3,train,/Users/vs/Sem 5/Respiratory-Disease-Classification/data/processed/audio/cycles/218/1b1_Lr_005.wav
218,1b1,Lr,COPD,3,train,/Users/vs/Sem 5/Respiratory-Disease-Classification/data/processed/audio/cycles/218/1b1_Lr_006.wav
218,1b1,Lr,COPD,3,train,/Users/vs/Sem 5/Respiratory-Disease-Classification/data/processed/audio/cycles/218/1b1_Lr_007.wav
218,1b1,Lr,COPD,3,train,/Users/vs/Sem 5/Respiratory-Disease-Classification/data/processed/audio/cycles/218/1b1_Lr_008.wav
218,1b1,Lr,COPD,3,train,/Users/vs/Sem 5/Respiratory-Disease-Classification/data/processed/audio/cycles/218/1b1_Lr_009.wav
218,1b1,Lr,COPD,3,train,/Users/vs/Sem 5/Respiratory-Disease-Classification/data/processed/audio/cycles/218/1b1_Lr_010.wav
218,1b1,Lr,COPD,3,train,/Users/vs/Sem 5/Respiratory-Disease-Classification/data/processed/audio/cycles/218/1b1_Lr_011.wav
218,1b1,Lr,COPD,3,train,/Users/vs/Sem 5/Respiratory-Disease-Classification/data/processed/audio/cycles/218/1b1_Lr_012.wav
218,1b1,Lr,COPD,3,train,/Users/vs/Sem 5/Respiratory-Disease-Classification/data/processed/audio/cycles/218/1b1_Lr_013.wav
218,1b1,Lr,COPD,3,train,/Users/vs/Sem 5/Respiratory-Disease-Classification/data/processed/audio/cycles/218/1b1_Lr_014.wav
218,1b1,Lr,COPD,3,train,/Users/vs/Sem 5/Respiratory-Disease-Classification/data/processed/audio/cycles/218/1b1_Lr_015.wav
218,1b1,Lr,COPD,3,train,/Users/vs/Sem 5/Respiratory-Disease-Classification/data/processed/audio/cycles/218/1b1_Lr_016.wav
218,1b1,Lr,COPD,3,train,/Users/vs/Sem 5/Respiratory-Disease-Classification/data/processed/audio/cycles/218/1b1_Lr_017.wav
218,1b1,Lr,COPD,3,train,/Users/vs/Sem 5/Respiratory-Disease-Classification/data/processed/audio/cycles/218/1b1_Lr_018.wav
218,1b1,Lr,COPD,3,train,/Users/vs/Sem 5/Respiratory-Disease-Classification/data/processed/audio/cycles/218/1b1_Lr_019.wav
218,1b1,Pl,COPD,3,test,/Users/vs/Sem 5/Respiratory-Disease-Classification/data/processed/audio/cycles/218/1b1_Pl_001.wav
218,1b1,Pl,COPD,3,test,/Users/vs/Sem 5/Respiratory-Disease-Classification/data/processed/audio/cycles/218/1b1_Pl_002.wav
218,1b1,Pl,COPD,3,test,/Users/vs/Sem 5/Respiratory-Disease-Classification/data/processed/audio/cycles/218/1b1_Pl_003.wav
218,1b1,Pl,COPD,3,test,/Users/vs/Sem 5/Respiratory-Disease-Classification/data/processed/audio/cycles/218/1b1_Pl_004.wav
218,1b1,Pl,COPD,3,test,/Users/vs/Sem 5/Respiratory-Disease-Classification/data/processed/audio/cycles/218/1b1_Pl_005.wav
218,1b1,Pl,COPD,3,test,/Users/vs/Sem 5/Respiratory-Disease-Classification/data/processed/audio/cycles/218/1b1_Pl_006.wav
218,1b1,Pl,COPD,3,test,/Users/vs/Sem 5/Respiratory-Disease-Classification/data/processed/audio/cycles/218/1b1_Pl_007.wav
218,1b1,Pl,COPD,3,test,/Users/vs/Sem 5/Respiratory-Disease-Classification/data/processed/audio/cycles/218/1b1_Pl_008.wav
218,1b1,Pl,COPD,3,test,/Users/vs/Sem 5/Respiratory-Disease-Classification/data/processed/audio/cycles/218/1b1_Pl_009.wav
218,1b1,Pl,COPD,3,test,/Users/vs/Sem 5/Respiratory-Disease-Classification/data/processed/audio/cycles/218/1b1_Pl_010.wav
218,1b1,Pl,COPD,3,test,/Users/vs/Sem 5/Respiratory-Disease-Classification/data/processed/audio/cycles/218/1b1_Pl_011.wav
218,1b1,Pl,COPD,3,test,/Users/vs/Sem 5/Respiratory-Disease-Classification/data/processed/audio/cycles/218/1b1_Pl_012.wav
218,1b1,Pl,COPD,3,test,/Users/vs/Sem 5/Respiratory-Disease-Classification/data/processed/audio/cycles/218/1b1_Pl_013.wav
218,1b1,Pl,COPD,3,test,/Users/vs/Sem 5/Respiratory-Disease-Classification/data/processed/audio/cycles/218/1b1_Pl_014.wav
218,1b1,Pl,COPD,3,test,/Users/vs/Sem 5/Respiratory-Disease-Classification/data/processed/audio/cycles/218/1b1_Pl_015.wav
218,1b1,Pl,COPD,3,test,/Users/vs/Sem 5/Respiratory-Disease-Classification/data/processed/audio/cycles/218/1b1_Pl_016.wav
218,1b1,Pl,COPD,3,test,/Users/vs/Sem 5/Respiratory-Disease-Classification/data/processed/audio/cycles/218/1b1_Pl_017.wav
218,1b1,Pl,COPD,3,test,/Users/vs/Sem 5/Respiratory-Disease-Classification/data/processed/audio/cycles/218/1b1_Pl_018.wav
218,1b1,Pr,COPD,3,test,/Users/vs/Sem 5/Respiratory-Disease-Classification/data/processed/audio/cycles/218/1b1_Pr_001.wav
218,1b1,Pr,COPD,3,test,/Users/vs/Sem 5/Respiratory-Disease-Classification/data/processed/audio/cycles/218/1b1_Pr_002.wav
218,1b1,Pr,COPD,3,test,/Users/vs/Sem 5/Respiratory-Disease-Classification/data/processed/audio/cycles/218/1b1_Pr_003.wav
218,1b1,Pr,COPD,3,test,/Users/vs/Sem 5/Respiratory-Disease-Classification/data/processed/audio/cycles/218/1b1_Pr_004.wav
218,1b1,Pr,COPD,3,test,/Users/vs/Sem 5/Respiratory-Disease-Classification/data/processed/audio/cycles/218/1b1_Pr_005.wav
218,1b1,Pr,COPD,3,test,/Users/vs/Sem 5/Respiratory-Disease-Classification/data/processed/audio/cycles/218/1b1_Pr_006.wav
218,1b1,Pr,COPD,3,test,/Users/vs/Sem 5/Respiratory-Disease-Classification/data/processed/audio/cycles/218/1b1_Pr_007.wav
218,1b1,Pr,COPD,3,test,/Users/vs/Sem 5/Respiratory-Disease-Classification/data/processed/audio/cycles/218/1b1_Pr_008.wav
218,1b1,Pr,COPD,3,test,/Users/vs/Sem 5/Respiratory-Disease-Classification/data/processed/audio/cycles/218/1b1_Pr_009.wav
218,1b1,Pr,COPD,3,test,/Users/vs/Sem 5/Respiratory-Disease-Classification/data/processed/audio/cycles/218/1b1_Pr_010.wav
218,1b1,Pr,COPD,3,test,/Users/vs/Sem 5/Respiratory-Disease-Classification/data/processed/audio/cycles/218/1b1_Pr_011.wav
218,1b1,Pr,COPD,3,test,/Users/vs/Sem 5/Respiratory-Disease-Classification/data/processed/audio/cycles/218/1b1_Pr_012.wav
218,1b1,Pr,COPD,3,test,/Users/vs/Sem 5/Respiratory-Disease-Classification/data/processed/audio/cycles/218/1b1_Pr_013.wav
218,1b1,Pr,COPD,3,test,/Users/vs/Sem 5/Respiratory-Disease-Classification/data/processed/audio/cycles/218/1b1_Pr_014.wav
218,1b1,Pr,COPD,3,test,/Users/vs/Sem 5/Respiratory-Disease-Classification/data/processed/audio/cycles/218/1b1_Pr_015.wav
218,1b1,Pr,COPD,3,test,/Users/vs/Sem 5/Respiratory-Disease-Classification/data/processed/audio/cycles/218/1b1_Pr_016.wav
218,1b1,Pr,COPD,3,test,/Users/vs/Sem 5/Respiratory-Disease-Classification/data/processed/audio/cycles/218/1b1_Pr_017.wav
218,1b1,Pr,COPD,3,test,/Users/vs/Sem 5/Respiratory-Disease-Classification/data/processed/audio/cycles/218/1b1_Pr_018.wav
218,1p1,Ar,COPD,3,train,/Users/vs/Sem 5/Respiratory-Disease-Classification/data/processed/audio/cycles/218/1p1_Ar_001.wav
218,1p1,Ar,COPD,3,train,/Users/vs/Sem 5/Respiratory-Disease-Classification/data/processed/audio/cycles/218/1p1_Ar_002.wav
218,1p1,Ar,COPD,3,train,/Users/vs/Sem 5/Respiratory-Disease-Classification/data/processed/audio/cycles/218/1p1_Ar_003.wav
218,1p1,Ar,COPD,3,train,/Users/vs/Sem 5/Respiratory-Disease-Classification/data/processed/audio/cycles/218/1p1_Ar_004.wav
218,1p1,Ar,COPD,3,train,/Users/vs/Sem 5/Respiratory-Disease-Classification/data/processed/audio/cycles/218/1p1_Ar_005.wav
218,1p1,Ar,COPD,3,train,/Users/vs/Sem 5/Respiratory-Disease-Classification/data/processed/audio/cycles/218/1p1_Ar_006.wav
218,1p1,Pl,COPD,3,test,/Users/vs/Sem 5/Respiratory-Disease-Classification/data/processed/audio/cycles/218/1p1_Pl_001.wav
218,1p1,Pl,COPD,3,test,/Users/vs/Sem 5/Respiratory-Disease-Classification/data/processed/audio/cycles/218/1p1_Pl_002.wav
218,1p1,Pl,COPD,3,test,/Users/vs/Sem 5/Respiratory-Disease-Classification/data/processed/audio/cycles/218/1p1_Pl_003.wav
218,1p1,Pl,COPD,3,test,/Users/vs/Sem 5/Respiratory-Disease-Classification/data/processed/audio/cycles/218/1p1_Pl_004.wav
218,1p1,Pl,COPD,3,test,/Users/vs/Sem 5/Respiratory-Disease-Classification/data/processed/audio/cycles/218/1p1_Pl_005.wav
218,1p1,Pl,COPD,3,test,/Users/vs/Sem 5/Respiratory-Disease-Classification/data/processed/audio/cycles/218/1p1_Pl_006.wav
218,1p1,Pl,COPD,3,test,/Users/vs/Sem 5/Respiratory-Disease-Classification/data/processed/audio/cycles/218/1p1_Pl_007.wav
218,1p1,Pl,COPD,3,test,/Users/vs/Sem 5/Respiratory-Disease-Classification/data/processed/audio/cycles/218/1p1_Pl_008.wav
218,1p1,Pr,COPD,3,train,/Users/vs/Sem 5/Respiratory-Disease-Classification/data/processed/audio/cycles/218/1p1_Pr_001.wav
218,1p1,Pr,COPD,3,train,/Users/vs/Sem 5/Respiratory-Disease-Classification/data/processed/audio/cycles/218/1p1_Pr_002.wav
218,1p1,Pr,COPD,3,train,/Users/vs/Sem 5/Respiratory-Disease-Classification/data/processed/audio/cycles/218/1p1_Pr_003.wav
218,1p1,Pr,COPD,3,train,/Users/vs/Sem 5/Respiratory-Disease-Classification/data/processed/audio/cycles/218/1p1_Pr_004.wav
218,1p1,Pr,COPD,3,train,/Users/vs/Sem 5/Respiratory-Disease-Classification/data/processed/audio/cycles/218/1p1_Pr_005.wav
218,1p1,Pr,COPD,3,train,/Users/vs/Sem 5/Respiratory-Disease-Classification/data/processed/audio/cycles/218/1p1_Pr_006.wav
218,1p1,Pr,COPD,3,train,/Users/vs/Sem 5/Respiratory-Disease-Classification/data/processed/audio/cycles/218/1p1_Pr_007.wav
219,2b1,Ar,Pneumonia,6,train,/Users/vs/Sem 5/Respiratory-Disease-Classification/data/processed/audio/cycles/219/2b1_Ar_001.wav
219,2b1,Ar,Pneumonia,6,train,/Users/vs/Sem 5/Respiratory-Disease-Classification/data/processed/audio/cycles/219/2b1_Ar_002.wav
219,2b1,Ar,Pneumonia,6,train,/Users/vs/Sem 5/Respiratory-Disease-Classification/data/processed/audio/cycles/219/2b1_Ar_003.wav
219,2b1,Ar,Pneumonia,6,train,/Users/vs/Sem 5/Respiratory-Disease-Classification/data/processed/audio/cycles/219/2b1_Ar_004.wav
219,2b1,Ar,Pneumonia,6,train,/Users/vs/Sem 5/Respiratory-Disease-Classification/data/processed/audio/cycles/219/2b1_Ar_005.wav
219,2b1,Tc,Pneumonia,6,train,/Users/vs/Sem 5/Respiratory-Disease-Classification/data/processed/audio/cycles/219/2b1_Tc_001.wav
219,2b1,Tc,Pneumonia,6,train,/Users/vs/Sem 5/Respiratory-Disease-Classification/data/processed/audio/cycles/219/2b1_Tc_002.wav
219,2b1,Tc,Pneumonia,6,train,/Users/vs/Sem 5/Respiratory-Disease-Classification/data/processed/audio/cycles/219/2b1_Tc_003.wav
219,2b1,Tc,Pneumonia,6,train,/Users/vs/Sem 5/Respiratory-Disease-Classification/data/processed/audio/cycles/219/2b1_Tc_004.wav
219,2b1,Tc,Pneumonia,6,train,/Users/vs/Sem 5/Respiratory-Disease-Classification/data/processed/audio/cycles/219/2b1_Tc_005.wav
219,2b2,Ar,Pneumonia,6,train,/Users/vs/Sem 5/Respiratory-Disease-Classification/data/processed/audio/cycles/219/2b2_Ar_001.wav
219,2b2,Ar,Pneumonia,6,train,/Users/vs/Sem 5/Respiratory-Disease-Classification/data/processed/audio/cycles/219/2b2_Ar_002.wav
219,2b2,Ar,Pneumonia,6,train,/Users/vs/Sem 5/Respiratory-Disease-Classification/data/processed/audio/cycles/219/2b2_Ar_003.wav
219,2b2,Ar,Pneumonia,6,train,/Users/vs/Sem 5/Respiratory-Disease-Classification/data/processed/audio/cycles/219/2b2_Ar_004.wav
219,2b2,Ar,Pneumonia,6,train,/Users/vs/Sem 5/Respiratory-Disease-Classification/data/processed/audio/cycles/219/2b2_Ar_005.wav
219,2b2,Tc,Pneumonia,6,train,/Users/vs/Sem 5/Respiratory-Disease-Classification/data/processed/audio/cycles/219/2b2_Tc_001.wav
219,2b2,Tc,Pneumonia,6,train,/Users/vs/Sem 5/Respiratory-Disease-Classification/data/processed/audio/cycles/219/2b2_Tc_002.wav
219,2b2,Tc,Pneumonia,6,train,/Users/vs/Sem 5/Respiratory-Disease-Classification/data/processed/audio/cycles/219/2b2_Tc_003.wav
219,2b2,Tc,Pneumonia,6,train,/Users/vs/Sem 5/Respiratory-Disease-Classification/data/processed/audio/cycles/219/2b2_Tc_004.wav
219,2b2,Tc,Pneumonia,6,train,/Users/vs/Sem 5/Respiratory-Disease-Classification/data/processed/audio/cycles/219/2b2_Tc_005.wav
219,2b2,Tc,Pneumonia,6,train,/Users/vs/Sem 5/Respiratory-Disease-Classification/data/processed/audio/cycles/219/2b2_Tc_006.wav
219,2b3,Tc,Pneumonia,6,train,/Users/vs/Sem 5/Respiratory-Disease-Classification/data/processed/audio/cycles/219/2b3_Tc_001.wav
219,2b3,Tc,Pneumonia,6,train,/Users/vs/Sem 5/Respiratory-Disease-Classification/data/processed/audio/cycles/219/2b3_Tc_002.wav
219,2b3,Tc,Pneumonia,6,train,/Users/vs/Sem 5/Respiratory-Disease-Classification/data/processed/audio/cycles/219/2b3_Tc_003.wav
219,2b3,Tc,Pneumonia,6,train,/Users/vs/Sem 5/Respiratory-Disease-Classification/data/processed/audio/cycles/219/2b3_Tc_004.wav
219,2b3,Tc,Pneumonia,6,train,/Users/vs/Sem 5/Respiratory-Disease-Classification/data/processed/audio/cycles/219/2b3_Tc_005.wav
220,1b1,Tc,COPD,3,train,/Users/vs/Sem 5/Respiratory-Disease-Classification/data/processed/audio/cycles/220/1b1_Tc_001.wav
220,1b1,Tc,COPD,3,train,/Users/vs/Sem 5/Respiratory-Disease-Classification/data/processed/audio/cycles/220/1b1_Tc_002.wav
220,1b1,Tc,COPD,3,train,/Users/vs/Sem 5/Respiratory-Disease-Classification/data/processed/audio/cycles/220/1b1_Tc_003.wav
220,1b1,Tc,COPD,3,train,/Users/vs/Sem 5/Respiratory-Disease-Classification/data/processed/audio/cycles/220/1b1_Tc_004.wav
220,1b1,Tc,COPD,3,train,/Users/vs/Sem 5/Respiratory-Disease-Classification/data/processed/audio/cycles/220/1b1_Tc_005.wav
220,1b1,Tc,COPD,3,train,/Users/vs/Sem 5/Respiratory-Disease-Classification/data/processed/audio/cycles/220/1b1_Tc_006.wav
220,1b1,Tc,COPD,3,train,/Users/vs/Sem 5/Respiratory-Disease-Classification/data/processed/audio/cycles/220/1b1_Tc_007.wav
220,1b2,Al,COPD,3,train,/Users/vs/Sem 5/Respiratory-Disease-Classification/data/processed/audio/cycles/220/1b2_Al_001.wav
220,1b2,Al,COPD,3,train,/Users/vs/Sem 5/Respiratory-Disease-Classification/data/processed/audio/cycles/220/1b2_Al_002.wav
220,1b2,Al,COPD,3,train,/Users/vs/Sem 5/Respiratory-Disease-Classification/data/processed/audio/cycles/220/1b2_Al_003.wav
220,1b2,Al,COPD,3,train,/Users/vs/Sem 5/Respiratory-Disease-Classification/data/processed/audio/cycles/220/1b2_Al_004.wav
220,1b2,Al,COPD,3,train,/Users/vs/Sem 5/Respiratory-Disease-Classification/data/processed/audio/cycles/220/1b2_Al_005.wav
220,1b2,Al,COPD,3,train,/Users/vs/Sem 5/Respiratory-Disease-Classification/data/processed/audio/cycles/220/1b2_Al_006.wav
220,1b2,Al,COPD,3,train,/Users/vs/Sem 5/Respiratory-Disease-Classification/data/processed/audio/cycles/220/1b2_Al_007.wav
221,2b1,Al,COPD,3,train,/Users/vs/Sem 5/Respiratory-Disease-Classification/data/processed/audio/cycles/221/2b1_Al_001.wav
221,2b1,Al,COPD,3,train,/Users/vs/Sem 5/Respiratory-Disease-Classification/data/processed/audio/cycles/221/2b1_Al_002.wav
221,2b1,Al,COPD,3,train,/Users/vs/Sem 5/Respiratory-Disease-Classification/data/processed/audio/cycles/221/2b1_Al_003.wav
221,2b1,Al,COPD,3,train,/Users/vs/Sem 5/Respiratory-Disease-Classification/data/processed/audio/cycles/221/2b1_Al_004.wav
221,2b1,Al,COPD,3,train,/Users/vs/Sem 5/Respiratory-Disease-Classification/data/processed/audio/cycles/221/2b1_Al_005.wav
221,2b1,Ar,COPD,3,train,/Users/vs/Sem 5/Respiratory-Disease-Classification/data/processed/audio/cycles/221/2b1_Ar_001.wav
221,2b1,Ar,COPD,3,train,/Users/vs/Sem 5/Respiratory-Disease-Classification/data/processed/audio/cycles/221/2b1_Ar_002.wav
221,2b1,Ar,COPD,3,train,/Users/vs/Sem 5/Respiratory-Disease-Classification/data/processed/audio/cycles/221/2b1_Ar_003.wav
221,2b1,Ar,COPD,3,train,/Users/vs/Sem 5/Respiratory-Disease-Classification/data/processed/audio/cycles/221/2b1_Ar_004.wav
221,2b1,Ar,COPD,3,train,/Users/vs/Sem 5/Respiratory-Disease-Classification/data/processed/audio/cycles/221/2b1_Ar_005.wav
221,2b1,Lr,COPD,3,train,/Users/vs/Sem 5/Respiratory-Disease-Classification/data/processed/audio/cycles/221/2b1_Lr_001.wav
221,2b1,Lr,COPD,3,train,/Users/vs/Sem 5/Respiratory-Disease-Classification/data/processed/audio/cycles/221/2b1_Lr_002.wav
221,2b1,Lr,COPD,3,train,/Users/vs/Sem 5/Respiratory-Disease-Classification/data/processed/audio/cycles/221/2b1_Lr_003.wav
221,2b1,Lr,COPD,3,train,/Users/vs/Sem 5/Respiratory-Disease-Classification/data/processed/audio/cycles/221/2b1_Lr_004.wav
221,2b1,Lr,COPD,3,train,/Users/vs/Sem 5/Respiratory-Disease-Classification/data/processed/audio/cycles/221/2b1_Lr_005.wav
221,2b1,Pl,COPD,3,train,/Users/vs/Sem 5/Respiratory-Disease-Classification/data/processed/audio/cycles/221/2b1_Pl_001.wav
221,2b1,Pl,COPD,3,train,/Users/vs/Sem 5/Respiratory-Disease-Classification/data/processed/audio/cycles/221/2b1_Pl_002.wav
221,2b1,Pl,COPD,3,train,/Users/vs/Sem 5/Respiratory-Disease-Classification/data/processed/audio/cycles/221/2b1_Pl_003.wav
221,2b1,Pl,COPD,3,train,/Users/vs/Sem 5/Respiratory-Disease-Classification/data/processed/audio/cycles/221/2b1_Pl_004.wav
221,2b1,Pl,COPD,3,train,/Users/vs/Sem 5/Respiratory-Disease-Classification/data/processed/audio/cycles/221/2b1_Pl_005.wav
221,2b2,Al,COPD,3,train,/Users/vs/Sem 5/Respiratory-Disease-Classification/data/processed/audio/cycles/221/2b2_Al_001.wav
221,2b2,Al,COPD,3,train,/Users/vs/Sem 5/Respiratory-Disease-Classification/data/processed/audio/cycles/221/2b2_Al_002.wav
221,2b2,Al,COPD,3,train,/Users/vs/Sem 5/Respiratory-Disease-Classification/data/processed/audio/cycles/221/2b2_Al_003.wav
221,2b2,Al,COPD,3,train,/Users/vs/Sem 5/Respiratory-Disease-Classification/data/processed/audio/cycles/221/2b2_Al_004.wav
221,2b2,Al,COPD,3,train,/Users/vs/Sem 5/Respiratory-Disease-Classification/data/processed/audio/cycles/221/2b2_Al_005.wav
221,2b2,Al,COPD,3,train,/Users/vs/Sem 5/Respiratory-Disease-Classification/data/processed/audio/cycles/221/2b2_Al_006.wav
221,2b2,Ar,COPD,3,train,/Users/vs/Sem 5/Respiratory-Disease-Classification/data/processed/audio/cycles/221/2b2_Ar_001.wav
221,2b2,Ar,COPD,3,train,/Users/vs/Sem 5/Respiratory-Disease-Classification/data/processed/audio/cycles/221/2b2_Ar_002.wav
221,2b2,Ar,COPD,3,train,/Users/vs/Sem 5/Respiratory-Disease-Classification/data/processed/audio/cycles/221/2b2_Ar_003.wav
221,2b2,Ar,COPD,3,train,/Users/vs/Sem 5/Respiratory-Disease-Classification/data/processed/audio/cycles/221/2b2_Ar_004.wav
221,2b2,Ar,COPD,3,train,/Users/vs/Sem 5/Respiratory-Disease-Classification/data/processed/audio/cycles/221/2b2_Ar_005.wav
221,2b2,Ar,COPD,3,train,/Users/vs/Sem 5/Respiratory-Disease-Classification/data/processed/audio/cycles/221/2b2_Ar_006.wav
221,2b2,Lr,COPD,3,train,/Users/vs/Sem 5/Respiratory-Disease-Classification/data/processed/audio/cycles/221/2b2_Lr_001.wav
221,2b2,Lr,COPD,3,train,/Users/vs/Sem 5/Respiratory-Disease-Classification/data/processed/audio/cycles/221/2b2_Lr_002.wav
221,2b2,Lr,COPD,3,train,/Users/vs/Sem 5/Respiratory-Disease-Classification/data/processed/audio/cycles/221/2b2_Lr_003.wav
221,2b2,Lr,COPD,3,train,/Users/vs/Sem 5/Respiratory-Disease-Classification/data/processed/audio/cycles/221/2b2_Lr_004.wav
221,2b2,Lr,COPD,3,train,/Users/vs/Sem 5/Respiratory-Disease-Classification/data/processed/audio/cycles/221/2b2_Lr_005.wav
221,2b2,Pl,COPD,3,train,/Users/vs/Sem 5/Respiratory-Disease-Classification/data/processed/audio/cycles/221/2b2_Pl_001.wav
221,2b2,Pl,COPD,3,train,/Users/vs/Sem 5/Respiratory-Disease-Classification/data/processed/audio/cycles/221/2b2_Pl_002.wav
221,2b2,Pl,COPD,3,train,/Users/vs/Sem 5/Respiratory-Disease-Classification/data/processed/audio/cycles/221/2b2_Pl_003.wav
221,2b2,Pl,COPD,3,train,/Users/vs/Sem 5/Respiratory-Disease-Classification/data/processed/audio/cycles/221/2b2_Pl_004.wav
221,2b2,Pl,COPD,3,train,/Users/vs/Sem 5/Respiratory-Disease-Classification/data/processed/audio/cycles/221/2b2_Pl_005.wav
221,2b2,Pl,COPD,3,train,/Users/vs/Sem 5/Respiratory-Disease-Classification/data/processed/audio/cycles/221/2b2_Pl_006.wav
221,2b3,Al,COPD,3,train,/Users/vs/Sem 5/Respiratory-Disease-Classification/data/processed/audio/cycles/221/2b3_Al_001.wav
221,2b3,Al,COPD,3,train,/Users/vs/Sem 5/Respiratory-Disease-Classification/data/processed/audio/cycles/221/2b3_Al_002.wav
221,2b3,Al,COPD,3,train,/Users/vs/Sem 5/Respiratory-Disease-Classification/data/processed/audio/cycles/221/2b3_Al_003.wav
221,2b3,Al,COPD,3,train,/Users/vs/Sem 5/Respiratory-Disease-Classification/data/processed/audio/cycles/221/2b3_Al_004.wav
221,2b3,Al,COPD,3,train,/Users/vs/Sem 5/Respiratory-Disease-Classification/data/processed/audio/cycles/221/2b3_Al_005.wav
221,2b3,Ar,COPD,3,train,/Users/vs/Sem 5/Respiratory-Disease-Classification/data/processed/audio/cycles/221/2b3_Ar_001.wav
221,2b3,Ar,COPD,3,train,/Users/vs/Sem 5/Respiratory-Disease-Classification/data/processed/audio/cycles/221/2b3_Ar_002.wav
221,2b3,Ar,COPD,3,train,/Users/vs/Sem 5/Respiratory-Disease-Classification/data/processed/audio/cycles/221/2b3_Ar_003.wav
221,2b3,Ar,COPD,3,train,/Users/vs/Sem 5/Respiratory-Disease-Classification/data/processed/audio/cycles/221/2b3_Ar_004.wav
221,2b3,Ar,COPD,3,train,/Users/vs/Sem 5/Respiratory-Disease-Classification/data/processed/audio/cycles/221/2b3_Ar_005.wav
221,2b3,Lr,COPD,3,train,/Users/vs/Sem 5/Respiratory-Disease-Classification/data/processed/audio/cycles/221/2b3_Lr_001.wav
221,2b3,Lr,COPD,3,train,/Users/vs/Sem 5/Respiratory-Disease-Classification/data/processed/audio/cycles/221/2b3_Lr_002.wav
221,2b3,Lr,COPD,3,train,/Users/vs/Sem 5/Respiratory-Disease-Classification/data/processed/audio/cycles/221/2b3_Lr_003.wav
221,2b3,Lr,COPD,3,train,/Users/vs/Sem 5/Respiratory-Disease-Classification/data/processed/audio/cycles/221/2b3_Lr_004.wav
221,2b3,Lr,COPD,3,train,/Users/vs/Sem 5/Respiratory-Disease-Classification/data/processed/audio/cycles/221/2b3_Lr_005.wav
221,2b3,Pr,COPD,3,train,/Users/vs/Sem 5/Respiratory-Disease-Classification/data/processed/audio/cycles/221/2b3_Pr_001.wav
221,2b3,Pr,COPD,3,train,/Users/vs/Sem 5/Respiratory-Disease-Classification/data/processed/audio/cycles/221/2b3_Pr_002.wav
221,2b3,Pr,COPD,3,train,/Users/vs/Sem 5/Respiratory-Disease-Classification/data/processed/audio/cycles/221/2b3_Pr_003.wav
221,2b3,Pr,COPD,3,train,/Users/vs/Sem 5/Respiratory-Disease-Classification/data/processed/audio/cycles/221/2b3_Pr_004.wav
221,2b3,Pr,COPD,3,train,/Users/vs/Sem 5/Respiratory-Disease-Classification/data/processed/audio/cycles/221/2b3_Pr_005.wav
222,1b1,Ar,COPD,3,train,/Users/vs/Sem 5/Respiratory-Disease-Classification/data/processed/audio/cycles/222/1b1_Ar_001.wav
222,1b1,Ar,COPD,3,train,/Users/vs/Sem 5/Respiratory-Disease-Classification/data/processed/audio/cycles/222/1b1_Ar_002.wav
222,1b1,Ar,COPD,3,train,/Users/vs/Sem 5/Respiratory-Disease-Classification/data/processed/audio/cycles/222/1b1_Ar_003.wav
222,1b1,Ar,COPD,3,train,/Users/vs/Sem 5/Respiratory-Disease-Classification/data/processed/audio/cycles/222/1b1_Ar_004.wav
222,1b1,Ar,COPD,3,train,/Users/vs/Sem 5/Respiratory-Disease-Classification/data/processed/audio/cycles/222/1b1_Ar_005.wav
222,1b1,Ar,COPD,3,train,/Users/vs/Sem 5/Respiratory-Disease-Classification/data/processed/audio/cycles/222/1b1_Ar_006.wav
222,1b1,Ar,COPD,3,train,/Users/vs/Sem 5/Respiratory-Disease-Classification/data/processed/audio/cycles/222/1b1_Ar_007.wav
222,1b1,Ar,COPD,3,train,/Users/vs/Sem 5/Respiratory-Disease-Classification/data/processed/audio/cycles/222/1b1_Ar_008.wav
222,1b1,Ar,COPD,3,train,/Users/vs/Sem 5/Respiratory-Disease-Classification/data/processed/audio/cycles/222/1b1_Ar_009.wav
222,1b1,Ar,COPD,3,train,/Users/vs/Sem 5/Respiratory-Disease-Classification/data/processed/audio/cycles/222/1b1_Ar_010.wav
222,1b1,Lr,COPD,3,train,/Users/vs/Sem 5/Respiratory-Disease-Classification/data/processed/audio/cycles/222/1b1_Lr_001.wav
222,1b1,Lr,COPD,3,train,/Users/vs/Sem 5/Respiratory-Disease-Classification/data/processed/audio/cycles/222/1b1_Lr_002.wav
222,1b1,Lr,COPD,3,train,/Users/vs/Sem 5/Respiratory-Disease-Classification/data/processed/audio/cycles/222/1b1_Lr_003.wav
222,1b1,Lr,COPD,3,train,/Users/vs/Sem 5/Respiratory-Disease-Classification/data/processed/audio/cycles/222/1b1_Lr_004.wav
222,1b1,Lr,COPD,3,train,/Users/vs/Sem 5/Respiratory-Disease-Classification/data/processed/audio/cycles/222/1b1_Lr_005.wav
222,1b1,Lr,COPD,3,train,/Users/vs/Sem 5/Respiratory-Disease-Classification/data/processed/audio/cycles/222/1b1_Lr_006.wav
222,1b1,Lr,COPD,3,train,/Users/vs/Sem 5/Respiratory-Disease-Classification/data/processed/audio/cycles/222/1b1_Lr_007.wav
222,1b1,Lr,COPD,3,train,/Users/vs/Sem 5/Respiratory-Disease-Classification/data/processed/audio/cycles/222/1b1_Lr_008.wav
222,1b1,Lr,COPD,3,train,/Users/vs/Sem 5/Respiratory-Disease-Classification/data/processed/audio/cycles/222/1b1_Lr_009.wav
222,1b1,Lr,COPD,3,train,/Users/vs/Sem 5/Respiratory-Disease-Classification/data/processed/audio/cycles/222/1b1_Lr_010.wav
222,1b1,Lr,COPD,3,train,/Users/vs/Sem 5/Respiratory-Disease-Classification/data/processed/audio/cycles/222/1b1_Lr_011.wav
222,1b1,Lr,COPD,3,train,/Users/vs/Sem 5/Respiratory-Disease-Classification/data/processed/audio/cycles/222/1b1_Lr_012.wav
222,1b1,Lr,COPD,3,train,/Users/vs/Sem 5/Respiratory-Disease-Classification/data/processed/audio/cycles/222/1b1_Lr_013.wav
222,1b1,Lr,COPD,3,train,/Users/vs/Sem 5/Respiratory-Disease-Classification/data/processed/audio/cycles/222/1b1_Lr_014.wav
222,1b1,Lr,COPD,3,train,/Users/vs/Sem 5/Respiratory-Disease-Classification/data/processed/audio/cycles/222/1b1_Lr_015.wav
222,1b1,Lr,COPD,3,train,/Users/vs/Sem 5/Respiratory-Disease-Classification/data/processed/audio/cycles/222/1b1_Lr_016.wav
222,1b1,Lr,COPD,3,train,/Users/vs/Sem 5/Respiratory-Disease-Classification/data/processed/audio/cycles/222/1b1_Lr_017.wav
222,1b1,Lr,COPD,3,train,/Users/vs/Sem 5/Respiratory-Disease-Classification/data/processed/audio/cycles/222/1b1_Lr_018.wav
222,1b1,Lr,COPD,3,train,/Users/vs/Sem 5/Respiratory-Disease-Classification/data/processed/audio/cycles/222/1b1_Lr_019.wav
222,1b1,Lr,COPD,3,train,/Users/vs/Sem 5/Respiratory-Disease-Classification/data/processed/audio/cycles/222/1b1_Lr_020.wav
222,1b1,Pr,COPD,3,train,/Users/vs/Sem 5/Respiratory-Disease-Classification/data/processed/audio/cycles/222/1b1_Pr_001.wav
222,1b1,Pr,COPD,3,train,/Users/vs/Sem 5/Respiratory-Disease-Classification/data/processed/audio/cycles/222/1b1_Pr_002.wav
222,1b1,Pr,COPD,3,train,/Users/vs/Sem 5/Respiratory-Disease-Classification/data/processed/audio/cycles/222/1b1_Pr_003.wav
222,1b1,Pr,COPD,3,train,/Users/vs/Sem 5/Respiratory-Disease-Classification/data/processed/audio/cycles/222/1b1_Pr_004.wav
222,1b1,Pr,COPD,3,train,/Users/vs/Sem 5/Respiratory-Disease-Classification/data/processed/audio/cycles/222/1b1_Pr_005.wav
222,1b1,Pr,COPD,3,train,/Users/vs/Sem 5/Respiratory-Disease-Classification/data/processed/audio/cycles/222/1b1_Pr_006.wav
222,1b1,Pr,COPD,3,train,/Users/vs/Sem 5/Respiratory-Disease-Classification/data/processed/audio/cycles/222/1b1_Pr_007.wav
222,1b1,Pr,COPD,3,train,/Users/vs/Sem 5/Respiratory-Disease-Classification/data/processed/audio/cycles/222/1b1_Pr_008.wav
222,1b1,Pr,COPD,3,train,/Users/vs/Sem 5/Respiratory-Disease-Classification/data/processed/audio/cycles/222/1b1_Pr_009.wav
222,1b1,Pr,COPD,3,train,/Users/vs/Sem 5/Respiratory-Disease-Classification/data/processed/audio/cycles/222/1b1_Pr_010.wav
222,1b1,Pr,COPD,3,train,/Users/vs/Sem 5/Respiratory-Disease-Classification/data/processed/audio/cycles/222/1b1_Pr_011.wav
222,1b1,Pr,COPD,3,train,/Users/vs/Sem 5/Respiratory-Disease-Classification/data/processed/audio/cycles/222/1b1_Pr_012.wav
222,1b1,Pr,COPD,3,train,/Users/vs/Sem 5/Respiratory-Disease-Classification/data/processed/audio/cycles/222/1b1_Pr_013.wav
222,1b1,Pr,COPD,3,train,/Users/vs/Sem 5/Respiratory-Disease-Classification/data/processed/audio/cycles/222/1b1_Pr_014.wav
222,1b1,Pr,COPD,3,train,/Users/vs/Sem 5/Respiratory-Disease-Classification/data/processed/audio/cycles/222/1b1_Pr_015.wav
223,1b1,Al,COPD,3,test,/Users/vs/Sem 5/Respiratory-Disease-Classification/data/processed/audio/cycles/223/1b1_Al_001.wav
223,1b1,Al,COPD,3,test,/Users/vs/Sem 5/Respiratory-Disease-Classification/data/processed/audio/cycles/223/1b1_Al_002.wav
223,1b1,Al,COPD,3,test,/Users/vs/Sem 5/Respiratory-Disease-Classification/data/processed/audio/cycles/223/1b1_Al_003.wav
223,1b1,Al,COPD,3,test,/Users/vs/Sem 5/Respiratory-Disease-Classification/data/processed/audio/cycles/223/1b1_Al_004.wav
223,1b1,Al,COPD,3,test,/Users/vs/Sem 5/Respiratory-Disease-Classification/data/processed/audio/cycles/223/1b1_Al_005.wav
223,1b1,Al,COPD,3,test,/Users/vs/Sem 5/Respiratory-Disease-Classification/data/processed/audio/cycles/223/1b1_Al_006.wav
223,1b1,Al,COPD,3,test,/Users/vs/Sem 5/Respiratory-Disease-Classification/data/processed/audio/cycles/223/1b1_Al_007.wav
223,1b1,Al,COPD,3,test,/Users/vs/Sem 5/Respiratory-Disease-Classification/data/processed/audio/cycles/223/1b1_Al_008.wav
223,1b1,Al,COPD,3,test,/Users/vs/Sem 5/Respiratory-Disease-Classification/data/processed/audio/cycles/223/1b1_Al_009.wav
223,1b1,Al,COPD,3,test,/Users/vs/Sem 5/Respiratory-Disease-Classification/data/processed/audio/cycles/223/1b1_Al_010.wav
223,1b1,Ar,COPD,3,test,/Users/vs/Sem 5/Respiratory-Disease-Classification/data/processed/audio/cycles/223/1b1_Ar_001.wav
223,1b1,Ar,COPD,3,test,/Users/vs/Sem 5/Respiratory-Disease-Classification/data/processed/audio/cycles/223/1b1_Ar_002.wav
223,1b1,Ar,COPD,3,test,/Users/vs/Sem 5/Respiratory-Disease-Classification/data/processed/audio/cycles/223/1b1_Ar_003.wav
223,1b1,Ar,COPD,3,test,/Users/vs/Sem 5/Respiratory-Disease-Classification/data/processed/audio/cycles/223/1b1_Ar_004.wav
223,1b1,Ar,COPD,3,test,/Users/vs/Sem 5/Respiratory-Disease-Classification/data/processed/audio/cycles/223/1b1_Ar_005.wav
223,1b1,Ar,COPD,3,test,/Users/vs/Sem 5/Respiratory-Disease-Classification/data/processed/audio/cycles/223/1b1_Ar_006.wav
223,1b1,Ar,COPD,3,test,/Users/vs/Sem 5/Respiratory-Disease-Classification/data/processed/audio/cycles/223/1b1_Ar_007.wav
223,1b1,Ar,COPD,3,test,/Users/vs/Sem 5/Respiratory-Disease-Classification/data/processed/audio/cycles/223/1b1_Ar_008.wav
223,1b1,Ar,COPD,3,test,/Users/vs/Sem 5/Respiratory-Disease-Classification/data/processed/audio/cycles/223/1b1_Ar_009.wav
223,1b1,Ar,COPD,3,test,/Users/vs/Sem 5/Respiratory-Disease-Classification/data/processed/audio/cycles/223/1b1_Ar_010.wav
223,1b1,Ll,COPD,3,test,/Users/vs/Sem 5/Respiratory-Disease-Classification/data/processed/audio/cycles/223/1b1_Ll_001.wav
223,1b1,Ll,COPD,3,test,/Users/vs/Sem 5/Respiratory-Disease-Classification/data/processed/audio/cycles/223/1b1_Ll_002.wav
223,1b1,Ll,COPD,3,test,/Users/vs/Sem 5/Respiratory-Disease-Classification/data/processed/audio/cycles/223/1b1_Ll_003.wav
223,1b1,Ll,COPD,3,test,/Users/vs/Sem 5/Respiratory-Disease-Classification/data/processed/audio/cycles/223/1b1_Ll_004.wav
223,1b1,Ll,COPD,3,test,/Users/vs/Sem 5/Respiratory-Disease-Classification/data/processed/audio/cycles/223/1b1_Ll_005.wav
223,1b1,Ll,COPD,3,test,/Users/vs/Sem 5/Respiratory-Disease-Classification/data/processed/audio/cycles/223/1b1_Ll_006.wav
223,1b1,Ll,COPD,3,test,/Users/vs/Sem 5/Respiratory-Disease-Classification/data/processed/audio/cycles/223/1b1_Ll_007.wav
223,1b1,Ll,COPD,3,test,/Users/vs/Sem 5/Respiratory-Disease-Classification/data/processed/audio/cycles/223/1b1_Ll_008.wav
223,1b1,Ll,COPD,3,test,/Users/vs/Sem 5/Respiratory-Disease-Classification/data/processed/audio/cycles/223/1b1_Ll_009.wav
223,1b1,Ll,COPD,3,test,/Users/vs/Sem 5/Respiratory-Disease-Classification/data/processed/audio/cycles/223/1b1_Ll_010.wav
223,1b1,Lr,COPD,3,test,/Users/vs/Sem 5/Respiratory-Disease-Classification/data/processed/audio/cycles/223/1b1_Lr_001.wav
223,1b1,Lr,COPD,3,test,/Users/vs/Sem 5/Respiratory-Disease-Classification/data/processed/audio/cycles/223/1b1_Lr_002.wav
223,1b1,Lr,COPD,3,test,/Users/vs/Sem 5/Respiratory-Disease-Classification/data/processed/audio/cycles/223/1b1_Lr_003.wav
223,1b1,Lr,COPD,3,test,/Users/vs/Sem 5/Respiratory-Disease-Classification/data/processed/audio/cycles/223/1b1_Lr_004.wav
223,1b1,Lr,COPD,3,test,/Users/vs/Sem 5/Respiratory-Disease-Classification/data/processed/audio/cycles/223/1b1_Lr_005.wav
223,1b1,Lr,COPD,3,test,/Users/vs/Sem 5/Respiratory-Disease-Classification/data/processed/audio/cycles/223/1b1_Lr_006.wav
223,1b1,Lr,COPD,3,test,/Users/vs/Sem 5/Respiratory-Disease-Classification/data/processed/audio/cycles/223/1b1_Lr_007.wav
223,1b1,Lr,COPD,3,test,/Users/vs/Sem 5/Respiratory-Disease-Classification/data/processed/audio/cycles/223/1b1_Lr_008.wav
223,1b1,Lr,COPD,3,test,/Users/vs/Sem 5/Respiratory-Disease-Classification/data/processed/audio/cycles/223/1b1_Lr_009.wav
223,1b1,Lr,COPD,3,test,/Users/vs/Sem 5/Respiratory-Disease-Classification/data/processed/audio/cycles/223/1b1_Lr_010.wav
223,1b1,Pl,COPD,3,test,/Users/vs/Sem 5/Respiratory-Disease-Classification/data/processed/audio/cycles/223/1b1_Pl_001.wav
223,1b1,Pl,COPD,3,test,/Users/vs/Sem 5/Respiratory-Disease-Classification/data/processed/audio/cycles/223/1b1_Pl_002.wav
223,1b1,Pl,COPD,3,test,/Users/vs/Sem 5/Respiratory-Disease-Classification/data/processed/audio/cycles/223/1b1_Pl_003.wav
223,1b1,Pl,COPD,3,test,/Users/vs/Sem 5/Respiratory-Disease-Classification/data/processed/audio/cycles/223/1b1_Pl_004.wav
223,1b1,Pl,COPD,3,test,/Users/vs/Sem 5/Respiratory-Disease-Classification/data/processed/audio/cycles/223/1b1_Pl_005.wav
223,1b1,Pl,COPD,3,test,/Users/vs/Sem 5/Respiratory-Disease-Classification/data/processed/audio/cycles/223/1b1_Pl_006.wav
223,1b1,Pl,COPD,3,test,/Users/vs/Sem 5/Respiratory-Disease-Classification/data/processed/audio/cycles/223/1b1_Pl_007.wav
223,1b1,Pl,COPD,3,test,/Users/vs/Sem 5/Respiratory-Disease-Classification/data/processed/audio/cycles/223/1b1_Pl_008.wav
223,1b1,Pl,COPD,3,test,/Users/vs/Sem 5/Respiratory-Disease-Classification/data/processed/audio/cycles/223/1b1_Pl_009.wav
223,1b1,Pl,COPD,3,test,/Users/vs/Sem 5/Respiratory-Disease-Classification/data/processed/audio/cycles/223/1b1_Pl_010.wav
223,1b1,Pl,COPD,3,test,/Users/vs/Sem 5/Respiratory-Disease-Classification/data/processed/audio/cycles/223/1b1_Pl_011.wav
223,1b1,Pr,COPD,3,test,/Users/vs/Sem 5/Respiratory-Disease-Classification/data/processed/audio/cycles/223/1b1_Pr_001.wav
223,1b1,Pr,COPD,3,test,/Users/vs/Sem 5/Respiratory-Disease-Classification/data/processed/audio/cycles/223/1b1_Pr_002.wav
223,1b1,Pr,COPD,3,test,/Users/vs/Sem 5/Respiratory-Disease-Classification/data/processed/audio/cycles/223/1b1_Pr_003.wav
223,1b1,Pr,COPD,3,test,/Users/vs/Sem 5/Respiratory-Disease-Classification/data/processed/audio/cycles/223/1b1_Pr_004.wav
223,1b1,Pr,COPD,3,test,/Users/vs/Sem 5/Respiratory-Disease-Classification/data/processed/audio/cycles/223/1b1_Pr_005.wav
223,1b1,Pr,COPD,3,test,/Users/vs/Sem 5/Respiratory-Disease-Classification/data/processed/audio/cycles/223/1b1_Pr_006.wav
223,1b1,Pr,COPD,3,test,/Users/vs/Sem 5/Respiratory-Disease-Classification/data/processed/audio/cycles/223/1b1_Pr_007.wav
223,1b1,Pr,COPD,3,test,/Users/vs/Sem 5/Respiratory-Disease-Classification/data/processed/audio/cycles/223/1b1_Pr_008.wav
223,1b1,Pr,COPD,3,test,/Users/vs/Sem 5/Respiratory-Disease-Classification/data/processed/audio/cycles/223/1b1_Pr_009.wav
223,1b1,Pr,COPD,3,test,/Users/vs/Sem 5/Respiratory-Disease-Classification/data/processed/audio/cycles/223/1b1_Pr_010.wav
224,1b1,Tc,Healthy,4,test,/Users/vs/Sem 5/Respiratory-Disease-Classification/data/processed/audio/cycles/224/1b1_Tc_001.wav
224,1b1,Tc,Healthy,4,test,/Users/vs/Sem 5/Respiratory-Disease-Classification/data/processed/audio/cycles/224/1b1_Tc_002.wav
224,1b1,Tc,Healthy,4,test,/Users/vs/Sem 5/Respiratory-Disease-Classification/data/processed/audio/cycles/224/1b1_Tc_003.wav
224,1b1,Tc,Healthy,4,test,/Users/vs/Sem 5/Respiratory-Disease-Classification/data/processed/audio/cycles/224/1b1_Tc_004.wav
224,1b1,Tc,Healthy,4,test,/Users/vs/Sem 5/Respiratory-Disease-Classification/data/processed/audio/cycles/224/1b1_Tc_005.wav
224,1b1,Tc,Healthy,4,test,/Users/vs/Sem 5/Respiratory-Disease-Classification/data/processed/audio/cycles/224/1b1_Tc_006.wav
224,1b1,Tc,Healthy,4,test,/Users/vs/Sem 5/Respiratory-Disease-Classification/data/processed/audio/cycles/224/1b1_Tc_007.wav
224,1b2,Al,Healthy,4,test,/Users/vs/Sem 5/Respiratory-Disease-Classification/data/processed/audio/cycles/224/1b2_Al_001.wav
224,1b2,Al,Healthy,4,test,/Users/vs/Sem 5/Respiratory-Disease-Classification/data/processed/audio/cycles/224/1b2_Al_002.wav
224,1b2,Al,Healthy,4,test,/Users/vs/Sem 5/Respiratory-Disease-Classification/data/processed/audio/cycles/224/1b2_Al_003.wav
224,1b2,Al,Healthy,4,test,/Users/vs/Sem 5/Respiratory-Disease-Classification/data/processed/audio/cycles/224/1b2_Al_004.wav
224,1b2,Al,Healthy,4,test,/Users/vs/Sem 5/Respiratory-Disease-Classification/data/processed/audio/cycles/224/1b2_Al_005.wav
224,1b2,Al,Healthy,4,test,/Users/vs/Sem 5/Respiratory-Disease-Classification/data/processed/audio/cycles/224/1b2_Al_006.wav
224,1b2,Al,Healthy,4,test,/Users/vs/Sem 5/Respiratory-Disease-Classification/data/processed/audio/cycles/224/1b2_Al_007.wav
225,1b1,Pl,Healthy,4,test,/Users/vs/Sem 5/Respiratory-Disease-Classification/data/processed/audio/cycles/225/1b1_Pl_001.wav
225,1b1,Pl,Healthy,4,test,/Users/vs/Sem 5/Respiratory-Disease-Classification/data/processed/audio/cycles/225/1b1_Pl_002.wav
225,1b1,Pl,Healthy,4,test,/Users/vs/Sem 5/Respiratory-Disease-Classification/data/processed/audio/cycles/225/1b1_Pl_003.wav
225,1b1,Pl,Healthy,4,test,/Users/vs/Sem 5/Respiratory-Disease-Classification/data/processed/audio/cycles/225/1b1_Pl_004.wav
225,1b1,Pl,Healthy,4,test,/Users/vs/Sem 5/Respiratory-Disease-Classification/data/processed/audio/cycles/225/1b1_Pl_005.wav
225,1b1,Pl,Healthy,4,test,/Users/vs/Sem 5/Respiratory-Disease-Classification/data/processed/audio/cycles/225/1b1_Pl_006.wav
225,1b1,Pl,Healthy,4,test,/Users/vs/Sem 5/Respiratory-Disease-Classification/data/processed/audio/cycles/225/1b1_Pl_007.wav
225,1b1,Pl,Healthy,4,test,/Users/vs/Sem 5/Respiratory-Disease-Classification/data/processed/audio/cycles/225/1b1_Pl_008.wav
225,1b1,Pl,Healthy,4,test,/Users/vs/Sem 5/Respiratory-Disease-Classification/data/processed/audio/cycles/225/1b1_Pl_009.wav
225,1b1,Pl,Healthy,4,test,/Users/vs/Sem 5/Respiratory-Disease-Classification/data/processed/audio/cycles/225/1b1_Pl_010.wav
225,1b1,Pl,Healthy,4,test,/Users/vs/Sem 5/Respiratory-Disease-Classification/data/processed/audio/cycles/225/1b1_Pl_011.wav
225,1b1,Pl,Healthy,4,test,/Users/vs/Sem 5/Respiratory-Disease-Classification/data/processed/audio/cycles/225/1b1_Pl_012.wav
225,1b1,Pl,Healthy,4,test,/Users/vs/Sem 5/Respiratory-Disease-Classification/data/processed/audio/cycles/225/1b1_Pl_013.wav
225,1b1,Pl,Healthy,4,test,/Users/vs/Sem 5/Respiratory-Disease-Classification/data/processed/audio/cycles/225/1b1_Pl_014.wav
226,1b1,Al,Pneumonia,6,train,/Users/vs/Sem 5/Respiratory-Disease-Classification/data/processed/audio/cycles/226/1b1_Al_001.wav
226,1b1,Al,Pneumonia,6,train,/Users/vs/Sem 5/Respiratory-Disease-Classification/data/processed/audio/cycles/226/1b1_Al_002.wav
226,1b1,Al,Pneumonia,6,train,/Users/vs/Sem 5/Respiratory-Disease-Classification/data/processed/audio/cycles/226/1b1_Al_003.wav
226,1b1,Al,Pneumonia,6,train,/Users/vs/Sem 5/Respiratory-Disease-Classification/data/processed/audio/cycles/226/1b1_Al_004.wav
226,1b1,Al,Pneumonia,6,train,/Users/vs/Sem 5/Respiratory-Disease-Classification/data/processed/audio/cycles/226/1b1_Al_005.wav
226,1b1,Al,Pneumonia,6,train,/Users/vs/Sem 5/Respiratory-Disease-Classification/data/processed/audio/cycles/226/1b1_Al_006.wav
226,1b1,Al,Pneumonia,6,train,/Users/vs/Sem 5/Respiratory-Disease-Classification/data/processed/audio/cycles/226/1b1_Al_007.wav
226,1b1,Al,Pneumonia,6,train,/Users/vs/Sem 5/Respiratory-Disease-Classification/data/processed/audio/cycles/226/1b1_Al_008.wav
226,1b1,Al,Pneumonia,6,train,/Users/vs/Sem 5/Respiratory-Disease-Classification/data/processed/audio/cycles/226/1b1_Al_009.wav
226,1b1,Al,Pneumonia,6,train,/Users/vs/Sem 5/Respiratory-Disease-Classification/data/processed/audio/cycles/226/1b1_Al_010.wav
226,1b1,Ll,Pneumonia,6,train,/Users/vs/Sem 5/Respiratory-Disease-Classification/data/processed/audio/cycles/226/1b1_Ll_001.wav
226,1b1,Ll,Pneumonia,6,train,/Users/vs/Sem 5/Respiratory-Disease-Classification/data/processed/audio/cycles/226/1b1_Ll_002.wav
226,1b1,Ll,Pneumonia,6,train,/Users/vs/Sem 5/Respiratory-Disease-Classification/data/processed/audio/cycles/226/1b1_Ll_003.wav
226,1b1,Ll,Pneumonia,6,train,/Users/vs/Sem 5/Respiratory-Disease-Classification/data/processed/audio/cycles/226/1b1_Ll_004.wav
226,1b1,Ll,Pneumonia,6,train,/Users/vs/Sem 5/Respiratory-Disease-Classification/data/processed/audio/cycles/226/1b1_Ll_005.wav
226,1b1,Ll,Pneumonia,6,train,/Users/vs/Sem 5/Respiratory-Disease-Classification/data/processed/audio/cycles/226/1b1_Ll_006.wav
226,1b1,Ll,Pneumonia,6,train,/Users/vs/Sem 5/Respiratory-Disease-Classification/data/processed/audio/cycles/226/1b1_Ll_007.wav
226,1b1,Ll,Pneumonia,6,train,/Users/vs/Sem 5/Respiratory-Disease-Classification/data/processed/audio/cycles/226/1b1_Ll_008.wav
226,1b1,Ll,Pneumonia,6,train,/Users/vs/Sem 5/Respiratory-Disease-Classification/data/processed/audio/cycles/226/1b1_Ll_009.wav
226,1b1,Ll,Pneumonia,6,train,/Users/vs/Sem 5/Respiratory-Disease-Classification/data/processed/audio/cycles/226/1b1_Ll_010.wav
226,1b1,Pl,Pneumonia,6,train,/Users/vs/Sem 5/Respiratory-Disease-Classification/data/processed/audio/cycles/226/1b1_Pl_001.wav
226,1b1,Pl,Pneumonia,6,train,/Users/vs/Sem 5/Respiratory-Disease-Classification/data/processed/audio/cycles/226/1b1_Pl_002.wav
226,1b1,Pl,Pneumonia,6,train,/Users/vs/Sem 5/Respiratory-Disease-Classification/data/processed/audio/cycles/226/1b1_Pl_003.wav
226,1b1,Pl,Pneumonia,6,train,/Users/vs/Sem 5/Respiratory-Disease-Classification/data/processed/audio/cycles/226/1b1_Pl_004.wav
226,1b1,Pl,Pneumonia,6,train,/Users/vs/Sem 5/Respiratory-Disease-Classification/data/processed/audio/cycles/226/1b1_Pl_005.wav
226,1b1,Pl,Pneumonia,6,train,/Users/vs/Sem 5/Respiratory-Disease-Classification/data/processed/audio/cycles/226/1b1_Pl_006.wav
226,1b1,Pl,Pneumonia,6,train,/Users/vs/Sem 5/Respiratory-Disease-Classification/data/processed/audio/cycles/226/1b1_Pl_007.wav
226,1b1,Pl,Pneumonia,6,train,/Users/vs/Sem 5/Respiratory-Disease-Classification/data/processed/audio/cycles/226/1b1_Pl_008.wav
226,1b1,Pl,Pneumonia,6,train,/Users/vs/Sem 5/Respiratory-Disease-Classification/data/processed/audio/cycles/226/1b1_Pl_009.wav
226,1b1,Pl,Pneumonia,6,train,/Users/vs/Sem 5/Respiratory-Disease-Classification/data/processed/audio/cycles/226/1b1_Pl_010.wav
226,1b1,Pl,Pneumonia,6,train,/Users/vs/Sem 5/Respiratory-Disease-Classification/data/processed/audio/cycles/226/1b1_Pl_011.wav
